# ПРИНЯТО машинной приёмкой. Миссия tt-dict-accept, отчёт — docs/DICT-ACCEPT.md.
# Ручной вычитки не было и не будет: оператор 2026-08-24 заменил её машинным правилом.
#
# ПРАВИЛО: слово принимается, если его подтверждает второй независимый источник
# и регистровая улика не выдаёт в нём имя собственное (cap_ratio < 0.50).
#   two-corpora      — встречается и в OpenSubtitles, и в Tatoeba
#   shipped-word     — уже стоит в поставляемом словаре (в очереди таких нет по построению)
#   shipped-paradigm — русский: основа стоит в поставляемом словаре ещё в >= 3 формах
#   single-source    — подтверждения нет: один корпус и ничего больше
#   proper-noun-evidence — >= 0.50 вхождений с заглавной буквы не в начале строки
#
# Колонки — те же, что в очереди, плюс rule и rule_detail. Отклонённые НЕ удалены: изменить
# правило и перезапустить `python3 scripts/dict_accept.py select` — одна команда.
word	heldout_hits	train_freq	train_freq_clean	sources	license_status	cap_ratio	enters_top100k	rule	rule_detail
үтерәчәк	9	54	5	OpenSubtitles+Tatoeba	clean:CC-BY-2.0-FR	0.00	yes	two-corpora	OpenSubtitles+Tatoeba
джунглига	9	39	1	OpenSubtitles+Tatoeba	clean:CC-BY-2.0-FR	0.00	yes	two-corpora	OpenSubtitles+Tatoeba
тәртиптәме	7	88	3	OpenSubtitles+Tatoeba	clean:CC-BY-2.0-FR	0.00	yes	two-corpora	OpenSubtitles+Tatoeba
хәтерлисеңме	7	71	18	OpenSubtitles+Tatoeba	clean:CC-BY-2.0-FR	0.00	yes	two-corpora	OpenSubtitles+Tatoeba
әйтмәдең	7	59	24	OpenSubtitles+Tatoeba	clean:CC-BY-2.0-FR	0.00	yes	two-corpora	OpenSubtitles+Tatoeba
шалтыратырмын	7	41	25	OpenSubtitles+Tatoeba	clean:CC-BY-2.0-FR	0.00	yes	two-corpora	OpenSubtitles+Tatoeba
ишетәсеңме	6	76	7	OpenSubtitles+Tatoeba	clean:CC-BY-2.0-FR	0.00	yes	two-corpora	OpenSubtitles+Tatoeba
ярдәмең	6	48	13	OpenSubtitles+Tatoeba	clean:CC-BY-2.0-FR	0.00	yes	two-corpora	OpenSubtitles+Tatoeba
нишләдең	6	47	6	OpenSubtitles+Tatoeba	clean:CC-BY-2.0-FR	0.00	yes	two-corpora	OpenSubtitles+Tatoeba
яратасыңмы	6	38	20	OpenSubtitles+Tatoeba	clean:CC-BY-2.0-FR	0.00	yes	two-corpora	OpenSubtitles+Tatoeba
үтердең	5	54	7	OpenSubtitles+Tatoeba	clean:CC-BY-2.0-FR	0.00	yes	two-corpora	OpenSubtitles+Tatoeba
ишеттең	5	31	2	OpenSubtitles+Tatoeba	clean:CC-BY-2.0-FR	0.00	yes	two-corpora	OpenSubtitles+Tatoeba
теләдең	5	30	1	OpenSubtitles+Tatoeba	clean:CC-BY-2.0-FR	0.00	yes	two-corpora	OpenSubtitles+Tatoeba
белдеңме	5	25	3	OpenSubtitles+Tatoeba	clean:CC-BY-2.0-FR	0.00	yes	two-corpora	OpenSubtitles+Tatoeba
сөйләшермен	5	13	6	OpenSubtitles+Tatoeba	clean:CC-BY-2.0-FR	0.00	yes	two-corpora	OpenSubtitles+Tatoeba
әйтмәдеме	5	12	3	OpenSubtitles+Tatoeba	clean:CC-BY-2.0-FR	0.00	yes	two-corpora	OpenSubtitles+Tatoeba
булдырдың	5	9	1	OpenSubtitles+Tatoeba	clean:CC-BY-2.0-FR	0.00	no	two-corpora	OpenSubtitles+Tatoeba
югал	4	74	1	OpenSubtitles+Tatoeba	clean:CC-BY-2.0-FR	0.00	yes	two-corpora	OpenSubtitles+Tatoeba
җыенасың	4	45	12	OpenSubtitles+Tatoeba	clean:CC-BY-2.0-FR	0.00	yes	two-corpora	OpenSubtitles+Tatoeba
аңлыйсызмы	4	44	16	OpenSubtitles+Tatoeba	clean:CC-BY-2.0-FR	0.00	yes	two-corpora	OpenSubtitles+Tatoeba
кәһвә	4	41	4	OpenSubtitles+Tatoeba	clean:CC-BY-2.0-FR	0.00	yes	two-corpora	OpenSubtitles+Tatoeba
чынлапмы	4	37	4	OpenSubtitles+Tatoeba	clean:CC-BY-2.0-FR	0.00	yes	two-corpora	OpenSubtitles+Tatoeba
бәйләнмә	4	33	1	OpenSubtitles+Tatoeba	clean:CC-BY-2.0-FR	0.00	yes	two-corpora	OpenSubtitles+Tatoeba
уйладыңмы	4	32	5	OpenSubtitles+Tatoeba	clean:CC-BY-2.0-FR	0.00	yes	two-corpora	OpenSubtitles+Tatoeba
китәсеңме	4	21	2	OpenSubtitles+Tatoeba	clean:CC-BY-2.0-FR	0.00	yes	two-corpora	OpenSubtitles+Tatoeba
теләгәнемне	4	21	10	OpenSubtitles+Tatoeba	clean:CC-BY-2.0-FR	0.00	yes	two-corpora	OpenSubtitles+Tatoeba
булыштың	4	15	3	OpenSubtitles+Tatoeba	clean:CC-BY-2.0-FR	0.00	yes	two-corpora	OpenSubtitles+Tatoeba
диегез	4	15	2	OpenSubtitles+Tatoeba	clean:CC-BY-2.0-FR	0.00	yes	two-corpora	OpenSubtitles+Tatoeba
дидеме	4	11	2	OpenSubtitles+Tatoeba	clean:CC-BY-2.0-FR	0.00	yes	two-corpora	OpenSubtitles+Tatoeba
кайгырт	4	11	3	OpenSubtitles+Tatoeba	clean:CC-BY-2.0-FR	0.00	yes	two-corpora	OpenSubtitles+Tatoeba
сөйлисеңме	4	11	2	OpenSubtitles+Tatoeba	clean:CC-BY-2.0-FR	0.00	yes	two-corpora	OpenSubtitles+Tatoeba
әйтәсезме	4	10	3	OpenSubtitles+Tatoeba	clean:CC-BY-2.0-FR	0.00	no	two-corpora	OpenSubtitles+Tatoeba
сөйләшкәнемне	4	8	2	OpenSubtitles+Tatoeba	clean:CC-BY-2.0-FR	0.00	no	two-corpora	OpenSubtitles+Tatoeba
чистарт	4	8	3	OpenSubtitles+Tatoeba	clean:CC-BY-2.0-FR	0.00	no	two-corpora	OpenSubtitles+Tatoeba
сихерләү	4	5	1	OpenSubtitles+Tatoeba	clean:CC-BY-2.0-FR	0.00	no	two-corpora	OpenSubtitles+Tatoeba
артыңа	4	4	2	OpenSubtitles+Tatoeba	clean:CC-BY-2.0-FR	0.00	no	two-corpora	OpenSubtitles+Tatoeba
мондамы	3	39	5	OpenSubtitles+Tatoeba	clean:CC-BY-2.0-FR	0.03	yes	two-corpora	OpenSubtitles+Tatoeba
тотын	3	33	1	OpenSubtitles+Tatoeba	clean:CC-BY-2.0-FR	0.00	yes	two-corpora	OpenSubtitles+Tatoeba
алдадың	3	32	1	OpenSubtitles+Tatoeba	clean:CC-BY-2.0-FR	0.00	yes	two-corpora	OpenSubtitles+Tatoeba
кулларыңны	3	32	4	OpenSubtitles+Tatoeba	clean:CC-BY-2.0-FR	0.00	yes	two-corpora	OpenSubtitles+Tatoeba
күрмәдеңме	3	32	1	OpenSubtitles+Tatoeba	clean:CC-BY-2.0-FR	0.00	yes	two-corpora	OpenSubtitles+Tatoeba
үләчәкбез	3	30	3	OpenSubtitles+Tatoeba	clean:CC-BY-2.0-FR	0.00	yes	two-corpora	OpenSubtitles+Tatoeba
үләчәксең	3	28	1	OpenSubtitles+Tatoeba	clean:CC-BY-2.0-FR	0.00	yes	two-corpora	OpenSubtitles+Tatoeba
эшләгәнеңне	3	27	9	OpenSubtitles+Tatoeba	clean:CC-BY-2.0-FR	0.00	yes	two-corpora	OpenSubtitles+Tatoeba
алмыйсыңмы	3	24	9	OpenSubtitles+Tatoeba	clean:CC-BY-2.0-FR	0.00	yes	two-corpora	OpenSubtitles+Tatoeba
андамы	3	23	2	OpenSubtitles+Tatoeba	clean:CC-BY-2.0-FR	0.00	yes	two-corpora	OpenSubtitles+Tatoeba
сүндер	3	23	6	OpenSubtitles+Tatoeba	clean:CC-BY-2.0-FR	0.00	yes	two-corpora	OpenSubtitles+Tatoeba
аңладың	3	22	4	OpenSubtitles+Tatoeba	clean:CC-BY-2.0-FR	0.00	yes	two-corpora	OpenSubtitles+Tatoeba
алдадым	3	21	4	OpenSubtitles+Tatoeba	clean:CC-BY-2.0-FR	0.00	yes	two-corpora	OpenSubtitles+Tatoeba
ишетәсезме	3	20	3	OpenSubtitles+Tatoeba	clean:CC-BY-2.0-FR	0.00	yes	two-corpora	OpenSubtitles+Tatoeba
дустыңны	3	19	5	OpenSubtitles+Tatoeba	clean:CC-BY-2.0-FR	0.00	yes	two-corpora	OpenSubtitles+Tatoeba
куркасыңмы	3	19	5	OpenSubtitles+Tatoeba	clean:CC-BY-2.0-FR	0.00	yes	two-corpora	OpenSubtitles+Tatoeba
танышмы	3	19	11	OpenSubtitles+Tatoeba	clean:CC-BY-2.0-FR	0.00	yes	two-corpora	OpenSubtitles+Tatoeba
әйтмәдегез	3	19	7	OpenSubtitles+Tatoeba	clean:CC-BY-2.0-FR	0.00	yes	two-corpora	OpenSubtitles+Tatoeba
босс	3	18	2	OpenSubtitles+Tatoeba	clean:CC-BY-2.0-FR	0.00	yes	two-corpora	OpenSubtitles+Tatoeba
әйткәнемне	3	18	7	OpenSubtitles+Tatoeba	clean:CC-BY-2.0-FR	0.06	yes	two-corpora	OpenSubtitles+Tatoeba
кыланма	3	17	5	OpenSubtitles+Tatoeba	clean:CC-BY-2.0-FR	0.00	yes	two-corpora	OpenSubtitles+Tatoeba
сөйләшәме	3	17	13	OpenSubtitles+Tatoeba	clean:CC-BY-2.0-FR	0.00	yes	two-corpora	OpenSubtitles+Tatoeba
уйламадыңмы	3	17	2	OpenSubtitles+Tatoeba	clean:CC-BY-2.0-FR	0.00	yes	two-corpora	OpenSubtitles+Tatoeba
җыенасыңмы	3	17	8	OpenSubtitles+Tatoeba	clean:CC-BY-2.0-FR	0.00	yes	two-corpora	OpenSubtitles+Tatoeba
комачаулама	3	16	1	OpenSubtitles+Tatoeba	clean:CC-BY-2.0-FR	0.00	yes	two-corpora	OpenSubtitles+Tatoeba
әйттеңме	3	16	6	OpenSubtitles+Tatoeba	clean:CC-BY-2.0-FR	0.00	yes	two-corpora	OpenSubtitles+Tatoeba
шаяртам	3	13	4	OpenSubtitles+Tatoeba	clean:CC-BY-2.0-FR	0.00	yes	two-corpora	OpenSubtitles+Tatoeba
эчик	3	12	6	OpenSubtitles+Tatoeba	clean:CC-BY-2.0-FR	0.00	yes	two-corpora	OpenSubtitles+Tatoeba
алдама	3	11	2	OpenSubtitles+Tatoeba	clean:CC-BY-2.0-FR	0.00	yes	two-corpora	OpenSubtitles+Tatoeba
сөйләштеңме	3	11	3	OpenSubtitles+Tatoeba	clean:CC-BY-2.0-FR	0.00	yes	two-corpora	OpenSubtitles+Tatoeba
очам	3	10	3	OpenSubtitles+Tatoeba	clean:CC-BY-2.0-FR	0.00	no	two-corpora	OpenSubtitles+Tatoeba
барачаксың	3	9	1	OpenSubtitles+Tatoeba	clean:CC-BY-2.0-FR	0.00	no	two-corpora	OpenSubtitles+Tatoeba
бирегезче	3	8	3	OpenSubtitles+Tatoeba	clean:CC-BY-2.0-FR	0.00	no	two-corpora	OpenSubtitles+Tatoeba
синекеме	3	7	6	OpenSubtitles+Tatoeba	clean:CC-BY-2.0-FR	0.00	no	two-corpora	OpenSubtitles+Tatoeba
утыртыгыз	3	7	2	OpenSubtitles+Tatoeba	clean:CC-BY-2.0-FR	0.00	no	two-corpora	OpenSubtitles+Tatoeba
йот	3	6	1	OpenSubtitles+Tatoeba	clean:CC-BY-2.0-FR	0.00	no	two-corpora	OpenSubtitles+Tatoeba
китерермен	3	6	2	OpenSubtitles+Tatoeba	clean:CC-BY-2.0-FR	0.00	no	two-corpora	OpenSubtitles+Tatoeba
аңламыйсыңмы	3	5	1	OpenSubtitles+Tatoeba	clean:CC-BY-2.0-FR	0.00	no	two-corpora	OpenSubtitles+Tatoeba
булмаячакмын	3	5	3	OpenSubtitles+Tatoeba	clean:CC-BY-2.0-FR	0.00	no	two-corpora	OpenSubtitles+Tatoeba
бәйләнәсең	3	5	2	OpenSubtitles+Tatoeba	clean:CC-BY-2.0-FR	0.00	no	two-corpora	OpenSubtitles+Tatoeba
синекеннән	3	5	4	OpenSubtitles+Tatoeba	clean:CC-BY-2.0-FR	0.00	no	two-corpora	OpenSubtitles+Tatoeba
сөйләгәнеңне	3	5	3	OpenSubtitles+Tatoeba	clean:CC-BY-2.0-FR	0.00	no	two-corpora	OpenSubtitles+Tatoeba
атмагыз	3	4	1	OpenSubtitles+Tatoeba	clean:CC-BY-2.0-FR	0.00	no	two-corpora	OpenSubtitles+Tatoeba
сәгатем	3	4	3	OpenSubtitles+Tatoeba	clean:CC-BY-2.0-FR	0.00	no	two-corpora	OpenSubtitles+Tatoeba
туйдыңмы	3	4	3	OpenSubtitles+Tatoeba	clean:CC-BY-2.0-FR	0.00	no	two-corpora	OpenSubtitles+Tatoeba
аңладыңмы	2	35	4	OpenSubtitles+Tatoeba	clean:CC-BY-2.0-FR	0.00	yes	two-corpora	OpenSubtitles+Tatoeba
мәчкәй	2	32	1	OpenSubtitles+Tatoeba	clean:CC-BY-2.0-FR	0.00	yes	two-corpora	OpenSubtitles+Tatoeba
таптыңмы	2	31	4	OpenSubtitles+Tatoeba	clean:CC-BY-2.0-FR	0.00	yes	two-corpora	OpenSubtitles+Tatoeba
сөйләшәсеңме	2	27	17	OpenSubtitles+Tatoeba	clean:CC-BY-2.0-FR	0.00	yes	two-corpora	OpenSubtitles+Tatoeba
таптыгызмы	2	25	9	OpenSubtitles+Tatoeba	clean:CC-BY-2.0-FR	0.00	yes	two-corpora	OpenSubtitles+Tatoeba
коткардым	2	24	2	OpenSubtitles+Tatoeba	clean:CC-BY-2.0-FR	0.00	yes	two-corpora	OpenSubtitles+Tatoeba
сөйләрсең	2	23	4	OpenSubtitles+Tatoeba	clean:CC-BY-2.0-FR	0.00	yes	two-corpora	OpenSubtitles+Tatoeba
тынычланыгыз	2	22	4	OpenSubtitles+Tatoeba	clean:CC-BY-2.0-FR	0.00	yes	two-corpora	OpenSubtitles+Tatoeba
йокладым	2	18	13	OpenSubtitles+Tatoeba	clean:CC-BY-2.0-FR	0.00	yes	two-corpora	OpenSubtitles+Tatoeba
куштың	2	18	1	OpenSubtitles+Tatoeba	clean:CC-BY-2.0-FR	0.00	yes	two-corpora	OpenSubtitles+Tatoeba
көтәрмен	2	18	8	OpenSubtitles+Tatoeba	clean:CC-BY-2.0-FR	0.00	yes	two-corpora	OpenSubtitles+Tatoeba
ошыйсың	2	18	5	OpenSubtitles+Tatoeba	clean:CC-BY-2.0-FR	0.00	yes	two-corpora	OpenSubtitles+Tatoeba
сөйләшмим	2	18	14	OpenSubtitles+Tatoeba	clean:CC-BY-2.0-FR	0.00	yes	two-corpora	OpenSubtitles+Tatoeba
әнчек	2	18	2	OpenSubtitles+Tatoeba	clean:CC-BY-2.0-FR	0.00	yes	two-corpora	OpenSubtitles+Tatoeba
тарт	2	17	4	OpenSubtitles+Tatoeba	clean:CC-BY-2.0-FR	0.00	yes	two-corpora	OpenSubtitles+Tatoeba
булганыңны	2	15	4	OpenSubtitles+Tatoeba	clean:CC-BY-2.0-FR	0.00	yes	two-corpora	OpenSubtitles+Tatoeba
маңка	2	15	2	OpenSubtitles+Tatoeba	clean:CC-BY-2.0-FR	0.00	yes	two-corpora	OpenSubtitles+Tatoeba
минме	2	15	2	OpenSubtitles+Tatoeba	clean:CC-BY-2.0-FR	0.00	yes	two-corpora	OpenSubtitles+Tatoeba
җибәрмә	2	15	2	OpenSubtitles+Tatoeba	clean:CC-BY-2.0-FR	0.00	yes	two-corpora	OpenSubtitles+Tatoeba
кайгыртам	2	14	2	OpenSubtitles+Tatoeba	clean:CC-BY-2.0-FR	0.00	yes	two-corpora	OpenSubtitles+Tatoeba
калачаксың	2	14	1	OpenSubtitles+Tatoeba	clean:CC-BY-2.0-FR	0.00	yes	two-corpora	OpenSubtitles+Tatoeba
китүеңне	2	14	7	OpenSubtitles+Tatoeba	clean:CC-BY-2.0-FR	0.00	yes	two-corpora	OpenSubtitles+Tatoeba
уйламыйсыңмы	2	14	3	OpenSubtitles+Tatoeba	clean:CC-BY-2.0-FR	0.00	yes	two-corpora	OpenSubtitles+Tatoeba
шикәрсез	2	14	7	OpenSubtitles+Tatoeba	clean:CC-BY-2.0-FR	0.08	yes	two-corpora	OpenSubtitles+Tatoeba
ясадың	2	14	2	OpenSubtitles+Tatoeba	clean:CC-BY-2.0-FR	0.00	yes	two-corpora	OpenSubtitles+Tatoeba
яхшыракмы	2	14	3	OpenSubtitles+Tatoeba	clean:CC-BY-2.0-FR	0.00	yes	two-corpora	OpenSubtitles+Tatoeba
исерекбаш	2	13	3	OpenSubtitles+Tatoeba	clean:CC-BY-2.0-FR	0.00	yes	two-corpora	OpenSubtitles+Tatoeba
сөйләдең	2	13	2	OpenSubtitles+Tatoeba	clean:CC-BY-2.0-FR	0.00	yes	two-corpora	OpenSubtitles+Tatoeba
эшләдеңме	2	13	4	OpenSubtitles+Tatoeba	clean:CC-BY-2.0-FR	0.00	yes	two-corpora	OpenSubtitles+Tatoeba
күргәнемне	2	12	5	OpenSubtitles+Tatoeba	clean:CC-BY-2.0-FR	0.00	yes	two-corpora	OpenSubtitles+Tatoeba
сөйләмәдең	2	12	2	OpenSubtitles+Tatoeba	clean:CC-BY-2.0-FR	0.00	yes	two-corpora	OpenSubtitles+Tatoeba
белмәдең	2	11	3	OpenSubtitles+Tatoeba	clean:CC-BY-2.0-FR	0.00	yes	two-corpora	OpenSubtitles+Tatoeba
булганымны	2	11	3	OpenSubtitles+Tatoeba	clean:CC-BY-2.0-FR	0.00	yes	two-corpora	OpenSubtitles+Tatoeba
гаепләмә	2	11	4	OpenSubtitles+Tatoeba	clean:CC-BY-2.0-FR	0.00	yes	two-corpora	OpenSubtitles+Tatoeba
карадыңмы	2	11	5	OpenSubtitles+Tatoeba	clean:CC-BY-2.0-FR	0.00	yes	two-corpora	OpenSubtitles+Tatoeba
кыс	2	11	1	OpenSubtitles+Tatoeba	clean:CC-BY-2.0-FR	0.00	yes	two-corpora	OpenSubtitles+Tatoeba
сүндерегез	2	11	4	OpenSubtitles+Tatoeba	clean:CC-BY-2.0-FR	0.00	yes	two-corpora	OpenSubtitles+Tatoeba
тырыштың	2	11	1	OpenSubtitles+Tatoeba	clean:CC-BY-2.0-FR	0.00	yes	two-corpora	OpenSubtitles+Tatoeba
ачмы	2	10	2	OpenSubtitles+Tatoeba	clean:CC-BY-2.0-FR	0.00	yes	two-corpora	OpenSubtitles+Tatoeba
ашарбыз	2	10	6	OpenSubtitles+Tatoeba	clean:CC-BY-2.0-FR	0.00	yes	two-corpora	OpenSubtitles+Tatoeba
кабатлагыз	2	10	5	OpenSubtitles+Tatoeba	clean:CC-BY-2.0-FR	0.00	no	two-corpora	OpenSubtitles+Tatoeba
суккыры	2	10	1	OpenSubtitles+Tatoeba	clean:CC-BY-2.0-FR	0.00	no	two-corpora	OpenSubtitles+Tatoeba
ялгызмы	2	10	2	OpenSubtitles+Tatoeba	clean:CC-BY-2.0-FR	0.00	no	two-corpora	OpenSubtitles+Tatoeba
аңыңны	2	9	2	OpenSubtitles+Tatoeba	clean:CC-BY-2.0-FR	0.00	no	two-corpora	OpenSubtitles+Tatoeba
ишеткәнең	2	9	3	OpenSubtitles+Tatoeba	clean:CC-BY-2.0-FR	0.00	no	two-corpora	OpenSubtitles+Tatoeba
киләсеңме	2	9	3	OpenSubtitles+Tatoeba	clean:CC-BY-2.0-FR	0.00	no	two-corpora	OpenSubtitles+Tatoeba
куркыттың	2	9	1	OpenSubtitles+Tatoeba	clean:CC-BY-2.0-FR	0.00	no	two-corpora	OpenSubtitles+Tatoeba
көтәсеңме	2	9	3	OpenSubtitles+Tatoeba	clean:CC-BY-2.0-FR	0.00	no	two-corpora	OpenSubtitles+Tatoeba
төзәт	2	9	7	OpenSubtitles+Tatoeba	clean:CC-BY-2.0-FR	0.00	no	two-corpora	OpenSubtitles+Tatoeba
яшисезме	2	9	6	OpenSubtitles+Tatoeba	clean:CC-BY-2.0-FR	0.00	no	two-corpora	OpenSubtitles+Tatoeba
башлама	2	8	4	OpenSubtitles+Tatoeba	clean:CC-BY-2.0-FR	0.00	no	two-corpora	OpenSubtitles+Tatoeba
булышыргамы	2	8	1	OpenSubtitles+Tatoeba	clean:CC-BY-2.0-FR	0.00	no	two-corpora	OpenSubtitles+Tatoeba
йөгерегез	2	8	2	OpenSubtitles+Tatoeba	clean:CC-BY-2.0-FR	0.00	no	two-corpora	OpenSubtitles+Tatoeba
тешләреңне	2	8	2	OpenSubtitles+Tatoeba	clean:CC-BY-2.0-FR	0.00	no	two-corpora	OpenSubtitles+Tatoeba
ух	2	8	2	OpenSubtitles+Tatoeba	clean:CC-BY-2.0-FR	0.00	no	two-corpora	OpenSubtitles+Tatoeba
әйтмәссезме	2	8	4	OpenSubtitles+Tatoeba	clean:CC-BY-2.0-FR	0.00	no	two-corpora	OpenSubtitles+Tatoeba
алганыңны	2	7	2	OpenSubtitles+Tatoeba	clean:CC-BY-2.0-FR	0.00	no	two-corpora	OpenSubtitles+Tatoeba
алыйммы	2	7	2	OpenSubtitles+Tatoeba	clean:CC-BY-2.0-FR	0.00	no	two-corpora	OpenSubtitles+Tatoeba
ашадың	2	7	3	OpenSubtitles+Tatoeba	clean:CC-BY-2.0-FR	0.00	no	two-corpora	OpenSubtitles+Tatoeba
ашармын	2	7	3	OpenSubtitles+Tatoeba	clean:CC-BY-2.0-FR	0.00	no	two-corpora	OpenSubtitles+Tatoeba
барганымны	2	7	4	OpenSubtitles+Tatoeba	clean:CC-BY-2.0-FR	0.00	no	two-corpora	OpenSubtitles+Tatoeba
белүегезне	2	7	3	OpenSubtitles+Tatoeba	clean:CC-BY-2.0-FR	0.00	no	two-corpora	OpenSubtitles+Tatoeba
киегез	2	7	3	OpenSubtitles+Tatoeba	clean:CC-BY-2.0-FR	0.00	no	two-corpora	OpenSubtitles+Tatoeba
киткәнсең	2	7	3	OpenSubtitles+Tatoeba	clean:CC-BY-2.0-FR	0.00	no	two-corpora	OpenSubtitles+Tatoeba
күрмисеңме	2	7	2	OpenSubtitles+Tatoeba	clean:CC-BY-2.0-FR	0.00	no	two-corpora	OpenSubtitles+Tatoeba
пышылдау	2	7	1	OpenSubtitles+Tatoeba	clean:CC-BY-2.0-FR	0.00	no	two-corpora	OpenSubtitles+Tatoeba
сагынырмын	2	7	5	OpenSubtitles+Tatoeba	clean:CC-BY-2.0-FR	0.00	no	two-corpora	OpenSubtitles+Tatoeba
төзәттем	2	7	2	OpenSubtitles+Tatoeba	clean:CC-BY-2.0-FR	0.00	no	two-corpora	OpenSubtitles+Tatoeba
ябам	2	7	2	OpenSubtitles+Tatoeba	clean:CC-BY-2.0-FR	0.00	no	two-corpora	OpenSubtitles+Tatoeba
йокладыңмы	2	6	5	OpenSubtitles+Tatoeba	clean:CC-BY-2.0-FR	0.00	no	two-corpora	OpenSubtitles+Tatoeba
йөрисезме	2	6	3	OpenSubtitles+Tatoeba	clean:CC-BY-2.0-FR	0.00	no	two-corpora	OpenSubtitles+Tatoeba
күптәнме	2	6	2	OpenSubtitles+Tatoeba	clean:CC-BY-2.0-FR	0.00	no	two-corpora	OpenSubtitles+Tatoeba
күргәнеңне	2	6	3	OpenSubtitles+Tatoeba	clean:CC-BY-2.0-FR	0.00	no	two-corpora	OpenSubtitles+Tatoeba
сүндердем	2	6	4	OpenSubtitles+Tatoeba	clean:CC-BY-2.0-FR	0.00	no	two-corpora	OpenSubtitles+Tatoeba
тыгылма	2	6	3	OpenSubtitles+Tatoeba	clean:CC-BY-2.0-FR	0.00	no	two-corpora	OpenSubtitles+Tatoeba
тәкъдимең	2	6	1	OpenSubtitles+Tatoeba	clean:CC-BY-2.0-FR	0.00	no	two-corpora	OpenSubtitles+Tatoeba
эчәсез	2	6	3	OpenSubtitles+Tatoeba	clean:CC-BY-2.0-FR	0.00	no	two-corpora	OpenSubtitles+Tatoeba
үтермәс	2	6	1	OpenSubtitles+Tatoeba	clean:CC-BY-2.0-FR	0.00	no	two-corpora	OpenSubtitles+Tatoeba
алдыйм	2	5	2	OpenSubtitles+Tatoeba	clean:CC-BY-2.0-FR	0.00	no	two-corpora	OpenSubtitles+Tatoeba
алмасмын	2	5	1	OpenSubtitles+Tatoeba	clean:CC-BY-2.0-FR	0.00	no	two-corpora	OpenSubtitles+Tatoeba
барганыңны	2	5	2	OpenSubtitles+Tatoeba	clean:CC-BY-2.0-FR	0.00	no	two-corpora	OpenSubtitles+Tatoeba
боралакны	2	5	1	OpenSubtitles+Tatoeba	clean:CC-BY-2.0-FR	0.00	no	two-corpora	OpenSubtitles+Tatoeba
булмадыгыз	2	5	1	OpenSubtitles+Tatoeba	clean:CC-BY-2.0-FR	0.00	no	two-corpora	OpenSubtitles+Tatoeba
бәйләнмәгез	2	5	3	OpenSubtitles+Tatoeba	clean:CC-BY-2.0-FR	0.00	no	two-corpora	OpenSubtitles+Tatoeba
кайтасыңмы	2	5	2	OpenSubtitles+Tatoeba	clean:CC-BY-2.0-FR	0.00	no	two-corpora	OpenSubtitles+Tatoeba
куйдыңмы	2	5	1	OpenSubtitles+Tatoeba	clean:CC-BY-2.0-FR	0.00	no	two-corpora	OpenSubtitles+Tatoeba
синекен	2	5	1	OpenSubtitles+Tatoeba	clean:CC-BY-2.0-FR	0.00	no	two-corpora	OpenSubtitles+Tatoeba
төрт	2	5	1	OpenSubtitles+Tatoeba	clean:CC-BY-2.0-FR	0.00	no	two-corpora	OpenSubtitles+Tatoeba
укыдыңмы	2	5	2	OpenSubtitles+Tatoeba	clean:CC-BY-2.0-FR	0.00	no	two-corpora	OpenSubtitles+Tatoeba
югалтма	2	5	1	OpenSubtitles+Tatoeba	clean:CC-BY-2.0-FR	0.00	no	two-corpora	OpenSubtitles+Tatoeba
җибәрмим	2	5	1	OpenSubtitles+Tatoeba	clean:CC-BY-2.0-FR	0.00	no	two-corpora	OpenSubtitles+Tatoeba
үбү	2	5	1	OpenSubtitles+Tatoeba	clean:CC-BY-2.0-FR	0.00	no	two-corpora	OpenSubtitles+Tatoeba
өйрәнмәдем	2	5	1	OpenSubtitles+Tatoeba	clean:CC-BY-2.0-FR	0.00	no	two-corpora	OpenSubtitles+Tatoeba
адаштык	2	4	2	OpenSubtitles+Tatoeba	clean:CC-BY-2.0-FR	0.00	no	two-corpora	OpenSubtitles+Tatoeba
йоклармын	2	4	3	OpenSubtitles+Tatoeba	clean:CC-BY-2.0-FR	0.00	no	two-corpora	OpenSubtitles+Tatoeba
каршымы	2	4	2	OpenSubtitles+Tatoeba	clean:CC-BY-2.0-FR	0.00	no	two-corpora	OpenSubtitles+Tatoeba
койрыкта	2	4	2	OpenSubtitles+Tatoeba	clean:CC-BY-2.0-FR	0.00	no	two-corpora	OpenSubtitles+Tatoeba
күрмәячәкмен	2	4	2	OpenSubtitles+Tatoeba	clean:CC-BY-2.0-FR	0.00	no	two-corpora	OpenSubtitles+Tatoeba
патшалыгың	2	4	2	OpenSubtitles+Tatoeba	clean:CC-BY-2.0-FR	0.00	no	two-corpora	OpenSubtitles+Tatoeba
свитерны	2	4	3	OpenSubtitles+Tatoeba	clean:CC-BY-2.0-FR	0.00	no	two-corpora	OpenSubtitles+Tatoeba
телефоныгызны	2	4	3	OpenSubtitles+Tatoeba	clean:CC-BY-2.0-FR	0.00	no	two-corpora	OpenSubtitles+Tatoeba
төшәрсең	2	4	2	OpenSubtitles+Tatoeba	clean:CC-BY-2.0-FR	0.00	no	two-corpora	OpenSubtitles+Tatoeba
шакыды	2	4	3	OpenSubtitles+Tatoeba	clean:CC-BY-2.0-FR	0.00	no	two-corpora	OpenSubtitles+Tatoeba
эспрессо	2	4	1	OpenSubtitles+Tatoeba	clean:CC-BY-2.0-FR	0.00	no	two-corpora	OpenSubtitles+Tatoeba
үләчәгемне	2	4	1	OpenSubtitles+Tatoeba	clean:CC-BY-2.0-FR	0.00	no	two-corpora	OpenSubtitles+Tatoeba
әйлән	2	4	3	OpenSubtitles+Tatoeba	clean:CC-BY-2.0-FR	0.00	no	two-corpora	OpenSubtitles+Tatoeba
әйтче	2	4	3	OpenSubtitles+Tatoeba	clean:CC-BY-2.0-FR	0.00	no	two-corpora	OpenSubtitles+Tatoeba
өметләнмә	2	4	3	OpenSubtitles+Tatoeba	clean:CC-BY-2.0-FR	0.00	no	two-corpora	OpenSubtitles+Tatoeba
аңлашылдымы	2	3	1	OpenSubtitles+Tatoeba	clean:CC-BY-2.0-FR	0.00	no	two-corpora	OpenSubtitles+Tatoeba
бармагым	2	3	1	OpenSubtitles+Tatoeba	clean:CC-BY-2.0-FR	0.00	no	two-corpora	OpenSubtitles+Tatoeba
геттода	2	3	1	OpenSubtitles+Tatoeba	clean:CC-BY-2.0-FR	0.00	no	two-corpora	OpenSubtitles+Tatoeba
дусны	2	3	1	OpenSubtitles+Tatoeba	clean:CC-BY-2.0-FR	0.00	no	two-corpora	OpenSubtitles+Tatoeba
ихтыярың	2	3	1	OpenSubtitles+Tatoeba	clean:CC-BY-2.0-FR	0.00	no	two-corpora	OpenSubtitles+Tatoeba
калтырану	2	3	1	OpenSubtitles+Tatoeba	clean:CC-BY-2.0-FR	0.00	no	two-corpora	OpenSubtitles+Tatoeba
кисегез	2	3	1	OpenSubtitles+Tatoeba	clean:CC-BY-2.0-FR	0.00	no	two-corpora	OpenSubtitles+Tatoeba
кияүдәме	2	3	1	OpenSubtitles+Tatoeba	clean:CC-BY-2.0-FR	0.00	no	two-corpora	OpenSubtitles+Tatoeba
котылмас	2	3	2	OpenSubtitles+Tatoeba	clean:CC-BY-2.0-FR	0.00	no	two-corpora	OpenSubtitles+Tatoeba
кычкыр	2	3	1	OpenSubtitles+Tatoeba	clean:CC-BY-2.0-FR	0.00	no	two-corpora	OpenSubtitles+Tatoeba
кычкырганны	2	3	1	OpenSubtitles+Tatoeba	clean:CC-BY-2.0-FR	0.00	no	two-corpora	OpenSubtitles+Tatoeba
охшаганын	2	3	2	OpenSubtitles+Tatoeba	clean:CC-BY-2.0-FR	0.00	no	two-corpora	OpenSubtitles+Tatoeba
таныштырыгыз	2	3	1	OpenSubtitles+Tatoeba	clean:CC-BY-2.0-FR	0.00	no	two-corpora	OpenSubtitles+Tatoeba
туктадың	2	3	1	OpenSubtitles+Tatoeba	clean:CC-BY-2.0-FR	0.00	no	two-corpora	OpenSubtitles+Tatoeba
төзәттеләр	2	3	1	OpenSubtitles+Tatoeba	clean:CC-BY-2.0-FR	0.00	no	two-corpora	OpenSubtitles+Tatoeba
төкер	2	3	2	OpenSubtitles+Tatoeba	clean:CC-BY-2.0-FR	0.00	no	two-corpora	OpenSubtitles+Tatoeba
җиттең	2	3	2	OpenSubtitles+Tatoeba	clean:CC-BY-2.0-FR	0.00	no	two-corpora	OpenSubtitles+Tatoeba
өйрәнерсең	2	3	1	OpenSubtitles+Tatoeba	clean:CC-BY-2.0-FR	0.00	no	two-corpora	OpenSubtitles+Tatoeba
сорадың	1	25	4	OpenSubtitles+Tatoeba	clean:CC-BY-2.0-FR	0.00	yes	two-corpora	OpenSubtitles+Tatoeba
вау	1	24	6	OpenSubtitles+Tatoeba	clean:CC-BY-2.0-FR	0.00	yes	two-corpora	OpenSubtitles+Tatoeba
югалттың	1	24	1	OpenSubtitles+Tatoeba	clean:CC-BY-2.0-FR	0.00	yes	two-corpora	OpenSubtitles+Tatoeba
булышмас	1	23	2	OpenSubtitles+Tatoeba	clean:CC-BY-2.0-FR	0.00	yes	two-corpora	OpenSubtitles+Tatoeba
коткардың	1	23	1	OpenSubtitles+Tatoeba	clean:CC-BY-2.0-FR	0.00	yes	two-corpora	OpenSubtitles+Tatoeba
сөйләшәсезме	1	22	19	OpenSubtitles+Tatoeba	clean:CC-BY-2.0-FR	0.00	yes	two-corpora	OpenSubtitles+Tatoeba
яратасызмы	1	21	18	OpenSubtitles+Tatoeba	clean:CC-BY-2.0-FR	0.00	yes	two-corpora	OpenSubtitles+Tatoeba
кабатла	1	20	5	OpenSubtitles+Tatoeba	clean:CC-BY-2.0-FR	0.00	yes	two-corpora	OpenSubtitles+Tatoeba
китердең	1	20	3	OpenSubtitles+Tatoeba	clean:CC-BY-2.0-FR	0.00	yes	two-corpora	OpenSubtitles+Tatoeba
нишләдегез	1	20	4	OpenSubtitles+Tatoeba	clean:CC-BY-2.0-FR	0.00	yes	two-corpora	OpenSubtitles+Tatoeba
сораганны	1	19	12	OpenSubtitles+Tatoeba	clean:CC-BY-2.0-FR	0.00	yes	two-corpora	OpenSubtitles+Tatoeba
урладым	1	19	5	OpenSubtitles+Tatoeba	clean:CC-BY-2.0-FR	0.00	yes	two-corpora	OpenSubtitles+Tatoeba
еракмы	1	18	9	OpenSubtitles+Tatoeba	clean:CC-BY-2.0-FR	0.00	yes	two-corpora	OpenSubtitles+Tatoeba
үтерәчәкләр	1	18	1	OpenSubtitles+Tatoeba	clean:CC-BY-2.0-FR	0.00	yes	two-corpora	OpenSubtitles+Tatoeba
аңламадың	1	17	4	OpenSubtitles+Tatoeba	clean:CC-BY-2.0-FR	0.00	yes	two-corpora	OpenSubtitles+Tatoeba
оныттыңмы	1	17	7	OpenSubtitles+Tatoeba	clean:CC-BY-2.0-FR	0.00	yes	two-corpora	OpenSubtitles+Tatoeba
салны	1	17	1	OpenSubtitles+Tatoeba	clean:CC-BY-2.0-FR	0.00	yes	two-corpora	OpenSubtitles+Tatoeba
урладың	1	17	2	OpenSubtitles+Tatoeba	clean:CC-BY-2.0-FR	0.00	yes	two-corpora	OpenSubtitles+Tatoeba
хәлләрең	1	17	3	OpenSubtitles+Tatoeba	clean:CC-BY-2.0-FR	0.00	yes	two-corpora	OpenSubtitles+Tatoeba
атаңны	1	16	1	OpenSubtitles+Tatoeba	clean:CC-BY-2.0-FR	0.00	yes	two-corpora	OpenSubtitles+Tatoeba
бирдеңме	1	16	4	OpenSubtitles+Tatoeba	clean:CC-BY-2.0-FR	0.00	yes	two-corpora	OpenSubtitles+Tatoeba
теләгәнегезне	1	16	12	OpenSubtitles+Tatoeba	clean:CC-BY-2.0-FR	0.00	yes	two-corpora	OpenSubtitles+Tatoeba
тордың	1	16	6	OpenSubtitles+Tatoeba	clean:CC-BY-2.0-FR	0.00	yes	two-corpora	OpenSubtitles+Tatoeba
ябыгыз	1	16	9	OpenSubtitles+Tatoeba	clean:CC-BY-2.0-FR	0.00	yes	two-corpora	OpenSubtitles+Tatoeba
җиңдең	1	16	2	OpenSubtitles+Tatoeba	clean:CC-BY-2.0-FR	0.07	yes	two-corpora	OpenSubtitles+Tatoeba
үтердеңме	1	16	2	OpenSubtitles+Tatoeba	clean:CC-BY-2.0-FR	0.00	yes	two-corpora	OpenSubtitles+Tatoeba
авыртамы	1	15	5	OpenSubtitles+Tatoeba	clean:CC-BY-2.0-FR	0.00	yes	two-corpora	OpenSubtitles+Tatoeba
тоттың	1	15	4	OpenSubtitles+Tatoeba	clean:CC-BY-2.0-FR	0.00	yes	two-corpora	OpenSubtitles+Tatoeba
яздыңмы	1	15	5	OpenSubtitles+Tatoeba	clean:CC-BY-2.0-FR	0.00	yes	two-corpora	OpenSubtitles+Tatoeba
ашадыңмы	1	14	12	OpenSubtitles+Tatoeba	clean:CC-BY-2.0-FR	0.00	yes	two-corpora	OpenSubtitles+Tatoeba
бирәсеңме	1	14	3	OpenSubtitles+Tatoeba	clean:CC-BY-2.0-FR	0.00	yes	two-corpora	OpenSubtitles+Tatoeba
дидеңме	1	14	1	OpenSubtitles+Tatoeba	clean:CC-BY-2.0-FR	0.00	yes	two-corpora	OpenSubtitles+Tatoeba
итүеңне	1	14	10	OpenSubtitles+Tatoeba	clean:CC-BY-2.0-FR	0.00	yes	two-corpora	OpenSubtitles+Tatoeba
кабызам	1	14	1	OpenSubtitles+Tatoeba	clean:CC-BY-2.0-FR	0.00	yes	two-corpora	OpenSubtitles+Tatoeba
сэндвич	1	14	2	OpenSubtitles+Tatoeba	clean:CC-BY-2.0-FR	0.08	yes	two-corpora	OpenSubtitles+Tatoeba
сөйләмәдем	1	14	7	OpenSubtitles+Tatoeba	clean:CC-BY-2.0-FR	0.00	yes	two-corpora	OpenSubtitles+Tatoeba
таны	1	14	6	OpenSubtitles+Tatoeba	clean:CC-BY-2.0-FR	0.00	yes	two-corpora	OpenSubtitles+Tatoeba
яратачакмын	1	14	3	OpenSubtitles+Tatoeba	clean:CC-BY-2.0-FR	0.00	yes	two-corpora	OpenSubtitles+Tatoeba
аңладыгызмы	1	13	4	OpenSubtitles+Tatoeba	clean:CC-BY-2.0-FR	0.00	yes	two-corpora	OpenSubtitles+Tatoeba
аңламадыңмы	1	13	1	OpenSubtitles+Tatoeba	clean:CC-BY-2.0-FR	0.00	yes	two-corpora	OpenSubtitles+Tatoeba
борылыгыз	1	13	8	OpenSubtitles+Tatoeba	clean:CC-BY-2.0-FR	0.00	yes	two-corpora	OpenSubtitles+Tatoeba
иел	1	13	5	OpenSubtitles+Tatoeba	clean:CC-BY-2.0-FR	0.22	yes	two-corpora	OpenSubtitles+Tatoeba
иттеңме	1	13	4	OpenSubtitles+Tatoeba	clean:CC-BY-2.0-FR	0.00	yes	two-corpora	OpenSubtitles+Tatoeba
карадыгызмы	1	13	9	OpenSubtitles+Tatoeba	clean:CC-BY-2.0-FR	0.00	yes	two-corpora	OpenSubtitles+Tatoeba
шайтаныма	1	13	4	OpenSubtitles+Tatoeba	clean:CC-BY-2.0-FR	0.08	yes	two-corpora	OpenSubtitles+Tatoeba
эшләмәдең	1	13	4	OpenSubtitles+Tatoeba	clean:CC-BY-2.0-FR	0.00	yes	two-corpora	OpenSubtitles+Tatoeba
дигәнеңне	1	12	2	OpenSubtitles+Tatoeba	clean:CC-BY-2.0-FR	0.00	yes	two-corpora	OpenSubtitles+Tatoeba
илтегез	1	12	8	OpenSubtitles+Tatoeba	clean:CC-BY-2.0-FR	0.00	yes	two-corpora	OpenSubtitles+Tatoeba
минсез	1	12	1	OpenSubtitles+Tatoeba	clean:CC-BY-2.0-FR	0.00	yes	two-corpora	OpenSubtitles+Tatoeba
ошадымы	1	12	8	OpenSubtitles+Tatoeba	clean:CC-BY-2.0-FR	0.00	yes	two-corpora	OpenSubtitles+Tatoeba
тешләде	1	12	9	OpenSubtitles+Tatoeba	clean:CC-BY-2.0-FR	0.00	yes	two-corpora	OpenSubtitles+Tatoeba
эзлисеңме	1	12	4	OpenSubtitles+Tatoeba	clean:CC-BY-2.0-FR	0.00	yes	two-corpora	OpenSubtitles+Tatoeba
алмадыңмы	1	11	1	OpenSubtitles+Tatoeba	clean:CC-BY-2.0-FR	0.00	yes	two-corpora	OpenSubtitles+Tatoeba
белмәдегезме	1	11	7	OpenSubtitles+Tatoeba	clean:CC-BY-2.0-FR	0.00	yes	two-corpora	OpenSubtitles+Tatoeba
беләмме	1	11	1	OpenSubtitles+Tatoeba	clean:CC-BY-2.0-FR	0.00	yes	two-corpora	OpenSubtitles+Tatoeba
килүеңне	1	11	3	OpenSubtitles+Tatoeba	clean:CC-BY-2.0-FR	0.00	yes	two-corpora	OpenSubtitles+Tatoeba
төзәтәм	1	11	2	OpenSubtitles+Tatoeba	clean:CC-BY-2.0-FR	0.00	yes	two-corpora	OpenSubtitles+Tatoeba
төшегез	1	11	6	OpenSubtitles+Tatoeba	clean:CC-BY-2.0-FR	0.00	yes	two-corpora	OpenSubtitles+Tatoeba
уйладыгызмы	1	11	6	OpenSubtitles+Tatoeba	clean:CC-BY-2.0-FR	0.00	yes	two-corpora	OpenSubtitles+Tatoeba
улыңны	1	11	2	OpenSubtitles+Tatoeba	clean:CC-BY-2.0-FR	0.00	yes	two-corpora	OpenSubtitles+Tatoeba
япанча	1	11	1	OpenSubtitles+Tatoeba	clean:CC-BY-2.0-FR	0.00	yes	two-corpora	OpenSubtitles+Tatoeba
үтердегез	1	11	4	OpenSubtitles+Tatoeba	clean:CC-BY-2.0-FR	0.00	yes	two-corpora	OpenSubtitles+Tatoeba
алуыңны	1	10	5	OpenSubtitles+Tatoeba	clean:CC-BY-2.0-FR	0.00	yes	two-corpora	OpenSubtitles+Tatoeba
боздың	1	10	1	OpenSubtitles+Tatoeba	clean:CC-BY-2.0-FR	0.00	yes	two-corpora	OpenSubtitles+Tatoeba
бүлмәмдә	1	10	9	OpenSubtitles+Tatoeba	clean:CC-BY-2.0-FR	0.00	yes	two-corpora	OpenSubtitles+Tatoeba
динамитны	1	10	1	OpenSubtitles+Tatoeba	clean:CC-BY-2.0-FR	0.00	yes	two-corpora	OpenSubtitles+Tatoeba
карыйсыңмы	1	10	4	OpenSubtitles+Tatoeba	clean:CC-BY-2.0-FR	0.00	no	two-corpora	OpenSubtitles+Tatoeba
күрдеме	1	10	4	OpenSubtitles+Tatoeba	clean:CC-BY-2.0-FR	0.00	no	two-corpora	OpenSubtitles+Tatoeba
очса	1	10	8	OpenSubtitles+Tatoeba	clean:CC-BY-2.0-FR	0.00	no	two-corpora	OpenSubtitles+Tatoeba
сеңлең	1	10	4	OpenSubtitles+Tatoeba	clean:CC-BY-2.0-FR	0.00	no	two-corpora	OpenSubtitles+Tatoeba
сөйләштең	1	10	4	OpenSubtitles+Tatoeba	clean:CC-BY-2.0-FR	0.00	no	two-corpora	OpenSubtitles+Tatoeba
тыңлама	1	10	3	OpenSubtitles+Tatoeba	clean:CC-BY-2.0-FR	0.00	no	two-corpora	OpenSubtitles+Tatoeba
уйлаганыңны	1	10	4	OpenSubtitles+Tatoeba	clean:CC-BY-2.0-FR	0.00	no	two-corpora	OpenSubtitles+Tatoeba
эзләгәнне	1	10	3	OpenSubtitles+Tatoeba	clean:CC-BY-2.0-FR	0.00	no	two-corpora	OpenSubtitles+Tatoeba
эшләвеңне	1	10	5	OpenSubtitles+Tatoeba	clean:CC-BY-2.0-FR	0.00	no	two-corpora	OpenSubtitles+Tatoeba
эшләмәгез	1	10	4	OpenSubtitles+Tatoeba	clean:CC-BY-2.0-FR	0.00	no	two-corpora	OpenSubtitles+Tatoeba
ачтың	1	9	5	OpenSubtitles+Tatoeba	clean:CC-BY-2.0-FR	0.00	no	two-corpora	OpenSubtitles+Tatoeba
ачуың	1	9	7	OpenSubtitles+Tatoeba	clean:CC-BY-2.0-FR	0.00	no	two-corpora	OpenSubtitles+Tatoeba
ашамады	1	9	6	OpenSubtitles+Tatoeba	clean:CC-BY-2.0-FR	0.00	no	two-corpora	OpenSubtitles+Tatoeba
белмәдеңме	1	9	5	OpenSubtitles+Tatoeba	clean:CC-BY-2.0-FR	0.00	no	two-corpora	OpenSubtitles+Tatoeba
булышырсың	1	9	1	OpenSubtitles+Tatoeba	clean:CC-BY-2.0-FR	0.00	no	two-corpora	OpenSubtitles+Tatoeba
йоклаткыч	1	9	2	OpenSubtitles+Tatoeba	clean:CC-BY-2.0-FR	0.00	no	two-corpora	OpenSubtitles+Tatoeba
кычкырдым	1	9	1	OpenSubtitles+Tatoeba	clean:CC-BY-2.0-FR	0.00	no	two-corpora	OpenSubtitles+Tatoeba
онытыгыз	1	9	3	OpenSubtitles+Tatoeba	clean:CC-BY-2.0-FR	0.00	no	two-corpora	OpenSubtitles+Tatoeba
сөйләдеме	1	9	2	OpenSubtitles+Tatoeba	clean:CC-BY-2.0-FR	0.00	no	two-corpora	OpenSubtitles+Tatoeba
ташладың	1	9	2	OpenSubtitles+Tatoeba	clean:CC-BY-2.0-FR	0.00	no	two-corpora	OpenSubtitles+Tatoeba
тотыныгыз	1	9	2	OpenSubtitles+Tatoeba	clean:CC-BY-2.0-FR	0.00	no	two-corpora	OpenSubtitles+Tatoeba
түзегез	1	9	1	OpenSubtitles+Tatoeba	clean:CC-BY-2.0-FR	0.00	no	two-corpora	OpenSubtitles+Tatoeba
шаяртасыңмы	1	9	1	OpenSubtitles+Tatoeba	clean:CC-BY-2.0-FR	0.00	no	two-corpora	OpenSubtitles+Tatoeba
эчмә	1	9	7	OpenSubtitles+Tatoeba	clean:CC-BY-2.0-FR	0.00	no	two-corpora	OpenSubtitles+Tatoeba
авызыгызны	1	8	5	OpenSubtitles+Tatoeba	clean:CC-BY-2.0-FR	0.00	no	two-corpora	OpenSubtitles+Tatoeba
ачасыңмы	1	8	1	OpenSubtitles+Tatoeba	clean:CC-BY-2.0-FR	0.00	no	two-corpora	OpenSubtitles+Tatoeba
бананнар	1	8	3	OpenSubtitles+Tatoeba	clean:CC-BY-2.0-FR	0.00	no	two-corpora	OpenSubtitles+Tatoeba
булганыгызны	1	8	1	OpenSubtitles+Tatoeba	clean:CC-BY-2.0-FR	0.00	no	two-corpora	OpenSubtitles+Tatoeba
булышачакмын	1	8	5	OpenSubtitles+Tatoeba	clean:CC-BY-2.0-FR	0.00	no	two-corpora	OpenSubtitles+Tatoeba
кагылсаң	1	8	1	OpenSubtitles+Tatoeba	clean:CC-BY-2.0-FR	0.00	no	two-corpora	OpenSubtitles+Tatoeba
килүең	1	8	5	OpenSubtitles+Tatoeba	clean:CC-BY-2.0-FR	0.00	no	two-corpora	OpenSubtitles+Tatoeba
китердегез	1	8	1	OpenSubtitles+Tatoeba	clean:CC-BY-2.0-FR	0.00	no	two-corpora	OpenSubtitles+Tatoeba
күзәт	1	8	1	OpenSubtitles+Tatoeba	clean:CC-BY-2.0-FR	0.00	no	two-corpora	OpenSubtitles+Tatoeba
онытмадыңмы	1	8	4	OpenSubtitles+Tatoeba	clean:CC-BY-2.0-FR	0.00	no	two-corpora	OpenSubtitles+Tatoeba
охшамагансың	1	8	2	OpenSubtitles+Tatoeba	clean:CC-BY-2.0-FR	0.00	no	two-corpora	OpenSubtitles+Tatoeba
синдәме	1	8	2	OpenSubtitles+Tatoeba	clean:CC-BY-2.0-FR	0.00	no	two-corpora	OpenSubtitles+Tatoeba
сорармын	1	8	2	OpenSubtitles+Tatoeba	clean:CC-BY-2.0-FR	0.00	no	two-corpora	OpenSubtitles+Tatoeba
сәдәп	1	8	1	OpenSubtitles+Tatoeba	clean:CC-BY-2.0-FR	0.00	no	two-corpora	OpenSubtitles+Tatoeba
сөйләшмәдем	1	8	4	OpenSubtitles+Tatoeba	clean:CC-BY-2.0-FR	0.00	no	two-corpora	OpenSubtitles+Tatoeba
тиешлегемне	1	8	5	OpenSubtitles+Tatoeba	clean:CC-BY-2.0-FR	0.00	no	two-corpora	OpenSubtitles+Tatoeba
тормам	1	8	3	OpenSubtitles+Tatoeba	clean:CC-BY-2.0-FR	0.00	no	two-corpora	OpenSubtitles+Tatoeba
тотасыңмы	1	8	4	OpenSubtitles+Tatoeba	clean:CC-BY-2.0-FR	0.00	no	two-corpora	OpenSubtitles+Tatoeba
шоколадны	1	8	7	OpenSubtitles+Tatoeba	clean:CC-BY-2.0-FR	0.00	no	two-corpora	OpenSubtitles+Tatoeba
яратамы	1	8	7	OpenSubtitles+Tatoeba	clean:CC-BY-2.0-FR	0.00	no	two-corpora	OpenSubtitles+Tatoeba
җитәкчең	1	8	1	OpenSubtitles+Tatoeba	clean:CC-BY-2.0-FR	0.00	no	two-corpora	OpenSubtitles+Tatoeba
җыегыз	1	8	4	OpenSubtitles+Tatoeba	clean:CC-BY-2.0-FR	0.00	no	two-corpora	OpenSubtitles+Tatoeba
җыендым	1	8	1	OpenSubtitles+Tatoeba	clean:CC-BY-2.0-FR	0.00	no	two-corpora	OpenSubtitles+Tatoeba
әйтүеңне	1	8	4	OpenSubtitles+Tatoeba	clean:CC-BY-2.0-FR	0.00	no	two-corpora	OpenSubtitles+Tatoeba
өйләнгәнме	1	8	3	OpenSubtitles+Tatoeba	clean:CC-BY-2.0-FR	0.00	no	two-corpora	OpenSubtitles+Tatoeba
алыштыр	1	7	3	OpenSubtitles+Tatoeba	clean:CC-BY-2.0-FR	0.00	no	two-corpora	OpenSubtitles+Tatoeba
борчыма	1	7	3	OpenSubtitles+Tatoeba	clean:CC-BY-2.0-FR	0.00	no	two-corpora	OpenSubtitles+Tatoeba
кабыздым	1	7	4	OpenSubtitles+Tatoeba	clean:CC-BY-2.0-FR	0.00	no	two-corpora	OpenSubtitles+Tatoeba
костюмны	1	7	2	OpenSubtitles+Tatoeba	clean:CC-BY-2.0-FR	0.00	no	two-corpora	OpenSubtitles+Tatoeba
кулчатырын	1	7	6	OpenSubtitles+Tatoeba	clean:CC-BY-2.0-FR	0.00	no	two-corpora	OpenSubtitles+Tatoeba
күрмәдегез	1	7	2	OpenSubtitles+Tatoeba	clean:CC-BY-2.0-FR	0.00	no	two-corpora	OpenSubtitles+Tatoeba
көттең	1	7	3	OpenSubtitles+Tatoeba	clean:CC-BY-2.0-FR	0.00	no	two-corpora	OpenSubtitles+Tatoeba
масаючан	1	7	3	OpenSubtitles+Tatoeba	clean:CC-BY-2.0-FR	0.00	no	two-corpora	OpenSubtitles+Tatoeba
онытмаячакмын	1	7	4	OpenSubtitles+Tatoeba	clean:CC-BY-2.0-FR	0.00	no	two-corpora	OpenSubtitles+Tatoeba
ошамыйсың	1	7	5	OpenSubtitles+Tatoeba	clean:CC-BY-2.0-FR	0.00	no	two-corpora	OpenSubtitles+Tatoeba
ошаячак	1	7	2	OpenSubtitles+Tatoeba	clean:CC-BY-2.0-FR	0.00	no	two-corpora	OpenSubtitles+Tatoeba
ризалашыр	1	7	4	OpenSubtitles+Tatoeba	clean:CC-BY-2.0-FR	0.00	no	two-corpora	OpenSubtitles+Tatoeba
саныйсыңмы	1	7	4	OpenSubtitles+Tatoeba	clean:CC-BY-2.0-FR	0.00	no	two-corpora	OpenSubtitles+Tatoeba
сорамагыз	1	7	5	OpenSubtitles+Tatoeba	clean:CC-BY-2.0-FR	0.00	no	two-corpora	OpenSubtitles+Tatoeba
спагетти	1	7	3	OpenSubtitles+Tatoeba	clean:CC-BY-2.0-FR	0.00	no	two-corpora	OpenSubtitles+Tatoeba
сөйләшсәгез	1	7	3	OpenSubtitles+Tatoeba	clean:CC-BY-2.0-FR	0.00	no	two-corpora	OpenSubtitles+Tatoeba
тартмадан	1	7	2	OpenSubtitles+Tatoeba	clean:CC-BY-2.0-FR	0.00	no	two-corpora	OpenSubtitles+Tatoeba
тотармын	1	7	2	OpenSubtitles+Tatoeba	clean:CC-BY-2.0-FR	0.00	no	two-corpora	OpenSubtitles+Tatoeba
туйдырдың	1	7	3	OpenSubtitles+Tatoeba	clean:CC-BY-2.0-FR	0.00	no	two-corpora	OpenSubtitles+Tatoeba
хәтерләмисеңме	1	7	3	OpenSubtitles+Tatoeba	clean:CC-BY-2.0-FR	0.00	no	two-corpora	OpenSubtitles+Tatoeba
чап	1	7	3	OpenSubtitles+Tatoeba	clean:CC-BY-2.0-FR	0.00	no	two-corpora	OpenSubtitles+Tatoeba
шалтыратма	1	7	4	OpenSubtitles+Tatoeba	clean:CC-BY-2.0-FR	0.00	no	two-corpora	OpenSubtitles+Tatoeba
шаяртасызмы	1	7	1	OpenSubtitles+Tatoeba	clean:CC-BY-2.0-FR	0.00	no	two-corpora	OpenSubtitles+Tatoeba
ышанмыйсыңмы	1	7	2	OpenSubtitles+Tatoeba	clean:CC-BY-2.0-FR	0.00	no	two-corpora	OpenSubtitles+Tatoeba
югалттыгыз	1	7	1	OpenSubtitles+Tatoeba	clean:CC-BY-2.0-FR	0.00	no	two-corpora	OpenSubtitles+Tatoeba
яздыгызмы	1	7	4	OpenSubtitles+Tatoeba	clean:CC-BY-2.0-FR	0.00	no	two-corpora	OpenSubtitles+Tatoeba
яллады	1	7	1	OpenSubtitles+Tatoeba	clean:CC-BY-2.0-FR	0.00	no	two-corpora	OpenSubtitles+Tatoeba
җиткерермен	1	7	1	OpenSubtitles+Tatoeba	clean:CC-BY-2.0-FR	0.00	no	two-corpora	OpenSubtitles+Tatoeba
үлмә	1	7	1	OpenSubtitles+Tatoeba	clean:CC-BY-2.0-FR	0.00	no	two-corpora	OpenSubtitles+Tatoeba
әзерләрмен	1	7	3	OpenSubtitles+Tatoeba	clean:CC-BY-2.0-FR	0.00	no	two-corpora	OpenSubtitles+Tatoeba
адаштым	1	6	4	OpenSubtitles+Tatoeba	clean:CC-BY-2.0-FR	0.00	no	two-corpora	OpenSubtitles+Tatoeba
алдыйсы	1	6	1	OpenSubtitles+Tatoeba	clean:CC-BY-2.0-FR	0.00	no	two-corpora	OpenSubtitles+Tatoeba
алмаганымны	1	6	1	OpenSubtitles+Tatoeba	clean:CC-BY-2.0-FR	0.00	no	two-corpora	OpenSubtitles+Tatoeba
анагыз	1	6	2	OpenSubtitles+Tatoeba	clean:CC-BY-2.0-FR	0.00	no	two-corpora	OpenSubtitles+Tatoeba
ахмакны	1	6	3	OpenSubtitles+Tatoeba	clean:CC-BY-2.0-FR	0.00	no	two-corpora	OpenSubtitles+Tatoeba
ачуланыр	1	6	3	OpenSubtitles+Tatoeba	clean:CC-BY-2.0-FR	0.00	no	two-corpora	OpenSubtitles+Tatoeba
борчыймы	1	6	3	OpenSubtitles+Tatoeba	clean:CC-BY-2.0-FR	0.00	no	two-corpora	OpenSubtitles+Tatoeba
буклы	1	6	5	OpenSubtitles+Tatoeba	clean:CC-BY-2.0-FR	0.20	no	two-corpora	OpenSubtitles+Tatoeba
бутама	1	6	4	OpenSubtitles+Tatoeba	clean:CC-BY-2.0-FR	0.00	no	two-corpora	OpenSubtitles+Tatoeba
бәхәсләшмә	1	6	3	OpenSubtitles+Tatoeba	clean:CC-BY-2.0-FR	0.00	no	two-corpora	OpenSubtitles+Tatoeba
илт	1	6	1	OpenSubtitles+Tatoeba	clean:CC-BY-2.0-FR	0.00	no	two-corpora	OpenSubtitles+Tatoeba
илтәм	1	6	3	OpenSubtitles+Tatoeba	clean:CC-BY-2.0-FR	0.00	no	two-corpora	OpenSubtitles+Tatoeba
иткәнеңне	1	6	1	OpenSubtitles+Tatoeba	clean:CC-BY-2.0-FR	0.00	no	two-corpora	OpenSubtitles+Tatoeba
кайтарырмын	1	6	2	OpenSubtitles+Tatoeba	clean:CC-BY-2.0-FR	0.00	no	two-corpora	OpenSubtitles+Tatoeba
кайттымы	1	6	1	OpenSubtitles+Tatoeba	clean:CC-BY-2.0-FR	0.00	no	two-corpora	OpenSubtitles+Tatoeba
карыйсызмы	1	6	5	OpenSubtitles+Tatoeba	clean:CC-BY-2.0-FR	0.00	no	two-corpora	OpenSubtitles+Tatoeba
качма	1	6	1	OpenSubtitles+Tatoeba	clean:CC-BY-2.0-FR	0.00	no	two-corpora	OpenSubtitles+Tatoeba
киемегезне	1	6	4	OpenSubtitles+Tatoeba	clean:CC-BY-2.0-FR	0.00	no	two-corpora	OpenSubtitles+Tatoeba
киттеңме	1	6	2	OpenSubtitles+Tatoeba	clean:CC-BY-2.0-FR	0.00	no	two-corpora	OpenSubtitles+Tatoeba
колакларым	1	6	4	OpenSubtitles+Tatoeba	clean:CC-BY-2.0-FR	0.00	no	two-corpora	OpenSubtitles+Tatoeba
коралда	1	6	4	OpenSubtitles+Tatoeba	clean:CC-BY-2.0-FR	0.00	no	two-corpora	OpenSubtitles+Tatoeba
күренмисең	1	6	5	OpenSubtitles+Tatoeba	clean:CC-BY-2.0-FR	0.00	no	two-corpora	OpenSubtitles+Tatoeba
күчергечне	1	6	1	OpenSubtitles+Tatoeba	clean:CC-BY-2.0-FR	0.00	no	two-corpora	OpenSubtitles+Tatoeba
менәбез	1	6	2	OpenSubtitles+Tatoeba	clean:CC-BY-2.0-FR	0.00	no	two-corpora	OpenSubtitles+Tatoeba
очратуыма	1	6	5	OpenSubtitles+Tatoeba	clean:CC-BY-2.0-FR	0.00	no	two-corpora	OpenSubtitles+Tatoeba
серсүз	1	6	2	OpenSubtitles+Tatoeba	clean:CC-BY-2.0-FR	0.00	no	two-corpora	OpenSubtitles+Tatoeba
сорамадың	1	6	3	OpenSubtitles+Tatoeba	clean:CC-BY-2.0-FR	0.00	no	two-corpora	OpenSubtitles+Tatoeba
тиште	1	6	4	OpenSubtitles+Tatoeba	clean:CC-BY-2.0-FR	0.17	no	two-corpora	OpenSubtitles+Tatoeba
тузаннан	1	6	3	OpenSubtitles+Tatoeba	clean:CC-BY-2.0-FR	0.00	no	two-corpora	OpenSubtitles+Tatoeba
туктатам	1	6	1	OpenSubtitles+Tatoeba	clean:CC-BY-2.0-FR	0.00	no	two-corpora	OpenSubtitles+Tatoeba
урындамы	1	6	2	OpenSubtitles+Tatoeba	clean:CC-BY-2.0-FR	0.00	no	two-corpora	OpenSubtitles+Tatoeba
чакырдың	1	6	1	OpenSubtitles+Tatoeba	clean:CC-BY-2.0-FR	0.00	no	two-corpora	OpenSubtitles+Tatoeba
чыгарсың	1	6	1	OpenSubtitles+Tatoeba	clean:CC-BY-2.0-FR	0.00	no	two-corpora	OpenSubtitles+Tatoeba
юнәлт	1	6	1	OpenSubtitles+Tatoeba	clean:CC-BY-2.0-FR	0.00	no	two-corpora	OpenSubtitles+Tatoeba
ясама	1	6	2	OpenSubtitles+Tatoeba	clean:CC-BY-2.0-FR	0.00	no	two-corpora	OpenSubtitles+Tatoeba
ясасам	1	6	1	OpenSubtitles+Tatoeba	clean:CC-BY-2.0-FR	0.00	no	two-corpora	OpenSubtitles+Tatoeba
җидене	1	6	2	OpenSubtitles+Tatoeba	clean:CC-BY-2.0-FR	0.00	no	two-corpora	OpenSubtitles+Tatoeba
авыртты	1	5	1	OpenSubtitles+Tatoeba	clean:CC-BY-2.0-FR	0.00	no	two-corpora	OpenSubtitles+Tatoeba
акылыңны	1	5	2	OpenSubtitles+Tatoeba	clean:CC-BY-2.0-FR	0.00	no	two-corpora	OpenSubtitles+Tatoeba
алдасаң	1	5	3	OpenSubtitles+Tatoeba	clean:CC-BY-2.0-FR	0.00	no	two-corpora	OpenSubtitles+Tatoeba
алыштырдым	1	5	2	OpenSubtitles+Tatoeba	clean:CC-BY-2.0-FR	0.00	no	two-corpora	OpenSubtitles+Tatoeba
атыйсыңмы	1	5	2	OpenSubtitles+Tatoeba	clean:CC-BY-2.0-FR	0.00	no	two-corpora	OpenSubtitles+Tatoeba
ахмакның	1	5	4	OpenSubtitles+Tatoeba	clean:CC-BY-2.0-FR	0.00	no	two-corpora	OpenSubtitles+Tatoeba
ашыксаң	1	5	1	OpenSubtitles+Tatoeba	clean:CC-BY-2.0-FR	0.00	no	two-corpora	OpenSubtitles+Tatoeba
белгәнеңне	1	5	2	OpenSubtitles+Tatoeba	clean:CC-BY-2.0-FR	0.00	no	two-corpora	OpenSubtitles+Tatoeba
биреләм	1	5	2	OpenSubtitles+Tatoeba	clean:CC-BY-2.0-FR	0.00	no	two-corpora	OpenSubtitles+Tatoeba
дошманың	1	5	3	OpenSubtitles+Tatoeba	clean:CC-BY-2.0-FR	0.00	no	two-corpora	OpenSubtitles+Tatoeba
ишет	1	5	2	OpenSubtitles+Tatoeba	clean:CC-BY-2.0-FR	0.00	no	two-corpora	OpenSubtitles+Tatoeba
кайтуың	1	5	1	OpenSubtitles+Tatoeba	clean:CC-BY-2.0-FR	0.00	no	two-corpora	OpenSubtitles+Tatoeba
кайтуыңны	1	5	2	OpenSubtitles+Tatoeba	clean:CC-BY-2.0-FR	0.00	no	two-corpora	OpenSubtitles+Tatoeba
капла	1	5	1	OpenSubtitles+Tatoeba	clean:CC-BY-2.0-FR	0.00	no	two-corpora	OpenSubtitles+Tatoeba
каплармын	1	5	1	OpenSubtitles+Tatoeba	clean:CC-BY-2.0-FR	0.00	no	two-corpora	OpenSubtitles+Tatoeba
киемнәреңне	1	5	2	OpenSubtitles+Tatoeba	clean:CC-BY-2.0-FR	0.00	no	two-corpora	OpenSubtitles+Tatoeba
куркасызмы	1	5	3	OpenSubtitles+Tatoeba	clean:CC-BY-2.0-FR	0.00	no	two-corpora	OpenSubtitles+Tatoeba
курыкмадым	1	5	4	OpenSubtitles+Tatoeba	clean:CC-BY-2.0-FR	0.00	no	two-corpora	OpenSubtitles+Tatoeba
кыяфәтең	1	5	3	OpenSubtitles+Tatoeba	clean:CC-BY-2.0-FR	0.00	no	two-corpora	OpenSubtitles+Tatoeba
көнме	1	5	1	OpenSubtitles+Tatoeba	clean:CC-BY-2.0-FR	0.00	no	two-corpora	OpenSubtitles+Tatoeba
ләззәтлән	1	5	1	OpenSubtitles+Tatoeba	clean:CC-BY-2.0-FR	0.00	no	two-corpora	OpenSubtitles+Tatoeba
мылтыгыңны	1	5	1	OpenSubtitles+Tatoeba	clean:CC-BY-2.0-FR	0.00	no	two-corpora	OpenSubtitles+Tatoeba
номерыңны	1	5	1	OpenSubtitles+Tatoeba	clean:CC-BY-2.0-FR	0.00	no	two-corpora	OpenSubtitles+Tatoeba
оялма	1	5	3	OpenSubtitles+Tatoeba	clean:CC-BY-2.0-FR	0.00	no	two-corpora	OpenSubtitles+Tatoeba
панда	1	5	2	OpenSubtitles+Tatoeba	clean:CC-BY-2.0-FR	0.00	no	two-corpora	OpenSubtitles+Tatoeba
паранойя	1	5	2	OpenSubtitles+Tatoeba	clean:CC-BY-2.0-FR	0.00	no	two-corpora	OpenSubtitles+Tatoeba
саттыңмы	1	5	2	OpenSubtitles+Tatoeba	clean:CC-BY-2.0-FR	0.00	no	two-corpora	OpenSubtitles+Tatoeba
саубуллаш	1	5	3	OpenSubtitles+Tatoeba	clean:CC-BY-2.0-FR	0.00	no	two-corpora	OpenSubtitles+Tatoeba
селкенсәң	1	5	1	OpenSubtitles+Tatoeba	clean:CC-BY-2.0-FR	0.00	no	two-corpora	OpenSubtitles+Tatoeba
сөйләгәнемне	1	5	3	OpenSubtitles+Tatoeba	clean:CC-BY-2.0-FR	0.00	no	two-corpora	OpenSubtitles+Tatoeba
ташламыйм	1	5	1	OpenSubtitles+Tatoeba	clean:CC-BY-2.0-FR	0.00	no	two-corpora	OpenSubtitles+Tatoeba
телефоның	1	5	3	OpenSubtitles+Tatoeba	clean:CC-BY-2.0-FR	0.00	no	two-corpora	OpenSubtitles+Tatoeba
тешләремне	1	5	4	OpenSubtitles+Tatoeba	clean:CC-BY-2.0-FR	0.00	no	two-corpora	OpenSubtitles+Tatoeba
тикшерермен	1	5	4	OpenSubtitles+Tatoeba	clean:CC-BY-2.0-FR	0.00	no	two-corpora	OpenSubtitles+Tatoeba
торасыңмы	1	5	3	OpenSubtitles+Tatoeba	clean:CC-BY-2.0-FR	0.00	no	two-corpora	OpenSubtitles+Tatoeba
тоттыгыз	1	5	2	OpenSubtitles+Tatoeba	clean:CC-BY-2.0-FR	0.00	no	two-corpora	OpenSubtitles+Tatoeba
тыңламадың	1	5	2	OpenSubtitles+Tatoeba	clean:CC-BY-2.0-FR	0.00	no	two-corpora	OpenSubtitles+Tatoeba
тәмамладыңмы	1	5	2	OpenSubtitles+Tatoeba	clean:CC-BY-2.0-FR	0.00	no	two-corpora	OpenSubtitles+Tatoeba
төзәтегез	1	5	4	OpenSubtitles+Tatoeba	clean:CC-BY-2.0-FR	0.00	no	two-corpora	OpenSubtitles+Tatoeba
төкерәм	1	5	4	OpenSubtitles+Tatoeba	clean:CC-BY-2.0-FR	0.00	no	two-corpora	OpenSubtitles+Tatoeba
төшерермен	1	5	2	OpenSubtitles+Tatoeba	clean:CC-BY-2.0-FR	0.00	no	two-corpora	OpenSubtitles+Tatoeba
уйлавың	1	5	3	OpenSubtitles+Tatoeba	clean:CC-BY-2.0-FR	0.00	no	two-corpora	OpenSubtitles+Tatoeba
уйлавыңны	1	5	3	OpenSubtitles+Tatoeba	clean:CC-BY-2.0-FR	0.00	no	two-corpora	OpenSubtitles+Tatoeba
уйлаганың	1	5	3	OpenSubtitles+Tatoeba	clean:CC-BY-2.0-FR	0.00	no	two-corpora	OpenSubtitles+Tatoeba
уйныйбызмы	1	5	1	OpenSubtitles+Tatoeba	clean:CC-BY-2.0-FR	0.00	no	two-corpora	OpenSubtitles+Tatoeba
чагыңда	1	5	1	OpenSubtitles+Tatoeba	clean:CC-BY-2.0-FR	0.00	no	two-corpora	OpenSubtitles+Tatoeba
чәчләреңне	1	5	1	OpenSubtitles+Tatoeba	clean:CC-BY-2.0-FR	0.00	no	two-corpora	OpenSubtitles+Tatoeba
шалтыраттың	1	5	2	OpenSubtitles+Tatoeba	clean:CC-BY-2.0-FR	0.00	no	two-corpora	OpenSubtitles+Tatoeba
шатмы	1	5	1	OpenSubtitles+Tatoeba	clean:CC-BY-2.0-FR	0.00	no	two-corpora	OpenSubtitles+Tatoeba
ышанмадың	1	5	2	OpenSubtitles+Tatoeba	clean:CC-BY-2.0-FR	0.00	no	two-corpora	OpenSubtitles+Tatoeba
эзләдегезме	1	5	1	OpenSubtitles+Tatoeba	clean:CC-BY-2.0-FR	0.00	no	two-corpora	OpenSubtitles+Tatoeba
эчәсем	1	5	3	OpenSubtitles+Tatoeba	clean:CC-BY-2.0-FR	0.00	no	two-corpora	OpenSubtitles+Tatoeba
эшләгәннәрең	1	5	4	OpenSubtitles+Tatoeba	clean:CC-BY-2.0-FR	0.00	no	two-corpora	OpenSubtitles+Tatoeba
ялгышканмындыр	1	5	2	OpenSubtitles+Tatoeba	clean:CC-BY-2.0-FR	0.00	no	two-corpora	OpenSubtitles+Tatoeba
яратканыңны	1	5	3	OpenSubtitles+Tatoeba	clean:CC-BY-2.0-FR	0.00	no	two-corpora	OpenSubtitles+Tatoeba
ясаячакмын	1	5	2	OpenSubtitles+Tatoeba	clean:CC-BY-2.0-FR	0.00	no	two-corpora	OpenSubtitles+Tatoeba
җибәрерсең	1	5	2	OpenSubtitles+Tatoeba	clean:CC-BY-2.0-FR	0.00	no	two-corpora	OpenSubtitles+Tatoeba
җирләдем	1	5	1	OpenSubtitles+Tatoeba	clean:CC-BY-2.0-FR	0.00	no	two-corpora	OpenSubtitles+Tatoeba
җиңәсең	1	5	1	OpenSubtitles+Tatoeba	clean:CC-BY-2.0-FR	0.00	no	two-corpora	OpenSubtitles+Tatoeba
җыерды	1	5	4	OpenSubtitles+Tatoeba	clean:CC-BY-2.0-FR	0.00	no	two-corpora	OpenSubtitles+Tatoeba
җырлагыз	1	5	3	OpenSubtitles+Tatoeba	clean:CC-BY-2.0-FR	0.00	no	two-corpora	OpenSubtitles+Tatoeba
җырларсың	1	5	4	OpenSubtitles+Tatoeba	clean:CC-BY-2.0-FR	0.00	no	two-corpora	OpenSubtitles+Tatoeba
үлмәдең	1	5	2	OpenSubtitles+Tatoeba	clean:CC-BY-2.0-FR	0.00	no	two-corpora	OpenSubtitles+Tatoeba
үтерерләр	1	5	1	OpenSubtitles+Tatoeba	clean:CC-BY-2.0-FR	0.00	no	two-corpora	OpenSubtitles+Tatoeba
үтермәгән	1	5	1	OpenSubtitles+Tatoeba	clean:CC-BY-2.0-FR	0.00	no	two-corpora	OpenSubtitles+Tatoeba
әйберләрем	1	5	2	OpenSubtitles+Tatoeba	clean:CC-BY-2.0-FR	0.00	no	two-corpora	OpenSubtitles+Tatoeba
әйтмәдеңме	1	5	3	OpenSubtitles+Tatoeba	clean:CC-BY-2.0-FR	0.00	no	two-corpora	OpenSubtitles+Tatoeba
әйтәме	1	5	3	OpenSubtitles+Tatoeba	clean:CC-BY-2.0-FR	0.00	no	two-corpora	OpenSubtitles+Tatoeba
авыртулы	1	4	1	OpenSubtitles+Tatoeba	clean:CC-BY-2.0-FR	0.00	no	two-corpora	OpenSubtitles+Tatoeba
акылсызлыкка	1	4	1	OpenSubtitles+Tatoeba	clean:CC-BY-2.0-FR	0.00	no	two-corpora	OpenSubtitles+Tatoeba
аргансың	1	4	1	OpenSubtitles+Tatoeba	clean:CC-BY-2.0-FR	0.00	no	two-corpora	OpenSubtitles+Tatoeba
арттырдым	1	4	1	OpenSubtitles+Tatoeba	clean:CC-BY-2.0-FR	0.00	no	two-corpora	OpenSubtitles+Tatoeba
ахмактан	1	4	1	OpenSubtitles+Tatoeba	clean:CC-BY-2.0-FR	0.00	no	two-corpora	OpenSubtitles+Tatoeba
ачуланам	1	4	2	OpenSubtitles+Tatoeba	clean:CC-BY-2.0-FR	0.00	no	two-corpora	OpenSubtitles+Tatoeba
ачыкларбыз	1	4	1	OpenSubtitles+Tatoeba	clean:CC-BY-2.0-FR	0.00	no	two-corpora	OpenSubtitles+Tatoeba
ашыксак	1	4	2	OpenSubtitles+Tatoeba	clean:CC-BY-2.0-FR	0.00	no	two-corpora	OpenSubtitles+Tatoeba
аңламыйсызмы	1	4	2	OpenSubtitles+Tatoeba	clean:CC-BY-2.0-FR	0.00	no	two-corpora	OpenSubtitles+Tatoeba
бардыңмы	1	4	3	OpenSubtitles+Tatoeba	clean:CC-BY-2.0-FR	0.00	no	two-corpora	OpenSubtitles+Tatoeba
бармакларым	1	4	3	OpenSubtitles+Tatoeba	clean:CC-BY-2.0-FR	0.00	no	two-corpora	OpenSubtitles+Tatoeba
бармыйсыңмы	1	4	2	OpenSubtitles+Tatoeba	clean:CC-BY-2.0-FR	0.00	no	two-corpora	OpenSubtitles+Tatoeba
богауларда	1	4	2	OpenSubtitles+Tatoeba	clean:CC-BY-2.0-FR	0.00	no	two-corpora	OpenSubtitles+Tatoeba
болытсыз	1	4	3	OpenSubtitles+Tatoeba	clean:CC-BY-2.0-FR	0.00	no	two-corpora	OpenSubtitles+Tatoeba
букчасында	1	4	1	OpenSubtitles+Tatoeba	clean:CC-BY-2.0-FR	0.00	no	two-corpora	OpenSubtitles+Tatoeba
джунглидагы	1	4	1	OpenSubtitles+Tatoeba	clean:CC-BY-2.0-FR	0.00	no	two-corpora	OpenSubtitles+Tatoeba
дидемме	1	4	1	OpenSubtitles+Tatoeba	clean:CC-BY-2.0-FR	0.00	no	two-corpora	OpenSubtitles+Tatoeba
егылсаң	1	4	3	OpenSubtitles+Tatoeba	clean:CC-BY-2.0-FR	0.00	no	two-corpora	OpenSubtitles+Tatoeba
иллюзияләр	1	4	1	OpenSubtitles+Tatoeba	clean:CC-BY-2.0-FR	0.00	no	two-corpora	OpenSubtitles+Tatoeba
исертә	1	4	1	OpenSubtitles+Tatoeba	clean:CC-BY-2.0-FR	0.00	no	two-corpora	OpenSubtitles+Tatoeba
итүең	1	4	1	OpenSubtitles+Tatoeba	clean:CC-BY-2.0-FR	0.00	no	two-corpora	OpenSubtitles+Tatoeba
йоклыйсыңмы	1	4	2	OpenSubtitles+Tatoeba	clean:CC-BY-2.0-FR	0.00	no	two-corpora	OpenSubtitles+Tatoeba
кайгыртырбыз	1	4	1	OpenSubtitles+Tatoeba	clean:CC-BY-2.0-FR	0.00	no	two-corpora	OpenSubtitles+Tatoeba
кайтамы	1	4	3	OpenSubtitles+Tatoeba	clean:CC-BY-2.0-FR	0.00	no	two-corpora	OpenSubtitles+Tatoeba
качмас	1	4	2	OpenSubtitles+Tatoeba	clean:CC-BY-2.0-FR	0.00	no	two-corpora	OpenSubtitles+Tatoeba
киенде	1	4	3	OpenSubtitles+Tatoeba	clean:CC-BY-2.0-FR	0.00	no	two-corpora	OpenSubtitles+Tatoeba
килешмәдек	1	4	1	OpenSubtitles+Tatoeba	clean:CC-BY-2.0-FR	0.00	no	two-corpora	OpenSubtitles+Tatoeba
киметегез	1	4	1	OpenSubtitles+Tatoeba	clean:CC-BY-2.0-FR	0.00	no	two-corpora	OpenSubtitles+Tatoeba
кимсетте	1	4	1	OpenSubtitles+Tatoeba	clean:CC-BY-2.0-FR	0.00	no	two-corpora	OpenSubtitles+Tatoeba
китмәячәкбез	1	4	3	OpenSubtitles+Tatoeba	clean:CC-BY-2.0-FR	0.00	no	two-corpora	OpenSubtitles+Tatoeba
киттекме	1	4	1	OpenSubtitles+Tatoeba	clean:CC-BY-2.0-FR	0.00	no	two-corpora	OpenSubtitles+Tatoeba
комачауламагыз	1	4	3	OpenSubtitles+Tatoeba	clean:CC-BY-2.0-FR	0.00	no	two-corpora	OpenSubtitles+Tatoeba
коткарырмын	1	4	3	OpenSubtitles+Tatoeba	clean:CC-BY-2.0-FR	0.00	no	two-corpora	OpenSubtitles+Tatoeba
котыртырга	1	4	1	OpenSubtitles+Tatoeba	clean:CC-BY-2.0-FR	0.00	no	two-corpora	OpenSubtitles+Tatoeba
кулланасыңмы	1	4	2	OpenSubtitles+Tatoeba	clean:CC-BY-2.0-FR	0.00	no	two-corpora	OpenSubtitles+Tatoeba
кызымы	1	4	1	OpenSubtitles+Tatoeba	clean:CC-BY-2.0-FR	0.00	no	two-corpora	OpenSubtitles+Tatoeba
кыландым	1	4	2	OpenSubtitles+Tatoeba	clean:CC-BY-2.0-FR	0.00	no	two-corpora	OpenSubtitles+Tatoeba
күзәтәчәкмен	1	4	1	OpenSubtitles+Tatoeba	clean:CC-BY-2.0-FR	0.00	no	two-corpora	OpenSubtitles+Tatoeba
күкәйләрне	1	4	2	OpenSubtitles+Tatoeba	clean:CC-BY-2.0-FR	0.00	no	two-corpora	OpenSubtitles+Tatoeba
күлмәгең	1	4	3	OpenSubtitles+Tatoeba	clean:CC-BY-2.0-FR	0.00	no	two-corpora	OpenSubtitles+Tatoeba
күренәмме	1	4	1	OpenSubtitles+Tatoeba	clean:CC-BY-2.0-FR	0.00	no	two-corpora	OpenSubtitles+Tatoeba
күрешкәнче	1	4	1	OpenSubtitles+Tatoeba	clean:CC-BY-2.0-FR	0.00	no	two-corpora	OpenSubtitles+Tatoeba
көнеңә	1	4	2	OpenSubtitles+Tatoeba	clean:CC-BY-2.0-FR	0.00	no	two-corpora	OpenSubtitles+Tatoeba
менегез	1	4	3	OpenSubtitles+Tatoeba	clean:CC-BY-2.0-FR	0.00	no	two-corpora	OpenSubtitles+Tatoeba
намусың	1	4	1	OpenSubtitles+Tatoeba	clean:CC-BY-2.0-FR	0.00	no	two-corpora	OpenSubtitles+Tatoeba
озынборын	1	4	1	OpenSubtitles+Tatoeba	clean:CC-BY-2.0-FR	0.00	no	two-corpora	OpenSubtitles+Tatoeba
очасыңмы	1	4	1	OpenSubtitles+Tatoeba	clean:CC-BY-2.0-FR	0.00	no	two-corpora	OpenSubtitles+Tatoeba
сайлармын	1	4	3	OpenSubtitles+Tatoeba	clean:CC-BY-2.0-FR	0.00	no	two-corpora	OpenSubtitles+Tatoeba
сатма	1	4	1	OpenSubtitles+Tatoeba	clean:CC-BY-2.0-FR	0.00	no	two-corpora	OpenSubtitles+Tatoeba
сатмадым	1	4	1	OpenSubtitles+Tatoeba	clean:CC-BY-2.0-FR	0.00	no	two-corpora	OpenSubtitles+Tatoeba
сезме	1	4	1	OpenSubtitles+Tatoeba	clean:CC-BY-2.0-FR	0.00	no	two-corpora	OpenSubtitles+Tatoeba
селфи	1	4	1	OpenSubtitles+Tatoeba	clean:CC-BY-2.0-FR	0.00	no	two-corpora	OpenSubtitles+Tatoeba
стимулятор	1	4	1	OpenSubtitles+Tatoeba	clean:CC-BY-2.0-FR	0.00	no	two-corpora	OpenSubtitles+Tatoeba
сугыгыз	1	4	3	OpenSubtitles+Tatoeba	clean:CC-BY-2.0-FR	0.00	no	two-corpora	OpenSubtitles+Tatoeba
сындырдың	1	4	2	OpenSubtitles+Tatoeba	clean:CC-BY-2.0-FR	0.00	no	two-corpora	OpenSubtitles+Tatoeba
сәгатең	1	4	1	OpenSubtitles+Tatoeba	clean:CC-BY-2.0-FR	0.00	no	two-corpora	OpenSubtitles+Tatoeba
сөйләгәнче	1	4	2	OpenSubtitles+Tatoeba	clean:CC-BY-2.0-FR	0.00	no	two-corpora	OpenSubtitles+Tatoeba
сөйләштегезме	1	4	3	OpenSubtitles+Tatoeba	clean:CC-BY-2.0-FR	0.00	no	two-corpora	OpenSubtitles+Tatoeba
сөйләштеме	1	4	2	OpenSubtitles+Tatoeba	clean:CC-BY-2.0-FR	0.00	no	two-corpora	OpenSubtitles+Tatoeba
таныдыңмы	1	4	1	OpenSubtitles+Tatoeba	clean:CC-BY-2.0-FR	0.00	no	two-corpora	OpenSubtitles+Tatoeba
телимме	1	4	1	OpenSubtitles+Tatoeba	clean:CC-BY-2.0-FR	0.00	no	two-corpora	OpenSubtitles+Tatoeba
тешләрегезне	1	4	3	OpenSubtitles+Tatoeba	clean:CC-BY-2.0-FR	0.00	no	two-corpora	OpenSubtitles+Tatoeba
туемда	1	4	1	OpenSubtitles+Tatoeba	clean:CC-BY-2.0-FR	0.00	no	two-corpora	OpenSubtitles+Tatoeba
тутырыгыз	1	4	1	OpenSubtitles+Tatoeba	clean:CC-BY-2.0-FR	0.00	no	two-corpora	OpenSubtitles+Tatoeba
утырырсың	1	4	1	OpenSubtitles+Tatoeba	clean:CC-BY-2.0-FR	0.00	no	two-corpora	OpenSubtitles+Tatoeba
чакырдыңмы	1	4	2	OpenSubtitles+Tatoeba	clean:CC-BY-2.0-FR	0.00	no	two-corpora	OpenSubtitles+Tatoeba
чистартыгыз	1	4	2	OpenSubtitles+Tatoeba	clean:CC-BY-2.0-FR	0.00	no	two-corpora	OpenSubtitles+Tatoeba
чыгачаксың	1	4	1	OpenSubtitles+Tatoeba	clean:CC-BY-2.0-FR	0.00	no	two-corpora	OpenSubtitles+Tatoeba
шалтыратмадың	1	4	2	OpenSubtitles+Tatoeba	clean:CC-BY-2.0-FR	0.00	no	two-corpora	OpenSubtitles+Tatoeba
шалтыраттыңмы	1	4	3	OpenSubtitles+Tatoeba	clean:CC-BY-2.0-FR	0.00	no	two-corpora	OpenSubtitles+Tatoeba
шикләнмәдем	1	4	2	OpenSubtitles+Tatoeba	clean:CC-BY-2.0-FR	0.00	no	two-corpora	OpenSubtitles+Tatoeba
этегез	1	4	3	OpenSubtitles+Tatoeba	clean:CC-BY-2.0-FR	0.00	no	two-corpora	OpenSubtitles+Tatoeba
эчмәде	1	4	2	OpenSubtitles+Tatoeba	clean:CC-BY-2.0-FR	0.00	no	two-corpora	OpenSubtitles+Tatoeba
эчмәдем	1	4	2	OpenSubtitles+Tatoeba	clean:CC-BY-2.0-FR	0.00	no	two-corpora	OpenSubtitles+Tatoeba
эшләпәне	1	4	1	OpenSubtitles+Tatoeba	clean:CC-BY-2.0-FR	0.25	no	two-corpora	OpenSubtitles+Tatoeba
эшләячәксез	1	4	2	OpenSubtitles+Tatoeba	clean:CC-BY-2.0-FR	0.00	no	two-corpora	OpenSubtitles+Tatoeba
яттың	1	4	3	OpenSubtitles+Tatoeba	clean:CC-BY-2.0-FR	0.00	no	two-corpora	OpenSubtitles+Tatoeba
яшисеңме	1	4	2	OpenSubtitles+Tatoeba	clean:CC-BY-2.0-FR	0.00	no	two-corpora	OpenSubtitles+Tatoeba
җылымы	1	4	3	OpenSubtitles+Tatoeba	clean:CC-BY-2.0-FR	0.00	no	two-corpora	OpenSubtitles+Tatoeba
җылыткычны	1	4	3	OpenSubtitles+Tatoeba	clean:CC-BY-2.0-FR	0.00	no	two-corpora	OpenSubtitles+Tatoeba
үтердеме	1	4	1	OpenSubtitles+Tatoeba	clean:CC-BY-2.0-FR	0.00	no	two-corpora	OpenSubtitles+Tatoeba
үтерермен	1	4	1	OpenSubtitles+Tatoeba	clean:CC-BY-2.0-FR	0.00	no	two-corpora	OpenSubtitles+Tatoeba
әчелек	1	4	1	OpenSubtitles+Tatoeba	clean:CC-BY-2.0-FR	0.00	no	two-corpora	OpenSubtitles+Tatoeba
әшнә	1	4	3	OpenSubtitles+Tatoeba	clean:CC-BY-2.0-FR	0.00	no	two-corpora	OpenSubtitles+Tatoeba
өметең	1	4	1	OpenSubtitles+Tatoeba	clean:CC-BY-2.0-FR	0.00	no	two-corpora	OpenSubtitles+Tatoeba
өметләнәсең	1	4	1	OpenSubtitles+Tatoeba	clean:CC-BY-2.0-FR	0.00	no	two-corpora	OpenSubtitles+Tatoeba
алдадыгыз	1	3	2	OpenSubtitles+Tatoeba	clean:CC-BY-2.0-FR	0.00	no	two-corpora	OpenSubtitles+Tatoeba
алуыңа	1	3	1	OpenSubtitles+Tatoeba	clean:CC-BY-2.0-FR	0.00	no	two-corpora	OpenSubtitles+Tatoeba
аучыны	1	3	1	OpenSubtitles+Tatoeba	clean:CC-BY-2.0-FR	0.00	no	two-corpora	OpenSubtitles+Tatoeba
ашат	1	3	1	OpenSubtitles+Tatoeba	clean:CC-BY-2.0-FR	0.00	no	two-corpora	OpenSubtitles+Tatoeba
ашыйсызмы	1	3	1	OpenSubtitles+Tatoeba	clean:CC-BY-2.0-FR	0.00	no	two-corpora	OpenSubtitles+Tatoeba
аякларыңны	1	3	1	OpenSubtitles+Tatoeba	clean:CC-BY-2.0-FR	0.00	no	two-corpora	OpenSubtitles+Tatoeba
аңлатырсың	1	3	1	OpenSubtitles+Tatoeba	clean:CC-BY-2.0-FR	0.00	no	two-corpora	OpenSubtitles+Tatoeba
батырдан	1	3	1	OpenSubtitles+Tatoeba	clean:CC-BY-2.0-FR	0.00	no	two-corpora	OpenSubtitles+Tatoeba
башкардың	1	3	2	OpenSubtitles+Tatoeba	clean:CC-BY-2.0-FR	0.00	no	two-corpora	OpenSubtitles+Tatoeba
берүзегез	1	3	2	OpenSubtitles+Tatoeba	clean:CC-BY-2.0-FR	0.00	no	two-corpora	OpenSubtitles+Tatoeba
биисең	1	3	1	OpenSubtitles+Tatoeba	clean:CC-BY-2.0-FR	0.00	no	two-corpora	OpenSubtitles+Tatoeba
бордым	1	3	1	OpenSubtitles+Tatoeba	clean:CC-BY-2.0-FR	0.00	no	two-corpora	OpenSubtitles+Tatoeba
бушатыгыз	1	3	2	OpenSubtitles+Tatoeba	clean:CC-BY-2.0-FR	0.00	no	two-corpora	OpenSubtitles+Tatoeba
бүлдермәгез	1	3	2	OpenSubtitles+Tatoeba	clean:CC-BY-2.0-FR	0.00	no	two-corpora	OpenSubtitles+Tatoeba
бәхәсләштегез	1	3	1	OpenSubtitles+Tatoeba	clean:CC-BY-2.0-FR	0.00	no	two-corpora	OpenSubtitles+Tatoeba
егылам	1	3	1	OpenSubtitles+Tatoeba	clean:CC-BY-2.0-FR	0.00	no	two-corpora	OpenSubtitles+Tatoeba
елыйсыңмы	1	3	1	OpenSubtitles+Tatoeba	clean:CC-BY-2.0-FR	0.00	no	two-corpora	OpenSubtitles+Tatoeba
кабатлыйсың	1	3	1	OpenSubtitles+Tatoeba	clean:CC-BY-2.0-FR	0.00	no	two-corpora	OpenSubtitles+Tatoeba
кайттыңмы	1	3	1	OpenSubtitles+Tatoeba	clean:CC-BY-2.0-FR	0.00	no	two-corpora	OpenSubtitles+Tatoeba
кремы	1	3	1	OpenSubtitles+Tatoeba	clean:CC-BY-2.0-FR	0.00	no	two-corpora	OpenSubtitles+Tatoeba
куймам	1	3	2	OpenSubtitles+Tatoeba	clean:CC-BY-2.0-FR	0.00	no	two-corpora	OpenSubtitles+Tatoeba
куркытма	1	3	2	OpenSubtitles+Tatoeba	clean:CC-BY-2.0-FR	0.00	no	two-corpora	OpenSubtitles+Tatoeba
кызыкмы	1	3	1	OpenSubtitles+Tatoeba	clean:CC-BY-2.0-FR	0.00	no	two-corpora	OpenSubtitles+Tatoeba
кыланмагыз	1	3	1	OpenSubtitles+Tatoeba	clean:CC-BY-2.0-FR	0.00	no	two-corpora	OpenSubtitles+Tatoeba
кысыгыз	1	3	1	OpenSubtitles+Tatoeba	clean:CC-BY-2.0-FR	0.00	no	two-corpora	OpenSubtitles+Tatoeba
күбрәкме	1	3	1	OpenSubtitles+Tatoeba	clean:CC-BY-2.0-FR	0.00	no	two-corpora	OpenSubtitles+Tatoeba
күрен	1	3	1	OpenSubtitles+Tatoeba	clean:CC-BY-2.0-FR	0.00	no	two-corpora	OpenSubtitles+Tatoeba
көткәнеңне	1	3	2	OpenSubtitles+Tatoeba	clean:CC-BY-2.0-FR	0.00	no	two-corpora	OpenSubtitles+Tatoeba
нишләттең	1	3	2	OpenSubtitles+Tatoeba	clean:CC-BY-2.0-FR	0.00	no	two-corpora	OpenSubtitles+Tatoeba
озаккамы	1	3	1	OpenSubtitles+Tatoeba	clean:CC-BY-2.0-FR	0.00	no	two-corpora	OpenSubtitles+Tatoeba
сиздегезме	1	3	1	OpenSubtitles+Tatoeba	clean:CC-BY-2.0-FR	0.00	no	two-corpora	OpenSubtitles+Tatoeba
сия	1	3	2	OpenSubtitles+Tatoeba	clean:CC-BY-2.0-FR	0.00	no	two-corpora	OpenSubtitles+Tatoeba
сукырмы	1	3	2	OpenSubtitles+Tatoeba	clean:CC-BY-2.0-FR	0.00	no	two-corpora	OpenSubtitles+Tatoeba
сусадым	1	3	2	OpenSubtitles+Tatoeba	clean:CC-BY-2.0-FR	0.00	no	two-corpora	OpenSubtitles+Tatoeba
сырасы	1	3	1	OpenSubtitles+Tatoeba	clean:CC-BY-2.0-FR	0.33	no	two-corpora	OpenSubtitles+Tatoeba
ташладыгыз	1	3	2	OpenSubtitles+Tatoeba	clean:CC-BY-2.0-FR	0.00	no	two-corpora	OpenSubtitles+Tatoeba
терел	1	3	2	OpenSubtitles+Tatoeba	clean:CC-BY-2.0-FR	0.00	no	two-corpora	OpenSubtitles+Tatoeba
тешең	1	3	2	OpenSubtitles+Tatoeba	clean:CC-BY-2.0-FR	0.00	no	two-corpora	OpenSubtitles+Tatoeba
торачаксыңмы	1	3	2	OpenSubtitles+Tatoeba	clean:CC-BY-2.0-FR	0.00	no	two-corpora	OpenSubtitles+Tatoeba
уйнамадым	1	3	1	OpenSubtitles+Tatoeba	clean:CC-BY-2.0-FR	0.00	no	two-corpora	OpenSubtitles+Tatoeba
уйныйсыз	1	3	2	OpenSubtitles+Tatoeba	clean:CC-BY-2.0-FR	0.00	no	two-corpora	OpenSubtitles+Tatoeba
укыганымны	1	3	1	OpenSubtitles+Tatoeba	clean:CC-BY-2.0-FR	0.00	no	two-corpora	OpenSubtitles+Tatoeba
устрица	1	3	1	OpenSubtitles+Tatoeba	clean:CC-BY-2.0-FR	0.00	no	two-corpora	OpenSubtitles+Tatoeba
утырсагыз	1	3	1	OpenSubtitles+Tatoeba	clean:CC-BY-2.0-FR	0.00	no	two-corpora	OpenSubtitles+Tatoeba
фатирымнан	1	3	1	OpenSubtitles+Tatoeba	clean:CC-BY-2.0-FR	0.00	no	two-corpora	OpenSubtitles+Tatoeba
хатаңны	1	3	1	OpenSubtitles+Tatoeba	clean:CC-BY-2.0-FR	0.00	no	two-corpora	OpenSubtitles+Tatoeba
хушлашыр	1	3	2	OpenSubtitles+Tatoeba	clean:CC-BY-2.0-FR	0.00	no	two-corpora	OpenSubtitles+Tatoeba
чакырасыңмы	1	3	2	OpenSubtitles+Tatoeba	clean:CC-BY-2.0-FR	0.00	no	two-corpora	OpenSubtitles+Tatoeba
чакырырмын	1	3	2	OpenSubtitles+Tatoeba	clean:CC-BY-2.0-FR	0.00	no	two-corpora	OpenSubtitles+Tatoeba
читлектән	1	3	1	OpenSubtitles+Tatoeba	clean:CC-BY-2.0-FR	0.00	no	two-corpora	OpenSubtitles+Tatoeba
чиш	1	3	2	OpenSubtitles+Tatoeba	clean:CC-BY-2.0-FR	0.00	no	two-corpora	OpenSubtitles+Tatoeba
чумабыз	1	3	1	OpenSubtitles+Tatoeba	clean:CC-BY-2.0-FR	0.00	no	two-corpora	OpenSubtitles+Tatoeba
чынаякка	1	3	1	OpenSubtitles+Tatoeba	clean:CC-BY-2.0-FR	0.00	no	two-corpora	OpenSubtitles+Tatoeba
югалма	1	3	1	OpenSubtitles+Tatoeba	clean:CC-BY-2.0-FR	0.00	no	two-corpora	OpenSubtitles+Tatoeba
югалтканымны	1	3	1	OpenSubtitles+Tatoeba	clean:CC-BY-2.0-FR	0.00	no	two-corpora	OpenSubtitles+Tatoeba
язачаксың	1	3	2	OpenSubtitles+Tatoeba	clean:CC-BY-2.0-FR	0.00	no	two-corpora	OpenSubtitles+Tatoeba
ялгышкансың	1	3	2	OpenSubtitles+Tatoeba	clean:CC-BY-2.0-FR	0.00	no	two-corpora	OpenSubtitles+Tatoeba
ясадымы	1	3	1	OpenSubtitles+Tatoeba	clean:CC-BY-2.0-FR	0.00	no	two-corpora	OpenSubtitles+Tatoeba
яшергәннәрен	1	3	1	OpenSubtitles+Tatoeba	clean:CC-BY-2.0-FR	0.00	no	two-corpora	OpenSubtitles+Tatoeba
җибәрмәдем	1	3	2	OpenSubtitles+Tatoeba	clean:CC-BY-2.0-FR	0.00	no	two-corpora	OpenSubtitles+Tatoeba
әйткәннәренең	1	3	2	OpenSubtitles+Tatoeba	clean:CC-BY-2.0-FR	0.00	no	two-corpora	OpenSubtitles+Tatoeba
дәшмә	0	23	6	OpenSubtitles+Tatoeba	clean:CC-BY-2.0-FR	0.12	yes	two-corpora	OpenSubtitles+Tatoeba
күрмәдегезме	0	22	3	OpenSubtitles+Tatoeba	clean:CC-BY-2.0-FR	0.00	yes	two-corpora	OpenSubtitles+Tatoeba
бирмәдең	0	21	5	OpenSubtitles+Tatoeba	clean:CC-BY-2.0-FR	0.00	yes	two-corpora	OpenSubtitles+Tatoeba
аңлатырмын	0	20	7	OpenSubtitles+Tatoeba	clean:CC-BY-2.0-FR	0.00	yes	two-corpora	OpenSubtitles+Tatoeba
булмассың	0	20	7	OpenSubtitles+Tatoeba	clean:CC-BY-2.0-FR	0.00	yes	two-corpora	OpenSubtitles+Tatoeba
бармыйсың	0	19	4	OpenSubtitles+Tatoeba	clean:CC-BY-2.0-FR	0.00	yes	two-corpora	OpenSubtitles+Tatoeba
башыңда	0	19	5	OpenSubtitles+Tatoeba	clean:CC-BY-2.0-FR	0.00	yes	two-corpora	OpenSubtitles+Tatoeba
күрмәдең	0	17	3	OpenSubtitles+Tatoeba	clean:CC-BY-2.0-FR	0.00	yes	two-corpora	OpenSubtitles+Tatoeba
эшлисеңме	0	17	4	OpenSubtitles+Tatoeba	clean:CC-BY-2.0-FR	0.00	yes	two-corpora	OpenSubtitles+Tatoeba
җибәрдең	0	17	5	OpenSubtitles+Tatoeba	clean:CC-BY-2.0-FR	0.00	yes	two-corpora	OpenSubtitles+Tatoeba
нишләдем	0	16	2	OpenSubtitles+Tatoeba	clean:CC-BY-2.0-FR	0.00	yes	two-corpora	OpenSubtitles+Tatoeba
эчәсеңме	0	16	7	OpenSubtitles+Tatoeba	clean:CC-BY-2.0-FR	0.00	yes	two-corpora	OpenSubtitles+Tatoeba
булышасың	0	15	1	OpenSubtitles+Tatoeba	clean:CC-BY-2.0-FR	0.10	yes	two-corpora	OpenSubtitles+Tatoeba
динозавр	0	15	2	OpenSubtitles+Tatoeba	clean:CC-BY-2.0-FR	0.00	yes	two-corpora	OpenSubtitles+Tatoeba
дроннар	0	15	1	OpenSubtitles+Tatoeba	clean:CC-BY-2.0-FR	0.09	yes	two-corpora	OpenSubtitles+Tatoeba
очтым	0	15	3	OpenSubtitles+Tatoeba	clean:CC-BY-2.0-FR	0.00	yes	two-corpora	OpenSubtitles+Tatoeba
чыгардың	0	15	2	OpenSubtitles+Tatoeba	clean:CC-BY-2.0-FR	0.00	yes	two-corpora	OpenSubtitles+Tatoeba
үлдеме	0	15	3	OpenSubtitles+Tatoeba	clean:CC-BY-2.0-FR	0.00	yes	two-corpora	OpenSubtitles+Tatoeba
качыгыз	0	14	2	OpenSubtitles+Tatoeba	clean:CC-BY-2.0-FR	0.00	yes	two-corpora	OpenSubtitles+Tatoeba
сындырдым	0	14	6	OpenSubtitles+Tatoeba	clean:CC-BY-2.0-FR	0.07	yes	two-corpora	OpenSubtitles+Tatoeba
туктама	0	14	2	OpenSubtitles+Tatoeba	clean:CC-BY-2.0-FR	0.00	yes	two-corpora	OpenSubtitles+Tatoeba
ялгыштың	0	14	1	OpenSubtitles+Tatoeba	clean:CC-BY-2.0-FR	0.00	yes	two-corpora	OpenSubtitles+Tatoeba
калачакмын	0	13	3	OpenSubtitles+Tatoeba	clean:CC-BY-2.0-FR	0.00	yes	two-corpora	OpenSubtitles+Tatoeba
кычкырма	0	13	6	OpenSubtitles+Tatoeba	clean:CC-BY-2.0-FR	0.00	yes	two-corpora	OpenSubtitles+Tatoeba
күт	0	13	4	OpenSubtitles+Tatoeba	clean:CC-BY-2.0-FR	0.00	yes	two-corpora	OpenSubtitles+Tatoeba
тоелмыймы	0	13	12	OpenSubtitles+Tatoeba	clean:CC-BY-2.0-FR	0.00	yes	two-corpora	OpenSubtitles+Tatoeba
хм	0	13	1	OpenSubtitles+Tatoeba	clean:CC-BY-2.0-FR	0.00	yes	two-corpora	OpenSubtitles+Tatoeba
эзлисезме	0	13	5	OpenSubtitles+Tatoeba	clean:CC-BY-2.0-FR	0.00	yes	two-corpora	OpenSubtitles+Tatoeba
эшләгәнегезне	0	13	6	OpenSubtitles+Tatoeba	clean:CC-BY-2.0-FR	0.00	yes	two-corpora	OpenSubtitles+Tatoeba
албастыны	0	12	1	OpenSubtitles+Tatoeba	clean:CC-BY-2.0-FR	0.00	yes	two-corpora	OpenSubtitles+Tatoeba
ашамадым	0	12	8	OpenSubtitles+Tatoeba	clean:CC-BY-2.0-FR	0.00	yes	two-corpora	OpenSubtitles+Tatoeba
белүеңне	0	12	7	OpenSubtitles+Tatoeba	clean:CC-BY-2.0-FR	0.00	yes	two-corpora	OpenSubtitles+Tatoeba
икегезне	0	12	4	OpenSubtitles+Tatoeba	clean:CC-BY-2.0-FR	0.00	yes	two-corpora	OpenSubtitles+Tatoeba
калуыңны	0	12	3	OpenSubtitles+Tatoeba	clean:CC-BY-2.0-FR	0.00	yes	two-corpora	OpenSubtitles+Tatoeba
киен	0	12	6	OpenSubtitles+Tatoeba	clean:CC-BY-2.0-FR	0.00	yes	two-corpora	OpenSubtitles+Tatoeba
мактанма	0	12	11	OpenSubtitles+Tatoeba	clean:CC-BY-2.0-FR	0.00	yes	two-corpora	OpenSubtitles+Tatoeba
теләмәдең	0	12	1	OpenSubtitles+Tatoeba	clean:CC-BY-2.0-FR	0.00	yes	two-corpora	OpenSubtitles+Tatoeba
туктатма	0	12	1	OpenSubtitles+Tatoeba	clean:CC-BY-2.0-FR	0.36	yes	two-corpora	OpenSubtitles+Tatoeba
туктыйк	0	12	1	OpenSubtitles+Tatoeba	clean:CC-BY-2.0-FR	0.00	yes	two-corpora	OpenSubtitles+Tatoeba
хәтерлисең	0	12	2	OpenSubtitles+Tatoeba	clean:CC-BY-2.0-FR	0.00	yes	two-corpora	OpenSubtitles+Tatoeba
ычкын	0	12	3	OpenSubtitles+Tatoeba	clean:CC-BY-2.0-FR	0.00	yes	two-corpora	OpenSubtitles+Tatoeba
әйтмәсәң	0	12	2	OpenSubtitles+Tatoeba	clean:CC-BY-2.0-FR	0.00	yes	two-corpora	OpenSubtitles+Tatoeba
бирмәм	0	11	4	OpenSubtitles+Tatoeba	clean:CC-BY-2.0-FR	0.00	yes	two-corpora	OpenSubtitles+Tatoeba
качасың	0	11	2	OpenSubtitles+Tatoeba	clean:CC-BY-2.0-FR	0.00	yes	two-corpora	OpenSubtitles+Tatoeba
килмәдең	0	11	5	OpenSubtitles+Tatoeba	clean:CC-BY-2.0-FR	0.00	yes	two-corpora	OpenSubtitles+Tatoeba
куштымы	0	11	2	OpenSubtitles+Tatoeba	clean:CC-BY-2.0-FR	0.00	yes	two-corpora	OpenSubtitles+Tatoeba
күндердем	0	11	5	OpenSubtitles+Tatoeba	clean:CC-BY-2.0-FR	0.00	yes	two-corpora	OpenSubtitles+Tatoeba
сайладың	0	11	2	OpenSubtitles+Tatoeba	clean:CC-BY-2.0-FR	0.00	yes	two-corpora	OpenSubtitles+Tatoeba
сизәсеңме	0	11	4	OpenSubtitles+Tatoeba	clean:CC-BY-2.0-FR	0.00	yes	two-corpora	OpenSubtitles+Tatoeba
тычкак	0	11	1	OpenSubtitles+Tatoeba	clean:CC-BY-2.0-FR	0.00	yes	two-corpora	OpenSubtitles+Tatoeba
хәлләрегез	0	11	4	OpenSubtitles+Tatoeba	clean:CC-BY-2.0-FR	0.00	yes	two-corpora	OpenSubtitles+Tatoeba
шаяртасың	0	11	5	OpenSubtitles+Tatoeba	clean:CC-BY-2.0-FR	0.00	yes	two-corpora	OpenSubtitles+Tatoeba
әйтәсеңме	0	11	5	OpenSubtitles+Tatoeba	clean:CC-BY-2.0-FR	0.00	yes	two-corpora	OpenSubtitles+Tatoeba
өйрәтмә	0	11	5	OpenSubtitles+Tatoeba	clean:CC-BY-2.0-FR	0.00	yes	two-corpora	OpenSubtitles+Tatoeba
аттың	0	10	3	OpenSubtitles+Tatoeba	clean:CC-BY-2.0-FR	0.00	yes	two-corpora	OpenSubtitles+Tatoeba
ачмагыз	0	10	4	OpenSubtitles+Tatoeba	clean:CC-BY-2.0-FR	0.00	yes	two-corpora	OpenSubtitles+Tatoeba
ачуланасың	0	10	5	OpenSubtitles+Tatoeba	clean:CC-BY-2.0-FR	0.00	yes	two-corpora	OpenSubtitles+Tatoeba
ашарсың	0	10	8	OpenSubtitles+Tatoeba	clean:CC-BY-2.0-FR	0.00	yes	two-corpora	OpenSubtitles+Tatoeba
ашыкмыйм	0	10	5	OpenSubtitles+Tatoeba	clean:CC-BY-2.0-FR	0.00	yes	two-corpora	OpenSubtitles+Tatoeba
баруыңны	0	10	3	OpenSubtitles+Tatoeba	clean:CC-BY-2.0-FR	0.00	yes	two-corpora	OpenSubtitles+Tatoeba
китерәсеңме	0	10	3	OpenSubtitles+Tatoeba	clean:CC-BY-2.0-FR	0.00	no	two-corpora	OpenSubtitles+Tatoeba
кореяча	0	10	2	OpenSubtitles+Tatoeba	clean:CC-BY-2.0-FR	0.12	no	two-corpora	OpenSubtitles+Tatoeba
күрешмәдек	0	10	3	OpenSubtitles+Tatoeba	clean:CC-BY-2.0-FR	0.00	no	two-corpora	OpenSubtitles+Tatoeba
көтәрбез	0	10	1	OpenSubtitles+Tatoeba	clean:CC-BY-2.0-FR	0.00	no	two-corpora	OpenSubtitles+Tatoeba
телисеңдер	0	10	3	OpenSubtitles+Tatoeba	clean:CC-BY-2.0-FR	0.00	no	two-corpora	OpenSubtitles+Tatoeba
тешлә	0	10	2	OpenSubtitles+Tatoeba	clean:CC-BY-2.0-FR	0.00	no	two-corpora	OpenSubtitles+Tatoeba
туктаттым	0	10	4	OpenSubtitles+Tatoeba	clean:CC-BY-2.0-FR	0.00	no	two-corpora	OpenSubtitles+Tatoeba
уйлармын	0	10	4	OpenSubtitles+Tatoeba	clean:CC-BY-2.0-FR	0.00	no	two-corpora	OpenSubtitles+Tatoeba
чакыртыгыз	0	10	3	OpenSubtitles+Tatoeba	clean:CC-BY-2.0-FR	0.00	no	two-corpora	OpenSubtitles+Tatoeba
эшләмәячәкмен	0	10	7	OpenSubtitles+Tatoeba	clean:CC-BY-2.0-FR	0.00	no	two-corpora	OpenSubtitles+Tatoeba
ясадыңмы	0	10	1	OpenSubtitles+Tatoeba	clean:CC-BY-2.0-FR	0.00	no	two-corpora	OpenSubtitles+Tatoeba
җибәрәчәкмен	0	10	1	OpenSubtitles+Tatoeba	clean:CC-BY-2.0-FR	0.00	no	two-corpora	OpenSubtitles+Tatoeba
әтиеңә	0	10	5	OpenSubtitles+Tatoeba	clean:CC-BY-2.0-FR	0.00	no	two-corpora	OpenSubtitles+Tatoeba
аккургаш	0	9	8	OpenSubtitles+Tatoeba	clean:CC-BY-2.0-FR	0.00	no	two-corpora	OpenSubtitles+Tatoeba
ашыйсыңмы	0	9	3	OpenSubtitles+Tatoeba	clean:CC-BY-2.0-FR	0.00	no	two-corpora	OpenSubtitles+Tatoeba
аңлатамы	0	9	4	OpenSubtitles+Tatoeba	clean:CC-BY-2.0-FR	0.00	no	two-corpora	OpenSubtitles+Tatoeba
бардыгызмы	0	9	6	OpenSubtitles+Tatoeba	clean:CC-BY-2.0-FR	0.00	no	two-corpora	OpenSubtitles+Tatoeba
бетердеңме	0	9	6	OpenSubtitles+Tatoeba	clean:CC-BY-2.0-FR	0.00	no	two-corpora	OpenSubtitles+Tatoeba
бүлдермә	0	9	4	OpenSubtitles+Tatoeba	clean:CC-BY-2.0-FR	0.00	no	two-corpora	OpenSubtitles+Tatoeba
галәмнәрдә	0	9	1	OpenSubtitles+Tatoeba	clean:CC-BY-2.0-FR	0.00	no	two-corpora	OpenSubtitles+Tatoeba
йом	0	9	1	OpenSubtitles+Tatoeba	clean:CC-BY-2.0-FR	0.00	no	two-corpora	OpenSubtitles+Tatoeba
йөрисеңме	0	9	4	OpenSubtitles+Tatoeba	clean:CC-BY-2.0-FR	0.00	no	two-corpora	OpenSubtitles+Tatoeba
каргага	0	9	8	OpenSubtitles+Tatoeba	clean:CC-BY-2.0-FR	0.00	no	two-corpora	OpenSubtitles+Tatoeba
күлмәгеңне	0	9	1	OpenSubtitles+Tatoeba	clean:CC-BY-2.0-FR	0.00	no	two-corpora	OpenSubtitles+Tatoeba
күткә	0	9	4	OpenSubtitles+Tatoeba	clean:CC-BY-2.0-FR	0.00	no	two-corpora	OpenSubtitles+Tatoeba
миңамы	0	9	4	OpenSubtitles+Tatoeba	clean:CC-BY-2.0-FR	0.00	no	two-corpora	OpenSubtitles+Tatoeba
сөрт	0	9	4	OpenSubtitles+Tatoeba	clean:CC-BY-2.0-FR	0.00	no	two-corpora	OpenSubtitles+Tatoeba
таныйсыңмы	0	9	2	OpenSubtitles+Tatoeba	clean:CC-BY-2.0-FR	0.00	no	two-corpora	OpenSubtitles+Tatoeba
тикшерик	0	9	1	OpenSubtitles+Tatoeba	clean:CC-BY-2.0-FR	0.00	no	two-corpora	OpenSubtitles+Tatoeba
тоташтыр	0	9	1	OpenSubtitles+Tatoeba	clean:CC-BY-2.0-FR	0.00	no	two-corpora	OpenSubtitles+Tatoeba
уйларсың	0	9	1	OpenSubtitles+Tatoeba	clean:CC-BY-2.0-FR	0.00	no	two-corpora	OpenSubtitles+Tatoeba
чүкечне	0	9	1	OpenSubtitles+Tatoeba	clean:CC-BY-2.0-FR	0.00	no	two-corpora	OpenSubtitles+Tatoeba
эчтең	0	9	4	OpenSubtitles+Tatoeba	clean:CC-BY-2.0-FR	0.00	no	two-corpora	OpenSubtitles+Tatoeba
эшләгәнсең	0	9	7	OpenSubtitles+Tatoeba	clean:CC-BY-2.0-FR	0.00	no	two-corpora	OpenSubtitles+Tatoeba
эшләрсең	0	9	6	OpenSubtitles+Tatoeba	clean:CC-BY-2.0-FR	0.00	no	two-corpora	OpenSubtitles+Tatoeba
үтерәсең	0	9	1	OpenSubtitles+Tatoeba	clean:CC-BY-2.0-FR	0.00	no	two-corpora	OpenSubtitles+Tatoeba
әйттегезме	0	9	6	OpenSubtitles+Tatoeba	clean:CC-BY-2.0-FR	0.00	no	two-corpora	OpenSubtitles+Tatoeba
абыеңны	0	8	3	OpenSubtitles+Tatoeba	clean:CC-BY-2.0-FR	0.00	no	two-corpora	OpenSubtitles+Tatoeba
алганымны	0	8	1	OpenSubtitles+Tatoeba	clean:CC-BY-2.0-FR	0.00	no	two-corpora	OpenSubtitles+Tatoeba
ахмакларча	0	8	3	OpenSubtitles+Tatoeba	clean:CC-BY-2.0-FR	0.00	no	two-corpora	OpenSubtitles+Tatoeba
аякларың	0	8	2	OpenSubtitles+Tatoeba	clean:CC-BY-2.0-FR	0.00	no	two-corpora	OpenSubtitles+Tatoeba
бернәрсәдә	0	8	6	OpenSubtitles+Tatoeba	clean:CC-BY-2.0-FR	0.00	no	two-corpora	OpenSubtitles+Tatoeba
берәркем	0	8	1	OpenSubtitles+Tatoeba	clean:CC-BY-2.0-FR	0.00	no	two-corpora	OpenSubtitles+Tatoeba
борчылмас	0	8	2	OpenSubtitles+Tatoeba	clean:CC-BY-2.0-FR	0.00	no	two-corpora	OpenSubtitles+Tatoeba
борыгыз	0	8	6	OpenSubtitles+Tatoeba	clean:CC-BY-2.0-FR	0.00	no	two-corpora	OpenSubtitles+Tatoeba
борыным	0	8	6	OpenSubtitles+Tatoeba	clean:CC-BY-2.0-FR	0.00	no	two-corpora	OpenSubtitles+Tatoeba
булачагымны	0	8	2	OpenSubtitles+Tatoeba	clean:CC-BY-2.0-FR	0.00	no	two-corpora	OpenSubtitles+Tatoeba
бушмы	0	8	5	OpenSubtitles+Tatoeba	clean:CC-BY-2.0-FR	0.00	no	two-corpora	OpenSubtitles+Tatoeba
бүлмәңне	0	8	6	OpenSubtitles+Tatoeba	clean:CC-BY-2.0-FR	0.00	no	two-corpora	OpenSubtitles+Tatoeba
бәрелдем	0	8	3	OpenSubtitles+Tatoeba	clean:CC-BY-2.0-FR	0.00	no	two-corpora	OpenSubtitles+Tatoeba
итмәячәкмен	0	8	5	OpenSubtitles+Tatoeba	clean:CC-BY-2.0-FR	0.00	no	two-corpora	OpenSubtitles+Tatoeba
йокламадым	0	8	4	OpenSubtitles+Tatoeba	clean:CC-BY-2.0-FR	0.00	no	two-corpora	OpenSubtitles+Tatoeba
кабызыгыз	0	8	3	OpenSubtitles+Tatoeba	clean:CC-BY-2.0-FR	0.00	no	two-corpora	OpenSubtitles+Tatoeba
кайтабызмы	0	8	1	OpenSubtitles+Tatoeba	clean:CC-BY-2.0-FR	0.00	no	two-corpora	OpenSubtitles+Tatoeba
качам	0	8	3	OpenSubtitles+Tatoeba	clean:CC-BY-2.0-FR	0.00	no	two-corpora	OpenSubtitles+Tatoeba
көзгедә	0	8	4	OpenSubtitles+Tatoeba	clean:CC-BY-2.0-FR	0.00	no	two-corpora	OpenSubtitles+Tatoeba
көләсеңме	0	8	1	OpenSubtitles+Tatoeba	clean:CC-BY-2.0-FR	0.00	no	two-corpora	OpenSubtitles+Tatoeba
көтәчәкмен	0	8	2	OpenSubtitles+Tatoeba	clean:CC-BY-2.0-FR	0.00	no	two-corpora	OpenSubtitles+Tatoeba
малаймы	0	8	1	OpenSubtitles+Tatoeba	clean:CC-BY-2.0-FR	0.00	no	two-corpora	OpenSubtitles+Tatoeba
мием	0	8	1	OpenSubtitles+Tatoeba	clean:CC-BY-2.0-FR	0.00	no	two-corpora	OpenSubtitles+Tatoeba
нишлиләр	0	8	2	OpenSubtitles+Tatoeba	clean:CC-BY-2.0-FR	0.00	no	two-corpora	OpenSubtitles+Tatoeba
оныттыгыз	0	8	3	OpenSubtitles+Tatoeba	clean:CC-BY-2.0-FR	0.00	no	two-corpora	OpenSubtitles+Tatoeba
салдың	0	8	1	OpenSubtitles+Tatoeba	clean:CC-BY-2.0-FR	0.00	no	two-corpora	OpenSubtitles+Tatoeba
саубуллашмыйча	0	8	6	OpenSubtitles+Tatoeba	clean:CC-BY-2.0-FR	0.00	no	two-corpora	OpenSubtitles+Tatoeba
сереңне	0	8	4	OpenSubtitles+Tatoeba	clean:CC-BY-2.0-FR	0.00	no	two-corpora	OpenSubtitles+Tatoeba
сорадыгыз	0	8	1	OpenSubtitles+Tatoeba	clean:CC-BY-2.0-FR	0.00	no	two-corpora	OpenSubtitles+Tatoeba
сорыйсыңмы	0	8	2	OpenSubtitles+Tatoeba	clean:CC-BY-2.0-FR	0.00	no	two-corpora	OpenSubtitles+Tatoeba
сөйләдеңме	0	8	2	OpenSubtitles+Tatoeba	clean:CC-BY-2.0-FR	0.00	no	two-corpora	OpenSubtitles+Tatoeba
тарттың	0	8	4	OpenSubtitles+Tatoeba	clean:CC-BY-2.0-FR	0.00	no	two-corpora	OpenSubtitles+Tatoeba
тотма	0	8	5	OpenSubtitles+Tatoeba	clean:CC-BY-2.0-FR	0.00	no	two-corpora	OpenSubtitles+Tatoeba
түләрсең	0	8	4	OpenSubtitles+Tatoeba	clean:CC-BY-2.0-FR	0.00	no	two-corpora	OpenSubtitles+Tatoeba
тәмугта	0	8	1	OpenSubtitles+Tatoeba	clean:CC-BY-2.0-FR	0.00	no	two-corpora	OpenSubtitles+Tatoeba
уйлаганчы	0	8	3	OpenSubtitles+Tatoeba	clean:CC-BY-2.0-FR	0.00	no	two-corpora	OpenSubtitles+Tatoeba
уйлаганымны	0	8	4	OpenSubtitles+Tatoeba	clean:CC-BY-2.0-FR	0.00	no	two-corpora	OpenSubtitles+Tatoeba
укыдыгызмы	0	8	7	OpenSubtitles+Tatoeba	clean:CC-BY-2.0-FR	0.00	no	two-corpora	OpenSubtitles+Tatoeba
уяткыч	0	8	4	OpenSubtitles+Tatoeba	clean:CC-BY-2.0-FR	0.00	no	two-corpora	OpenSubtitles+Tatoeba
чакыртам	0	8	1	OpenSubtitles+Tatoeba	clean:CC-BY-2.0-FR	0.00	no	two-corpora	OpenSubtitles+Tatoeba
чистартам	0	8	4	OpenSubtitles+Tatoeba	clean:CC-BY-2.0-FR	0.00	no	two-corpora	OpenSubtitles+Tatoeba
ышануың	0	8	4	OpenSubtitles+Tatoeba	clean:CC-BY-2.0-FR	0.00	no	two-corpora	OpenSubtitles+Tatoeba
этең	0	8	6	OpenSubtitles+Tatoeba	clean:CC-BY-2.0-FR	0.00	no	two-corpora	OpenSubtitles+Tatoeba
эшләдегезме	0	8	6	OpenSubtitles+Tatoeba	clean:CC-BY-2.0-FR	0.00	no	two-corpora	OpenSubtitles+Tatoeba
яратканымны	0	8	4	OpenSubtitles+Tatoeba	clean:CC-BY-2.0-FR	0.00	no	two-corpora	OpenSubtitles+Tatoeba
ясамадым	0	8	2	OpenSubtitles+Tatoeba	clean:CC-BY-2.0-FR	0.00	no	two-corpora	OpenSubtitles+Tatoeba
яшәдең	0	8	1	OpenSubtitles+Tatoeba	clean:CC-BY-2.0-FR	0.00	no	two-corpora	OpenSubtitles+Tatoeba
үлмәдем	0	8	2	OpenSubtitles+Tatoeba	clean:CC-BY-2.0-FR	0.00	no	two-corpora	OpenSubtitles+Tatoeba
әйттемме	0	8	4	OpenSubtitles+Tatoeba	clean:CC-BY-2.0-FR	0.00	no	two-corpora	OpenSubtitles+Tatoeba
өйрәтермен	0	8	4	OpenSubtitles+Tatoeba	clean:CC-BY-2.0-FR	0.00	no	two-corpora	OpenSubtitles+Tatoeba
апаңа	0	7	3	OpenSubtitles+Tatoeba	clean:CC-BY-2.0-FR	0.00	no	two-corpora	OpenSubtitles+Tatoeba
атма	0	7	1	OpenSubtitles+Tatoeba	clean:CC-BY-2.0-FR	0.00	no	two-corpora	OpenSubtitles+Tatoeba
ачкычларымны	0	7	6	OpenSubtitles+Tatoeba	clean:CC-BY-2.0-FR	0.00	no	two-corpora	OpenSubtitles+Tatoeba
ачуланачак	0	7	1	OpenSubtitles+Tatoeba	clean:CC-BY-2.0-FR	0.00	no	two-corpora	OpenSubtitles+Tatoeba
аңлармын	0	7	1	OpenSubtitles+Tatoeba	clean:CC-BY-2.0-FR	0.00	no	two-corpora	OpenSubtitles+Tatoeba
аңлатыйм	0	7	1	OpenSubtitles+Tatoeba	clean:CC-BY-2.0-FR	0.00	no	two-corpora	OpenSubtitles+Tatoeba
барышны	0	7	1	OpenSubtitles+Tatoeba	clean:CC-BY-2.0-FR	0.00	no	two-corpora	OpenSubtitles+Tatoeba
борчымыймы	0	7	3	OpenSubtitles+Tatoeba	clean:CC-BY-2.0-FR	0.00	no	two-corpora	OpenSubtitles+Tatoeba
буем	0	7	3	OpenSubtitles+Tatoeba	clean:CC-BY-2.0-FR	0.00	no	two-corpora	OpenSubtitles+Tatoeba
булачагыңны	0	7	6	OpenSubtitles+Tatoeba	clean:CC-BY-2.0-FR	0.00	no	two-corpora	OpenSubtitles+Tatoeba
диваналар	0	7	1	OpenSubtitles+Tatoeba	clean:CC-BY-2.0-FR	0.00	no	two-corpora	OpenSubtitles+Tatoeba
дәме	0	7	1	OpenSubtitles+Tatoeba	clean:CC-BY-2.0-FR	0.00	no	two-corpora	OpenSubtitles+Tatoeba
иткәнемне	0	7	2	OpenSubtitles+Tatoeba	clean:CC-BY-2.0-FR	0.00	no	two-corpora	OpenSubtitles+Tatoeba
калдырдыңмы	0	7	2	OpenSubtitles+Tatoeba	clean:CC-BY-2.0-FR	0.00	no	two-corpora	OpenSubtitles+Tatoeba
калуымны	0	7	4	OpenSubtitles+Tatoeba	clean:CC-BY-2.0-FR	0.00	no	two-corpora	OpenSubtitles+Tatoeba
кидең	0	7	1	OpenSubtitles+Tatoeba	clean:CC-BY-2.0-FR	0.00	no	two-corpora	OpenSubtitles+Tatoeba
килгәнең	0	7	1	OpenSubtitles+Tatoeba	clean:CC-BY-2.0-FR	0.00	no	two-corpora	OpenSubtitles+Tatoeba
куачаклар	0	7	1	OpenSubtitles+Tatoeba	clean:CC-BY-2.0-FR	0.00	no	two-corpora	OpenSubtitles+Tatoeba
кулланасың	0	7	1	OpenSubtitles+Tatoeba	clean:CC-BY-2.0-FR	0.00	no	two-corpora	OpenSubtitles+Tatoeba
куркынычсызлыкта	0	7	6	OpenSubtitles+Tatoeba	clean:CC-BY-2.0-FR	0.00	no	two-corpora	OpenSubtitles+Tatoeba
кыланасың	0	7	3	OpenSubtitles+Tatoeba	clean:CC-BY-2.0-FR	0.00	no	two-corpora	OpenSubtitles+Tatoeba
күчендем	0	7	2	OpenSubtitles+Tatoeba	clean:CC-BY-2.0-FR	0.00	no	two-corpora	OpenSubtitles+Tatoeba
көллияттән	0	7	1	OpenSubtitles+Tatoeba	clean:CC-BY-2.0-FR	0.00	no	two-corpora	OpenSubtitles+Tatoeba
нишләгәнебезне	0	7	2	OpenSubtitles+Tatoeba	clean:CC-BY-2.0-FR	0.00	no	two-corpora	OpenSubtitles+Tatoeba
оештырдың	0	7	1	OpenSubtitles+Tatoeba	clean:CC-BY-2.0-FR	0.00	no	two-corpora	OpenSubtitles+Tatoeba
очачакбыз	0	7	3	OpenSubtitles+Tatoeba	clean:CC-BY-2.0-FR	0.00	no	two-corpora	OpenSubtitles+Tatoeba
ошыйм	0	7	2	OpenSubtitles+Tatoeba	clean:CC-BY-2.0-FR	0.00	no	two-corpora	OpenSubtitles+Tatoeba
сакалың	0	7	1	OpenSubtitles+Tatoeba	clean:CC-BY-2.0-FR	0.00	no	two-corpora	OpenSubtitles+Tatoeba
сездәме	0	7	4	OpenSubtitles+Tatoeba	clean:CC-BY-2.0-FR	0.00	no	two-corpora	OpenSubtitles+Tatoeba
сезнекеме	0	7	4	OpenSubtitles+Tatoeba	clean:CC-BY-2.0-FR	0.00	no	two-corpora	OpenSubtitles+Tatoeba
танымадым	0	7	4	OpenSubtitles+Tatoeba	clean:CC-BY-2.0-FR	0.00	no	two-corpora	OpenSubtitles+Tatoeba
таптымы	0	7	2	OpenSubtitles+Tatoeba	clean:CC-BY-2.0-FR	0.00	no	two-corpora	OpenSubtitles+Tatoeba
текила	0	7	1	OpenSubtitles+Tatoeba	clean:CC-BY-2.0-FR	0.00	no	two-corpora	OpenSubtitles+Tatoeba
телләшмә	0	7	1	OpenSubtitles+Tatoeba	clean:CC-BY-2.0-FR	0.25	no	two-corpora	OpenSubtitles+Tatoeba
теләдегез	0	7	2	OpenSubtitles+Tatoeba	clean:CC-BY-2.0-FR	0.00	no	two-corpora	OpenSubtitles+Tatoeba
теләрсез	0	7	1	OpenSubtitles+Tatoeba	clean:CC-BY-2.0-FR	0.00	no	two-corpora	OpenSubtitles+Tatoeba
тордыңмы	0	7	1	OpenSubtitles+Tatoeba	clean:CC-BY-2.0-FR	0.00	no	two-corpora	OpenSubtitles+Tatoeba
тотлыга	0	7	1	OpenSubtitles+Tatoeba	clean:CC-BY-2.0-FR	0.00	no	two-corpora	OpenSubtitles+Tatoeba
тый	0	7	6	OpenSubtitles+Tatoeba	clean:CC-BY-2.0-FR	0.00	no	two-corpora	OpenSubtitles+Tatoeba
тынычландыр	0	7	1	OpenSubtitles+Tatoeba	clean:CC-BY-2.0-FR	0.00	no	two-corpora	OpenSubtitles+Tatoeba
тырышасыңмы	0	7	2	OpenSubtitles+Tatoeba	clean:CC-BY-2.0-FR	0.00	no	two-corpora	OpenSubtitles+Tatoeba
төштең	0	7	1	OpenSubtitles+Tatoeba	clean:CC-BY-2.0-FR	0.00	no	two-corpora	OpenSubtitles+Tatoeba
файлны	0	7	5	OpenSubtitles+Tatoeba	clean:CC-BY-2.0-FR	0.00	no	two-corpora	OpenSubtitles+Tatoeba
фотографияне	0	7	6	OpenSubtitles+Tatoeba	clean:CC-BY-2.0-FR	0.00	no	two-corpora	OpenSubtitles+Tatoeba
хатыныңа	0	7	5	OpenSubtitles+Tatoeba	clean:CC-BY-2.0-FR	0.00	no	two-corpora	OpenSubtitles+Tatoeba
шалтыратыр	0	7	1	OpenSubtitles+Tatoeba	clean:CC-BY-2.0-FR	0.00	no	two-corpora	OpenSubtitles+Tatoeba
эләктерегез	0	7	1	OpenSubtitles+Tatoeba	clean:CC-BY-2.0-FR	0.00	no	two-corpora	OpenSubtitles+Tatoeba
һе	0	7	2	OpenSubtitles+Tatoeba	clean:CC-BY-2.0-FR	0.00	no	two-corpora	OpenSubtitles+Tatoeba
әзерлисез	0	7	6	OpenSubtitles+Tatoeba	clean:CC-BY-2.0-FR	0.00	no	two-corpora	OpenSubtitles+Tatoeba
әйткәнеңне	0	7	2	OpenSubtitles+Tatoeba	clean:CC-BY-2.0-FR	0.00	no	two-corpora	OpenSubtitles+Tatoeba
акыллының	0	6	5	OpenSubtitles+Tatoeba	clean:CC-BY-2.0-FR	0.00	no	two-corpora	OpenSubtitles+Tatoeba
алачыкта	0	6	2	OpenSubtitles+Tatoeba	clean:CC-BY-2.0-FR	0.00	no	two-corpora	OpenSubtitles+Tatoeba
ачтыңмы	0	6	3	OpenSubtitles+Tatoeba	clean:CC-BY-2.0-FR	0.00	no	two-corpora	OpenSubtitles+Tatoeba
ачуланасыңмы	0	6	3	OpenSubtitles+Tatoeba	clean:CC-BY-2.0-FR	0.00	no	two-corpora	OpenSubtitles+Tatoeba
ачуыңны	0	6	4	OpenSubtitles+Tatoeba	clean:CC-BY-2.0-FR	0.00	no	two-corpora	OpenSubtitles+Tatoeba
ашарсыңмы	0	6	4	OpenSubtitles+Tatoeba	clean:CC-BY-2.0-FR	0.00	no	two-corpora	OpenSubtitles+Tatoeba
ашасам	0	6	2	OpenSubtitles+Tatoeba	clean:CC-BY-2.0-FR	0.00	no	two-corpora	OpenSubtitles+Tatoeba
барачаксыз	0	6	1	OpenSubtitles+Tatoeba	clean:CC-BY-2.0-FR	0.00	no	two-corpora	OpenSubtitles+Tatoeba
барганыгызны	0	6	5	OpenSubtitles+Tatoeba	clean:CC-BY-2.0-FR	0.00	no	two-corpora	OpenSubtitles+Tatoeba
белмәячәкбез	0	6	3	OpenSubtitles+Tatoeba	clean:CC-BY-2.0-FR	0.00	no	two-corpora	OpenSubtitles+Tatoeba
белүең	0	6	3	OpenSubtitles+Tatoeba	clean:CC-BY-2.0-FR	0.00	no	two-corpora	OpenSubtitles+Tatoeba
берсеме	0	6	3	OpenSubtitles+Tatoeba	clean:CC-BY-2.0-FR	0.00	no	two-corpora	OpenSubtitles+Tatoeba
бикләдем	0	6	1	OpenSubtitles+Tatoeba	clean:CC-BY-2.0-FR	0.00	no	two-corpora	OpenSubtitles+Tatoeba
бирдегезме	0	6	5	OpenSubtitles+Tatoeba	clean:CC-BY-2.0-FR	0.00	no	two-corpora	OpenSubtitles+Tatoeba
букчамны	0	6	1	OpenSubtitles+Tatoeba	clean:CC-BY-2.0-FR	0.00	no	two-corpora	OpenSubtitles+Tatoeba
букчаны	0	6	2	OpenSubtitles+Tatoeba	clean:CC-BY-2.0-FR	0.00	no	two-corpora	OpenSubtitles+Tatoeba
бушат	0	6	1	OpenSubtitles+Tatoeba	clean:CC-BY-2.0-FR	0.00	no	two-corpora	OpenSubtitles+Tatoeba
бүлдерәм	0	6	1	OpenSubtitles+Tatoeba	clean:CC-BY-2.0-FR	0.00	no	two-corpora	OpenSubtitles+Tatoeba
бүлмәм	0	6	5	OpenSubtitles+Tatoeba	clean:CC-BY-2.0-FR	0.00	no	two-corpora	OpenSubtitles+Tatoeba
бүлмәмне	0	6	5	OpenSubtitles+Tatoeba	clean:CC-BY-2.0-FR	0.00	no	two-corpora	OpenSubtitles+Tatoeba
бәрдем	0	6	1	OpenSubtitles+Tatoeba	clean:CC-BY-2.0-FR	0.00	no	two-corpora	OpenSubtitles+Tatoeba
ваттым	0	6	4	OpenSubtitles+Tatoeba	clean:CC-BY-2.0-FR	0.00	no	two-corpora	OpenSubtitles+Tatoeba
десертка	0	6	4	OpenSubtitles+Tatoeba	clean:CC-BY-2.0-FR	0.00	no	two-corpora	OpenSubtitles+Tatoeba
идарәсез	0	6	1	OpenSubtitles+Tatoeba	clean:CC-BY-2.0-FR	0.00	no	two-corpora	OpenSubtitles+Tatoeba
итмик	0	6	4	OpenSubtitles+Tatoeba	clean:CC-BY-2.0-FR	0.00	no	two-corpora	OpenSubtitles+Tatoeba
итмәдең	0	6	1	OpenSubtitles+Tatoeba	clean:CC-BY-2.0-FR	0.00	no	two-corpora	OpenSubtitles+Tatoeba
ишегез	0	6	1	OpenSubtitles+Tatoeba	clean:CC-BY-2.0-FR	0.00	no	two-corpora	OpenSubtitles+Tatoeba
йөзеңдә	0	6	3	OpenSubtitles+Tatoeba	clean:CC-BY-2.0-FR	0.00	no	two-corpora	OpenSubtitles+Tatoeba
кайтмыйбыз	0	6	1	OpenSubtitles+Tatoeba	clean:CC-BY-2.0-FR	0.00	no	two-corpora	OpenSubtitles+Tatoeba
кайтуыңа	0	6	1	OpenSubtitles+Tatoeba	clean:CC-BY-2.0-FR	0.00	no	two-corpora	OpenSubtitles+Tatoeba
карамадыгыз	0	6	5	OpenSubtitles+Tatoeba	clean:CC-BY-2.0-FR	0.00	no	two-corpora	OpenSubtitles+Tatoeba
караҗимеш	0	6	5	OpenSubtitles+Tatoeba	clean:CC-BY-2.0-FR	0.00	no	two-corpora	OpenSubtitles+Tatoeba
керәсеңме	0	6	3	OpenSubtitles+Tatoeba	clean:CC-BY-2.0-FR	0.00	no	two-corpora	OpenSubtitles+Tatoeba
кешеләрме	0	6	1	OpenSubtitles+Tatoeba	clean:CC-BY-2.0-FR	0.00	no	two-corpora	OpenSubtitles+Tatoeba
килмәсәгез	0	6	2	OpenSubtitles+Tatoeba	clean:CC-BY-2.0-FR	0.00	no	two-corpora	OpenSubtitles+Tatoeba
киләчәкме	0	6	1	OpenSubtitles+Tatoeba	clean:CC-BY-2.0-FR	0.00	no	two-corpora	OpenSubtitles+Tatoeba
костюмым	0	6	2	OpenSubtitles+Tatoeba	clean:CC-BY-2.0-FR	0.00	no	two-corpora	OpenSubtitles+Tatoeba
кулланмадым	0	6	2	OpenSubtitles+Tatoeba	clean:CC-BY-2.0-FR	0.00	no	two-corpora	OpenSubtitles+Tatoeba
куркытасың	0	6	2	OpenSubtitles+Tatoeba	clean:CC-BY-2.0-FR	0.00	no	two-corpora	OpenSubtitles+Tatoeba
курыксаң	0	6	1	OpenSubtitles+Tatoeba	clean:CC-BY-2.0-FR	0.00	no	two-corpora	OpenSubtitles+Tatoeba
куштыгыз	0	6	1	OpenSubtitles+Tatoeba	clean:CC-BY-2.0-FR	0.00	no	two-corpora	OpenSubtitles+Tatoeba
кушылсам	0	6	2	OpenSubtitles+Tatoeba	clean:CC-BY-2.0-FR	0.00	no	two-corpora	OpenSubtitles+Tatoeba
күзлегемне	0	6	4	OpenSubtitles+Tatoeba	clean:CC-BY-2.0-FR	0.00	no	two-corpora	OpenSubtitles+Tatoeba
күренгәнен	0	6	1	OpenSubtitles+Tatoeba	clean:CC-BY-2.0-FR	0.00	no	two-corpora	OpenSubtitles+Tatoeba
күрендең	0	6	2	OpenSubtitles+Tatoeba	clean:CC-BY-2.0-FR	0.00	no	two-corpora	OpenSubtitles+Tatoeba
көтсәң	0	6	1	OpenSubtitles+Tatoeba	clean:CC-BY-2.0-FR	0.00	no	two-corpora	OpenSubtitles+Tatoeba
көтәсезме	0	6	2	OpenSubtitles+Tatoeba	clean:CC-BY-2.0-FR	0.00	no	two-corpora	OpenSubtitles+Tatoeba
ләззәтләнегез	0	6	2	OpenSubtitles+Tatoeba	clean:CC-BY-2.0-FR	0.00	no	two-corpora	OpenSubtitles+Tatoeba
нишлә	0	6	4	OpenSubtitles+Tatoeba	clean:CC-BY-2.0-FR	0.00	no	two-corpora	OpenSubtitles+Tatoeba
онытачак	0	6	1	OpenSubtitles+Tatoeba	clean:CC-BY-2.0-FR	0.00	no	two-corpora	OpenSubtitles+Tatoeba
оныттыгызмы	0	6	3	OpenSubtitles+Tatoeba	clean:CC-BY-2.0-FR	0.00	no	two-corpora	OpenSubtitles+Tatoeba
онытыйк	0	6	3	OpenSubtitles+Tatoeba	clean:CC-BY-2.0-FR	0.00	no	two-corpora	OpenSubtitles+Tatoeba
осталыгың	0	6	2	OpenSubtitles+Tatoeba	clean:CC-BY-2.0-FR	0.00	no	two-corpora	OpenSubtitles+Tatoeba
очмыйм	0	6	1	OpenSubtitles+Tatoeba	clean:CC-BY-2.0-FR	0.00	no	two-corpora	OpenSubtitles+Tatoeba
рәнҗетмәс	0	6	3	OpenSubtitles+Tatoeba	clean:CC-BY-2.0-FR	0.00	no	two-corpora	OpenSubtitles+Tatoeba
санама	0	6	5	OpenSubtitles+Tatoeba	clean:CC-BY-2.0-FR	0.00	no	two-corpora	OpenSubtitles+Tatoeba
сасыган	0	6	1	OpenSubtitles+Tatoeba	clean:CC-BY-2.0-FR	0.00	no	two-corpora	OpenSubtitles+Tatoeba
сорадыңмы	0	6	2	OpenSubtitles+Tatoeba	clean:CC-BY-2.0-FR	0.00	no	two-corpora	OpenSubtitles+Tatoeba
сорамадылар	0	6	2	OpenSubtitles+Tatoeba	clean:CC-BY-2.0-FR	0.00	no	two-corpora	OpenSubtitles+Tatoeba
сорауларыңа	0	6	3	OpenSubtitles+Tatoeba	clean:CC-BY-2.0-FR	0.00	no	two-corpora	OpenSubtitles+Tatoeba
сөйләмәсәң	0	6	2	OpenSubtitles+Tatoeba	clean:CC-BY-2.0-FR	0.00	no	two-corpora	OpenSubtitles+Tatoeba
сөйләшмибез	0	6	3	OpenSubtitles+Tatoeba	clean:CC-BY-2.0-FR	0.00	no	two-corpora	OpenSubtitles+Tatoeba
сөйләштегез	0	6	2	OpenSubtitles+Tatoeba	clean:CC-BY-2.0-FR	0.00	no	two-corpora	OpenSubtitles+Tatoeba
теләвеңне	0	6	4	OpenSubtitles+Tatoeba	clean:CC-BY-2.0-FR	0.00	no	two-corpora	OpenSubtitles+Tatoeba
тешләрем	0	6	1	OpenSubtitles+Tatoeba	clean:CC-BY-2.0-FR	0.00	no	two-corpora	OpenSubtitles+Tatoeba
тәмамламадым	0	6	2	OpenSubtitles+Tatoeba	clean:CC-BY-2.0-FR	0.00	no	two-corpora	OpenSubtitles+Tatoeba
уең	0	6	1	OpenSubtitles+Tatoeba	clean:CC-BY-2.0-FR	0.00	no	two-corpora	OpenSubtitles+Tatoeba
уйламас	0	6	1	OpenSubtitles+Tatoeba	clean:CC-BY-2.0-FR	0.00	no	two-corpora	OpenSubtitles+Tatoeba
уйныйсыңмы	0	6	3	OpenSubtitles+Tatoeba	clean:CC-BY-2.0-FR	0.00	no	two-corpora	OpenSubtitles+Tatoeba
урладыгыз	0	6	1	OpenSubtitles+Tatoeba	clean:CC-BY-2.0-FR	0.00	no	two-corpora	OpenSubtitles+Tatoeba
утырдыңмы	0	6	2	OpenSubtitles+Tatoeba	clean:CC-BY-2.0-FR	0.00	no	two-corpora	OpenSubtitles+Tatoeba
уяныгыз	0	6	3	OpenSubtitles+Tatoeba	clean:CC-BY-2.0-FR	0.00	no	two-corpora	OpenSubtitles+Tatoeba
чистамы	0	6	4	OpenSubtitles+Tatoeba	clean:CC-BY-2.0-FR	0.00	no	two-corpora	OpenSubtitles+Tatoeba
чәчеңне	0	6	5	OpenSubtitles+Tatoeba	clean:CC-BY-2.0-FR	0.00	no	two-corpora	OpenSubtitles+Tatoeba
шатлан	0	6	1	OpenSubtitles+Tatoeba	clean:CC-BY-2.0-FR	0.00	no	two-corpora	OpenSubtitles+Tatoeba
шаярттым	0	6	2	OpenSubtitles+Tatoeba	clean:CC-BY-2.0-FR	0.00	no	two-corpora	OpenSubtitles+Tatoeba
этеңне	0	6	1	OpenSubtitles+Tatoeba	clean:CC-BY-2.0-FR	0.00	no	two-corpora	OpenSubtitles+Tatoeba
эчмәгез	0	6	5	OpenSubtitles+Tatoeba	clean:CC-BY-2.0-FR	0.00	no	two-corpora	OpenSubtitles+Tatoeba
эчәсегез	0	6	4	OpenSubtitles+Tatoeba	clean:CC-BY-2.0-FR	0.00	no	two-corpora	OpenSubtitles+Tatoeba
эшләгәнең	0	6	4	OpenSubtitles+Tatoeba	clean:CC-BY-2.0-FR	0.00	no	two-corpora	OpenSubtitles+Tatoeba
югалтам	0	6	2	OpenSubtitles+Tatoeba	clean:CC-BY-2.0-FR	0.00	no	two-corpora	OpenSubtitles+Tatoeba
югалтсаң	0	6	2	OpenSubtitles+Tatoeba	clean:CC-BY-2.0-FR	0.00	no	two-corpora	OpenSubtitles+Tatoeba
яклымы	0	6	3	OpenSubtitles+Tatoeba	clean:CC-BY-2.0-FR	0.00	no	two-corpora	OpenSubtitles+Tatoeba
ялгышам	0	6	2	OpenSubtitles+Tatoeba	clean:CC-BY-2.0-FR	0.00	no	two-corpora	OpenSubtitles+Tatoeba
яманга	0	6	5	OpenSubtitles+Tatoeba	clean:CC-BY-2.0-FR	0.00	no	two-corpora	OpenSubtitles+Tatoeba
яндыр	0	6	1	OpenSubtitles+Tatoeba	clean:CC-BY-2.0-FR	0.00	no	two-corpora	OpenSubtitles+Tatoeba
яшәгәнемне	0	6	5	OpenSubtitles+Tatoeba	clean:CC-BY-2.0-FR	0.00	no	two-corpora	OpenSubtitles+Tatoeba
җавабың	0	6	4	OpenSubtitles+Tatoeba	clean:CC-BY-2.0-FR	0.00	no	two-corpora	OpenSubtitles+Tatoeba
җилкәм	0	6	2	OpenSubtitles+Tatoeba	clean:CC-BY-2.0-FR	0.00	no	two-corpora	OpenSubtitles+Tatoeba
җыенмыйсың	0	6	2	OpenSubtitles+Tatoeba	clean:CC-BY-2.0-FR	0.00	no	two-corpora	OpenSubtitles+Tatoeba
үзгәрдең	0	6	1	OpenSubtitles+Tatoeba	clean:CC-BY-2.0-FR	0.00	no	two-corpora	OpenSubtitles+Tatoeba
үләрсең	0	6	3	OpenSubtitles+Tatoeba	clean:CC-BY-2.0-FR	0.00	no	two-corpora	OpenSubtitles+Tatoeba
үткәр	0	6	2	OpenSubtitles+Tatoeba	clean:CC-BY-2.0-FR	0.00	no	two-corpora	OpenSubtitles+Tatoeba
өегез	0	6	5	OpenSubtitles+Tatoeba	clean:CC-BY-2.0-FR	0.00	no	two-corpora	OpenSubtitles+Tatoeba
алачыкка	0	5	1	OpenSubtitles+Tatoeba	clean:CC-BY-2.0-FR	0.00	no	two-corpora	OpenSubtitles+Tatoeba
алтыным	0	5	1	OpenSubtitles+Tatoeba	clean:CC-BY-2.0-FR	0.00	no	two-corpora	OpenSubtitles+Tatoeba
алырсыңмы	0	5	2	OpenSubtitles+Tatoeba	clean:CC-BY-2.0-FR	0.00	no	two-corpora	OpenSubtitles+Tatoeba
атармын	0	5	1	OpenSubtitles+Tatoeba	clean:CC-BY-2.0-FR	0.00	no	two-corpora	OpenSubtitles+Tatoeba
ахмаклыгы	0	5	3	OpenSubtitles+Tatoeba	clean:CC-BY-2.0-FR	0.00	no	two-corpora	OpenSubtitles+Tatoeba
ашаганың	0	5	3	OpenSubtitles+Tatoeba	clean:CC-BY-2.0-FR	0.00	no	two-corpora	OpenSubtitles+Tatoeba
ашыйк	0	5	3	OpenSubtitles+Tatoeba	clean:CC-BY-2.0-FR	0.00	no	two-corpora	OpenSubtitles+Tatoeba
ашыйсыз	0	5	3	OpenSubtitles+Tatoeba	clean:CC-BY-2.0-FR	0.00	no	two-corpora	OpenSubtitles+Tatoeba
барасыгыз	0	5	3	OpenSubtitles+Tatoeba	clean:CC-BY-2.0-FR	0.00	no	two-corpora	OpenSubtitles+Tatoeba
бардан	0	5	4	OpenSubtitles+Tatoeba	clean:CC-BY-2.0-FR	0.00	no	two-corpora	OpenSubtitles+Tatoeba
басмагыз	0	5	3	OpenSubtitles+Tatoeba	clean:CC-BY-2.0-FR	0.00	no	two-corpora	OpenSubtitles+Tatoeba
батам	0	5	1	OpenSubtitles+Tatoeba	clean:CC-BY-2.0-FR	0.00	no	two-corpora	OpenSubtitles+Tatoeba
беркемнеке	0	5	3	OpenSubtitles+Tatoeba	clean:CC-BY-2.0-FR	0.00	no	two-corpora	OpenSubtitles+Tatoeba
борының	0	5	1	OpenSubtitles+Tatoeba	clean:CC-BY-2.0-FR	0.00	no	two-corpora	OpenSubtitles+Tatoeba
брокколи	0	5	3	OpenSubtitles+Tatoeba	clean:CC-BY-2.0-FR	0.00	no	two-corpora	OpenSubtitles+Tatoeba
булышыйм	0	5	1	OpenSubtitles+Tatoeba	clean:CC-BY-2.0-FR	0.00	no	two-corpora	OpenSubtitles+Tatoeba
буяды	0	5	4	OpenSubtitles+Tatoeba	clean:CC-BY-2.0-FR	0.00	no	two-corpora	OpenSubtitles+Tatoeba
бүлмәңдә	0	5	3	OpenSubtitles+Tatoeba	clean:CC-BY-2.0-FR	0.00	no	two-corpora	OpenSubtitles+Tatoeba
бәйләгез	0	5	2	OpenSubtitles+Tatoeba	clean:CC-BY-2.0-FR	0.00	no	two-corpora	OpenSubtitles+Tatoeba
горилла	0	5	1	OpenSubtitles+Tatoeba	clean:CC-BY-2.0-FR	0.33	no	two-corpora	OpenSubtitles+Tatoeba
дивардан	0	5	1	OpenSubtitles+Tatoeba	clean:CC-BY-2.0-FR	0.00	no	two-corpora	OpenSubtitles+Tatoeba
дрон	0	5	1	OpenSubtitles+Tatoeba	clean:CC-BY-2.0-FR	0.00	no	two-corpora	OpenSubtitles+Tatoeba
егылырсың	0	5	4	OpenSubtitles+Tatoeba	clean:CC-BY-2.0-FR	0.00	no	two-corpora	OpenSubtitles+Tatoeba
иманыңны	0	5	2	OpenSubtitles+Tatoeba	clean:CC-BY-2.0-FR	0.00	no	two-corpora	OpenSubtitles+Tatoeba
йокламыйм	0	5	3	OpenSubtitles+Tatoeba	clean:CC-BY-2.0-FR	0.00	no	two-corpora	OpenSubtitles+Tatoeba
йөртәсең	0	5	2	OpenSubtitles+Tatoeba	clean:CC-BY-2.0-FR	0.00	no	two-corpora	OpenSubtitles+Tatoeba
кайтуыбызны	0	5	1	OpenSubtitles+Tatoeba	clean:CC-BY-2.0-FR	0.00	no	two-corpora	OpenSubtitles+Tatoeba
каласыңмы	0	5	2	OpenSubtitles+Tatoeba	clean:CC-BY-2.0-FR	0.00	no	two-corpora	OpenSubtitles+Tatoeba
калдырмам	0	5	1	OpenSubtitles+Tatoeba	clean:CC-BY-2.0-FR	0.00	no	two-corpora	OpenSubtitles+Tatoeba
калдырырмын	0	5	1	OpenSubtitles+Tatoeba	clean:CC-BY-2.0-FR	0.00	no	two-corpora	OpenSubtitles+Tatoeba
карма	0	5	2	OpenSubtitles+Tatoeba	clean:CC-BY-2.0-FR	0.00	no	two-corpora	OpenSubtitles+Tatoeba
качасыз	0	5	3	OpenSubtitles+Tatoeba	clean:CC-BY-2.0-FR	0.00	no	two-corpora	OpenSubtitles+Tatoeba
качмаган	0	5	1	OpenSubtitles+Tatoeba	clean:CC-BY-2.0-FR	0.00	no	two-corpora	OpenSubtitles+Tatoeba
киләчәксең	0	5	1	OpenSubtitles+Tatoeba	clean:CC-BY-2.0-FR	0.00	no	two-corpora	OpenSubtitles+Tatoeba
кистең	0	5	3	OpenSubtitles+Tatoeba	clean:CC-BY-2.0-FR	0.00	no	two-corpora	OpenSubtitles+Tatoeba
китермә	0	5	1	OpenSubtitles+Tatoeba	clean:CC-BY-2.0-FR	0.00	no	two-corpora	OpenSubtitles+Tatoeba
киңәшемне	0	5	4	OpenSubtitles+Tatoeba	clean:CC-BY-2.0-FR	0.00	no	two-corpora	OpenSubtitles+Tatoeba
комачаулыйсың	0	5	1	OpenSubtitles+Tatoeba	clean:CC-BY-2.0-FR	0.00	no	two-corpora	OpenSubtitles+Tatoeba
котырса	0	5	4	OpenSubtitles+Tatoeba	clean:CC-BY-2.0-FR	0.00	no	two-corpora	OpenSubtitles+Tatoeba
курыктың	0	5	2	OpenSubtitles+Tatoeba	clean:CC-BY-2.0-FR	0.00	no	two-corpora	OpenSubtitles+Tatoeba
кушмады	0	5	1	OpenSubtitles+Tatoeba	clean:CC-BY-2.0-FR	0.00	no	two-corpora	OpenSubtitles+Tatoeba
кылан	0	5	2	OpenSubtitles+Tatoeba	clean:CC-BY-2.0-FR	0.00	no	two-corpora	OpenSubtitles+Tatoeba
кылычны	0	5	1	OpenSubtitles+Tatoeba	clean:CC-BY-2.0-FR	0.00	no	two-corpora	OpenSubtitles+Tatoeba
кычкырыбрак	0	5	4	OpenSubtitles+Tatoeba	clean:CC-BY-2.0-FR	0.00	no	two-corpora	OpenSubtitles+Tatoeba
күренәбез	0	5	3	OpenSubtitles+Tatoeba	clean:CC-BY-2.0-FR	0.00	no	two-corpora	OpenSubtitles+Tatoeba
күрмисезме	0	5	4	OpenSubtitles+Tatoeba	clean:CC-BY-2.0-FR	0.00	no	two-corpora	OpenSubtitles+Tatoeba
көлгәнен	0	5	4	OpenSubtitles+Tatoeba	clean:CC-BY-2.0-FR	0.00	no	two-corpora	OpenSubtitles+Tatoeba
көрәкне	0	5	2	OpenSubtitles+Tatoeba	clean:CC-BY-2.0-FR	0.00	no	two-corpora	OpenSubtitles+Tatoeba
лампаны	0	5	4	OpenSubtitles+Tatoeba	clean:CC-BY-2.0-FR	0.00	no	two-corpora	OpenSubtitles+Tatoeba
люкны	0	5	1	OpenSubtitles+Tatoeba	clean:CC-BY-2.0-FR	0.00	no	two-corpora	OpenSubtitles+Tatoeba
монстр	0	5	1	OpenSubtitles+Tatoeba	clean:CC-BY-2.0-FR	0.00	no	two-corpora	OpenSubtitles+Tatoeba
муеныңны	0	5	2	OpenSubtitles+Tatoeba	clean:CC-BY-2.0-FR	0.00	no	two-corpora	OpenSubtitles+Tatoeba
начарны	0	5	2	OpenSubtitles+Tatoeba	clean:CC-BY-2.0-FR	0.00	no	two-corpora	OpenSubtitles+Tatoeba
ниятлисең	0	5	2	OpenSubtitles+Tatoeba	clean:CC-BY-2.0-FR	0.00	no	two-corpora	OpenSubtitles+Tatoeba
ниятләрендә	0	5	1	OpenSubtitles+Tatoeba	clean:CC-BY-2.0-FR	0.00	no	two-corpora	OpenSubtitles+Tatoeba
очрашмас	0	5	2	OpenSubtitles+Tatoeba	clean:CC-BY-2.0-FR	0.00	no	two-corpora	OpenSubtitles+Tatoeba
ошармы	0	5	3	OpenSubtitles+Tatoeba	clean:CC-BY-2.0-FR	0.00	no	two-corpora	OpenSubtitles+Tatoeba
оялмагыз	0	5	4	OpenSubtitles+Tatoeba	clean:CC-BY-2.0-FR	0.00	no	two-corpora	OpenSubtitles+Tatoeba
сагынасыңмы	0	5	3	OpenSubtitles+Tatoeba	clean:CC-BY-2.0-FR	0.00	no	two-corpora	OpenSubtitles+Tatoeba
сайладыңмы	0	5	2	OpenSubtitles+Tatoeba	clean:CC-BY-2.0-FR	0.00	no	two-corpora	OpenSubtitles+Tatoeba
сикерер	0	5	3	OpenSubtitles+Tatoeba	clean:CC-BY-2.0-FR	0.00	no	two-corpora	OpenSubtitles+Tatoeba
сихерләүне	0	5	1	OpenSubtitles+Tatoeba	clean:CC-BY-2.0-FR	0.00	no	two-corpora	OpenSubtitles+Tatoeba
сорадымы	0	5	3	OpenSubtitles+Tatoeba	clean:CC-BY-2.0-FR	0.00	no	two-corpora	OpenSubtitles+Tatoeba
суктың	0	5	1	OpenSubtitles+Tatoeba	clean:CC-BY-2.0-FR	0.00	no	two-corpora	OpenSubtitles+Tatoeba
сулышым	0	5	4	OpenSubtitles+Tatoeba	clean:CC-BY-2.0-FR	0.00	no	two-corpora	OpenSubtitles+Tatoeba
сүзеңдә	0	5	1	OpenSubtitles+Tatoeba	clean:CC-BY-2.0-FR	0.00	no	two-corpora	OpenSubtitles+Tatoeba
сәбәпләрем	0	5	4	OpenSubtitles+Tatoeba	clean:CC-BY-2.0-FR	0.00	no	two-corpora	OpenSubtitles+Tatoeba
сәгатемне	0	5	4	OpenSubtitles+Tatoeba	clean:CC-BY-2.0-FR	0.00	no	two-corpora	OpenSubtitles+Tatoeba
сөйләшмисең	0	5	2	OpenSubtitles+Tatoeba	clean:CC-BY-2.0-FR	0.00	no	two-corpora	OpenSubtitles+Tatoeba
сөйләшәчәкмен	0	5	3	OpenSubtitles+Tatoeba	clean:CC-BY-2.0-FR	0.00	no	two-corpora	OpenSubtitles+Tatoeba
сөрттем	0	5	3	OpenSubtitles+Tatoeba	clean:CC-BY-2.0-FR	0.00	no	two-corpora	OpenSubtitles+Tatoeba
сөякләрдән	0	5	1	OpenSubtitles+Tatoeba	clean:CC-BY-2.0-FR	0.00	no	two-corpora	OpenSubtitles+Tatoeba
тартасызмы	0	5	3	OpenSubtitles+Tatoeba	clean:CC-BY-2.0-FR	0.00	no	two-corpora	OpenSubtitles+Tatoeba
телефоныңны	0	5	2	OpenSubtitles+Tatoeba	clean:CC-BY-2.0-FR	0.00	no	two-corpora	OpenSubtitles+Tatoeba
тирәнме	0	5	2	OpenSubtitles+Tatoeba	clean:CC-BY-2.0-FR	0.00	no	two-corpora	OpenSubtitles+Tatoeba
тишкән	0	5	3	OpenSubtitles+Tatoeba	clean:CC-BY-2.0-FR	0.00	no	two-corpora	OpenSubtitles+Tatoeba
тоташтырам	0	5	1	OpenSubtitles+Tatoeba	clean:CC-BY-2.0-FR	0.00	no	two-corpora	OpenSubtitles+Tatoeba
тутыр	0	5	4	OpenSubtitles+Tatoeba	clean:CC-BY-2.0-FR	0.00	no	two-corpora	OpenSubtitles+Tatoeba
тырышмадым	0	5	2	OpenSubtitles+Tatoeba	clean:CC-BY-2.0-FR	0.00	no	two-corpora	OpenSubtitles+Tatoeba
түләдең	0	5	4	OpenSubtitles+Tatoeba	clean:CC-BY-2.0-FR	0.00	no	two-corpora	OpenSubtitles+Tatoeba
төшердеңме	0	5	3	OpenSubtitles+Tatoeba	clean:CC-BY-2.0-FR	0.00	no	two-corpora	OpenSubtitles+Tatoeba
уеныңны	0	5	3	OpenSubtitles+Tatoeba	clean:CC-BY-2.0-FR	0.00	no	two-corpora	OpenSubtitles+Tatoeba
уйлаганга	0	5	2	OpenSubtitles+Tatoeba	clean:CC-BY-2.0-FR	0.00	no	two-corpora	OpenSubtitles+Tatoeba
уяндың	0	5	2	OpenSubtitles+Tatoeba	clean:CC-BY-2.0-FR	0.00	no	two-corpora	OpenSubtitles+Tatoeba
уяттың	0	5	2	OpenSubtitles+Tatoeba	clean:CC-BY-2.0-FR	0.00	no	two-corpora	OpenSubtitles+Tatoeba
хәзерме	0	5	1	OpenSubtitles+Tatoeba	clean:CC-BY-2.0-FR	0.00	no	two-corpora	OpenSubtitles+Tatoeba
хәтерләмисең	0	5	1	OpenSubtitles+Tatoeba	clean:CC-BY-2.0-FR	0.00	no	two-corpora	OpenSubtitles+Tatoeba
хәтерләтмиме	0	5	2	OpenSubtitles+Tatoeba	clean:CC-BY-2.0-FR	0.00	no	two-corpora	OpenSubtitles+Tatoeba
чакырдыгыз	0	5	2	OpenSubtitles+Tatoeba	clean:CC-BY-2.0-FR	0.00	no	two-corpora	OpenSubtitles+Tatoeba
чакырдыгызмы	0	5	3	OpenSubtitles+Tatoeba	clean:CC-BY-2.0-FR	0.00	no	two-corpora	OpenSubtitles+Tatoeba
чебеше	0	5	3	OpenSubtitles+Tatoeba	clean:CC-BY-2.0-FR	0.00	no	two-corpora	OpenSubtitles+Tatoeba
чибәрем	0	5	1	OpenSubtitles+Tatoeba	clean:CC-BY-2.0-FR	0.00	no	two-corpora	OpenSubtitles+Tatoeba
чиләктән	0	5	3	OpenSubtitles+Tatoeba	clean:CC-BY-2.0-FR	0.00	no	two-corpora	OpenSubtitles+Tatoeba
чуан	0	5	4	OpenSubtitles+Tatoeba	clean:CC-BY-2.0-FR	0.00	no	two-corpora	OpenSubtitles+Tatoeba
чыкмасаң	0	5	1	OpenSubtitles+Tatoeba	clean:CC-BY-2.0-FR	0.00	no	two-corpora	OpenSubtitles+Tatoeba
шалтыратасы	0	5	1	OpenSubtitles+Tatoeba	clean:CC-BY-2.0-FR	0.00	no	two-corpora	OpenSubtitles+Tatoeba
шалтыратмадым	0	5	1	OpenSubtitles+Tatoeba	clean:CC-BY-2.0-FR	0.00	no	two-corpora	OpenSubtitles+Tatoeba
шалтыратырсыз	0	5	1	OpenSubtitles+Tatoeba	clean:CC-BY-2.0-FR	0.00	no	two-corpora	OpenSubtitles+Tatoeba
шарга	0	5	1	OpenSubtitles+Tatoeba	clean:CC-BY-2.0-FR	0.00	no	two-corpora	OpenSubtitles+Tatoeba
шатланасың	0	5	1	OpenSubtitles+Tatoeba	clean:CC-BY-2.0-FR	0.00	no	two-corpora	OpenSubtitles+Tatoeba
шикләрем	0	5	1	OpenSubtitles+Tatoeba	clean:CC-BY-2.0-FR	0.00	no	two-corpora	OpenSubtitles+Tatoeba
ырылдый	0	5	2	OpenSubtitles+Tatoeba	clean:CC-BY-2.0-FR	0.33	no	two-corpora	OpenSubtitles+Tatoeba
ышанмадылар	0	5	3	OpenSubtitles+Tatoeba	clean:CC-BY-2.0-FR	0.00	no	two-corpora	OpenSubtitles+Tatoeba
ышанмассыз	0	5	1	OpenSubtitles+Tatoeba	clean:CC-BY-2.0-FR	0.00	no	two-corpora	OpenSubtitles+Tatoeba
ышанмыйсызмы	0	5	2	OpenSubtitles+Tatoeba	clean:CC-BY-2.0-FR	0.00	no	two-corpora	OpenSubtitles+Tatoeba
эзләгәнемне	0	5	3	OpenSubtitles+Tatoeba	clean:CC-BY-2.0-FR	0.00	no	two-corpora	OpenSubtitles+Tatoeba
эчәсезме	0	5	3	OpenSubtitles+Tatoeba	clean:CC-BY-2.0-FR	0.00	no	two-corpora	OpenSubtitles+Tatoeba
эшләгәнебезне	0	5	1	OpenSubtitles+Tatoeba	clean:CC-BY-2.0-FR	0.00	no	two-corpora	OpenSubtitles+Tatoeba
югалттыңмы	0	5	1	OpenSubtitles+Tatoeba	clean:CC-BY-2.0-FR	0.00	no	two-corpora	OpenSubtitles+Tatoeba
юдыңмы	0	5	4	OpenSubtitles+Tatoeba	clean:CC-BY-2.0-FR	0.00	no	two-corpora	OpenSubtitles+Tatoeba
яклыйсың	0	5	1	OpenSubtitles+Tatoeba	clean:CC-BY-2.0-FR	0.00	no	two-corpora	OpenSubtitles+Tatoeba
янчыгыңны	0	5	3	OpenSubtitles+Tatoeba	clean:CC-BY-2.0-FR	0.00	no	two-corpora	OpenSubtitles+Tatoeba
ярдәмчең	0	5	1	OpenSubtitles+Tatoeba	clean:CC-BY-2.0-FR	0.00	no	two-corpora	OpenSubtitles+Tatoeba
яшергәнен	0	5	4	OpenSubtitles+Tatoeba	clean:CC-BY-2.0-FR	0.00	no	two-corpora	OpenSubtitles+Tatoeba
яшердем	0	5	2	OpenSubtitles+Tatoeba	clean:CC-BY-2.0-FR	0.00	no	two-corpora	OpenSubtitles+Tatoeba
җибәрерсез	0	5	1	OpenSubtitles+Tatoeba	clean:CC-BY-2.0-FR	0.00	no	two-corpora	OpenSubtitles+Tatoeba
җиңелдек	0	5	1	OpenSubtitles+Tatoeba	clean:CC-BY-2.0-FR	0.00	no	two-corpora	OpenSubtitles+Tatoeba
җыенганыңны	0	5	3	OpenSubtitles+Tatoeba	clean:CC-BY-2.0-FR	0.00	no	two-corpora	OpenSubtitles+Tatoeba
җыештыр	0	5	1	OpenSubtitles+Tatoeba	clean:CC-BY-2.0-FR	0.00	no	two-corpora	OpenSubtitles+Tatoeba
үбәм	0	5	2	OpenSubtitles+Tatoeba	clean:CC-BY-2.0-FR	0.00	no	two-corpora	OpenSubtitles+Tatoeba
үзгәргәнсең	0	5	3	OpenSubtitles+Tatoeba	clean:CC-BY-2.0-FR	0.00	no	two-corpora	OpenSubtitles+Tatoeba
үзегезнекен	0	5	4	OpenSubtitles+Tatoeba	clean:CC-BY-2.0-FR	0.00	no	two-corpora	OpenSubtitles+Tatoeba
үлгәнне	0	5	4	OpenSubtitles+Tatoeba	clean:CC-BY-2.0-FR	0.00	no	two-corpora	OpenSubtitles+Tatoeba
үлемемне	0	5	1	OpenSubtitles+Tatoeba	clean:CC-BY-2.0-FR	0.00	no	two-corpora	OpenSubtitles+Tatoeba
үлмәскә	0	5	1	OpenSubtitles+Tatoeba	clean:CC-BY-2.0-FR	0.00	no	two-corpora	OpenSubtitles+Tatoeba
үлмәячәк	0	5	2	OpenSubtitles+Tatoeba	clean:CC-BY-2.0-FR	0.00	no	two-corpora	OpenSubtitles+Tatoeba
үләчәгеңне	0	5	1	OpenSubtitles+Tatoeba	clean:CC-BY-2.0-FR	0.00	no	two-corpora	OpenSubtitles+Tatoeba
һөнәрең	0	5	2	OpenSubtitles+Tatoeba	clean:CC-BY-2.0-FR	0.00	no	two-corpora	OpenSubtitles+Tatoeba
әбиеңә	0	5	2	OpenSubtitles+Tatoeba	clean:CC-BY-2.0-FR	0.00	no	two-corpora	OpenSubtitles+Tatoeba
әйтегезче	0	5	3	OpenSubtitles+Tatoeba	clean:CC-BY-2.0-FR	0.00	no	two-corpora	OpenSubtitles+Tatoeba
әйтмәм	0	5	1	OpenSubtitles+Tatoeba	clean:CC-BY-2.0-FR	0.00	no	two-corpora	OpenSubtitles+Tatoeba
әйтмәссеңме	0	5	1	OpenSubtitles+Tatoeba	clean:CC-BY-2.0-FR	0.00	no	two-corpora	OpenSubtitles+Tatoeba
өемнән	0	5	1	OpenSubtitles+Tatoeba	clean:CC-BY-2.0-FR	0.00	no	two-corpora	OpenSubtitles+Tatoeba
өйрәнәсеңме	0	5	3	OpenSubtitles+Tatoeba	clean:CC-BY-2.0-FR	0.00	no	two-corpora	OpenSubtitles+Tatoeba
өметеңне	0	5	2	OpenSubtitles+Tatoeba	clean:CC-BY-2.0-FR	0.00	no	two-corpora	OpenSubtitles+Tatoeba
абыеңа	0	4	1	OpenSubtitles+Tatoeba	clean:CC-BY-2.0-FR	0.00	no	two-corpora	OpenSubtitles+Tatoeba
абыеңның	0	4	1	OpenSubtitles+Tatoeba	clean:CC-BY-2.0-FR	0.00	no	two-corpora	OpenSubtitles+Tatoeba
авансны	0	4	2	OpenSubtitles+Tatoeba	clean:CC-BY-2.0-FR	0.00	no	two-corpora	OpenSubtitles+Tatoeba
авырлыгың	0	4	1	OpenSubtitles+Tatoeba	clean:CC-BY-2.0-FR	0.00	no	two-corpora	OpenSubtitles+Tatoeba
авырттырды	0	4	2	OpenSubtitles+Tatoeba	clean:CC-BY-2.0-FR	0.00	no	two-corpora	OpenSubtitles+Tatoeba
акылымда	0	4	2	OpenSubtitles+Tatoeba	clean:CC-BY-2.0-FR	0.00	no	two-corpora	OpenSubtitles+Tatoeba
алдагыга	0	4	1	OpenSubtitles+Tatoeba	clean:CC-BY-2.0-FR	0.00	no	two-corpora	OpenSubtitles+Tatoeba
алдадык	0	4	1	OpenSubtitles+Tatoeba	clean:CC-BY-2.0-FR	0.00	no	two-corpora	OpenSubtitles+Tatoeba
алдамадым	0	4	1	OpenSubtitles+Tatoeba	clean:CC-BY-2.0-FR	0.00	no	two-corpora	OpenSubtitles+Tatoeba
алдыйсыз	0	4	2	OpenSubtitles+Tatoeba	clean:CC-BY-2.0-FR	0.00	no	two-corpora	OpenSubtitles+Tatoeba
алмадыгызмы	0	4	1	OpenSubtitles+Tatoeba	clean:CC-BY-2.0-FR	0.00	no	two-corpora	OpenSubtitles+Tatoeba
алмыйммы	0	4	1	OpenSubtitles+Tatoeba	clean:CC-BY-2.0-FR	0.00	no	two-corpora	OpenSubtitles+Tatoeba
анестезия	0	4	1	OpenSubtitles+Tatoeba	clean:CC-BY-2.0-FR	0.00	no	two-corpora	OpenSubtitles+Tatoeba
аркама	0	4	1	OpenSubtitles+Tatoeba	clean:CC-BY-2.0-FR	0.00	no	two-corpora	OpenSubtitles+Tatoeba
атадыгыз	0	4	1	OpenSubtitles+Tatoeba	clean:CC-BY-2.0-FR	0.00	no	two-corpora	OpenSubtitles+Tatoeba
атканнарын	0	4	1	OpenSubtitles+Tatoeba	clean:CC-BY-2.0-FR	0.00	no	two-corpora	OpenSubtitles+Tatoeba
атыйсыз	0	4	1	OpenSubtitles+Tatoeba	clean:CC-BY-2.0-FR	0.00	no	two-corpora	OpenSubtitles+Tatoeba
ахмакларны	0	4	1	OpenSubtitles+Tatoeba	clean:CC-BY-2.0-FR	0.00	no	two-corpora	OpenSubtitles+Tatoeba
ачмасаң	0	4	2	OpenSubtitles+Tatoeba	clean:CC-BY-2.0-FR	0.00	no	two-corpora	OpenSubtitles+Tatoeba
ачуланыштык	0	4	2	OpenSubtitles+Tatoeba	clean:CC-BY-2.0-FR	0.00	no	two-corpora	OpenSubtitles+Tatoeba
ашадыгызмы	0	4	3	OpenSubtitles+Tatoeba	clean:CC-BY-2.0-FR	0.00	no	two-corpora	OpenSubtitles+Tatoeba
ашамыйбыз	0	4	3	OpenSubtitles+Tatoeba	clean:CC-BY-2.0-FR	0.00	no	two-corpora	OpenSubtitles+Tatoeba
ашказаным	0	4	2	OpenSubtitles+Tatoeba	clean:CC-BY-2.0-FR	0.00	no	two-corpora	OpenSubtitles+Tatoeba
ашыйсыгыз	0	4	3	OpenSubtitles+Tatoeba	clean:CC-BY-2.0-FR	0.00	no	two-corpora	OpenSubtitles+Tatoeba
ашымны	0	4	2	OpenSubtitles+Tatoeba	clean:CC-BY-2.0-FR	0.00	no	two-corpora	OpenSubtitles+Tatoeba
аңладыгыз	0	4	1	OpenSubtitles+Tatoeba	clean:CC-BY-2.0-FR	0.00	no	two-corpora	OpenSubtitles+Tatoeba
аңыңа	0	4	1	OpenSubtitles+Tatoeba	clean:CC-BY-2.0-FR	0.00	no	two-corpora	OpenSubtitles+Tatoeba
баканы	0	4	2	OpenSubtitles+Tatoeba	clean:CC-BY-2.0-FR	0.00	no	two-corpora	OpenSubtitles+Tatoeba
бардымы	0	4	3	OpenSubtitles+Tatoeba	clean:CC-BY-2.0-FR	0.00	no	two-corpora	OpenSubtitles+Tatoeba
бармыйсыз	0	4	2	OpenSubtitles+Tatoeba	clean:CC-BY-2.0-FR	0.00	no	two-corpora	OpenSubtitles+Tatoeba
белгәннәремнең	0	4	2	OpenSubtitles+Tatoeba	clean:CC-BY-2.0-FR	0.00	no	two-corpora	OpenSubtitles+Tatoeba
белмисеңмени	0	4	3	OpenSubtitles+Tatoeba	clean:CC-BY-2.0-FR	0.00	no	two-corpora	OpenSubtitles+Tatoeba
бернишләп	0	4	1	OpenSubtitles+Tatoeba	clean:CC-BY-2.0-FR	0.00	no	two-corpora	OpenSubtitles+Tatoeba
бетердең	0	4	2	OpenSubtitles+Tatoeba	clean:CC-BY-2.0-FR	0.00	no	two-corpora	OpenSubtitles+Tatoeba
бетерим	0	4	2	OpenSubtitles+Tatoeba	clean:CC-BY-2.0-FR	0.00	no	two-corpora	OpenSubtitles+Tatoeba
бикләде	0	4	1	OpenSubtitles+Tatoeba	clean:CC-BY-2.0-FR	0.00	no	two-corpora	OpenSubtitles+Tatoeba
бикләү	0	4	1	OpenSubtitles+Tatoeba	clean:CC-BY-2.0-FR	0.33	no	two-corpora	OpenSubtitles+Tatoeba
биргәнеңне	0	4	2	OpenSubtitles+Tatoeba	clean:CC-BY-2.0-FR	0.00	no	two-corpora	OpenSubtitles+Tatoeba
бирелдем	0	4	3	OpenSubtitles+Tatoeba	clean:CC-BY-2.0-FR	0.00	no	two-corpora	OpenSubtitles+Tatoeba
бирән	0	4	1	OpenSubtitles+Tatoeba	clean:CC-BY-2.0-FR	0.33	no	two-corpora	OpenSubtitles+Tatoeba
богавы	0	4	3	OpenSubtitles+Tatoeba	clean:CC-BY-2.0-FR	0.00	no	two-corpora	OpenSubtitles+Tatoeba
борчымагыз	0	4	3	OpenSubtitles+Tatoeba	clean:CC-BY-2.0-FR	0.00	no	two-corpora	OpenSubtitles+Tatoeba
булалмас	0	4	2	OpenSubtitles+Tatoeba	clean:CC-BY-2.0-FR	0.00	no	two-corpora	OpenSubtitles+Tatoeba
булмавыңны	0	4	2	OpenSubtitles+Tatoeba	clean:CC-BY-2.0-FR	0.00	no	two-corpora	OpenSubtitles+Tatoeba
булмаячаксыз	0	4	2	OpenSubtitles+Tatoeba	clean:CC-BY-2.0-FR	0.00	no	two-corpora	OpenSubtitles+Tatoeba
булышмыйсың	0	4	1	OpenSubtitles+Tatoeba	clean:CC-BY-2.0-FR	0.00	no	two-corpora	OpenSubtitles+Tatoeba
бутадым	0	4	2	OpenSubtitles+Tatoeba	clean:CC-BY-2.0-FR	0.00	no	two-corpora	OpenSubtitles+Tatoeba
бәрелсә	0	4	2	OpenSubtitles+Tatoeba	clean:CC-BY-2.0-FR	0.00	no	two-corpora	OpenSubtitles+Tatoeba
вазаны	0	4	3	OpenSubtitles+Tatoeba	clean:CC-BY-2.0-FR	0.00	no	two-corpora	OpenSubtitles+Tatoeba
гаепләмәгез	0	4	3	OpenSubtitles+Tatoeba	clean:CC-BY-2.0-FR	0.00	no	two-corpora	OpenSubtitles+Tatoeba
галәмара	0	4	1	OpenSubtitles+Tatoeba	clean:CC-BY-2.0-FR	0.00	no	two-corpora	OpenSubtitles+Tatoeba
гашыйкмы	0	4	2	OpenSubtitles+Tatoeba	clean:CC-BY-2.0-FR	0.00	no	two-corpora	OpenSubtitles+Tatoeba
джентльменнар	0	4	1	OpenSubtitles+Tatoeba	clean:CC-BY-2.0-FR	0.00	no	two-corpora	OpenSubtitles+Tatoeba
догамны	0	4	2	OpenSubtitles+Tatoeba	clean:CC-BY-2.0-FR	0.00	no	two-corpora	OpenSubtitles+Tatoeba
дуслармы	0	4	1	OpenSubtitles+Tatoeba	clean:CC-BY-2.0-FR	0.00	no	two-corpora	OpenSubtitles+Tatoeba
дустыңның	0	4	2	OpenSubtitles+Tatoeba	clean:CC-BY-2.0-FR	0.00	no	two-corpora	OpenSubtitles+Tatoeba
дәшмим	0	4	1	OpenSubtitles+Tatoeba	clean:CC-BY-2.0-FR	0.00	no	two-corpora	OpenSubtitles+Tatoeba
иелегез	0	4	2	OpenSubtitles+Tatoeba	clean:CC-BY-2.0-FR	0.00	no	two-corpora	OpenSubtitles+Tatoeba
икәнендә	0	4	1	OpenSubtitles+Tatoeba	clean:CC-BY-2.0-FR	0.00	no	two-corpora	OpenSubtitles+Tatoeba
исәнләш	0	4	1	OpenSubtitles+Tatoeba	clean:CC-BY-2.0-FR	0.00	no	two-corpora	OpenSubtitles+Tatoeba
йокладыгыз	0	4	1	OpenSubtitles+Tatoeba	clean:CC-BY-2.0-FR	0.00	no	two-corpora	OpenSubtitles+Tatoeba
йокламыйсыңмы	0	4	1	OpenSubtitles+Tatoeba	clean:CC-BY-2.0-FR	0.00	no	two-corpora	OpenSubtitles+Tatoeba
йоклыймы	0	4	2	OpenSubtitles+Tatoeba	clean:CC-BY-2.0-FR	0.00	no	two-corpora	OpenSubtitles+Tatoeba
йөрдеңме	0	4	2	OpenSubtitles+Tatoeba	clean:CC-BY-2.0-FR	0.00	no	two-corpora	OpenSubtitles+Tatoeba
кабыргам	0	4	2	OpenSubtitles+Tatoeba	clean:CC-BY-2.0-FR	0.00	no	two-corpora	OpenSubtitles+Tatoeba
кайнармы	0	4	2	OpenSubtitles+Tatoeba	clean:CC-BY-2.0-FR	0.00	no	two-corpora	OpenSubtitles+Tatoeba
кайтарачаксың	0	4	1	OpenSubtitles+Tatoeba	clean:CC-BY-2.0-FR	0.00	no	two-corpora	OpenSubtitles+Tatoeba
кайтарсаң	0	4	1	OpenSubtitles+Tatoeba	clean:CC-BY-2.0-FR	0.00	no	two-corpora	OpenSubtitles+Tatoeba
какма	0	4	3	OpenSubtitles+Tatoeba	clean:CC-BY-2.0-FR	0.00	no	two-corpora	OpenSubtitles+Tatoeba
калдырасыңмы	0	4	1	OpenSubtitles+Tatoeba	clean:CC-BY-2.0-FR	0.00	no	two-corpora	OpenSubtitles+Tatoeba
калдырганмын	0	4	1	OpenSubtitles+Tatoeba	clean:CC-BY-2.0-FR	0.00	no	two-corpora	OpenSubtitles+Tatoeba
калдыргансың	0	4	2	OpenSubtitles+Tatoeba	clean:CC-BY-2.0-FR	0.00	no	two-corpora	OpenSubtitles+Tatoeba
калтырады	0	4	2	OpenSubtitles+Tatoeba	clean:CC-BY-2.0-FR	0.00	no	two-corpora	OpenSubtitles+Tatoeba
камерасын	0	4	2	OpenSubtitles+Tatoeba	clean:CC-BY-2.0-FR	0.00	no	two-corpora	OpenSubtitles+Tatoeba
капкачында	0	4	1	OpenSubtitles+Tatoeba	clean:CC-BY-2.0-FR	0.00	no	two-corpora	OpenSubtitles+Tatoeba
караганыгызны	0	4	2	OpenSubtitles+Tatoeba	clean:CC-BY-2.0-FR	0.00	no	two-corpora	OpenSubtitles+Tatoeba
карамыйсыз	0	4	2	OpenSubtitles+Tatoeba	clean:CC-BY-2.0-FR	0.00	no	two-corpora	OpenSubtitles+Tatoeba
карарым	0	4	1	OpenSubtitles+Tatoeba	clean:CC-BY-2.0-FR	0.00	no	two-corpora	OpenSubtitles+Tatoeba
карын	0	4	3	OpenSubtitles+Tatoeba	clean:CC-BY-2.0-FR	0.00	no	two-corpora	OpenSubtitles+Tatoeba
киборг	0	4	1	OpenSubtitles+Tatoeba	clean:CC-BY-2.0-FR	0.33	no	two-corpora	OpenSubtitles+Tatoeba
киемнәрегезне	0	4	3	OpenSubtitles+Tatoeba	clean:CC-BY-2.0-FR	0.00	no	two-corpora	OpenSubtitles+Tatoeba
килештекме	0	4	1	OpenSubtitles+Tatoeba	clean:CC-BY-2.0-FR	0.00	no	two-corpora	OpenSubtitles+Tatoeba
килмәссең	0	4	2	OpenSubtitles+Tatoeba	clean:CC-BY-2.0-FR	0.00	no	two-corpora	OpenSubtitles+Tatoeba
киселдем	0	4	3	OpenSubtitles+Tatoeba	clean:CC-BY-2.0-FR	0.00	no	two-corpora	OpenSubtitles+Tatoeba
китмәдең	0	4	2	OpenSubtitles+Tatoeba	clean:CC-BY-2.0-FR	0.00	no	two-corpora	OpenSubtitles+Tatoeba
китмәссең	0	4	1	OpenSubtitles+Tatoeba	clean:CC-BY-2.0-FR	0.00	no	two-corpora	OpenSubtitles+Tatoeba
китмәсәң	0	4	1	OpenSubtitles+Tatoeba	clean:CC-BY-2.0-FR	0.00	no	two-corpora	OpenSubtitles+Tatoeba
китүегезне	0	4	2	OpenSubtitles+Tatoeba	clean:CC-BY-2.0-FR	0.00	no	two-corpora	OpenSubtitles+Tatoeba
китәсезме	0	4	1	OpenSubtitles+Tatoeba	clean:CC-BY-2.0-FR	0.00	no	two-corpora	OpenSubtitles+Tatoeba
койрыгында	0	4	1	OpenSubtitles+Tatoeba	clean:CC-BY-2.0-FR	0.00	no	two-corpora	OpenSubtitles+Tatoeba
колагым	0	4	2	OpenSubtitles+Tatoeba	clean:CC-BY-2.0-FR	0.00	no	two-corpora	OpenSubtitles+Tatoeba
комикслар	0	4	3	OpenSubtitles+Tatoeba	clean:CC-BY-2.0-FR	0.00	no	two-corpora	OpenSubtitles+Tatoeba
коточыргыч	0	4	1	OpenSubtitles+Tatoeba	clean:CC-BY-2.0-FR	0.00	no	two-corpora	OpenSubtitles+Tatoeba
кофеин	0	4	1	OpenSubtitles+Tatoeba	clean:CC-BY-2.0-FR	0.00	no	two-corpora	OpenSubtitles+Tatoeba
кузгал	0	4	2	OpenSubtitles+Tatoeba	clean:CC-BY-2.0-FR	0.00	no	two-corpora	OpenSubtitles+Tatoeba
кулландыңмы	0	4	1	OpenSubtitles+Tatoeba	clean:CC-BY-2.0-FR	0.00	no	two-corpora	OpenSubtitles+Tatoeba
кулчатырны	0	4	3	OpenSubtitles+Tatoeba	clean:CC-BY-2.0-FR	0.00	no	two-corpora	OpenSubtitles+Tatoeba
куркынычмы	0	4	2	OpenSubtitles+Tatoeba	clean:CC-BY-2.0-FR	0.00	no	two-corpora	OpenSubtitles+Tatoeba
курыкмыйсың	0	4	1	OpenSubtitles+Tatoeba	clean:CC-BY-2.0-FR	0.00	no	two-corpora	OpenSubtitles+Tatoeba
курыктыңмы	0	4	3	OpenSubtitles+Tatoeba	clean:CC-BY-2.0-FR	0.00	no	two-corpora	OpenSubtitles+Tatoeba
кызыңа	0	4	1	OpenSubtitles+Tatoeba	clean:CC-BY-2.0-FR	0.00	no	two-corpora	OpenSubtitles+Tatoeba
кыймылда	0	4	2	OpenSubtitles+Tatoeba	clean:CC-BY-2.0-FR	0.00	no	two-corpora	OpenSubtitles+Tatoeba
кыны	0	4	2	OpenSubtitles+Tatoeba	clean:CC-BY-2.0-FR	0.00	no	two-corpora	OpenSubtitles+Tatoeba
кырынганда	0	4	2	OpenSubtitles+Tatoeba	clean:CC-BY-2.0-FR	0.00	no	two-corpora	OpenSubtitles+Tatoeba
кырынырга	0	4	2	OpenSubtitles+Tatoeba	clean:CC-BY-2.0-FR	0.00	no	two-corpora	OpenSubtitles+Tatoeba
кычкырдың	0	4	1	OpenSubtitles+Tatoeba	clean:CC-BY-2.0-FR	0.00	no	two-corpora	OpenSubtitles+Tatoeba
кычкырмагыз	0	4	2	OpenSubtitles+Tatoeba	clean:CC-BY-2.0-FR	0.00	no	two-corpora	OpenSubtitles+Tatoeba
күкри	0	4	3	OpenSubtitles+Tatoeba	clean:CC-BY-2.0-FR	0.00	no	two-corpora	OpenSubtitles+Tatoeba
күрек	0	4	3	OpenSubtitles+Tatoeba	clean:CC-BY-2.0-FR	0.00	no	two-corpora	OpenSubtitles+Tatoeba
күрсәтәсеңме	0	4	1	OpenSubtitles+Tatoeba	clean:CC-BY-2.0-FR	0.00	no	two-corpora	OpenSubtitles+Tatoeba
күрүеңне	0	4	2	OpenSubtitles+Tatoeba	clean:CC-BY-2.0-FR	0.00	no	two-corpora	OpenSubtitles+Tatoeba
көзгене	0	4	1	OpenSubtitles+Tatoeba	clean:CC-BY-2.0-FR	0.00	no	two-corpora	OpenSubtitles+Tatoeba
көтсен	0	4	2	OpenSubtitles+Tatoeba	clean:CC-BY-2.0-FR	0.00	no	two-corpora	OpenSubtitles+Tatoeba
матурмы	0	4	3	OpenSubtitles+Tatoeba	clean:CC-BY-2.0-FR	0.00	no	two-corpora	OpenSubtitles+Tatoeba
минутың	0	4	2	OpenSubtitles+Tatoeba	clean:CC-BY-2.0-FR	0.00	no	two-corpora	OpenSubtitles+Tatoeba
мөнәсәбәтләрем	0	4	1	OpenSubtitles+Tatoeba	clean:CC-BY-2.0-FR	0.00	no	two-corpora	OpenSubtitles+Tatoeba
начарракмы	0	4	1	OpenSubtitles+Tatoeba	clean:CC-BY-2.0-FR	0.25	no	two-corpora	OpenSubtitles+Tatoeba
озатам	0	4	1	OpenSubtitles+Tatoeba	clean:CC-BY-2.0-FR	0.00	no	two-corpora	OpenSubtitles+Tatoeba
оныткандыр	0	4	3	OpenSubtitles+Tatoeba	clean:CC-BY-2.0-FR	0.00	no	two-corpora	OpenSubtitles+Tatoeba
онытмассың	0	4	1	OpenSubtitles+Tatoeba	clean:CC-BY-2.0-FR	0.00	no	two-corpora	OpenSubtitles+Tatoeba
очратканда	0	4	1	OpenSubtitles+Tatoeba	clean:CC-BY-2.0-FR	0.00	no	two-corpora	OpenSubtitles+Tatoeba
очраштыгызмы	0	4	3	OpenSubtitles+Tatoeba	clean:CC-BY-2.0-FR	0.00	no	two-corpora	OpenSubtitles+Tatoeba
очрашуың	0	4	1	OpenSubtitles+Tatoeba	clean:CC-BY-2.0-FR	0.00	no	two-corpora	OpenSubtitles+Tatoeba
пешерермен	0	4	2	OpenSubtitles+Tatoeba	clean:CC-BY-2.0-FR	0.00	no	two-corpora	OpenSubtitles+Tatoeba
проблемаларыңны	0	4	3	OpenSubtitles+Tatoeba	clean:CC-BY-2.0-FR	0.00	no	two-corpora	OpenSubtitles+Tatoeba
пычакларны	0	4	3	OpenSubtitles+Tatoeba	clean:CC-BY-2.0-FR	0.00	no	two-corpora	OpenSubtitles+Tatoeba
пәрдәләрне	0	4	3	OpenSubtitles+Tatoeba	clean:CC-BY-2.0-FR	0.00	no	two-corpora	OpenSubtitles+Tatoeba
радары	0	4	1	OpenSubtitles+Tatoeba	clean:CC-BY-2.0-FR	0.00	no	two-corpora	OpenSubtitles+Tatoeba
рәхәтме	0	4	2	OpenSubtitles+Tatoeba	clean:CC-BY-2.0-FR	0.00	no	two-corpora	OpenSubtitles+Tatoeba
сагынасыз	0	4	3	OpenSubtitles+Tatoeba	clean:CC-BY-2.0-FR	0.00	no	two-corpora	OpenSubtitles+Tatoeba
сайладыгызмы	0	4	1	OpenSubtitles+Tatoeba	clean:CC-BY-2.0-FR	0.00	no	two-corpora	OpenSubtitles+Tatoeba
сакалыңны	0	4	3	OpenSubtitles+Tatoeba	clean:CC-BY-2.0-FR	0.00	no	two-corpora	OpenSubtitles+Tatoeba
санакларны	0	4	2	OpenSubtitles+Tatoeba	clean:CC-BY-2.0-FR	0.00	no	two-corpora	OpenSubtitles+Tatoeba
сатасыз	0	4	1	OpenSubtitles+Tatoeba	clean:CC-BY-2.0-FR	0.00	no	two-corpora	OpenSubtitles+Tatoeba
серемне	0	4	2	OpenSubtitles+Tatoeba	clean:CC-BY-2.0-FR	0.00	no	two-corpora	OpenSubtitles+Tatoeba
сиздеңме	0	4	2	OpenSubtitles+Tatoeba	clean:CC-BY-2.0-FR	0.00	no	two-corpora	OpenSubtitles+Tatoeba
сорадыгызмы	0	4	2	OpenSubtitles+Tatoeba	clean:CC-BY-2.0-FR	0.00	no	two-corpora	OpenSubtitles+Tatoeba
сорыйсыз	0	4	1	OpenSubtitles+Tatoeba	clean:CC-BY-2.0-FR	0.00	no	two-corpora	OpenSubtitles+Tatoeba
сузма	0	4	3	OpenSubtitles+Tatoeba	clean:CC-BY-2.0-FR	0.00	no	two-corpora	OpenSubtitles+Tatoeba
суктым	0	4	1	OpenSubtitles+Tatoeba	clean:CC-BY-2.0-FR	0.00	no	two-corpora	OpenSubtitles+Tatoeba
сулыймы	0	4	1	OpenSubtitles+Tatoeba	clean:CC-BY-2.0-FR	0.00	no	two-corpora	OpenSubtitles+Tatoeba
сызгырды	0	4	3	OpenSubtitles+Tatoeba	clean:CC-BY-2.0-FR	0.00	no	two-corpora	OpenSubtitles+Tatoeba
сыйланыгыз	0	4	3	OpenSubtitles+Tatoeba	clean:CC-BY-2.0-FR	0.00	no	two-corpora	OpenSubtitles+Tatoeba
сыртлы	0	4	1	OpenSubtitles+Tatoeba	clean:CC-BY-2.0-FR	0.00	no	two-corpora	OpenSubtitles+Tatoeba
сүндермә	0	4	2	OpenSubtitles+Tatoeba	clean:CC-BY-2.0-FR	0.25	no	two-corpora	OpenSubtitles+Tatoeba
сәгатегез	0	4	2	OpenSubtitles+Tatoeba	clean:CC-BY-2.0-FR	0.00	no	two-corpora	OpenSubtitles+Tatoeba
сөйләвеңне	0	4	3	OpenSubtitles+Tatoeba	clean:CC-BY-2.0-FR	0.00	no	two-corpora	OpenSubtitles+Tatoeba
сөйләшкәнеңне	0	4	1	OpenSubtitles+Tatoeba	clean:CC-BY-2.0-FR	0.00	no	two-corpora	OpenSubtitles+Tatoeba
сөйләшмәделәр	0	4	3	OpenSubtitles+Tatoeba	clean:CC-BY-2.0-FR	0.00	no	two-corpora	OpenSubtitles+Tatoeba
сөйләшүеңне	0	4	2	OpenSubtitles+Tatoeba	clean:CC-BY-2.0-FR	0.00	no	two-corpora	OpenSubtitles+Tatoeba
тапканнарын	0	4	2	OpenSubtitles+Tatoeba	clean:CC-BY-2.0-FR	0.00	no	two-corpora	OpenSubtitles+Tatoeba
тартасыңмы	0	4	1	OpenSubtitles+Tatoeba	clean:CC-BY-2.0-FR	0.00	no	two-corpora	OpenSubtitles+Tatoeba
тартмам	0	4	1	OpenSubtitles+Tatoeba	clean:CC-BY-2.0-FR	0.00	no	two-corpora	OpenSubtitles+Tatoeba
тартынмагыз	0	4	3	OpenSubtitles+Tatoeba	clean:CC-BY-2.0-FR	0.00	no	two-corpora	OpenSubtitles+Tatoeba
тартышы	0	4	1	OpenSubtitles+Tatoeba	clean:CC-BY-2.0-FR	0.00	no	two-corpora	OpenSubtitles+Tatoeba
теккәндә	0	4	1	OpenSubtitles+Tatoeba	clean:CC-BY-2.0-FR	0.00	no	two-corpora	OpenSubtitles+Tatoeba
теләвеңә	0	4	2	OpenSubtitles+Tatoeba	clean:CC-BY-2.0-FR	0.00	no	two-corpora	OpenSubtitles+Tatoeba
тизәккә	0	4	2	OpenSubtitles+Tatoeba	clean:CC-BY-2.0-FR	0.00	no	two-corpora	OpenSubtitles+Tatoeba
туганыңны	0	4	2	OpenSubtitles+Tatoeba	clean:CC-BY-2.0-FR	0.00	no	two-corpora	OpenSubtitles+Tatoeba
туегыз	0	4	1	OpenSubtitles+Tatoeba	clean:CC-BY-2.0-FR	0.00	no	two-corpora	OpenSubtitles+Tatoeba
туктадыгыз	0	4	2	OpenSubtitles+Tatoeba	clean:CC-BY-2.0-FR	0.00	no	two-corpora	OpenSubtitles+Tatoeba
туктадымы	0	4	1	OpenSubtitles+Tatoeba	clean:CC-BY-2.0-FR	0.00	no	two-corpora	OpenSubtitles+Tatoeba
туктатмасаң	0	4	1	OpenSubtitles+Tatoeba	clean:CC-BY-2.0-FR	0.00	no	two-corpora	OpenSubtitles+Tatoeba
тыкшынма	0	4	3	OpenSubtitles+Tatoeba	clean:CC-BY-2.0-FR	0.00	no	two-corpora	OpenSubtitles+Tatoeba
тынычланабыз	0	4	1	OpenSubtitles+Tatoeba	clean:CC-BY-2.0-FR	0.00	no	two-corpora	OpenSubtitles+Tatoeba
тырышмаска	0	4	2	OpenSubtitles+Tatoeba	clean:CC-BY-2.0-FR	0.00	no	two-corpora	OpenSubtitles+Tatoeba
тычканнарны	0	4	3	OpenSubtitles+Tatoeba	clean:CC-BY-2.0-FR	0.00	no	two-corpora	OpenSubtitles+Tatoeba
тыңламагыз	0	4	2	OpenSubtitles+Tatoeba	clean:CC-BY-2.0-FR	0.00	no	two-corpora	OpenSubtitles+Tatoeba
тыңлармын	0	4	1	OpenSubtitles+Tatoeba	clean:CC-BY-2.0-FR	0.00	no	two-corpora	OpenSubtitles+Tatoeba
төшмә	0	4	2	OpenSubtitles+Tatoeba	clean:CC-BY-2.0-FR	0.00	no	two-corpora	OpenSubtitles+Tatoeba
уйларсыз	0	4	1	OpenSubtitles+Tatoeba	clean:CC-BY-2.0-FR	0.00	no	two-corpora	OpenSubtitles+Tatoeba
уйлыйммы	0	4	1	OpenSubtitles+Tatoeba	clean:CC-BY-2.0-FR	0.00	no	two-corpora	OpenSubtitles+Tatoeba
уйныйсызмы	0	4	3	OpenSubtitles+Tatoeba	clean:CC-BY-2.0-FR	0.00	no	two-corpora	OpenSubtitles+Tatoeba
укытучымы	0	4	3	OpenSubtitles+Tatoeba	clean:CC-BY-2.0-FR	0.00	no	two-corpora	OpenSubtitles+Tatoeba
укыячакмын	0	4	2	OpenSubtitles+Tatoeba	clean:CC-BY-2.0-FR	0.00	no	two-corpora	OpenSubtitles+Tatoeba
утырдыгыз	0	4	1	OpenSubtitles+Tatoeba	clean:CC-BY-2.0-FR	0.00	no	two-corpora	OpenSubtitles+Tatoeba
утырттың	0	4	2	OpenSubtitles+Tatoeba	clean:CC-BY-2.0-FR	0.00	no	two-corpora	OpenSubtitles+Tatoeba
уянасың	0	4	1	OpenSubtitles+Tatoeba	clean:CC-BY-2.0-FR	0.00	no	two-corpora	OpenSubtitles+Tatoeba
уяндымы	0	4	1	OpenSubtitles+Tatoeba	clean:CC-BY-2.0-FR	0.00	no	two-corpora	OpenSubtitles+Tatoeba
уяттым	0	4	1	OpenSubtitles+Tatoeba	clean:CC-BY-2.0-FR	0.00	no	two-corpora	OpenSubtitles+Tatoeba
файлларын	0	4	1	OpenSubtitles+Tatoeba	clean:CC-BY-2.0-FR	0.00	no	two-corpora	OpenSubtitles+Tatoeba
хатамны	0	4	2	OpenSubtitles+Tatoeba	clean:CC-BY-2.0-FR	0.00	no	two-corpora	OpenSubtitles+Tatoeba
хатаң	0	4	2	OpenSubtitles+Tatoeba	clean:CC-BY-2.0-FR	0.00	no	two-corpora	OpenSubtitles+Tatoeba
хатыныгызга	0	4	1	OpenSubtitles+Tatoeba	clean:CC-BY-2.0-FR	0.00	no	two-corpora	OpenSubtitles+Tatoeba
хәтерләтәсең	0	4	1	OpenSubtitles+Tatoeba	clean:CC-BY-2.0-FR	0.00	no	two-corpora	OpenSubtitles+Tatoeba
чарам	0	4	3	OpenSubtitles+Tatoeba	clean:CC-BY-2.0-FR	0.00	no	two-corpora	OpenSubtitles+Tatoeba
чемоданымны	0	4	2	OpenSubtitles+Tatoeba	clean:CC-BY-2.0-FR	0.00	no	two-corpora	OpenSubtitles+Tatoeba
читлекне	0	4	1	OpenSubtitles+Tatoeba	clean:CC-BY-2.0-FR	0.00	no	two-corpora	OpenSubtitles+Tatoeba
чум	0	4	2	OpenSubtitles+Tatoeba	clean:CC-BY-2.0-FR	0.00	no	two-corpora	OpenSubtitles+Tatoeba
чыкмыйсың	0	4	1	OpenSubtitles+Tatoeba	clean:CC-BY-2.0-FR	0.00	no	two-corpora	OpenSubtitles+Tatoeba
шалтыратмагыз	0	4	2	OpenSubtitles+Tatoeba	clean:CC-BY-2.0-FR	0.00	no	two-corpora	OpenSubtitles+Tatoeba
шалтыратырсың	0	4	2	OpenSubtitles+Tatoeba	clean:CC-BY-2.0-FR	0.00	no	two-corpora	OpenSubtitles+Tatoeba
шарлавыгы	0	4	1	OpenSubtitles+Tatoeba	clean:CC-BY-2.0-FR	0.00	no	two-corpora	OpenSubtitles+Tatoeba
шаяртуны	0	4	3	OpenSubtitles+Tatoeba	clean:CC-BY-2.0-FR	0.00	no	two-corpora	OpenSubtitles+Tatoeba
ыргытыгыз	0	4	2	OpenSubtitles+Tatoeba	clean:CC-BY-2.0-FR	0.00	no	two-corpora	OpenSubtitles+Tatoeba
эзлик	0	4	1	OpenSubtitles+Tatoeba	clean:CC-BY-2.0-FR	0.00	no	two-corpora	OpenSubtitles+Tatoeba
эзләгәнен	0	4	2	OpenSubtitles+Tatoeba	clean:CC-BY-2.0-FR	0.00	no	two-corpora	OpenSubtitles+Tatoeba
эзләгәнеңне	0	4	3	OpenSubtitles+Tatoeba	clean:CC-BY-2.0-FR	0.00	no	two-corpora	OpenSubtitles+Tatoeba
эзләмим	0	4	1	OpenSubtitles+Tatoeba	clean:CC-BY-2.0-FR	0.00	no	two-corpora	OpenSubtitles+Tatoeba
элдем	0	4	2	OpenSubtitles+Tatoeba	clean:CC-BY-2.0-FR	0.00	no	two-corpora	OpenSubtitles+Tatoeba
эчемдә	0	4	2	OpenSubtitles+Tatoeba	clean:CC-BY-2.0-FR	0.00	no	two-corpora	OpenSubtitles+Tatoeba
эчтеңме	0	4	1	OpenSubtitles+Tatoeba	clean:CC-BY-2.0-FR	0.00	no	two-corpora	OpenSubtitles+Tatoeba
эшләмәдегез	0	4	2	OpenSubtitles+Tatoeba	clean:CC-BY-2.0-FR	0.00	no	two-corpora	OpenSubtitles+Tatoeba
эшләмәячәкбез	0	4	3	OpenSubtitles+Tatoeba	clean:CC-BY-2.0-FR	0.00	no	two-corpora	OpenSubtitles+Tatoeba
эшләячәксеңме	0	4	1	OpenSubtitles+Tatoeba	clean:CC-BY-2.0-FR	0.00	no	two-corpora	OpenSubtitles+Tatoeba
юлбарысны	0	4	2	OpenSubtitles+Tatoeba	clean:CC-BY-2.0-FR	0.00	no	two-corpora	OpenSubtitles+Tatoeba
юын	0	4	2	OpenSubtitles+Tatoeba	clean:CC-BY-2.0-FR	0.00	no	two-corpora	OpenSubtitles+Tatoeba
ябалактан	0	4	3	OpenSubtitles+Tatoeba	clean:CC-BY-2.0-FR	0.00	no	two-corpora	OpenSubtitles+Tatoeba
ябыкты	0	4	3	OpenSubtitles+Tatoeba	clean:CC-BY-2.0-FR	0.00	no	two-corpora	OpenSubtitles+Tatoeba
ягың	0	4	1	OpenSubtitles+Tatoeba	clean:CC-BY-2.0-FR	0.00	no	two-corpora	OpenSubtitles+Tatoeba
яндырдым	0	4	1	OpenSubtitles+Tatoeba	clean:CC-BY-2.0-FR	0.00	no	two-corpora	OpenSubtitles+Tatoeba
япмаган	0	4	2	OpenSubtitles+Tatoeba	clean:CC-BY-2.0-FR	0.00	no	two-corpora	OpenSubtitles+Tatoeba
яптың	0	4	2	OpenSubtitles+Tatoeba	clean:CC-BY-2.0-FR	0.00	no	two-corpora	OpenSubtitles+Tatoeba
ярам	0	4	1	OpenSubtitles+Tatoeba	clean:CC-BY-2.0-FR	0.00	no	two-corpora	OpenSubtitles+Tatoeba
яратмыйсыз	0	4	3	OpenSubtitles+Tatoeba	clean:CC-BY-2.0-FR	0.00	no	two-corpora	OpenSubtitles+Tatoeba
яраттың	0	4	1	OpenSubtitles+Tatoeba	clean:CC-BY-2.0-FR	0.00	no	two-corpora	OpenSubtitles+Tatoeba
яхшыракны	0	4	2	OpenSubtitles+Tatoeba	clean:CC-BY-2.0-FR	0.00	no	two-corpora	OpenSubtitles+Tatoeba
яшерәсез	0	4	1	OpenSubtitles+Tatoeba	clean:CC-BY-2.0-FR	0.00	no	two-corpora	OpenSubtitles+Tatoeba
җайладым	0	4	1	OpenSubtitles+Tatoeba	clean:CC-BY-2.0-FR	0.00	no	two-corpora	OpenSubtitles+Tatoeba
җимерелгәнче	0	4	1	OpenSubtitles+Tatoeba	clean:CC-BY-2.0-FR	0.00	no	two-corpora	OpenSubtitles+Tatoeba
җитдиме	0	4	1	OpenSubtitles+Tatoeba	clean:CC-BY-2.0-FR	0.00	no	two-corpora	OpenSubtitles+Tatoeba
җиңсәң	0	4	1	OpenSubtitles+Tatoeba	clean:CC-BY-2.0-FR	0.00	no	two-corpora	OpenSubtitles+Tatoeba
җыенмадым	0	4	3	OpenSubtitles+Tatoeba	clean:CC-BY-2.0-FR	0.00	no	two-corpora	OpenSubtitles+Tatoeba
үзгәрттең	0	4	1	OpenSubtitles+Tatoeba	clean:CC-BY-2.0-FR	0.00	no	two-corpora	OpenSubtitles+Tatoeba
үлегез	0	4	1	OpenSubtitles+Tatoeba	clean:CC-BY-2.0-FR	0.00	no	two-corpora	OpenSubtitles+Tatoeba
үлүдән	0	4	2	OpenSubtitles+Tatoeba	clean:CC-BY-2.0-FR	0.00	no	two-corpora	OpenSubtitles+Tatoeba
үпкән	0	4	2	OpenSubtitles+Tatoeba	clean:CC-BY-2.0-FR	0.00	no	two-corpora	OpenSubtitles+Tatoeba
үптем	0	4	2	OpenSubtitles+Tatoeba	clean:CC-BY-2.0-FR	0.00	no	two-corpora	OpenSubtitles+Tatoeba
үптең	0	4	3	OpenSubtitles+Tatoeba	clean:CC-BY-2.0-FR	0.00	no	two-corpora	OpenSubtitles+Tatoeba
үстең	0	4	2	OpenSubtitles+Tatoeba	clean:CC-BY-2.0-FR	0.00	no	two-corpora	OpenSubtitles+Tatoeba
үтерербез	0	4	1	OpenSubtitles+Tatoeba	clean:CC-BY-2.0-FR	0.00	no	two-corpora	OpenSubtitles+Tatoeba
үтерәчәкбез	0	4	2	OpenSubtitles+Tatoeba	clean:CC-BY-2.0-FR	0.00	no	two-corpora	OpenSubtitles+Tatoeba
үткәрсәм	0	4	1	OpenSubtitles+Tatoeba	clean:CC-BY-2.0-FR	0.00	no	two-corpora	OpenSubtitles+Tatoeba
әйтергәме	0	4	2	OpenSubtitles+Tatoeba	clean:CC-BY-2.0-FR	0.00	no	two-corpora	OpenSubtitles+Tatoeba
әйткәнең	0	4	3	OpenSubtitles+Tatoeba	clean:CC-BY-2.0-FR	0.00	no	two-corpora	OpenSubtitles+Tatoeba
әрәмтамаклар	0	4	2	OpenSubtitles+Tatoeba	clean:CC-BY-2.0-FR	0.00	no	two-corpora	OpenSubtitles+Tatoeba
өйрәндегез	0	4	3	OpenSubtitles+Tatoeba	clean:CC-BY-2.0-FR	0.00	no	two-corpora	OpenSubtitles+Tatoeba
өлгерермен	0	4	3	OpenSubtitles+Tatoeba	clean:CC-BY-2.0-FR	0.00	no	two-corpora	OpenSubtitles+Tatoeba
өрәкле	0	4	1	OpenSubtitles+Tatoeba	clean:CC-BY-2.0-FR	0.00	no	two-corpora	OpenSubtitles+Tatoeba
агулаган	0	3	1	OpenSubtitles+Tatoeba	clean:CC-BY-2.0-FR	0.00	no	two-corpora	OpenSubtitles+Tatoeba
агулады	0	3	2	OpenSubtitles+Tatoeba	clean:CC-BY-2.0-FR	0.00	no	two-corpora	OpenSubtitles+Tatoeba
айбалта	0	3	1	OpenSubtitles+Tatoeba	clean:CC-BY-2.0-FR	0.00	no	two-corpora	OpenSubtitles+Tatoeba
акылымны	0	3	1	OpenSubtitles+Tatoeba	clean:CC-BY-2.0-FR	0.00	no	two-corpora	OpenSubtitles+Tatoeba
акырырга	0	3	2	OpenSubtitles+Tatoeba	clean:CC-BY-2.0-FR	0.00	no	two-corpora	OpenSubtitles+Tatoeba
алдаганымны	0	3	1	OpenSubtitles+Tatoeba	clean:CC-BY-2.0-FR	0.00	no	two-corpora	OpenSubtitles+Tatoeba
алдаганын	0	3	1	OpenSubtitles+Tatoeba	clean:CC-BY-2.0-FR	0.00	no	two-corpora	OpenSubtitles+Tatoeba
алекстан	0	3	2	OpenSubtitles+Tatoeba	clean:CC-BY-2.0-FR	0.00	no	two-corpora	OpenSubtitles+Tatoeba
алиби	0	3	1	OpenSubtitles+Tatoeba	clean:CC-BY-2.0-FR	0.00	no	two-corpora	OpenSubtitles+Tatoeba
алкышлагыз	0	3	2	OpenSubtitles+Tatoeba	clean:CC-BY-2.0-FR	0.00	no	two-corpora	OpenSubtitles+Tatoeba
алыштырдың	0	3	1	OpenSubtitles+Tatoeba	clean:CC-BY-2.0-FR	0.00	no	two-corpora	OpenSubtitles+Tatoeba
апагызны	0	3	2	OpenSubtitles+Tatoeba	clean:CC-BY-2.0-FR	0.00	no	two-corpora	OpenSubtitles+Tatoeba
апаңның	0	3	1	OpenSubtitles+Tatoeba	clean:CC-BY-2.0-FR	0.00	no	two-corpora	OpenSubtitles+Tatoeba
астыгызга	0	3	2	OpenSubtitles+Tatoeba	clean:CC-BY-2.0-FR	0.00	no	two-corpora	OpenSubtitles+Tatoeba
атамагыз	0	3	2	OpenSubtitles+Tatoeba	clean:CC-BY-2.0-FR	0.00	no	two-corpora	OpenSubtitles+Tatoeba
атамы	0	3	1	OpenSubtitles+Tatoeba	clean:CC-BY-2.0-FR	0.00	no	two-corpora	OpenSubtitles+Tatoeba
ахмакмы	0	3	2	OpenSubtitles+Tatoeba	clean:CC-BY-2.0-FR	0.00	no	two-corpora	OpenSubtitles+Tatoeba
ахырың	0	3	1	OpenSubtitles+Tatoeba	clean:CC-BY-2.0-FR	0.00	no	two-corpora	OpenSubtitles+Tatoeba
ачасызмы	0	3	1	OpenSubtitles+Tatoeba	clean:CC-BY-2.0-FR	0.00	no	two-corpora	OpenSubtitles+Tatoeba
ачуланмыйм	0	3	2	OpenSubtitles+Tatoeba	clean:CC-BY-2.0-FR	0.00	no	two-corpora	OpenSubtitles+Tatoeba
ашаттык	0	3	1	OpenSubtitles+Tatoeba	clean:CC-BY-2.0-FR	0.00	no	two-corpora	OpenSubtitles+Tatoeba
аюларның	0	3	1	OpenSubtitles+Tatoeba	clean:CC-BY-2.0-FR	0.00	no	two-corpora	OpenSubtitles+Tatoeba
бакага	0	3	2	OpenSubtitles+Tatoeba	clean:CC-BY-2.0-FR	0.00	no	two-corpora	OpenSubtitles+Tatoeba
бакырны	0	3	2	OpenSubtitles+Tatoeba	clean:CC-BY-2.0-FR	0.00	no	two-corpora	OpenSubtitles+Tatoeba
баламы	0	3	1	OpenSubtitles+Tatoeba	clean:CC-BY-2.0-FR	0.00	no	two-corpora	OpenSubtitles+Tatoeba
балтага	0	3	1	OpenSubtitles+Tatoeba	clean:CC-BY-2.0-FR	0.00	no	two-corpora	OpenSubtitles+Tatoeba
барганыбызны	0	3	1	OpenSubtitles+Tatoeba	clean:CC-BY-2.0-FR	0.00	no	two-corpora	OpenSubtitles+Tatoeba
бармагына	0	3	1	OpenSubtitles+Tatoeba	clean:CC-BY-2.0-FR	0.00	no	two-corpora	OpenSubtitles+Tatoeba
бармагыңны	0	3	2	OpenSubtitles+Tatoeba	clean:CC-BY-2.0-FR	0.00	no	two-corpora	OpenSubtitles+Tatoeba
бассагыз	0	3	1	OpenSubtitles+Tatoeba	clean:CC-BY-2.0-FR	0.00	no	two-corpora	OpenSubtitles+Tatoeba
бат	0	3	2	OpenSubtitles+Tatoeba	clean:CC-BY-2.0-FR	0.00	no	two-corpora	OpenSubtitles+Tatoeba
башландымы	0	3	1	OpenSubtitles+Tatoeba	clean:CC-BY-2.0-FR	0.00	no	two-corpora	OpenSubtitles+Tatoeba
башыгызда	0	3	2	OpenSubtitles+Tatoeba	clean:CC-BY-2.0-FR	0.00	no	two-corpora	OpenSubtitles+Tatoeba
белгәнең	0	3	1	OpenSubtitles+Tatoeba	clean:CC-BY-2.0-FR	0.00	no	two-corpora	OpenSubtitles+Tatoeba
белгәннәрдән	0	3	1	OpenSubtitles+Tatoeba	clean:CC-BY-2.0-FR	0.00	no	two-corpora	OpenSubtitles+Tatoeba
беләмсең	0	3	1	OpenSubtitles+Tatoeba	clean:CC-BY-2.0-FR	0.00	no	two-corpora	OpenSubtitles+Tatoeba
бета	0	3	1	OpenSubtitles+Tatoeba	clean:CC-BY-2.0-FR	0.33	no	two-corpora	OpenSubtitles+Tatoeba
бетешкән	0	3	2	OpenSubtitles+Tatoeba	clean:CC-BY-2.0-FR	0.00	no	two-corpora	OpenSubtitles+Tatoeba
беткәнсең	0	3	1	OpenSubtitles+Tatoeba	clean:CC-BY-2.0-FR	0.00	no	two-corpora	OpenSubtitles+Tatoeba
бизәдем	0	3	2	OpenSubtitles+Tatoeba	clean:CC-BY-2.0-FR	0.00	no	two-corpora	OpenSubtitles+Tatoeba
билетым	0	3	2	OpenSubtitles+Tatoeba	clean:CC-BY-2.0-FR	0.00	no	two-corpora	OpenSubtitles+Tatoeba
бинар	0	3	2	OpenSubtitles+Tatoeba	clean:CC-BY-2.0-FR	0.00	no	two-corpora	OpenSubtitles+Tatoeba
биргәнемне	0	3	2	OpenSubtitles+Tatoeba	clean:CC-BY-2.0-FR	0.00	no	two-corpora	OpenSubtitles+Tatoeba
биргәнең	0	3	2	OpenSubtitles+Tatoeba	clean:CC-BY-2.0-FR	0.00	no	two-corpora	OpenSubtitles+Tatoeba
бирелмә	0	3	2	OpenSubtitles+Tatoeba	clean:CC-BY-2.0-FR	0.00	no	two-corpora	OpenSubtitles+Tatoeba
бирмәссең	0	3	1	OpenSubtitles+Tatoeba	clean:CC-BY-2.0-FR	0.00	no	two-corpora	OpenSubtitles+Tatoeba
битең	0	3	1	OpenSubtitles+Tatoeba	clean:CC-BY-2.0-FR	0.00	no	two-corpora	OpenSubtitles+Tatoeba
богаулардан	0	3	1	OpenSubtitles+Tatoeba	clean:CC-BY-2.0-FR	0.00	no	two-corpora	OpenSubtitles+Tatoeba
борсаң	0	3	1	OpenSubtitles+Tatoeba	clean:CC-BY-2.0-FR	0.00	no	two-corpora	OpenSubtitles+Tatoeba
борчыласыз	0	3	1	OpenSubtitles+Tatoeba	clean:CC-BY-2.0-FR	0.00	no	two-corpora	OpenSubtitles+Tatoeba
борылабыз	0	3	2	OpenSubtitles+Tatoeba	clean:CC-BY-2.0-FR	0.00	no	two-corpora	OpenSubtitles+Tatoeba
букка	0	3	2	OpenSubtitles+Tatoeba	clean:CC-BY-2.0-FR	0.00	no	two-corpora	OpenSubtitles+Tatoeba
букчамда	0	3	1	OpenSubtitles+Tatoeba	clean:CC-BY-2.0-FR	0.00	no	two-corpora	OpenSubtitles+Tatoeba
булмаганыңны	0	3	1	OpenSubtitles+Tatoeba	clean:CC-BY-2.0-FR	0.00	no	two-corpora	OpenSubtitles+Tatoeba
булырсыңмы	0	3	2	OpenSubtitles+Tatoeba	clean:CC-BY-2.0-FR	0.00	no	two-corpora	OpenSubtitles+Tatoeba
булыштымы	0	3	1	OpenSubtitles+Tatoeba	clean:CC-BY-2.0-FR	0.00	no	two-corpora	OpenSubtitles+Tatoeba
булыштыңмы	0	3	1	OpenSubtitles+Tatoeba	clean:CC-BY-2.0-FR	0.00	no	two-corpora	OpenSubtitles+Tatoeba
булышыйммы	0	3	1	OpenSubtitles+Tatoeba	clean:CC-BY-2.0-FR	0.00	no	two-corpora	OpenSubtitles+Tatoeba
бурсыкны	0	3	1	OpenSubtitles+Tatoeba	clean:CC-BY-2.0-FR	0.00	no	two-corpora	OpenSubtitles+Tatoeba
бутербродлар	0	3	2	OpenSubtitles+Tatoeba	clean:CC-BY-2.0-FR	0.00	no	two-corpora	OpenSubtitles+Tatoeba
бүлмәң	0	3	1	OpenSubtitles+Tatoeba	clean:CC-BY-2.0-FR	0.00	no	two-corpora	OpenSubtitles+Tatoeba
бүрәнкә	0	3	1	OpenSubtitles+Tatoeba	clean:CC-BY-2.0-FR	0.00	no	two-corpora	OpenSubtitles+Tatoeba
бүтәнгә	0	3	1	OpenSubtitles+Tatoeba	clean:CC-BY-2.0-FR	0.00	no	two-corpora	OpenSubtitles+Tatoeba
бәхәсләшмәгез	0	3	1	OpenSubtitles+Tatoeba	clean:CC-BY-2.0-FR	0.00	no	two-corpora	OpenSubtitles+Tatoeba
бөҗәкне	0	3	1	OpenSubtitles+Tatoeba	clean:CC-BY-2.0-FR	0.00	no	two-corpora	OpenSubtitles+Tatoeba
ваттыңмы	0	3	2	OpenSubtitles+Tatoeba	clean:CC-BY-2.0-FR	0.00	no	two-corpora	OpenSubtitles+Tatoeba
верандада	0	3	2	OpenSubtitles+Tatoeba	clean:CC-BY-2.0-FR	0.00	no	two-corpora	OpenSubtitles+Tatoeba
гаепләнәсез	0	3	1	OpenSubtitles+Tatoeba	clean:CC-BY-2.0-FR	0.00	no	two-corpora	OpenSubtitles+Tatoeba
гаҗәпләнмәдем	0	3	1	OpenSubtitles+Tatoeba	clean:CC-BY-2.0-FR	0.00	no	two-corpora	OpenSubtitles+Tatoeba
гаҗәпләнмәс	0	3	2	OpenSubtitles+Tatoeba	clean:CC-BY-2.0-FR	0.00	no	two-corpora	OpenSubtitles+Tatoeba
гитараңны	0	3	1	OpenSubtitles+Tatoeba	clean:CC-BY-2.0-FR	0.00	no	two-corpora	OpenSubtitles+Tatoeba
гөнаһмы	0	3	1	OpenSubtitles+Tatoeba	clean:CC-BY-2.0-FR	0.00	no	two-corpora	OpenSubtitles+Tatoeba
дигәнемне	0	3	1	OpenSubtitles+Tatoeba	clean:CC-BY-2.0-FR	0.00	no	two-corpora	OpenSubtitles+Tatoeba
дәртне	0	3	2	OpenSubtitles+Tatoeba	clean:CC-BY-2.0-FR	0.00	no	two-corpora	OpenSubtitles+Tatoeba
дәш	0	3	1	OpenSubtitles+Tatoeba	clean:CC-BY-2.0-FR	0.00	no	two-corpora	OpenSubtitles+Tatoeba
дәшмәгез	0	3	2	OpenSubtitles+Tatoeba	clean:CC-BY-2.0-FR	0.00	no	two-corpora	OpenSubtitles+Tatoeba
егылма	0	3	1	OpenSubtitles+Tatoeba	clean:CC-BY-2.0-FR	0.00	no	two-corpora	OpenSubtitles+Tatoeba
еламагыз	0	3	2	OpenSubtitles+Tatoeba	clean:CC-BY-2.0-FR	0.00	no	two-corpora	OpenSubtitles+Tatoeba
елмайганын	0	3	2	OpenSubtitles+Tatoeba	clean:CC-BY-2.0-FR	0.00	no	two-corpora	OpenSubtitles+Tatoeba
ерттым	0	3	1	OpenSubtitles+Tatoeba	clean:CC-BY-2.0-FR	0.00	no	two-corpora	OpenSubtitles+Tatoeba
зарланма	0	3	2	OpenSubtitles+Tatoeba	clean:CC-BY-2.0-FR	0.00	no	two-corpora	OpenSubtitles+Tatoeba
зиначы	0	3	1	OpenSubtitles+Tatoeba	clean:CC-BY-2.0-FR	0.00	no	two-corpora	OpenSubtitles+Tatoeba
зоопарктан	0	3	2	OpenSubtitles+Tatoeba	clean:CC-BY-2.0-FR	0.00	no	two-corpora	OpenSubtitles+Tatoeba
имчегә	0	3	1	OpenSubtitles+Tatoeba	clean:CC-BY-2.0-FR	0.00	no	two-corpora	OpenSubtitles+Tatoeba
имчеләр	0	3	1	OpenSubtitles+Tatoeba	clean:CC-BY-2.0-FR	0.00	no	two-corpora	OpenSubtitles+Tatoeba
инерт	0	3	1	OpenSubtitles+Tatoeba	clean:CC-BY-2.0-FR	0.00	no	two-corpora	OpenSubtitles+Tatoeba
инстинктив	0	3	2	OpenSubtitles+Tatoeba	clean:CC-BY-2.0-FR	0.00	no	two-corpora	OpenSubtitles+Tatoeba
исемнәребезне	0	3	2	OpenSubtitles+Tatoeba	clean:CC-BY-2.0-FR	0.00	no	two-corpora	OpenSubtitles+Tatoeba
иснә	0	3	1	OpenSubtitles+Tatoeba	clean:CC-BY-2.0-FR	0.00	no	two-corpora	OpenSubtitles+Tatoeba
истерия	0	3	1	OpenSubtitles+Tatoeba	clean:CC-BY-2.0-FR	0.00	no	two-corpora	OpenSubtitles+Tatoeba
итмәдеме	0	3	1	OpenSubtitles+Tatoeba	clean:CC-BY-2.0-FR	0.00	no	two-corpora	OpenSubtitles+Tatoeba
итмәссезме	0	3	2	OpenSubtitles+Tatoeba	clean:CC-BY-2.0-FR	0.00	no	two-corpora	OpenSubtitles+Tatoeba
ишетмәгәнгә	0	3	2	OpenSubtitles+Tatoeba	clean:CC-BY-2.0-FR	0.00	no	two-corpora	OpenSubtitles+Tatoeba
иярүдән	0	3	1	OpenSubtitles+Tatoeba	clean:CC-BY-2.0-FR	0.00	no	two-corpora	OpenSubtitles+Tatoeba
йоклагыз	0	3	2	OpenSubtitles+Tatoeba	clean:CC-BY-2.0-FR	0.00	no	two-corpora	OpenSubtitles+Tatoeba
йокламыйсың	0	3	1	OpenSubtitles+Tatoeba	clean:CC-BY-2.0-FR	0.00	no	two-corpora	OpenSubtitles+Tatoeba
йокларсың	0	3	1	OpenSubtitles+Tatoeba	clean:CC-BY-2.0-FR	0.00	no	two-corpora	OpenSubtitles+Tatoeba
йокласаң	0	3	2	OpenSubtitles+Tatoeba	clean:CC-BY-2.0-FR	0.00	no	two-corpora	OpenSubtitles+Tatoeba
йоклатырга	0	3	1	OpenSubtitles+Tatoeba	clean:CC-BY-2.0-FR	0.00	no	two-corpora	OpenSubtitles+Tatoeba
йолырга	0	3	1	OpenSubtitles+Tatoeba	clean:CC-BY-2.0-FR	0.00	no	two-corpora	OpenSubtitles+Tatoeba
йортыгызмы	0	3	1	OpenSubtitles+Tatoeba	clean:CC-BY-2.0-FR	0.00	no	two-corpora	OpenSubtitles+Tatoeba
йөгердең	0	3	1	OpenSubtitles+Tatoeba	clean:CC-BY-2.0-FR	0.00	no	two-corpora	OpenSubtitles+Tatoeba
йөгердеңме	0	3	2	OpenSubtitles+Tatoeba	clean:CC-BY-2.0-FR	0.00	no	two-corpora	OpenSubtitles+Tatoeba
йөртүчем	0	3	1	OpenSubtitles+Tatoeba	clean:CC-BY-2.0-FR	0.00	no	two-corpora	OpenSubtitles+Tatoeba
кабырчыкка	0	3	1	OpenSubtitles+Tatoeba	clean:CC-BY-2.0-FR	0.00	no	two-corpora	OpenSubtitles+Tatoeba
кадерлим	0	3	2	OpenSubtitles+Tatoeba	clean:CC-BY-2.0-FR	0.00	no	two-corpora	OpenSubtitles+Tatoeba
кадерләде	0	3	2	OpenSubtitles+Tatoeba	clean:CC-BY-2.0-FR	0.00	no	two-corpora	OpenSubtitles+Tatoeba
казымый	0	3	2	OpenSubtitles+Tatoeba	clean:CC-BY-2.0-FR	0.00	no	two-corpora	OpenSubtitles+Tatoeba
кайгырмыйм	0	3	2	OpenSubtitles+Tatoeba	clean:CC-BY-2.0-FR	0.00	no	two-corpora	OpenSubtitles+Tatoeba
кайгыртачаклар	0	3	1	OpenSubtitles+Tatoeba	clean:CC-BY-2.0-FR	0.00	no	two-corpora	OpenSubtitles+Tatoeba
кайгыртуың	0	3	1	OpenSubtitles+Tatoeba	clean:CC-BY-2.0-FR	0.00	no	two-corpora	OpenSubtitles+Tatoeba
кайрый	0	3	1	OpenSubtitles+Tatoeba	clean:CC-BY-2.0-FR	0.33	no	two-corpora	OpenSubtitles+Tatoeba
кайтачакмы	0	3	1	OpenSubtitles+Tatoeba	clean:CC-BY-2.0-FR	0.00	no	two-corpora	OpenSubtitles+Tatoeba
кайтмыйсыз	0	3	2	OpenSubtitles+Tatoeba	clean:CC-BY-2.0-FR	0.00	no	two-corpora	OpenSubtitles+Tatoeba
калгансың	0	3	2	OpenSubtitles+Tatoeba	clean:CC-BY-2.0-FR	0.00	no	two-corpora	OpenSubtitles+Tatoeba
калдырырбыз	0	3	1	OpenSubtitles+Tatoeba	clean:CC-BY-2.0-FR	0.00	no	two-corpora	OpenSubtitles+Tatoeba
капут	0	3	1	OpenSubtitles+Tatoeba	clean:CC-BY-2.0-FR	0.00	no	two-corpora	OpenSubtitles+Tatoeba
карамадыңмы	0	3	1	OpenSubtitles+Tatoeba	clean:CC-BY-2.0-FR	0.00	no	two-corpora	OpenSubtitles+Tatoeba
кармавычлар	0	3	1	OpenSubtitles+Tatoeba	clean:CC-BY-2.0-FR	0.00	no	two-corpora	OpenSubtitles+Tatoeba
карыйлармы	0	3	1	OpenSubtitles+Tatoeba	clean:CC-BY-2.0-FR	0.00	no	two-corpora	OpenSubtitles+Tatoeba
качасыңмы	0	3	2	OpenSubtitles+Tatoeba	clean:CC-BY-2.0-FR	0.00	no	two-corpora	OpenSubtitles+Tatoeba
качмыйм	0	3	1	OpenSubtitles+Tatoeba	clean:CC-BY-2.0-FR	0.00	no	two-corpora	OpenSubtitles+Tatoeba
качтыгыз	0	3	2	OpenSubtitles+Tatoeba	clean:CC-BY-2.0-FR	0.00	no	two-corpora	OpenSubtitles+Tatoeba
каһәргә	0	3	1	OpenSubtitles+Tatoeba	clean:CC-BY-2.0-FR	0.00	no	two-corpora	OpenSubtitles+Tatoeba
кекслар	0	3	1	OpenSubtitles+Tatoeba	clean:CC-BY-2.0-FR	0.00	no	two-corpora	OpenSubtitles+Tatoeba
керербез	0	3	2	OpenSubtitles+Tatoeba	clean:CC-BY-2.0-FR	0.00	no	two-corpora	OpenSubtitles+Tatoeba
керешербез	0	3	1	OpenSubtitles+Tatoeba	clean:CC-BY-2.0-FR	0.00	no	two-corpora	OpenSubtitles+Tatoeba
керттеңме	0	3	2	OpenSubtitles+Tatoeba	clean:CC-BY-2.0-FR	0.00	no	two-corpora	OpenSubtitles+Tatoeba
киенәм	0	3	2	OpenSubtitles+Tatoeba	clean:CC-BY-2.0-FR	0.00	no	two-corpora	OpenSubtitles+Tatoeba
килдемме	0	3	1	OpenSubtitles+Tatoeba	clean:CC-BY-2.0-FR	0.00	no	two-corpora	OpenSubtitles+Tatoeba
килмешәкләрне	0	3	1	OpenSubtitles+Tatoeba	clean:CC-BY-2.0-FR	0.00	no	two-corpora	OpenSubtitles+Tatoeba
кимсеттеләр	0	3	2	OpenSubtitles+Tatoeba	clean:CC-BY-2.0-FR	0.00	no	two-corpora	OpenSubtitles+Tatoeba
кисмә	0	3	1	OpenSubtitles+Tatoeba	clean:CC-BY-2.0-FR	0.00	no	two-corpora	OpenSubtitles+Tatoeba
китапмы	0	3	2	OpenSubtitles+Tatoeba	clean:CC-BY-2.0-FR	0.00	no	two-corpora	OpenSubtitles+Tatoeba
китәргәме	0	3	1	OpenSubtitles+Tatoeba	clean:CC-BY-2.0-FR	0.00	no	two-corpora	OpenSubtitles+Tatoeba
кичерербез	0	3	1	OpenSubtitles+Tatoeba	clean:CC-BY-2.0-FR	0.00	no	two-corpora	OpenSubtitles+Tatoeba
кичерермен	0	3	1	OpenSubtitles+Tatoeba	clean:CC-BY-2.0-FR	0.00	no	two-corpora	OpenSubtitles+Tatoeba
кичтем	0	3	2	OpenSubtitles+Tatoeba	clean:CC-BY-2.0-FR	0.00	no	two-corpora	OpenSubtitles+Tatoeba
киярмен	0	3	2	OpenSubtitles+Tatoeba	clean:CC-BY-2.0-FR	0.00	no	two-corpora	OpenSubtitles+Tatoeba
коктейлен	0	3	1	OpenSubtitles+Tatoeba	clean:CC-BY-2.0-FR	0.00	no	two-corpora	OpenSubtitles+Tatoeba
комачауладыммы	0	3	1	OpenSubtitles+Tatoeba	clean:CC-BY-2.0-FR	0.00	no	two-corpora	OpenSubtitles+Tatoeba
комачауламадыммы	0	3	1	OpenSubtitles+Tatoeba	clean:CC-BY-2.0-FR	0.00	no	two-corpora	OpenSubtitles+Tatoeba
комачауламыйм	0	3	1	OpenSubtitles+Tatoeba	clean:CC-BY-2.0-FR	0.00	no	two-corpora	OpenSubtitles+Tatoeba
комачаулыйбыз	0	3	1	OpenSubtitles+Tatoeba	clean:CC-BY-2.0-FR	0.00	no	two-corpora	OpenSubtitles+Tatoeba
комбинация	0	3	1	OpenSubtitles+Tatoeba	clean:CC-BY-2.0-FR	0.00	no	two-corpora	OpenSubtitles+Tatoeba
корабмы	0	3	1	OpenSubtitles+Tatoeba	clean:CC-BY-2.0-FR	0.00	no	two-corpora	OpenSubtitles+Tatoeba
корабтамы	0	3	1	OpenSubtitles+Tatoeba	clean:CC-BY-2.0-FR	0.00	no	two-corpora	OpenSubtitles+Tatoeba
корсакта	0	3	1	OpenSubtitles+Tatoeba	clean:CC-BY-2.0-FR	0.00	no	two-corpora	OpenSubtitles+Tatoeba
костюмыңны	0	3	1	OpenSubtitles+Tatoeba	clean:CC-BY-2.0-FR	0.00	no	two-corpora	OpenSubtitles+Tatoeba
коткарырбыз	0	3	2	OpenSubtitles+Tatoeba	clean:CC-BY-2.0-FR	0.00	no	two-corpora	OpenSubtitles+Tatoeba
котыл	0	3	1	OpenSubtitles+Tatoeba	clean:CC-BY-2.0-FR	0.00	no	two-corpora	OpenSubtitles+Tatoeba
котылам	0	3	1	OpenSubtitles+Tatoeba	clean:CC-BY-2.0-FR	0.00	no	two-corpora	OpenSubtitles+Tatoeba
котылыгыз	0	3	2	OpenSubtitles+Tatoeba	clean:CC-BY-2.0-FR	0.00	no	two-corpora	OpenSubtitles+Tatoeba
кочаклый	0	3	2	OpenSubtitles+Tatoeba	clean:CC-BY-2.0-FR	0.00	no	two-corpora	OpenSubtitles+Tatoeba
кояшлар	0	3	1	OpenSubtitles+Tatoeba	clean:CC-BY-2.0-FR	0.00	no	two-corpora	OpenSubtitles+Tatoeba
кретин	0	3	1	OpenSubtitles+Tatoeba	clean:CC-BY-2.0-FR	0.00	no	two-corpora	OpenSubtitles+Tatoeba
куакка	0	3	1	OpenSubtitles+Tatoeba	clean:CC-BY-2.0-FR	0.00	no	two-corpora	OpenSubtitles+Tatoeba
кулланачакмын	0	3	1	OpenSubtitles+Tatoeba	clean:CC-BY-2.0-FR	0.00	no	two-corpora	OpenSubtitles+Tatoeba
кулларыңда	0	3	1	OpenSubtitles+Tatoeba	clean:CC-BY-2.0-FR	0.00	no	two-corpora	OpenSubtitles+Tatoeba
курыктыгызмы	0	3	1	OpenSubtitles+Tatoeba	clean:CC-BY-2.0-FR	0.00	no	two-corpora	OpenSubtitles+Tatoeba
кызыксынуың	0	3	1	OpenSubtitles+Tatoeba	clean:CC-BY-2.0-FR	0.00	no	two-corpora	OpenSubtitles+Tatoeba
кылма	0	3	1	OpenSubtitles+Tatoeba	clean:CC-BY-2.0-FR	0.00	no	two-corpora	OpenSubtitles+Tatoeba
кылмадым	0	3	2	OpenSubtitles+Tatoeba	clean:CC-BY-2.0-FR	0.00	no	two-corpora	OpenSubtitles+Tatoeba
кычкырдыгыз	0	3	1	OpenSubtitles+Tatoeba	clean:CC-BY-2.0-FR	0.00	no	two-corpora	OpenSubtitles+Tatoeba
күзәтми	0	3	1	OpenSubtitles+Tatoeba	clean:CC-BY-2.0-FR	0.00	no	two-corpora	OpenSubtitles+Tatoeba
күләгәсеннән	0	3	2	OpenSubtitles+Tatoeba	clean:CC-BY-2.0-FR	0.00	no	two-corpora	OpenSubtitles+Tatoeba
күмегез	0	3	1	OpenSubtitles+Tatoeba	clean:CC-BY-2.0-FR	0.00	no	two-corpora	OpenSubtitles+Tatoeba
күренүдән	0	3	2	OpenSubtitles+Tatoeba	clean:CC-BY-2.0-FR	0.00	no	two-corpora	OpenSubtitles+Tatoeba
күрмисеңмени	0	3	2	OpenSubtitles+Tatoeba	clean:CC-BY-2.0-FR	0.00	no	two-corpora	OpenSubtitles+Tatoeba
күрүемне	0	3	2	OpenSubtitles+Tatoeba	clean:CC-BY-2.0-FR	0.00	no	two-corpora	OpenSubtitles+Tatoeba
күңелсезлектән	0	3	2	OpenSubtitles+Tatoeba	clean:CC-BY-2.0-FR	0.00	no	two-corpora	OpenSubtitles+Tatoeba
күңелсезләнмә	0	3	1	OpenSubtitles+Tatoeba	clean:CC-BY-2.0-FR	0.00	no	two-corpora	OpenSubtitles+Tatoeba
кәүсәсендә	0	3	1	OpenSubtitles+Tatoeba	clean:CC-BY-2.0-FR	0.00	no	two-corpora	OpenSubtitles+Tatoeba
көбәсе	0	3	1	OpenSubtitles+Tatoeba	clean:CC-BY-2.0-FR	0.00	no	two-corpora	OpenSubtitles+Tatoeba
көнләшәсеңме	0	3	1	OpenSubtitles+Tatoeba	clean:CC-BY-2.0-FR	0.00	no	two-corpora	OpenSubtitles+Tatoeba
көннәремне	0	3	1	OpenSubtitles+Tatoeba	clean:CC-BY-2.0-FR	0.00	no	two-corpora	OpenSubtitles+Tatoeba
көттеңме	0	3	1	OpenSubtitles+Tatoeba	clean:CC-BY-2.0-FR	0.00	no	two-corpora	OpenSubtitles+Tatoeba
көтәсем	0	3	1	OpenSubtitles+Tatoeba	clean:CC-BY-2.0-FR	0.00	no	two-corpora	OpenSubtitles+Tatoeba
көчеге	0	3	2	OpenSubtitles+Tatoeba	clean:CC-BY-2.0-FR	0.00	no	two-corpora	OpenSubtitles+Tatoeba
макароннар	0	3	1	OpenSubtitles+Tatoeba	clean:CC-BY-2.0-FR	0.00	no	two-corpora	OpenSubtitles+Tatoeba
медуза	0	3	1	OpenSubtitles+Tatoeba	clean:CC-BY-2.0-FR	0.33	no	two-corpora	OpenSubtitles+Tatoeba
мескенне	0	3	1	OpenSubtitles+Tatoeba	clean:CC-BY-2.0-FR	0.00	no	two-corpora	OpenSubtitles+Tatoeba
миегез	0	3	1	OpenSubtitles+Tatoeba	clean:CC-BY-2.0-FR	0.00	no	two-corpora	OpenSubtitles+Tatoeba
миеңне	0	3	2	OpenSubtitles+Tatoeba	clean:CC-BY-2.0-FR	0.00	no	two-corpora	OpenSubtitles+Tatoeba
мияу	0	3	2	OpenSubtitles+Tatoeba	clean:CC-BY-2.0-FR	0.00	no	two-corpora	OpenSubtitles+Tatoeba
муенсасын	0	3	1	OpenSubtitles+Tatoeba	clean:CC-BY-2.0-FR	0.00	no	two-corpora	OpenSubtitles+Tatoeba
мускуллы	0	3	1	OpenSubtitles+Tatoeba	clean:CC-BY-2.0-FR	0.00	no	two-corpora	OpenSubtitles+Tatoeba
мөгамәләне	0	3	2	OpenSubtitles+Tatoeba	clean:CC-BY-2.0-FR	0.00	no	two-corpora	OpenSubtitles+Tatoeba
мөгезенә	0	3	2	OpenSubtitles+Tatoeba	clean:CC-BY-2.0-FR	0.00	no	two-corpora	OpenSubtitles+Tatoeba
наданнарга	0	3	2	OpenSubtitles+Tatoeba	clean:CC-BY-2.0-FR	0.00	no	two-corpora	OpenSubtitles+Tatoeba
нейроннар	0	3	1	OpenSubtitles+Tatoeba	clean:CC-BY-2.0-FR	0.00	no	two-corpora	OpenSubtitles+Tatoeba
оеды	0	3	2	OpenSubtitles+Tatoeba	clean:CC-BY-2.0-FR	0.00	no	two-corpora	OpenSubtitles+Tatoeba
омега	0	3	1	OpenSubtitles+Tatoeba	clean:CC-BY-2.0-FR	0.00	no	two-corpora	OpenSubtitles+Tatoeba
остамы	0	3	1	OpenSubtitles+Tatoeba	clean:CC-BY-2.0-FR	0.00	no	two-corpora	OpenSubtitles+Tatoeba
оттырдың	0	3	1	OpenSubtitles+Tatoeba	clean:CC-BY-2.0-FR	0.00	no	two-corpora	OpenSubtitles+Tatoeba
охшаганмын	0	3	1	OpenSubtitles+Tatoeba	clean:CC-BY-2.0-FR	0.00	no	two-corpora	OpenSubtitles+Tatoeba
очмас	0	3	2	OpenSubtitles+Tatoeba	clean:CC-BY-2.0-FR	0.00	no	two-corpora	OpenSubtitles+Tatoeba
очраттың	0	3	1	OpenSubtitles+Tatoeba	clean:CC-BY-2.0-FR	0.00	no	two-corpora	OpenSubtitles+Tatoeba
очрашасым	0	3	2	OpenSubtitles+Tatoeba	clean:CC-BY-2.0-FR	0.00	no	two-corpora	OpenSubtitles+Tatoeba
очрашмадым	0	3	2	OpenSubtitles+Tatoeba	clean:CC-BY-2.0-FR	0.00	no	two-corpora	OpenSubtitles+Tatoeba
очыгыз	0	3	1	OpenSubtitles+Tatoeba	clean:CC-BY-2.0-FR	0.00	no	two-corpora	OpenSubtitles+Tatoeba
ошадым	0	3	2	OpenSubtitles+Tatoeba	clean:CC-BY-2.0-FR	0.00	no	two-corpora	OpenSubtitles+Tatoeba
ошамыйм	0	3	1	OpenSubtitles+Tatoeba	clean:CC-BY-2.0-FR	0.00	no	two-corpora	OpenSubtitles+Tatoeba
ошарлык	0	3	2	OpenSubtitles+Tatoeba	clean:CC-BY-2.0-FR	0.00	no	two-corpora	OpenSubtitles+Tatoeba
оялмыйм	0	3	1	OpenSubtitles+Tatoeba	clean:CC-BY-2.0-FR	0.00	no	two-corpora	OpenSubtitles+Tatoeba
пештем	0	3	1	OpenSubtitles+Tatoeba	clean:CC-BY-2.0-FR	0.00	no	two-corpora	OpenSubtitles+Tatoeba
планетабыздагы	0	3	1	OpenSubtitles+Tatoeba	clean:CC-BY-2.0-FR	0.00	no	two-corpora	OpenSubtitles+Tatoeba
пычранса	0	3	2	OpenSubtitles+Tatoeba	clean:CC-BY-2.0-FR	0.00	no	two-corpora	OpenSubtitles+Tatoeba
пәрәвезен	0	3	2	OpenSubtitles+Tatoeba	clean:CC-BY-2.0-FR	0.00	no	two-corpora	OpenSubtitles+Tatoeba
ресторандагы	0	3	1	OpenSubtitles+Tatoeba	clean:CC-BY-2.0-FR	0.00	no	two-corpora	OpenSubtitles+Tatoeba
рухларны	0	3	1	OpenSubtitles+Tatoeba	clean:CC-BY-2.0-FR	0.00	no	two-corpora	OpenSubtitles+Tatoeba
рәнҗетәсең	0	3	2	OpenSubtitles+Tatoeba	clean:CC-BY-2.0-FR	0.00	no	two-corpora	OpenSubtitles+Tatoeba
рөхсәтегез	0	3	2	OpenSubtitles+Tatoeba	clean:CC-BY-2.0-FR	0.00	no	two-corpora	OpenSubtitles+Tatoeba
сабырлыгым	0	3	2	OpenSubtitles+Tatoeba	clean:CC-BY-2.0-FR	0.00	no	two-corpora	OpenSubtitles+Tatoeba
савыгыр	0	3	1	OpenSubtitles+Tatoeba	clean:CC-BY-2.0-FR	0.00	no	two-corpora	OpenSubtitles+Tatoeba
сагынды	0	3	1	OpenSubtitles+Tatoeba	clean:CC-BY-2.0-FR	0.00	no	two-corpora	OpenSubtitles+Tatoeba
сазын	0	3	2	OpenSubtitles+Tatoeba	clean:CC-BY-2.0-FR	0.00	no	two-corpora	OpenSubtitles+Tatoeba
сайларлык	0	3	1	OpenSubtitles+Tatoeba	clean:CC-BY-2.0-FR	0.00	no	two-corpora	OpenSubtitles+Tatoeba
сайлыкта	0	3	1	OpenSubtitles+Tatoeba	clean:CC-BY-2.0-FR	0.00	no	two-corpora	OpenSubtitles+Tatoeba
салдыңмы	0	3	1	OpenSubtitles+Tatoeba	clean:CC-BY-2.0-FR	0.00	no	two-corpora	OpenSubtitles+Tatoeba
салы	0	3	1	OpenSubtitles+Tatoeba	clean:CC-BY-2.0-FR	0.00	no	two-corpora	OpenSubtitles+Tatoeba
саным	0	3	2	OpenSubtitles+Tatoeba	clean:CC-BY-2.0-FR	0.00	no	two-corpora	OpenSubtitles+Tatoeba
саташтым	0	3	1	OpenSubtitles+Tatoeba	clean:CC-BY-2.0-FR	0.00	no	two-corpora	OpenSubtitles+Tatoeba
сато	0	3	1	OpenSubtitles+Tatoeba	clean:CC-BY-2.0-FR	0.00	no	two-corpora	OpenSubtitles+Tatoeba
сафсатаны	0	3	2	OpenSubtitles+Tatoeba	clean:CC-BY-2.0-FR	0.00	no	two-corpora	OpenSubtitles+Tatoeba
сафсатасы	0	3	1	OpenSubtitles+Tatoeba	clean:CC-BY-2.0-FR	0.00	no	two-corpora	OpenSubtitles+Tatoeba
сезнекеннән	0	3	2	OpenSubtitles+Tatoeba	clean:CC-BY-2.0-FR	0.00	no	two-corpora	OpenSubtitles+Tatoeba
селкен	0	3	2	OpenSubtitles+Tatoeba	clean:CC-BY-2.0-FR	0.00	no	two-corpora	OpenSubtitles+Tatoeba
серең	0	3	1	OpenSubtitles+Tatoeba	clean:CC-BY-2.0-FR	0.00	no	two-corpora	OpenSubtitles+Tatoeba
серләреңне	0	3	2	OpenSubtitles+Tatoeba	clean:CC-BY-2.0-FR	0.00	no	two-corpora	OpenSubtitles+Tatoeba
сикерегез	0	3	2	OpenSubtitles+Tatoeba	clean:CC-BY-2.0-FR	0.00	no	two-corpora	OpenSubtitles+Tatoeba
сикертә	0	3	1	OpenSubtitles+Tatoeba	clean:CC-BY-2.0-FR	0.00	no	two-corpora	OpenSubtitles+Tatoeba
соравың	0	3	2	OpenSubtitles+Tatoeba	clean:CC-BY-2.0-FR	0.00	no	two-corpora	OpenSubtitles+Tatoeba
сорамасаң	0	3	1	OpenSubtitles+Tatoeba	clean:CC-BY-2.0-FR	0.00	no	two-corpora	OpenSubtitles+Tatoeba
сорарбыз	0	3	1	OpenSubtitles+Tatoeba	clean:CC-BY-2.0-FR	0.00	no	two-corpora	OpenSubtitles+Tatoeba
сугышудан	0	3	2	OpenSubtitles+Tatoeba	clean:CC-BY-2.0-FR	0.00	no	two-corpora	OpenSubtitles+Tatoeba
сукырайта	0	3	2	OpenSubtitles+Tatoeba	clean:CC-BY-2.0-FR	0.00	no	two-corpora	OpenSubtitles+Tatoeba
сусадыңмы	0	3	2	OpenSubtitles+Tatoeba	clean:CC-BY-2.0-FR	0.00	no	two-corpora	OpenSubtitles+Tatoeba
сыйлан	0	3	2	OpenSubtitles+Tatoeba	clean:CC-BY-2.0-FR	0.00	no	two-corpora	OpenSubtitles+Tatoeba
сынатма	0	3	2	OpenSubtitles+Tatoeba	clean:CC-BY-2.0-FR	0.00	no	two-corpora	OpenSubtitles+Tatoeba
сыртыңа	0	3	1	OpenSubtitles+Tatoeba	clean:CC-BY-2.0-FR	0.00	no	two-corpora	OpenSubtitles+Tatoeba
сүндердегезме	0	3	1	OpenSubtitles+Tatoeba	clean:CC-BY-2.0-FR	0.00	no	two-corpora	OpenSubtitles+Tatoeba
сүнәчәк	0	3	2	OpenSubtitles+Tatoeba	clean:CC-BY-2.0-FR	0.00	no	two-corpora	OpenSubtitles+Tatoeba
сәбәбем	0	3	1	OpenSubtitles+Tatoeba	clean:CC-BY-2.0-FR	0.00	no	two-corpora	OpenSubtitles+Tatoeba
сәламлиләр	0	3	2	OpenSubtitles+Tatoeba	clean:CC-BY-2.0-FR	0.00	no	two-corpora	OpenSubtitles+Tatoeba
сәламлә	0	3	2	OpenSubtitles+Tatoeba	clean:CC-BY-2.0-FR	0.00	no	two-corpora	OpenSubtitles+Tatoeba
сәламәтме	0	3	2	OpenSubtitles+Tatoeba	clean:CC-BY-2.0-FR	0.00	no	two-corpora	OpenSubtitles+Tatoeba
сәяхәтемне	0	3	1	OpenSubtitles+Tatoeba	clean:CC-BY-2.0-FR	0.00	no	two-corpora	OpenSubtitles+Tatoeba
сөйләвемне	0	3	2	OpenSubtitles+Tatoeba	clean:CC-BY-2.0-FR	0.00	no	two-corpora	OpenSubtitles+Tatoeba
сөйләгәнегезне	0	3	2	OpenSubtitles+Tatoeba	clean:CC-BY-2.0-FR	0.00	no	two-corpora	OpenSubtitles+Tatoeba
сөйләшмиме	0	3	2	OpenSubtitles+Tatoeba	clean:CC-BY-2.0-FR	0.00	no	two-corpora	OpenSubtitles+Tatoeba
сөйләшмәячәк	0	3	2	OpenSubtitles+Tatoeba	clean:CC-BY-2.0-FR	0.00	no	two-corpora	OpenSubtitles+Tatoeba
сөйләячәкмен	0	3	2	OpenSubtitles+Tatoeba	clean:CC-BY-2.0-FR	0.00	no	two-corpora	OpenSubtitles+Tatoeba
сөяркәме	0	3	2	OpenSubtitles+Tatoeba	clean:CC-BY-2.0-FR	0.00	no	two-corpora	OpenSubtitles+Tatoeba
табышмакларны	0	3	2	OpenSubtitles+Tatoeba	clean:CC-BY-2.0-FR	0.00	no	two-corpora	OpenSubtitles+Tatoeba
тавышыгыз	0	3	2	OpenSubtitles+Tatoeba	clean:CC-BY-2.0-FR	0.00	no	two-corpora	OpenSubtitles+Tatoeba
тайды	0	3	2	OpenSubtitles+Tatoeba	clean:CC-BY-2.0-FR	0.00	no	two-corpora	OpenSubtitles+Tatoeba
тайдым	0	3	2	OpenSubtitles+Tatoeba	clean:CC-BY-2.0-FR	0.00	no	two-corpora	OpenSubtitles+Tatoeba
такылдык	0	3	1	OpenSubtitles+Tatoeba	clean:CC-BY-2.0-FR	0.00	no	two-corpora	OpenSubtitles+Tatoeba
талашыр	0	3	2	OpenSubtitles+Tatoeba	clean:CC-BY-2.0-FR	0.00	no	two-corpora	OpenSubtitles+Tatoeba
тамырында	0	3	2	OpenSubtitles+Tatoeba	clean:CC-BY-2.0-FR	0.00	no	two-corpora	OpenSubtitles+Tatoeba
таныклыгым	0	3	2	OpenSubtitles+Tatoeba	clean:CC-BY-2.0-FR	0.00	no	two-corpora	OpenSubtitles+Tatoeba
таныштыгыз	0	3	1	OpenSubtitles+Tatoeba	clean:CC-BY-2.0-FR	0.00	no	two-corpora	OpenSubtitles+Tatoeba
тапмасам	0	3	1	OpenSubtitles+Tatoeba	clean:CC-BY-2.0-FR	0.00	no	two-corpora	OpenSubtitles+Tatoeba
тармадан	0	3	1	OpenSubtitles+Tatoeba	clean:CC-BY-2.0-FR	0.00	no	two-corpora	OpenSubtitles+Tatoeba
тартмаларның	0	3	1	OpenSubtitles+Tatoeba	clean:CC-BY-2.0-FR	0.00	no	two-corpora	OpenSubtitles+Tatoeba
тасвирладың	0	3	1	OpenSubtitles+Tatoeba	clean:CC-BY-2.0-FR	0.00	no	two-corpora	OpenSubtitles+Tatoeba
таякларын	0	3	1	OpenSubtitles+Tatoeba	clean:CC-BY-2.0-FR	0.00	no	two-corpora	OpenSubtitles+Tatoeba
телефондагы	0	3	2	OpenSubtitles+Tatoeba	clean:CC-BY-2.0-FR	0.00	no	two-corpora	OpenSubtitles+Tatoeba
теләгәнче	0	3	2	OpenSubtitles+Tatoeba	clean:CC-BY-2.0-FR	0.00	no	two-corpora	OpenSubtitles+Tatoeba
теләдегезме	0	3	1	OpenSubtitles+Tatoeba	clean:CC-BY-2.0-FR	0.00	no	two-corpora	OpenSubtitles+Tatoeba
теләмәссең	0	3	2	OpenSubtitles+Tatoeba	clean:CC-BY-2.0-FR	0.00	no	two-corpora	OpenSubtitles+Tatoeba
терелде	0	3	2	OpenSubtitles+Tatoeba	clean:CC-BY-2.0-FR	0.00	no	two-corpora	OpenSubtitles+Tatoeba
тестка	0	3	2	OpenSubtitles+Tatoeba	clean:CC-BY-2.0-FR	0.00	no	two-corpora	OpenSubtitles+Tatoeba
тикшерәсеңме	0	3	1	OpenSubtitles+Tatoeba	clean:CC-BY-2.0-FR	0.00	no	two-corpora	OpenSubtitles+Tatoeba
тимерле	0	3	2	OpenSubtitles+Tatoeba	clean:CC-BY-2.0-FR	0.00	no	two-corpora	OpenSubtitles+Tatoeba
торганымны	0	3	1	OpenSubtitles+Tatoeba	clean:CC-BY-2.0-FR	0.00	no	two-corpora	OpenSubtitles+Tatoeba
торырсыңмы	0	3	1	OpenSubtitles+Tatoeba	clean:CC-BY-2.0-FR	0.00	no	two-corpora	OpenSubtitles+Tatoeba
тотарсың	0	3	1	OpenSubtitles+Tatoeba	clean:CC-BY-2.0-FR	0.00	no	two-corpora	OpenSubtitles+Tatoeba
тоташтырыгыз	0	3	1	OpenSubtitles+Tatoeba	clean:CC-BY-2.0-FR	0.00	no	two-corpora	OpenSubtitles+Tatoeba
тоткасын	0	3	2	OpenSubtitles+Tatoeba	clean:CC-BY-2.0-FR	0.00	no	two-corpora	OpenSubtitles+Tatoeba
тубык	0	3	1	OpenSubtitles+Tatoeba	clean:CC-BY-2.0-FR	0.00	no	two-corpora	OpenSubtitles+Tatoeba
туганымы	0	3	1	OpenSubtitles+Tatoeba	clean:CC-BY-2.0-FR	0.00	no	two-corpora	OpenSubtitles+Tatoeba
туйдыгызмы	0	3	2	OpenSubtitles+Tatoeba	clean:CC-BY-2.0-FR	0.00	no	two-corpora	OpenSubtitles+Tatoeba
туйсын	0	3	2	OpenSubtitles+Tatoeba	clean:CC-BY-2.0-FR	0.00	no	two-corpora	OpenSubtitles+Tatoeba
туктамасаң	0	3	2	OpenSubtitles+Tatoeba	clean:CC-BY-2.0-FR	0.00	no	two-corpora	OpenSubtitles+Tatoeba
туктатырбыз	0	3	1	OpenSubtitles+Tatoeba	clean:CC-BY-2.0-FR	0.00	no	two-corpora	OpenSubtitles+Tatoeba
тынычландык	0	3	2	OpenSubtitles+Tatoeba	clean:CC-BY-2.0-FR	0.00	no	two-corpora	OpenSubtitles+Tatoeba
тыңладың	0	3	1	OpenSubtitles+Tatoeba	clean:CC-BY-2.0-FR	0.00	no	two-corpora	OpenSubtitles+Tatoeba
тыңламадым	0	3	1	OpenSubtitles+Tatoeba	clean:CC-BY-2.0-FR	0.00	no	two-corpora	OpenSubtitles+Tatoeba
тыңласам	0	3	1	OpenSubtitles+Tatoeba	clean:CC-BY-2.0-FR	0.00	no	two-corpora	OpenSubtitles+Tatoeba
түзәрмен	0	3	2	OpenSubtitles+Tatoeba	clean:CC-BY-2.0-FR	0.00	no	two-corpora	OpenSubtitles+Tatoeba
түшәге	0	3	1	OpenSubtitles+Tatoeba	clean:CC-BY-2.0-FR	0.00	no	two-corpora	OpenSubtitles+Tatoeba
тәкъдимегезне	0	3	2	OpenSubtitles+Tatoeba	clean:CC-BY-2.0-FR	0.00	no	two-corpora	OpenSubtitles+Tatoeba
тәкъдимнәрең	0	3	1	OpenSubtitles+Tatoeba	clean:CC-BY-2.0-FR	0.00	no	two-corpora	OpenSubtitles+Tatoeba
тәмеккә	0	3	1	OpenSubtitles+Tatoeba	clean:CC-BY-2.0-FR	0.00	no	two-corpora	OpenSubtitles+Tatoeba
төкергән	0	3	2	OpenSubtitles+Tatoeba	clean:CC-BY-2.0-FR	0.00	no	two-corpora	OpenSubtitles+Tatoeba
төнтек	0	3	2	OpenSubtitles+Tatoeba	clean:CC-BY-2.0-FR	0.00	no	two-corpora	OpenSubtitles+Tatoeba
төрем	0	3	2	OpenSubtitles+Tatoeba	clean:CC-BY-2.0-FR	0.00	no	two-corpora	OpenSubtitles+Tatoeba
уздымы	0	3	1	OpenSubtitles+Tatoeba	clean:CC-BY-2.0-FR	0.00	no	two-corpora	OpenSubtitles+Tatoeba
узсам	0	3	1	OpenSubtitles+Tatoeba	clean:CC-BY-2.0-FR	0.00	no	two-corpora	OpenSubtitles+Tatoeba
узсаң	0	3	2	OpenSubtitles+Tatoeba	clean:CC-BY-2.0-FR	0.00	no	two-corpora	OpenSubtitles+Tatoeba
укымыйсыңмы	0	3	1	OpenSubtitles+Tatoeba	clean:CC-BY-2.0-FR	0.00	no	two-corpora	OpenSubtitles+Tatoeba
укырсың	0	3	1	OpenSubtitles+Tatoeba	clean:CC-BY-2.0-FR	0.00	no	two-corpora	OpenSubtitles+Tatoeba
урлаганнарын	0	3	1	OpenSubtitles+Tatoeba	clean:CC-BY-2.0-FR	0.00	no	two-corpora	OpenSubtitles+Tatoeba
урлаганын	0	3	2	OpenSubtitles+Tatoeba	clean:CC-BY-2.0-FR	0.00	no	two-corpora	OpenSubtitles+Tatoeba
урнашырсың	0	3	1	OpenSubtitles+Tatoeba	clean:CC-BY-2.0-FR	0.00	no	two-corpora	OpenSubtitles+Tatoeba
урынмы	0	3	1	OpenSubtitles+Tatoeba	clean:CC-BY-2.0-FR	0.00	no	two-corpora	OpenSubtitles+Tatoeba
утырачакмын	0	3	2	OpenSubtitles+Tatoeba	clean:CC-BY-2.0-FR	0.00	no	two-corpora	OpenSubtitles+Tatoeba
утыргансыз	0	3	1	OpenSubtitles+Tatoeba	clean:CC-BY-2.0-FR	0.00	no	two-corpora	OpenSubtitles+Tatoeba
уяттыммы	0	3	2	OpenSubtitles+Tatoeba	clean:CC-BY-2.0-FR	0.00	no	two-corpora	OpenSubtitles+Tatoeba
файдалымы	0	3	2	OpenSubtitles+Tatoeba	clean:CC-BY-2.0-FR	0.00	no	two-corpora	OpenSubtitles+Tatoeba
фасылга	0	3	1	OpenSubtitles+Tatoeba	clean:CC-BY-2.0-FR	0.00	no	two-corpora	OpenSubtitles+Tatoeba
фотоңны	0	3	1	OpenSubtitles+Tatoeba	clean:CC-BY-2.0-FR	0.00	no	two-corpora	OpenSubtitles+Tatoeba
хаоска	0	3	1	OpenSubtitles+Tatoeba	clean:CC-BY-2.0-FR	0.00	no	two-corpora	OpenSubtitles+Tatoeba
хыялларда	0	3	1	OpenSubtitles+Tatoeba	clean:CC-BY-2.0-FR	0.00	no	two-corpora	OpenSubtitles+Tatoeba
хыялларың	0	3	1	OpenSubtitles+Tatoeba	clean:CC-BY-2.0-FR	0.00	no	two-corpora	OpenSubtitles+Tatoeba
чакырганын	0	3	1	OpenSubtitles+Tatoeba	clean:CC-BY-2.0-FR	0.00	no	two-corpora	OpenSubtitles+Tatoeba
чалбарыңны	0	3	2	OpenSubtitles+Tatoeba	clean:CC-BY-2.0-FR	0.00	no	two-corpora	OpenSubtitles+Tatoeba
чапма	0	3	2	OpenSubtitles+Tatoeba	clean:CC-BY-2.0-FR	0.00	no	two-corpora	OpenSubtitles+Tatoeba
чер	0	3	2	OpenSubtitles+Tatoeba	clean:CC-BY-2.0-FR	0.00	no	two-corpora	OpenSubtitles+Tatoeba
чикләвекләрне	0	3	2	OpenSubtitles+Tatoeba	clean:CC-BY-2.0-FR	0.00	no	two-corpora	OpenSubtitles+Tatoeba
чиләктә	0	3	1	OpenSubtitles+Tatoeba	clean:CC-BY-2.0-FR	0.00	no	two-corpora	OpenSubtitles+Tatoeba
чишен	0	3	2	OpenSubtitles+Tatoeba	clean:CC-BY-2.0-FR	0.00	no	two-corpora	OpenSubtitles+Tatoeba
чолан	0	3	1	OpenSubtitles+Tatoeba	clean:CC-BY-2.0-FR	0.00	no	two-corpora	OpenSubtitles+Tatoeba
чыгардыңмы	0	3	1	OpenSubtitles+Tatoeba	clean:CC-BY-2.0-FR	0.00	no	two-corpora	OpenSubtitles+Tatoeba
чыгасыңмы	0	3	1	OpenSubtitles+Tatoeba	clean:CC-BY-2.0-FR	0.00	no	two-corpora	OpenSubtitles+Tatoeba
чыкканымны	0	3	2	OpenSubtitles+Tatoeba	clean:CC-BY-2.0-FR	0.00	no	two-corpora	OpenSubtitles+Tatoeba
чүкечеңне	0	3	1	OpenSubtitles+Tatoeba	clean:CC-BY-2.0-FR	0.00	no	two-corpora	OpenSubtitles+Tatoeba
чүлнең	0	3	2	OpenSubtitles+Tatoeba	clean:CC-BY-2.0-FR	0.00	no	two-corpora	OpenSubtitles+Tatoeba
чүпрәкләр	0	3	1	OpenSubtitles+Tatoeba	clean:CC-BY-2.0-FR	0.00	no	two-corpora	OpenSubtitles+Tatoeba
чәлдердем	0	3	1	OpenSubtitles+Tatoeba	clean:CC-BY-2.0-FR	0.00	no	two-corpora	OpenSubtitles+Tatoeba
чәчең	0	3	1	OpenSubtitles+Tatoeba	clean:CC-BY-2.0-FR	0.00	no	two-corpora	OpenSubtitles+Tatoeba
чәчләремә	0	3	1	OpenSubtitles+Tatoeba	clean:CC-BY-2.0-FR	0.00	no	two-corpora	OpenSubtitles+Tatoeba
шалтыратасым	0	3	2	OpenSubtitles+Tatoeba	clean:CC-BY-2.0-FR	0.00	no	two-corpora	OpenSubtitles+Tatoeba
шалтыратсын	0	3	2	OpenSubtitles+Tatoeba	clean:CC-BY-2.0-FR	0.00	no	two-corpora	OpenSubtitles+Tatoeba
шалтыраттыгыз	0	3	1	OpenSubtitles+Tatoeba	clean:CC-BY-2.0-FR	0.00	no	two-corpora	OpenSubtitles+Tatoeba
шалтырау	0	3	1	OpenSubtitles+Tatoeba	clean:CC-BY-2.0-FR	0.00	no	two-corpora	OpenSubtitles+Tatoeba
шарлатан	0	3	1	OpenSubtitles+Tatoeba	clean:CC-BY-2.0-FR	0.00	no	two-corpora	OpenSubtitles+Tatoeba
шикәрме	0	3	1	OpenSubtitles+Tatoeba	clean:CC-BY-2.0-FR	0.00	no	two-corpora	OpenSubtitles+Tatoeba
шыгырдады	0	3	2	OpenSubtitles+Tatoeba	clean:CC-BY-2.0-FR	0.00	no	two-corpora	OpenSubtitles+Tatoeba
шәпме	0	3	1	OpenSubtitles+Tatoeba	clean:CC-BY-2.0-FR	0.00	no	two-corpora	OpenSubtitles+Tatoeba
шәрабтан	0	3	1	OpenSubtitles+Tatoeba	clean:CC-BY-2.0-FR	0.00	no	two-corpora	OpenSubtitles+Tatoeba
шәфталу	0	3	2	OpenSubtitles+Tatoeba	clean:CC-BY-2.0-FR	0.00	no	two-corpora	OpenSubtitles+Tatoeba
шәхесем	0	3	1	OpenSubtitles+Tatoeba	clean:CC-BY-2.0-FR	0.00	no	two-corpora	OpenSubtitles+Tatoeba
ышануым	0	3	2	OpenSubtitles+Tatoeba	clean:CC-BY-2.0-FR	0.00	no	two-corpora	OpenSubtitles+Tatoeba
ышануыңны	0	3	2	OpenSubtitles+Tatoeba	clean:CC-BY-2.0-FR	0.00	no	two-corpora	OpenSubtitles+Tatoeba
ышаныргамы	0	3	2	OpenSubtitles+Tatoeba	clean:CC-BY-2.0-FR	0.00	no	two-corpora	OpenSubtitles+Tatoeba
эчмәсәң	0	3	2	OpenSubtitles+Tatoeba	clean:CC-BY-2.0-FR	0.00	no	two-corpora	OpenSubtitles+Tatoeba
эшләдемме	0	3	2	OpenSubtitles+Tatoeba	clean:CC-BY-2.0-FR	0.00	no	two-corpora	OpenSubtitles+Tatoeba
югалтканчы	0	3	2	OpenSubtitles+Tatoeba	clean:CC-BY-2.0-FR	0.00	no	two-corpora	OpenSubtitles+Tatoeba
юләрне	0	3	1	OpenSubtitles+Tatoeba	clean:CC-BY-2.0-FR	0.00	no	two-corpora	OpenSubtitles+Tatoeba
юнәлтәм	0	3	1	OpenSubtitles+Tatoeba	clean:CC-BY-2.0-FR	0.00	no	two-corpora	OpenSubtitles+Tatoeba
язарсың	0	3	2	OpenSubtitles+Tatoeba	clean:CC-BY-2.0-FR	0.00	no	two-corpora	OpenSubtitles+Tatoeba
язганнарның	0	3	2	OpenSubtitles+Tatoeba	clean:CC-BY-2.0-FR	0.00	no	two-corpora	OpenSubtitles+Tatoeba
яздырганда	0	3	1	OpenSubtitles+Tatoeba	clean:CC-BY-2.0-FR	0.00	no	two-corpora	OpenSubtitles+Tatoeba
язмаларыңны	0	3	1	OpenSubtitles+Tatoeba	clean:CC-BY-2.0-FR	0.00	no	two-corpora	OpenSubtitles+Tatoeba
яктыда	0	3	2	OpenSubtitles+Tatoeba	clean:CC-BY-2.0-FR	0.00	no	two-corpora	OpenSubtitles+Tatoeba
яктырт	0	3	2	OpenSubtitles+Tatoeba	clean:CC-BY-2.0-FR	0.00	no	two-corpora	OpenSubtitles+Tatoeba
якындамы	0	3	1	OpenSubtitles+Tatoeba	clean:CC-BY-2.0-FR	0.00	no	two-corpora	OpenSubtitles+Tatoeba
ялагайлана	0	3	2	OpenSubtitles+Tatoeba	clean:CC-BY-2.0-FR	0.00	no	two-corpora	OpenSubtitles+Tatoeba
ялганма	0	3	1	OpenSubtitles+Tatoeba	clean:CC-BY-2.0-FR	0.00	no	two-corpora	OpenSubtitles+Tatoeba
ялгышкансыздыр	0	3	2	OpenSubtitles+Tatoeba	clean:CC-BY-2.0-FR	0.00	no	two-corpora	OpenSubtitles+Tatoeba
ялгышмас	0	3	2	OpenSubtitles+Tatoeba	clean:CC-BY-2.0-FR	0.00	no	two-corpora	OpenSubtitles+Tatoeba
ялкауга	0	3	2	OpenSubtitles+Tatoeba	clean:CC-BY-2.0-FR	0.00	no	two-corpora	OpenSubtitles+Tatoeba
ялкаулыкка	0	3	2	OpenSubtitles+Tatoeba	clean:CC-BY-2.0-FR	0.00	no	two-corpora	OpenSubtitles+Tatoeba
яманлыктан	0	3	1	OpenSubtitles+Tatoeba	clean:CC-BY-2.0-FR	0.00	no	two-corpora	OpenSubtitles+Tatoeba
яманны	0	3	2	OpenSubtitles+Tatoeba	clean:CC-BY-2.0-FR	0.00	no	two-corpora	OpenSubtitles+Tatoeba
янчыгында	0	3	2	OpenSubtitles+Tatoeba	clean:CC-BY-2.0-FR	0.00	no	two-corpora	OpenSubtitles+Tatoeba
яныңдамы	0	3	2	OpenSubtitles+Tatoeba	clean:CC-BY-2.0-FR	0.00	no	two-corpora	OpenSubtitles+Tatoeba
япмагыз	0	3	1	OpenSubtitles+Tatoeba	clean:CC-BY-2.0-FR	0.00	no	two-corpora	OpenSubtitles+Tatoeba
япмады	0	3	2	OpenSubtitles+Tatoeba	clean:CC-BY-2.0-FR	0.00	no	two-corpora	OpenSubtitles+Tatoeba
яраттыңмы	0	3	2	OpenSubtitles+Tatoeba	clean:CC-BY-2.0-FR	0.00	no	two-corpora	OpenSubtitles+Tatoeba
ясагансың	0	3	1	OpenSubtitles+Tatoeba	clean:CC-BY-2.0-FR	0.00	no	two-corpora	OpenSubtitles+Tatoeba
ятасыңмы	0	3	2	OpenSubtitles+Tatoeba	clean:CC-BY-2.0-FR	0.00	no	two-corpora	OpenSubtitles+Tatoeba
яфрагыннан	0	3	2	OpenSubtitles+Tatoeba	clean:CC-BY-2.0-FR	0.00	no	two-corpora	OpenSubtitles+Tatoeba
яшердегез	0	3	1	OpenSubtitles+Tatoeba	clean:CC-BY-2.0-FR	0.00	no	two-corpora	OpenSubtitles+Tatoeba
яшәгәнегезне	0	3	2	OpenSubtitles+Tatoeba	clean:CC-BY-2.0-FR	0.00	no	two-corpora	OpenSubtitles+Tatoeba
яшәгәнеңне	0	3	2	OpenSubtitles+Tatoeba	clean:CC-BY-2.0-FR	0.00	no	two-corpora	OpenSubtitles+Tatoeba
яшәдеңме	0	3	1	OpenSubtitles+Tatoeba	clean:CC-BY-2.0-FR	0.00	no	two-corpora	OpenSubtitles+Tatoeba
яңаклаудан	0	3	2	OpenSubtitles+Tatoeba	clean:CC-BY-2.0-FR	0.00	no	two-corpora	OpenSubtitles+Tatoeba
җибәрмәячәкләр	0	3	1	OpenSubtitles+Tatoeba	clean:CC-BY-2.0-FR	0.00	no	two-corpora	OpenSubtitles+Tatoeba
җимерәчәкмен	0	3	1	OpenSubtitles+Tatoeba	clean:CC-BY-2.0-FR	0.00	no	two-corpora	OpenSubtitles+Tatoeba
җимне	0	3	1	OpenSubtitles+Tatoeba	clean:CC-BY-2.0-FR	0.00	no	two-corpora	OpenSubtitles+Tatoeba
җирлеләр	0	3	1	OpenSubtitles+Tatoeba	clean:CC-BY-2.0-FR	0.00	no	two-corpora	OpenSubtitles+Tatoeba
җиттегез	0	3	2	OpenSubtitles+Tatoeba	clean:CC-BY-2.0-FR	0.00	no	two-corpora	OpenSubtitles+Tatoeba
җиттеңме	0	3	1	OpenSubtitles+Tatoeba	clean:CC-BY-2.0-FR	0.00	no	two-corpora	OpenSubtitles+Tatoeba
җыенабызмы	0	3	1	OpenSubtitles+Tatoeba	clean:CC-BY-2.0-FR	0.00	no	two-corpora	OpenSubtitles+Tatoeba
җыештырам	0	3	1	OpenSubtitles+Tatoeba	clean:CC-BY-2.0-FR	0.00	no	two-corpora	OpenSubtitles+Tatoeba
җыйнаксыз	0	3	2	OpenSubtitles+Tatoeba	clean:CC-BY-2.0-FR	0.00	no	two-corpora	OpenSubtitles+Tatoeba
җылыт	0	3	1	OpenSubtitles+Tatoeba	clean:CC-BY-2.0-FR	0.00	no	two-corpora	OpenSubtitles+Tatoeba
җырларбыз	0	3	2	OpenSubtitles+Tatoeba	clean:CC-BY-2.0-FR	0.00	no	two-corpora	OpenSubtitles+Tatoeba
үбешергә	0	3	1	OpenSubtitles+Tatoeba	clean:CC-BY-2.0-FR	0.00	no	two-corpora	OpenSubtitles+Tatoeba
үзгәрмәдең	0	3	2	OpenSubtitles+Tatoeba	clean:CC-BY-2.0-FR	0.00	no	two-corpora	OpenSubtitles+Tatoeba
үзгәрт	0	3	2	OpenSubtitles+Tatoeba	clean:CC-BY-2.0-FR	0.00	no	two-corpora	OpenSubtitles+Tatoeba
үкенмәссең	0	3	1	OpenSubtitles+Tatoeba	clean:CC-BY-2.0-FR	0.00	no	two-corpora	OpenSubtitles+Tatoeba
үлемдә	0	3	1	OpenSubtitles+Tatoeba	clean:CC-BY-2.0-FR	0.00	no	two-corpora	OpenSubtitles+Tatoeba
үлергә	0	3	1	OpenSubtitles+Tatoeba	clean:CC-BY-2.0-FR	0.00	no	two-corpora	OpenSubtitles+Tatoeba
үлмәячәкмен	0	3	2	OpenSubtitles+Tatoeba	clean:CC-BY-2.0-FR	0.00	no	two-corpora	OpenSubtitles+Tatoeba
үләсеңме	0	3	1	OpenSubtitles+Tatoeba	clean:CC-BY-2.0-FR	0.00	no	two-corpora	OpenSubtitles+Tatoeba
үрмәкүчнең	0	3	1	OpenSubtitles+Tatoeba	clean:CC-BY-2.0-FR	0.00	no	two-corpora	OpenSubtitles+Tatoeba
үрнәктән	0	3	1	OpenSubtitles+Tatoeba	clean:CC-BY-2.0-FR	0.00	no	two-corpora	OpenSubtitles+Tatoeba
үсәсең	0	3	1	OpenSubtitles+Tatoeba	clean:CC-BY-2.0-FR	0.00	no	two-corpora	OpenSubtitles+Tatoeba
үтенмә	0	3	2	OpenSubtitles+Tatoeba	clean:CC-BY-2.0-FR	0.00	no	two-corpora	OpenSubtitles+Tatoeba
үткәнең	0	3	2	OpenSubtitles+Tatoeba	clean:CC-BY-2.0-FR	0.00	no	two-corpora	OpenSubtitles+Tatoeba
үтәрмен	0	3	1	OpenSubtitles+Tatoeba	clean:CC-BY-2.0-FR	0.00	no	two-corpora	OpenSubtitles+Tatoeba
үчлекле	0	3	1	OpenSubtitles+Tatoeba	clean:CC-BY-2.0-FR	0.00	no	two-corpora	OpenSubtitles+Tatoeba
әзерлисең	0	3	2	OpenSubtitles+Tatoeba	clean:CC-BY-2.0-FR	0.00	no	two-corpora	OpenSubtitles+Tatoeba
әзерләдеңме	0	3	1	OpenSubtitles+Tatoeba	clean:CC-BY-2.0-FR	0.00	no	two-corpora	OpenSubtitles+Tatoeba
әзерләргәме	0	3	2	OpenSubtitles+Tatoeba	clean:CC-BY-2.0-FR	0.00	no	two-corpora	OpenSubtitles+Tatoeba
әйтмисез	0	3	2	OpenSubtitles+Tatoeba	clean:CC-BY-2.0-FR	0.00	no	two-corpora	OpenSubtitles+Tatoeba
әйтмәдемме	0	3	1	OpenSubtitles+Tatoeba	clean:CC-BY-2.0-FR	0.00	no	two-corpora	OpenSubtitles+Tatoeba
әйтәчәгеңне	0	3	1	OpenSubtitles+Tatoeba	clean:CC-BY-2.0-FR	0.00	no	two-corpora	OpenSubtitles+Tatoeba
әниегезне	0	3	2	OpenSubtitles+Tatoeba	clean:CC-BY-2.0-FR	0.00	no	two-corpora	OpenSubtitles+Tatoeba
әниегезнең	0	3	2	OpenSubtitles+Tatoeba	clean:CC-BY-2.0-FR	0.00	no	two-corpora	OpenSubtitles+Tatoeba
әфәндеме	0	3	1	OpenSubtitles+Tatoeba	clean:CC-BY-2.0-FR	0.00	no	two-corpora	OpenSubtitles+Tatoeba
өйенә	0	3	1	OpenSubtitles+Tatoeba	clean:CC-BY-2.0-FR	0.00	no	two-corpora	OpenSubtitles+Tatoeba
өйрәндегезме	0	3	2	OpenSubtitles+Tatoeba	clean:CC-BY-2.0-FR	0.00	no	two-corpora	OpenSubtitles+Tatoeba
өйрәтмәдеме	0	3	1	OpenSubtitles+Tatoeba	clean:CC-BY-2.0-FR	0.00	no	two-corpora	OpenSubtitles+Tatoeba
