# ОТКЛОНЕНО машинной приёмкой. Миссия tt-dict-accept, отчёт — docs/DICT-ACCEPT.md.
# Ручной вычитки не было и не будет: оператор 2026-08-24 заменил её машинным правилом.
#
# ПРАВИЛО: слово принимается, если его подтверждает второй независимый источник
# и регистровая улика не выдаёт в нём имя собственное (cap_ratio < 0.50).
#   two-corpora      — встречается и в OpenSubtitles, и в Tatoeba
#   shipped-word     — уже стоит в поставляемом словаре (в очереди таких нет по построению)
#   shipped-paradigm — русский: основа стоит в поставляемом словаре ещё в >= 3 формах
#   single-source    — подтверждения нет: один корпус и ничего больше
#   proper-noun-evidence — >= 0.50 вхождений с заглавной буквы не в начале строки
#
# Колонки — те же, что в очереди, плюс rule и rule_detail. Отклонённые НЕ удалены: изменить
# правило и перезапустить `python3 scripts/dict_accept.py select` — одна команда.
word	heldout_hits	train_freq	train_freq_clean	sources	license_status	cap_ratio	enters_top100k	rule	rule_detail
яраббым	24	130	0	OpenSubtitles	risk-accepted:no-grant	0.76	yes	proper-noun-evidence	cap_ratio=0.76>=0.50
док	16	211	0	OpenSubtitles	risk-accepted:no-grant	0.70	yes	proper-noun-evidence	cap_ratio=0.70>=0.50
оһ	13	179	0	OpenSubtitles	risk-accepted:no-grant	0.50	yes	proper-noun-evidence	cap_ratio=0.50>=0.50
сипкеллем	8	25	0	OpenSubtitles	risk-accepted:no-grant	0.71	yes	proper-noun-evidence	cap_ratio=0.71>=0.50
джунглида	6	63	0	OpenSubtitles	risk-accepted:no-grant	0.02	yes	single-source	OpenSubtitles
кебекме	5	38	0	OpenSubtitles	risk-accepted:no-grant	0.00	yes	single-source	OpenSubtitles
соңгардым	5	5	0	OpenSubtitles	risk-accepted:no-grant	0.00	no	single-source	OpenSubtitles
уһ	4	43	0	OpenSubtitles	risk-accepted:no-grant	0.00	yes	single-source	OpenSubtitles
янни	4	21	21	Tatoeba	clean:CC-BY-2.0-FR	1.00	yes	proper-noun-evidence	cap_ratio=1.00>=0.50
очабыз	4	20	0	OpenSubtitles	risk-accepted:no-grant	0.00	yes	single-source	OpenSubtitles
чиксезлек	4	14	0	OpenSubtitles	risk-accepted:no-grant	0.33	yes	single-source	OpenSubtitles
этәргечләр	4	11	0	OpenSubtitles	risk-accepted:no-grant	0.33	yes	single-source	OpenSubtitles
оу	4	8	0	OpenSubtitles	risk-accepted:no-grant	0.00	no	single-source	OpenSubtitles
тәмамла	4	8	0	OpenSubtitles	risk-accepted:no-grant	0.00	no	single-source	OpenSubtitles
бла	4	5	0	OpenSubtitles	risk-accepted:no-grant	0.00	no	single-source	OpenSubtitles
галәмнәр	4	4	0	OpenSubtitles	risk-accepted:no-grant	0.00	no	single-source	OpenSubtitles
мэринең	4	4	4	Tatoeba	clean:CC-BY-2.0-FR	1.00	no	proper-noun-evidence	cap_ratio=1.00>=0.50
симуляциядә	4	4	0	OpenSubtitles	risk-accepted:no-grant	0.00	no	single-source	OpenSubtitles
зири	3	56	56	Tatoeba	clean:CC-BY-2.0-FR	1.00	yes	proper-noun-evidence	cap_ratio=1.00>=0.50
ярармы	3	50	0	OpenSubtitles	risk-accepted:no-grant	0.00	yes	single-source	OpenSubtitles
капы	3	34	0	OpenSubtitles	risk-accepted:no-grant	0.00	yes	single-source	OpenSubtitles
джунгли	3	23	0	OpenSubtitles	risk-accepted:no-grant	0.00	yes	single-source	OpenSubtitles
анджелеска	3	20	0	OpenSubtitles	risk-accepted:no-grant	0.00	yes	single-source	OpenSubtitles
коралыңны	3	20	0	OpenSubtitles	risk-accepted:no-grant	0.00	yes	single-source	OpenSubtitles
саубул	3	19	0	OpenSubtitles	risk-accepted:no-grant	0.00	yes	single-source	OpenSubtitles
теләдеңме	3	13	0	OpenSubtitles	risk-accepted:no-grant	0.00	yes	single-source	OpenSubtitles
җыендың	3	13	0	OpenSubtitles	risk-accepted:no-grant	0.00	yes	single-source	OpenSubtitles
анджелес	3	11	0	OpenSubtitles	risk-accepted:no-grant	0.00	yes	single-source	OpenSubtitles
бернишли	3	9	0	OpenSubtitles	risk-accepted:no-grant	0.00	no	single-source	OpenSubtitles
коткардыгыз	3	9	0	OpenSubtitles	risk-accepted:no-grant	0.00	no	single-source	OpenSubtitles
капыга	3	8	0	OpenSubtitles	risk-accepted:no-grant	0.00	no	single-source	OpenSubtitles
дайсон	3	7	0	OpenSubtitles	risk-accepted:no-grant	1.00	no	proper-noun-evidence	cap_ratio=1.00>=0.50
мандалорлы	3	7	0	OpenSubtitles	risk-accepted:no-grant	0.25	no	single-source	OpenSubtitles
качабыз	3	6	0	OpenSubtitles	risk-accepted:no-grant	0.00	no	single-source	OpenSubtitles
очышта	3	6	0	OpenSubtitles	risk-accepted:no-grant	0.00	no	single-source	OpenSubtitles
һеймдалл	3	6	0	OpenSubtitles	risk-accepted:no-grant	0.00	no	single-source	OpenSubtitles
кэсс	3	5	0	OpenSubtitles	risk-accepted:no-grant	1.00	no	proper-noun-evidence	cap_ratio=1.00>=0.50
параличланган	3	5	0	OpenSubtitles	risk-accepted:no-grant	0.00	no	single-source	OpenSubtitles
барнсны	3	4	0	OpenSubtitles	risk-accepted:no-grant	1.00	no	proper-noun-evidence	cap_ratio=1.00>=0.50
мутант	3	4	0	OpenSubtitles	risk-accepted:no-grant	0.25	no	single-source	OpenSubtitles
тылсымнары	3	4	0	OpenSubtitles	risk-accepted:no-grant	0.50	no	proper-noun-evidence	cap_ratio=0.50>=0.50
кызыксынмыйм	3	3	3	Tatoeba	clean:CC-BY-2.0-FR	0.00	no	single-source	Tatoeba
моңарда	3	3	3	Tatoeba	clean:CC-BY-2.0-FR	0.00	no	single-source	Tatoeba
трансиверны	3	3	0	OpenSubtitles	risk-accepted:no-grant	0.00	no	single-source	OpenSubtitles
әйбәтме	2	33	0	OpenSubtitles	risk-accepted:no-grant	0.00	yes	single-source	OpenSubtitles
булмыйчак	2	31	0	OpenSubtitles	risk-accepted:no-grant	0.00	yes	single-source	OpenSubtitles
ох	2	29	1	OpenSubtitles+Tatoeba	clean:CC-BY-2.0-FR	1.00	yes	proper-noun-evidence	cap_ratio=1.00>=0.50
татлым	2	27	0	OpenSubtitles	risk-accepted:no-grant	0.05	yes	single-source	OpenSubtitles
үлдең	2	27	0	OpenSubtitles	risk-accepted:no-grant	0.00	yes	single-source	OpenSubtitles
селкенмә	2	24	0	OpenSubtitles	risk-accepted:no-grant	0.00	yes	single-source	OpenSubtitles
корабтагы	2	18	0	OpenSubtitles	risk-accepted:no-grant	0.00	yes	single-source	OpenSubtitles
үлдем	2	17	0	OpenSubtitles	risk-accepted:no-grant	0.06	yes	single-source	OpenSubtitles
үтерәчәкмен	2	17	0	OpenSubtitles	risk-accepted:no-grant	0.00	yes	single-source	OpenSubtitles
мәгарәләргә	2	16	0	OpenSubtitles	risk-accepted:no-grant	0.00	yes	single-source	OpenSubtitles
супербатыр	2	16	0	OpenSubtitles	risk-accepted:no-grant	0.08	yes	single-source	OpenSubtitles
бозар	2	14	14	Tatoeba	clean:CC-BY-2.0-FR	0.00	yes	single-source	Tatoeba
клерның	2	12	0	OpenSubtitles	risk-accepted:no-grant	1.00	yes	proper-noun-evidence	cap_ratio=1.00>=0.50
сагыначакмын	2	12	0	OpenSubtitles	risk-accepted:no-grant	0.00	yes	single-source	OpenSubtitles
әйтәчәксең	2	12	0	OpenSubtitles	risk-accepted:no-grant	0.00	yes	single-source	OpenSubtitles
гоблин	2	11	0	OpenSubtitles	risk-accepted:no-grant	0.71	yes	proper-noun-evidence	cap_ratio=0.71>=0.50
югалыгыз	2	11	0	OpenSubtitles	risk-accepted:no-grant	0.00	yes	single-source	OpenSubtitles
үтермәдем	2	11	0	OpenSubtitles	risk-accepted:no-grant	0.00	yes	single-source	OpenSubtitles
итәчәксең	2	10	0	OpenSubtitles	risk-accepted:no-grant	0.00	no	single-source	OpenSubtitles
кикрикүк	2	10	1	OpenSubtitles+Tatoeba	clean:CC-BY-2.0-FR	0.50	no	proper-noun-evidence	cap_ratio=0.50>=0.50
синди	2	10	0	OpenSubtitles	risk-accepted:no-grant	1.00	no	proper-noun-evidence	cap_ratio=1.00>=0.50
алачаксыңмы	2	9	0	OpenSubtitles	risk-accepted:no-grant	0.00	no	single-source	OpenSubtitles
асрама	2	9	0	OpenSubtitles	risk-accepted:no-grant	0.00	no	single-source	OpenSubtitles
аңлыйсыңдыр	2	9	0	OpenSubtitles	risk-accepted:no-grant	0.00	no	single-source	OpenSubtitles
белгәнче	2	9	0	OpenSubtitles	risk-accepted:no-grant	0.00	no	single-source	OpenSubtitles
күренмәү	2	9	0	OpenSubtitles	risk-accepted:no-grant	0.12	no	single-source	OpenSubtitles
югалдың	2	9	0	OpenSubtitles	risk-accepted:no-grant	0.00	no	single-source	OpenSubtitles
җитешмәдем	2	9	0	OpenSubtitles	risk-accepted:no-grant	0.00	no	single-source	OpenSubtitles
ишетмәдеңме	2	8	0	OpenSubtitles	risk-accepted:no-grant	0.00	no	single-source	OpenSubtitles
нәмәзмәт	2	8	0	OpenSubtitles	risk-accepted:no-grant	0.00	no	single-source	OpenSubtitles
ялганлаган	2	8	8	Tatoeba	clean:CC-BY-2.0-FR	0.00	no	single-source	Tatoeba
янчыгымны	2	8	8	Tatoeba	clean:CC-BY-2.0-FR	0.00	no	single-source	Tatoeba
җыел	2	8	0	OpenSubtitles	risk-accepted:no-grant	0.00	no	single-source	OpenSubtitles
атасың	2	7	0	OpenSubtitles	risk-accepted:no-grant	0.00	no	single-source	OpenSubtitles
атаңның	2	7	0	OpenSubtitles	risk-accepted:no-grant	0.00	no	single-source	OpenSubtitles
гриффиндор	2	7	0	OpenSubtitles	risk-accepted:no-grant	1.00	no	proper-noun-evidence	cap_ratio=1.00>=0.50
коп	2	7	0	OpenSubtitles	risk-accepted:no-grant	0.00	no	single-source	OpenSubtitles
күтенә	2	7	0	OpenSubtitles	risk-accepted:no-grant	0.00	no	single-source	OpenSubtitles
кәһәрләнгән	2	7	0	OpenSubtitles	risk-accepted:no-grant	0.00	no	single-source	OpenSubtitles
тылсымны	2	7	0	OpenSubtitles	risk-accepted:no-grant	0.00	no	single-source	OpenSubtitles
янтык	2	7	0	OpenSubtitles	risk-accepted:no-grant	0.00	no	single-source	OpenSubtitles
үтермәдең	2	7	0	OpenSubtitles	risk-accepted:no-grant	0.00	no	single-source	OpenSubtitles
анаңа	2	6	0	OpenSubtitles	risk-accepted:no-grant	0.00	no	single-source	OpenSubtitles
арцт	2	6	0	OpenSubtitles	risk-accepted:no-grant	1.00	no	proper-noun-evidence	cap_ratio=1.00>=0.50
булышсаң	2	6	0	OpenSubtitles	risk-accepted:no-grant	0.17	no	single-source	OpenSubtitles
күтеңне	2	6	0	OpenSubtitles	risk-accepted:no-grant	0.00	no	single-source	OpenSubtitles
тылсымчылар	2	6	0	OpenSubtitles	risk-accepted:no-grant	0.00	no	single-source	OpenSubtitles
хәтерләр	2	6	0	OpenSubtitles	risk-accepted:no-grant	0.00	no	single-source	OpenSubtitles
эшләмисең	2	6	0	OpenSubtitles	risk-accepted:no-grant	0.00	no	single-source	OpenSubtitles
ярдәмеңнән	2	6	6	Tatoeba	clean:CC-BY-2.0-FR	0.00	no	single-source	Tatoeba
үкенерсең	2	6	6	Tatoeba	clean:CC-BY-2.0-FR	0.00	no	single-source	Tatoeba
үтермә	2	6	0	OpenSubtitles	risk-accepted:no-grant	0.00	no	single-source	OpenSubtitles
үтерәчәксең	2	6	0	OpenSubtitles	risk-accepted:no-grant	0.00	no	single-source	OpenSubtitles
берегезгә	2	5	0	OpenSubtitles	risk-accepted:no-grant	0.00	no	single-source	OpenSubtitles
берсесе	2	5	0	OpenSubtitles	risk-accepted:no-grant	0.00	no	single-source	OpenSubtitles
велосипедымны	2	5	5	Tatoeba	clean:CC-BY-2.0-FR	0.00	no	single-source	Tatoeba
йоханссен	2	5	0	OpenSubtitles	risk-accepted:no-grant	1.00	no	proper-noun-evidence	cap_ratio=1.00>=0.50
качтык	2	5	0	OpenSubtitles	risk-accepted:no-grant	0.00	no	single-source	OpenSubtitles
краглин	2	5	0	OpenSubtitles	risk-accepted:no-grant	1.00	no	proper-noun-evidence	cap_ratio=1.00>=0.50
күзлим	2	5	0	OpenSubtitles	risk-accepted:no-grant	0.00	no	single-source	OpenSubtitles
күчерегез	2	5	0	OpenSubtitles	risk-accepted:no-grant	0.00	no	single-source	OpenSubtitles
көчәнә	2	5	0	OpenSubtitles	risk-accepted:no-grant	0.00	no	single-source	OpenSubtitles
мирдин	2	5	0	OpenSubtitles	risk-accepted:no-grant	1.00	no	proper-noun-evidence	cap_ratio=1.00>=0.50
нәмәзмәтләр	2	5	0	OpenSubtitles	risk-accepted:no-grant	0.00	no	single-source	OpenSubtitles
оргокорп	2	5	0	OpenSubtitles	risk-accepted:no-grant	0.00	no	single-source	OpenSubtitles
робо	2	5	0	OpenSubtitles	risk-accepted:no-grant	0.00	no	single-source	OpenSubtitles
саранның	2	5	5	Tatoeba	clean:CC-BY-2.0-FR	0.00	no	single-source	Tatoeba
торетто	2	5	0	OpenSubtitles	risk-accepted:no-grant	1.00	no	proper-noun-evidence	cap_ratio=1.00>=0.50
җиңәчәкмен	2	5	0	OpenSubtitles	risk-accepted:no-grant	0.00	no	single-source	OpenSubtitles
әйтәсегез	2	5	0	OpenSubtitles	risk-accepted:no-grant	0.00	no	single-source	OpenSubtitles
аңламадыгыз	2	4	0	OpenSubtitles	risk-accepted:no-grant	0.00	no	single-source	OpenSubtitles
квинджетка	2	4	0	OpenSubtitles	risk-accepted:no-grant	0.00	no	single-source	OpenSubtitles
кискеч	2	4	0	OpenSubtitles	risk-accepted:no-grant	0.00	no	single-source	OpenSubtitles
киштәдән	2	4	4	Tatoeba	clean:CC-BY-2.0-FR	0.00	no	single-source	Tatoeba
криптон	2	4	0	OpenSubtitles	risk-accepted:no-grant	0.00	no	single-source	OpenSubtitles
күзәттеңме	2	4	0	OpenSubtitles	risk-accepted:no-grant	0.00	no	single-source	OpenSubtitles
күте	2	4	0	OpenSubtitles	risk-accepted:no-grant	0.00	no	single-source	OpenSubtitles
мурзасы	2	4	0	OpenSubtitles	risk-accepted:no-grant	0.00	no	single-source	OpenSubtitles
пепси	2	4	0	OpenSubtitles	risk-accepted:no-grant	0.50	no	proper-noun-evidence	cap_ratio=0.50>=0.50
песием	2	4	4	Tatoeba	clean:CC-BY-2.0-FR	0.00	no	single-source	Tatoeba
сандвич	2	4	0	OpenSubtitles	risk-accepted:no-grant	0.00	no	single-source	OpenSubtitles
суламый	2	4	0	OpenSubtitles	risk-accepted:no-grant	0.00	no	single-source	OpenSubtitles
сындырам	2	4	0	OpenSubtitles	risk-accepted:no-grant	0.00	no	single-source	OpenSubtitles
тыңлыйсыңмы	2	4	0	OpenSubtitles	risk-accepted:no-grant	0.00	no	single-source	OpenSubtitles
уйлыйсыңдыр	2	4	0	OpenSubtitles	risk-accepted:no-grant	0.00	no	single-source	OpenSubtitles
чыгарырмын	2	4	0	OpenSubtitles	risk-accepted:no-grant	0.00	no	single-source	OpenSubtitles
шартлаттым	2	4	0	OpenSubtitles	risk-accepted:no-grant	0.00	no	single-source	OpenSubtitles
ялгышканын	2	4	4	Tatoeba	clean:CC-BY-2.0-FR	0.00	no	single-source	Tatoeba
алдаудан	2	3	0	OpenSubtitles	risk-accepted:no-grant	0.00	no	single-source	OpenSubtitles
алдыйсыңмы	2	3	0	OpenSubtitles	risk-accepted:no-grant	0.00	no	single-source	OpenSubtitles
алмыйчаксыз	2	3	0	OpenSubtitles	risk-accepted:no-grant	0.00	no	single-source	OpenSubtitles
алыштырыгыз	2	3	0	OpenSubtitles	risk-accepted:no-grant	0.00	no	single-source	OpenSubtitles
булыштыгыз	2	3	0	OpenSubtitles	risk-accepted:no-grant	0.00	no	single-source	OpenSubtitles
джейкобның	2	3	0	OpenSubtitles	risk-accepted:no-grant	1.00	no	proper-noun-evidence	cap_ratio=1.00>=0.50
дженифер	2	3	0	OpenSubtitles	risk-accepted:no-grant	1.00	no	proper-noun-evidence	cap_ratio=1.00>=0.50
зэпп	2	3	0	OpenSubtitles	risk-accepted:no-grant	0.00	no	single-source	OpenSubtitles
койрыгыннан	2	3	3	Tatoeba	clean:CC-BY-2.0-FR	0.00	no	single-source	Tatoeba
коралың	2	3	0	OpenSubtitles	risk-accepted:no-grant	0.00	no	single-source	OpenSubtitles
коткарачакбыз	2	3	0	OpenSubtitles	risk-accepted:no-grant	0.00	no	single-source	OpenSubtitles
куясыңмы	2	3	0	OpenSubtitles	risk-accepted:no-grant	0.00	no	single-source	OpenSubtitles
пикассо	2	3	3	Tatoeba	clean:CC-BY-2.0-FR	1.00	no	proper-noun-evidence	cap_ratio=1.00>=0.50
рамлоу	2	3	0	OpenSubtitles	risk-accepted:no-grant	0.00	no	single-source	OpenSubtitles
сандерс	2	3	0	OpenSubtitles	risk-accepted:no-grant	0.00	no	single-source	OpenSubtitles
сындырасың	2	3	0	OpenSubtitles	risk-accepted:no-grant	0.00	no	single-source	OpenSubtitles
табигатең	2	3	3	Tatoeba	clean:CC-BY-2.0-FR	0.00	no	single-source	Tatoeba
тарлавыгы	2	3	0	OpenSubtitles	risk-accepted:no-grant	0.67	no	proper-noun-evidence	cap_ratio=0.67>=0.50
уйнама	2	3	3	Tatoeba	clean:CC-BY-2.0-FR	0.00	no	single-source	Tatoeba
упс	2	3	0	OpenSubtitles	risk-accepted:no-grant	0.00	no	single-source	OpenSubtitles
уятыгыз	2	3	3	Tatoeba	clean:CC-BY-2.0-FR	0.00	no	single-source	Tatoeba
ышандыңмы	2	3	0	OpenSubtitles	risk-accepted:no-grant	0.00	no	single-source	OpenSubtitles
җитештем	2	3	0	OpenSubtitles	risk-accepted:no-grant	0.00	no	single-source	OpenSubtitles
үтерәсез	2	3	0	OpenSubtitles	risk-accepted:no-grant	0.00	no	single-source	OpenSubtitles
анджелеста	1	26	0	OpenSubtitles	risk-accepted:no-grant	0.00	yes	single-source	OpenSubtitles
чыкмыйчак	1	22	0	OpenSubtitles	risk-accepted:no-grant	0.00	yes	single-source	OpenSubtitles
фу	1	19	0	OpenSubtitles	risk-accepted:no-grant	0.33	yes	single-source	OpenSubtitles
әх	1	19	0	OpenSubtitles	risk-accepted:no-grant	0.00	yes	single-source	OpenSubtitles
бункерда	1	18	0	OpenSubtitles	risk-accepted:no-grant	0.00	yes	single-source	OpenSubtitles
коткарам	1	18	0	OpenSubtitles	risk-accepted:no-grant	0.00	yes	single-source	OpenSubtitles
вуду	1	17	0	OpenSubtitles	risk-accepted:no-grant	0.27	yes	single-source	OpenSubtitles
нишләгәнеңне	1	16	0	OpenSubtitles	risk-accepted:no-grant	0.00	yes	single-source	OpenSubtitles
алмыйчаксың	1	15	0	OpenSubtitles	risk-accepted:no-grant	0.00	yes	single-source	OpenSubtitles
сикер	1	15	0	OpenSubtitles	risk-accepted:no-grant	0.00	yes	single-source	OpenSubtitles
алмыйчакмын	1	14	0	OpenSubtitles	risk-accepted:no-grant	0.00	yes	single-source	OpenSubtitles
джунглидан	1	14	0	OpenSubtitles	risk-accepted:no-grant	0.00	yes	single-source	OpenSubtitles
качтың	1	14	0	OpenSubtitles	risk-accepted:no-grant	0.00	yes	single-source	OpenSubtitles
көчән	1	13	0	OpenSubtitles	risk-accepted:no-grant	0.00	yes	single-source	OpenSubtitles
салга	1	13	0	OpenSubtitles	risk-accepted:no-grant	0.00	yes	single-source	OpenSubtitles
кун	1	12	0	OpenSubtitles	risk-accepted:no-grant	0.00	yes	single-source	OpenSubtitles
мәчем	1	12	12	Tatoeba	clean:CC-BY-2.0-FR	0.00	yes	single-source	Tatoeba
симуляция	1	12	0	OpenSubtitles	risk-accepted:no-grant	0.00	yes	single-source	OpenSubtitles
алмыйчакбыз	1	11	0	OpenSubtitles	risk-accepted:no-grant	0.00	yes	single-source	OpenSubtitles
булышасыңмы	1	11	0	OpenSubtitles	risk-accepted:no-grant	0.00	yes	single-source	OpenSubtitles
кабанны	1	11	0	OpenSubtitles	risk-accepted:no-grant	0.00	yes	single-source	OpenSubtitles
арбалет	1	10	0	OpenSubtitles	risk-accepted:no-grant	0.00	yes	single-source	OpenSubtitles
беләчәкмен	1	10	0	OpenSubtitles	risk-accepted:no-grant	0.00	yes	single-source	OpenSubtitles
булмадың	1	10	0	OpenSubtitles	risk-accepted:no-grant	0.00	yes	single-source	OpenSubtitles
дирижабль	1	10	0	OpenSubtitles	risk-accepted:no-grant	0.00	yes	single-source	OpenSubtitles
көрсенә	1	10	0	OpenSubtitles	risk-accepted:no-grant	1.00	no	proper-noun-evidence	cap_ratio=1.00>=0.50
хмм	1	10	0	OpenSubtitles	risk-accepted:no-grant	0.00	no	single-source	OpenSubtitles
биткоин	1	9	0	OpenSubtitles	risk-accepted:no-grant	0.00	no	single-source	OpenSubtitles
гөлчәчәкләр	1	9	9	Tatoeba	clean:CC-BY-2.0-FR	0.00	no	single-source	Tatoeba
кичәгегә	1	9	9	Tatoeba	clean:CC-BY-2.0-FR	0.00	no	single-source	Tatoeba
монстрлар	1	9	0	OpenSubtitles	risk-accepted:no-grant	0.60	no	proper-noun-evidence	cap_ratio=0.60>=0.50
мәчкәйләр	1	9	0	OpenSubtitles	risk-accepted:no-grant	0.17	no	single-source	OpenSubtitles
охшаганмы	1	9	0	OpenSubtitles	risk-accepted:no-grant	0.00	no	single-source	OpenSubtitles
роз	1	9	0	OpenSubtitles	risk-accepted:no-grant	1.00	no	proper-noun-evidence	cap_ratio=1.00>=0.50
табачаксың	1	9	0	OpenSubtitles	risk-accepted:no-grant	0.00	no	single-source	OpenSubtitles
турта	1	9	0	OpenSubtitles	risk-accepted:no-grant	0.00	no	single-source	OpenSubtitles
эчәрбез	1	9	0	OpenSubtitles	risk-accepted:no-grant	0.00	no	single-source	OpenSubtitles
яманның	1	9	9	Tatoeba	clean:CC-BY-2.0-FR	0.00	no	single-source	Tatoeba
җенем	1	9	9	Tatoeba	clean:CC-BY-2.0-FR	0.00	no	single-source	Tatoeba
алгоритмны	1	8	0	OpenSubtitles	risk-accepted:no-grant	0.00	no	single-source	OpenSubtitles
алдамыйм	1	8	0	OpenSubtitles	risk-accepted:no-grant	0.00	no	single-source	OpenSubtitles
бернишләмәдем	1	8	0	OpenSubtitles	risk-accepted:no-grant	0.00	no	single-source	OpenSubtitles
гигаватт	1	8	0	OpenSubtitles	risk-accepted:no-grant	0.00	no	single-source	OpenSubtitles
йохансен	1	8	0	OpenSubtitles	risk-accepted:no-grant	1.00	no	proper-noun-evidence	cap_ratio=1.00>=0.50
китмисең	1	8	0	OpenSubtitles	risk-accepted:no-grant	0.00	no	single-source	OpenSubtitles
күралмыйм	1	8	8	Tatoeba	clean:CC-BY-2.0-FR	0.00	no	single-source	Tatoeba
мимешләр	1	8	0	OpenSubtitles	risk-accepted:no-grant	0.00	no	single-source	OpenSubtitles
очышында	1	8	0	OpenSubtitles	risk-accepted:no-grant	0.00	no	single-source	OpenSubtitles
роуди	1	8	0	OpenSubtitles	risk-accepted:no-grant	1.00	no	proper-noun-evidence	cap_ratio=1.00>=0.50
эссам	1	8	0	OpenSubtitles	risk-accepted:no-grant	1.00	no	proper-noun-evidence	cap_ratio=1.00>=0.50
янут	1	8	0	OpenSubtitles	risk-accepted:no-grant	0.00	no	single-source	OpenSubtitles
үтерәсе	1	8	0	OpenSubtitles	risk-accepted:no-grant	0.00	no	single-source	OpenSubtitles
аюсы	1	7	0	OpenSubtitles	risk-accepted:no-grant	0.00	no	single-source	OpenSubtitles
вибраниум	1	7	0	OpenSubtitles	risk-accepted:no-grant	0.00	no	single-source	OpenSubtitles
кызыксынасың	1	7	0	OpenSubtitles	risk-accepted:no-grant	0.00	no	single-source	OpenSubtitles
күрсәтерсең	1	7	0	OpenSubtitles	risk-accepted:no-grant	0.00	no	single-source	OpenSubtitles
пилотны	1	7	0	OpenSubtitles	risk-accepted:no-grant	0.00	no	single-source	OpenSubtitles
плутонийны	1	7	0	OpenSubtitles	risk-accepted:no-grant	0.00	no	single-source	OpenSubtitles
саклагычка	1	7	0	OpenSubtitles	risk-accepted:no-grant	0.00	no	single-source	OpenSubtitles
селкенмәгез	1	7	0	OpenSubtitles	risk-accepted:no-grant	0.00	no	single-source	OpenSubtitles
тимгел	1	7	0	OpenSubtitles	risk-accepted:no-grant	0.00	no	single-source	OpenSubtitles
тишектә	1	7	0	OpenSubtitles	risk-accepted:no-grant	0.00	no	single-source	OpenSubtitles
тәбә	1	7	0	OpenSubtitles	risk-accepted:no-grant	0.33	no	single-source	OpenSubtitles
улмы	1	7	0	OpenSubtitles	risk-accepted:no-grant	0.00	no	single-source	OpenSubtitles
фут	1	7	0	OpenSubtitles	risk-accepted:no-grant	0.00	no	single-source	OpenSubtitles
чоланда	1	7	0	OpenSubtitles	risk-accepted:no-grant	0.00	no	single-source	OpenSubtitles
атамас	1	6	0	OpenSubtitles	risk-accepted:no-grant	0.00	no	single-source	OpenSubtitles
баи	1	6	0	OpenSubtitles	risk-accepted:no-grant	0.00	no	single-source	OpenSubtitles
батканын	1	6	0	OpenSubtitles	risk-accepted:no-grant	0.00	no	single-source	OpenSubtitles
булышмыйм	1	6	0	OpenSubtitles	risk-accepted:no-grant	0.00	no	single-source	OpenSubtitles
винсентны	1	6	0	OpenSubtitles	risk-accepted:no-grant	1.00	no	proper-noun-evidence	cap_ratio=1.00>=0.50
дебби	1	6	0	OpenSubtitles	risk-accepted:no-grant	1.00	no	proper-noun-evidence	cap_ratio=1.00>=0.50
димәдең	1	6	0	OpenSubtitles	risk-accepted:no-grant	0.00	no	single-source	OpenSubtitles
дуайт	1	6	1	OpenSubtitles+Tatoeba	clean:CC-BY-2.0-FR	1.00	no	proper-noun-evidence	cap_ratio=1.00>=0.50
исфахан	1	6	0	OpenSubtitles	risk-accepted:no-grant	1.00	no	proper-noun-evidence	cap_ratio=1.00>=0.50
ишетәме	1	6	0	OpenSubtitles	risk-accepted:no-grant	0.00	no	single-source	OpenSubtitles
каплагыз	1	6	0	OpenSubtitles	risk-accepted:no-grant	0.00	no	single-source	OpenSubtitles
килештем	1	6	0	OpenSubtitles	risk-accepted:no-grant	0.00	no	single-source	OpenSubtitles
киләсезме	1	6	6	Tatoeba	clean:CC-BY-2.0-FR	0.00	no	single-source	Tatoeba
күренәм	1	6	0	OpenSubtitles	risk-accepted:no-grant	0.00	no	single-source	OpenSubtitles
күрәчәкмен	1	6	0	OpenSubtitles	risk-accepted:no-grant	0.00	no	single-source	OpenSubtitles
намасте	1	6	0	OpenSubtitles	risk-accepted:no-grant	1.00	no	proper-noun-evidence	cap_ratio=1.00>=0.50
нишләгәнегезне	1	6	0	OpenSubtitles	risk-accepted:no-grant	0.00	no	single-source	OpenSubtitles
очасың	1	6	0	OpenSubtitles	risk-accepted:no-grant	0.00	no	single-source	OpenSubtitles
периметрны	1	6	0	OpenSubtitles	risk-accepted:no-grant	0.00	no	single-source	OpenSubtitles
сакаар	1	6	0	OpenSubtitles	risk-accepted:no-grant	1.00	no	proper-noun-evidence	cap_ratio=1.00>=0.50
саташулар	1	6	0	OpenSubtitles	risk-accepted:no-grant	0.00	no	single-source	OpenSubtitles
саубулыгыз	1	6	0	OpenSubtitles	risk-accepted:no-grant	0.00	no	single-source	OpenSubtitles
суалчаннарны	1	6	0	OpenSubtitles	risk-accepted:no-grant	0.00	no	single-source	OpenSubtitles
суаяк	1	6	0	OpenSubtitles	risk-accepted:no-grant	0.67	no	proper-noun-evidence	cap_ratio=0.67>=0.50
сөйләшмәгез	1	6	6	Tatoeba	clean:CC-BY-2.0-FR	0.00	no	single-source	Tatoeba
тизәкне	1	6	0	OpenSubtitles	risk-accepted:no-grant	0.00	no	single-source	OpenSubtitles
тәмугъ	1	6	0	OpenSubtitles	risk-accepted:no-grant	0.00	no	single-source	OpenSubtitles
тәмугъта	1	6	0	OpenSubtitles	risk-accepted:no-grant	0.00	no	single-source	OpenSubtitles
тәтегә	1	6	0	OpenSubtitles	risk-accepted:no-grant	0.00	no	single-source	OpenSubtitles
улымнан	1	6	0	OpenSubtitles	risk-accepted:no-grant	0.00	no	single-source	OpenSubtitles
урыннарыгызны	1	6	0	OpenSubtitles	risk-accepted:no-grant	0.00	no	single-source	OpenSubtitles
шазам	1	6	0	OpenSubtitles	risk-accepted:no-grant	1.00	no	proper-noun-evidence	cap_ratio=1.00>=0.50
шундамы	1	6	0	OpenSubtitles	risk-accepted:no-grant	0.00	no	single-source	OpenSubtitles
ышанмассың	1	6	0	OpenSubtitles	risk-accepted:no-grant	0.00	no	single-source	OpenSubtitles
якынлашма	1	6	0	OpenSubtitles	risk-accepted:no-grant	0.00	no	single-source	OpenSubtitles
яшенне	1	6	0	OpenSubtitles	risk-accepted:no-grant	0.00	no	single-source	OpenSubtitles
әлҗәзаир	1	6	6	Tatoeba	clean:CC-BY-2.0-FR	1.00	no	proper-noun-evidence	cap_ratio=1.00>=0.50
авиаоешмасы	1	5	0	OpenSubtitles	risk-accepted:no-grant	0.40	no	single-source	OpenSubtitles
алмавыңны	1	5	0	OpenSubtitles	risk-accepted:no-grant	0.00	no	single-source	OpenSubtitles
ардың	1	5	0	OpenSubtitles	risk-accepted:no-grant	0.00	no	single-source	OpenSubtitles
балкышлар	1	5	0	OpenSubtitles	risk-accepted:no-grant	0.00	no	single-source	OpenSubtitles
блонди	1	5	0	OpenSubtitles	risk-accepted:no-grant	0.20	no	single-source	OpenSubtitles
булышсам	1	5	0	OpenSubtitles	risk-accepted:no-grant	0.00	no	single-source	OpenSubtitles
бәялә	1	5	0	OpenSubtitles	risk-accepted:no-grant	0.00	no	single-source	OpenSubtitles
джулиетны	1	5	0	OpenSubtitles	risk-accepted:no-grant	1.00	no	proper-noun-evidence	cap_ratio=1.00>=0.50
ишетмәдең	1	5	0	OpenSubtitles	risk-accepted:no-grant	0.00	no	single-source	OpenSubtitles
кабатлыйк	1	5	0	OpenSubtitles	risk-accepted:no-grant	0.00	no	single-source	OpenSubtitles
кайтмадымы	1	5	0	OpenSubtitles	risk-accepted:no-grant	0.00	no	single-source	OpenSubtitles
кайтмасам	1	5	0	OpenSubtitles	risk-accepted:no-grant	0.00	no	single-source	OpenSubtitles
калмадың	1	5	5	Tatoeba	clean:CC-BY-2.0-FR	0.00	no	single-source	Tatoeba
китердеңме	1	5	0	OpenSubtitles	risk-accepted:no-grant	0.00	no	single-source	OpenSubtitles
кызма	1	5	0	OpenSubtitles	risk-accepted:no-grant	0.00	no	single-source	OpenSubtitles
кыяда	1	5	0	OpenSubtitles	risk-accepted:no-grant	0.00	no	single-source	OpenSubtitles
манәр	1	5	0	OpenSubtitles	risk-accepted:no-grant	0.00	no	single-source	OpenSubtitles
меннад	1	5	5	Tatoeba	clean:CC-BY-2.0-FR	0.00	no	single-source	Tatoeba
менәм	1	5	0	OpenSubtitles	risk-accepted:no-grant	0.00	no	single-source	OpenSubtitles
нитроглицерин	1	5	0	OpenSubtitles	risk-accepted:no-grant	0.00	no	single-source	OpenSubtitles
нишләгәнне	1	5	0	OpenSubtitles	risk-accepted:no-grant	0.00	no	single-source	OpenSubtitles
осоно	1	5	0	OpenSubtitles	risk-accepted:no-grant	1.00	no	proper-noun-evidence	cap_ratio=1.00>=0.50
оял	1	5	5	Tatoeba	clean:CC-BY-2.0-FR	0.00	no	single-source	Tatoeba
пендрагон	1	5	0	OpenSubtitles	risk-accepted:no-grant	1.00	no	proper-noun-evidence	cap_ratio=1.00>=0.50
синекенә	1	5	0	OpenSubtitles	risk-accepted:no-grant	0.00	no	single-source	OpenSubtitles
сүндерәм	1	5	0	OpenSubtitles	risk-accepted:no-grant	0.00	no	single-source	OpenSubtitles
сәлҗыклар	1	5	0	OpenSubtitles	risk-accepted:no-grant	0.00	no	single-source	OpenSubtitles
сөйләмәдеме	1	5	0	OpenSubtitles	risk-accepted:no-grant	0.00	no	single-source	OpenSubtitles
сөйләшмәячәкмен	1	5	5	Tatoeba	clean:CC-BY-2.0-FR	0.00	no	single-source	Tatoeba
тидердем	1	5	5	Tatoeba	clean:CC-BY-2.0-FR	0.00	no	single-source	Tatoeba
тоттыңмы	1	5	0	OpenSubtitles	risk-accepted:no-grant	0.00	no	single-source	OpenSubtitles
тузанкайлар	1	5	0	OpenSubtitles	risk-accepted:no-grant	0.00	no	single-source	OpenSubtitles
түтәй	1	5	0	OpenSubtitles	risk-accepted:no-grant	0.00	no	single-source	OpenSubtitles
тәмек	1	5	0	OpenSubtitles	risk-accepted:no-grant	0.00	no	single-source	OpenSubtitles
футурама	1	5	0	OpenSubtitles	risk-accepted:no-grant	1.00	no	proper-noun-evidence	cap_ratio=1.00>=0.50
чыгачакмы	1	5	0	OpenSubtitles	risk-accepted:no-grant	0.00	no	single-source	OpenSubtitles
шикләнмисеңме	1	5	0	OpenSubtitles	risk-accepted:no-grant	0.00	no	single-source	OpenSubtitles
этемне	1	5	5	Tatoeba	clean:CC-BY-2.0-FR	0.00	no	single-source	Tatoeba
яклармын	1	5	0	OpenSubtitles	risk-accepted:no-grant	0.00	no	single-source	OpenSubtitles
яндырдык	1	5	0	OpenSubtitles	risk-accepted:no-grant	0.00	no	single-source	OpenSubtitles
яшерәсең	1	5	0	OpenSubtitles	risk-accepted:no-grant	0.00	no	single-source	OpenSubtitles
җибәрдеңме	1	5	0	OpenSubtitles	risk-accepted:no-grant	0.00	no	single-source	OpenSubtitles
үтердек	1	5	0	OpenSubtitles	risk-accepted:no-grant	0.00	no	single-source	OpenSubtitles
әберчен	1	5	5	Tatoeba	clean:CC-BY-2.0-FR	0.00	no	single-source	Tatoeba
агыры	1	4	0	OpenSubtitles	risk-accepted:no-grant	0.00	no	single-source	OpenSubtitles
акылсызга	1	4	4	Tatoeba	clean:CC-BY-2.0-FR	0.00	no	single-source	Tatoeba
алмасбыз	1	4	0	OpenSubtitles	risk-accepted:no-grant	0.00	no	single-source	OpenSubtitles
антеннаны	1	4	0	OpenSubtitles	risk-accepted:no-grant	0.00	no	single-source	OpenSubtitles
арды	1	4	0	OpenSubtitles	risk-accepted:no-grant	0.00	no	single-source	OpenSubtitles
аркамны	1	4	0	OpenSubtitles	risk-accepted:no-grant	0.00	no	single-source	OpenSubtitles
аркаң	1	4	0	OpenSubtitles	risk-accepted:no-grant	0.00	no	single-source	OpenSubtitles
асгардлы	1	4	0	OpenSubtitles	risk-accepted:no-grant	0.67	no	proper-noun-evidence	cap_ratio=0.67>=0.50
байар	1	4	4	Tatoeba	clean:CC-BY-2.0-FR	0.75	no	proper-noun-evidence	cap_ratio=0.75>=0.50
байгыш	1	4	4	Tatoeba	clean:CC-BY-2.0-FR	0.00	no	single-source	Tatoeba
баксны	1	4	0	OpenSubtitles	risk-accepted:no-grant	0.00	no	single-source	OpenSubtitles
бауларны	1	4	4	Tatoeba	clean:CC-BY-2.0-FR	0.00	no	single-source	Tatoeba
башкисәрләр	1	4	0	OpenSubtitles	risk-accepted:no-grant	0.00	no	single-source	OpenSubtitles
башлыйсым	1	4	0	OpenSubtitles	risk-accepted:no-grant	0.00	no	single-source	OpenSubtitles
беләчәксең	1	4	0	OpenSubtitles	risk-accepted:no-grant	0.00	no	single-source	OpenSubtitles
беттең	1	4	0	OpenSubtitles	risk-accepted:no-grant	0.00	no	single-source	OpenSubtitles
биометрия	1	4	0	OpenSubtitles	risk-accepted:no-grant	0.00	no	single-source	OpenSubtitles
букчаңны	1	4	0	OpenSubtitles	risk-accepted:no-grant	0.00	no	single-source	OpenSubtitles
булмавыгызны	1	4	4	Tatoeba	clean:CC-BY-2.0-FR	0.00	no	single-source	Tatoeba
бункердан	1	4	0	OpenSubtitles	risk-accepted:no-grant	0.00	no	single-source	OpenSubtitles
вьет	1	4	4	Tatoeba	clean:CC-BY-2.0-FR	0.00	no	single-source	Tatoeba
газапланачак	1	4	0	OpenSubtitles	risk-accepted:no-grant	0.00	no	single-source	OpenSubtitles
глайдер	1	4	0	OpenSubtitles	risk-accepted:no-grant	0.00	no	single-source	OpenSubtitles
грета	1	4	0	OpenSubtitles	risk-accepted:no-grant	1.00	no	proper-noun-evidence	cap_ratio=1.00>=0.50
гудспид	1	4	0	OpenSubtitles	risk-accepted:no-grant	1.00	no	proper-noun-evidence	cap_ratio=1.00>=0.50
гыйбадәтханәдән	1	4	0	OpenSubtitles	risk-accepted:no-grant	0.00	no	single-source	OpenSubtitles
дозаны	1	4	0	OpenSubtitles	risk-accepted:no-grant	0.00	no	single-source	OpenSubtitles
дулкынланма	1	4	0	OpenSubtitles	risk-accepted:no-grant	0.00	no	single-source	OpenSubtitles
зепп	1	4	0	OpenSubtitles	risk-accepted:no-grant	1.00	no	proper-noun-evidence	cap_ratio=1.00>=0.50
индастриз	1	4	0	OpenSubtitles	risk-accepted:no-grant	0.75	no	proper-noun-evidence	cap_ratio=0.75>=0.50
иренчәк	1	4	4	Tatoeba	clean:CC-BY-2.0-FR	0.00	no	single-source	Tatoeba
иңбашларын	1	4	4	Tatoeba	clean:CC-BY-2.0-FR	0.00	no	single-source	Tatoeba
йортымы	1	4	0	OpenSubtitles	risk-accepted:no-grant	0.00	no	single-source	OpenSubtitles
йыван	1	4	4	Tatoeba	clean:CC-BY-2.0-FR	0.00	no	single-source	Tatoeba
йөзәсең	1	4	0	OpenSubtitles	risk-accepted:no-grant	0.00	no	single-source	OpenSubtitles
кабызыла	1	4	0	OpenSubtitles	risk-accepted:no-grant	0.67	no	proper-noun-evidence	cap_ratio=0.67>=0.50
капот	1	4	0	OpenSubtitles	risk-accepted:no-grant	0.00	no	single-source	OpenSubtitles
каргасы	1	4	4	Tatoeba	clean:CC-BY-2.0-FR	0.00	no	single-source	Tatoeba
каргышны	1	4	0	OpenSubtitles	risk-accepted:no-grant	0.00	no	single-source	OpenSubtitles
кибернетик	1	4	0	OpenSubtitles	risk-accepted:no-grant	0.00	no	single-source	OpenSubtitles
кисешкәндә	1	4	0	OpenSubtitles	risk-accepted:no-grant	0.00	no	single-source	OpenSubtitles
киткәнемне	1	4	0	OpenSubtitles	risk-accepted:no-grant	0.00	no	single-source	OpenSubtitles
китүебезне	1	4	0	OpenSubtitles	risk-accepted:no-grant	0.00	no	single-source	OpenSubtitles
кодлау	1	4	0	OpenSubtitles	risk-accepted:no-grant	0.67	no	proper-noun-evidence	cap_ratio=0.67>=0.50
колаклыклар	1	4	0	OpenSubtitles	risk-accepted:no-grant	0.00	no	single-source	OpenSubtitles
коткарачаклар	1	4	0	OpenSubtitles	risk-accepted:no-grant	0.00	no	single-source	OpenSubtitles
коткарачакмын	1	4	0	OpenSubtitles	risk-accepted:no-grant	0.00	no	single-source	OpenSubtitles
коткаргач	1	4	0	OpenSubtitles	risk-accepted:no-grant	0.00	no	single-source	OpenSubtitles
кочаклыйм	1	4	0	OpenSubtitles	risk-accepted:no-grant	0.00	no	single-source	OpenSubtitles
кушармын	1	4	0	OpenSubtitles	risk-accepted:no-grant	0.00	no	single-source	OpenSubtitles
кытаклый	1	4	4	Tatoeba	clean:CC-BY-2.0-FR	0.00	no	single-source	Tatoeba
күпертмә	1	4	0	OpenSubtitles	risk-accepted:no-grant	0.00	no	single-source	OpenSubtitles
күчерик	1	4	0	OpenSubtitles	risk-accepted:no-grant	0.00	no	single-source	OpenSubtitles
көнеңне	1	4	4	Tatoeba	clean:CC-BY-2.0-FR	0.00	no	single-source	Tatoeba
ләкләк	1	4	4	Tatoeba	clean:CC-BY-2.0-FR	0.00	no	single-source	Tatoeba
нидавеллир	1	4	0	OpenSubtitles	risk-accepted:no-grant	1.00	no	proper-noun-evidence	cap_ratio=1.00>=0.50
нимерия	1	4	0	OpenSubtitles	risk-accepted:no-grant	1.00	no	proper-noun-evidence	cap_ratio=1.00>=0.50
ньюман	1	4	0	OpenSubtitles	risk-accepted:no-grant	0.00	no	single-source	OpenSubtitles
патшалыкта	1	4	0	OpenSubtitles	risk-accepted:no-grant	0.33	no	single-source	OpenSubtitles
пиццага	1	4	4	Tatoeba	clean:CC-BY-2.0-FR	0.00	no	single-source	Tatoeba
проблемамы	1	4	0	OpenSubtitles	risk-accepted:no-grant	0.00	no	single-source	OpenSubtitles
программалаштырылган	1	4	0	OpenSubtitles	risk-accepted:no-grant	0.00	no	single-source	OpenSubtitles
пьетро	1	4	0	OpenSubtitles	risk-accepted:no-grant	1.00	no	proper-noun-evidence	cap_ratio=1.00>=0.50
сакны	1	4	0	OpenSubtitles	risk-accepted:no-grant	0.00	no	single-source	OpenSubtitles
сойердан	1	4	0	OpenSubtitles	risk-accepted:no-grant	1.00	no	proper-noun-evidence	cap_ratio=1.00>=0.50
сорарсың	1	4	0	OpenSubtitles	risk-accepted:no-grant	0.00	no	single-source	OpenSubtitles
стейк	1	4	0	OpenSubtitles	risk-accepted:no-grant	0.00	no	single-source	OpenSubtitles
стрикленд	1	4	0	OpenSubtitles	risk-accepted:no-grant	1.00	no	proper-noun-evidence	cap_ratio=1.00>=0.50
сүт	1	4	0	OpenSubtitles	risk-accepted:no-grant	0.00	no	single-source	OpenSubtitles
тапмадыңмы	1	4	0	OpenSubtitles	risk-accepted:no-grant	0.00	no	single-source	OpenSubtitles
тегесеннән	1	4	4	Tatoeba	clean:CC-BY-2.0-FR	0.00	no	single-source	Tatoeba
торның	1	4	0	OpenSubtitles	risk-accepted:no-grant	1.00	no	proper-noun-evidence	cap_ratio=1.00>=0.50
тыңламыйм	1	4	0	OpenSubtitles	risk-accepted:no-grant	0.00	no	single-source	OpenSubtitles
тыңламыйсың	1	4	0	OpenSubtitles	risk-accepted:no-grant	0.00	no	single-source	OpenSubtitles
урладыңмы	1	4	0	OpenSubtitles	risk-accepted:no-grant	0.00	no	single-source	OpenSubtitles
хафаланма	1	4	4	Tatoeba	clean:CC-BY-2.0-FR	0.00	no	single-source	Tatoeba
хорос	1	4	0	OpenSubtitles	risk-accepted:no-grant	1.00	no	proper-noun-evidence	cap_ratio=1.00>=0.50
чакра	1	4	4	Tatoeba	clean:CC-BY-2.0-FR	0.00	no	single-source	Tatoeba
чакырт	1	4	0	OpenSubtitles	risk-accepted:no-grant	0.00	no	single-source	OpenSubtitles
чемоданда	1	4	0	OpenSubtitles	risk-accepted:no-grant	0.00	no	single-source	OpenSubtitles
шартлагач	1	4	0	OpenSubtitles	risk-accepted:no-grant	0.00	no	single-source	OpenSubtitles
шеймус	1	4	0	OpenSubtitles	risk-accepted:no-grant	1.00	no	proper-noun-evidence	cap_ratio=1.00>=0.50
шәрабне	1	4	0	OpenSubtitles	risk-accepted:no-grant	0.00	no	single-source	OpenSubtitles
ышанмам	1	4	0	OpenSubtitles	risk-accepted:no-grant	0.00	no	single-source	OpenSubtitles
элронд	1	4	0	OpenSubtitles	risk-accepted:no-grant	1.00	no	proper-noun-evidence	cap_ratio=1.00>=0.50
ялварам	1	4	0	OpenSubtitles	risk-accepted:no-grant	0.00	no	single-source	OpenSubtitles
ялкауның	1	4	4	Tatoeba	clean:CC-BY-2.0-FR	0.00	no	single-source	Tatoeba
яшеңдә	1	4	0	OpenSubtitles	risk-accepted:no-grant	0.00	no	single-source	OpenSubtitles
яшәдегезме	1	4	0	OpenSubtitles	risk-accepted:no-grant	0.00	no	single-source	OpenSubtitles
җепсә	1	4	4	Tatoeba	clean:CC-BY-2.0-FR	0.00	no	single-source	Tatoeba
җибәрдегез	1	4	0	OpenSubtitles	risk-accepted:no-grant	0.00	no	single-source	OpenSubtitles
җимерелдек	1	4	0	OpenSubtitles	risk-accepted:no-grant	0.00	no	single-source	OpenSubtitles
җәзалады	1	4	0	OpenSubtitles	risk-accepted:no-grant	0.00	no	single-source	OpenSubtitles
үгезле	1	4	0	OpenSubtitles	risk-accepted:no-grant	1.00	no	proper-noun-evidence	cap_ratio=1.00>=0.50
үләнчел	1	4	4	Tatoeba	clean:CC-BY-2.0-FR	0.00	no	single-source	Tatoeba
үпкәләмәгез	1	4	0	OpenSubtitles	risk-accepted:no-grant	0.00	no	single-source	OpenSubtitles
үрмәкүче	1	4	0	OpenSubtitles	risk-accepted:no-grant	0.00	no	single-source	OpenSubtitles
үтердегезме	1	4	0	OpenSubtitles	risk-accepted:no-grant	0.00	no	single-source	OpenSubtitles
үтерәбез	1	4	0	OpenSubtitles	risk-accepted:no-grant	0.00	no	single-source	OpenSubtitles
үтерәсеңме	1	4	0	OpenSubtitles	risk-accepted:no-grant	0.00	no	single-source	OpenSubtitles
өрми	1	4	4	Tatoeba	clean:CC-BY-2.0-FR	0.00	no	single-source	Tatoeba
авызыңнан	1	3	3	Tatoeba	clean:CC-BY-2.0-FR	0.00	no	single-source	Tatoeba
акупунктура	1	3	0	OpenSubtitles	risk-accepted:no-grant	0.00	no	single-source	OpenSubtitles
акыллыга	1	3	3	Tatoeba	clean:CC-BY-2.0-FR	0.00	no	single-source	Tatoeba
аллергиясе	1	3	3	Tatoeba	clean:CC-BY-2.0-FR	0.00	no	single-source	Tatoeba
алмашта	1	3	0	OpenSubtitles	risk-accepted:no-grant	0.00	no	single-source	OpenSubtitles
анагызны	1	3	0	OpenSubtitles	risk-accepted:no-grant	0.00	no	single-source	OpenSubtitles
анти	1	3	0	OpenSubtitles	risk-accepted:no-grant	0.00	no	single-source	OpenSubtitles
аппендиксны	1	3	0	OpenSubtitles	risk-accepted:no-grant	0.00	no	single-source	OpenSubtitles
атагызны	1	3	0	OpenSubtitles	risk-accepted:no-grant	0.00	no	single-source	OpenSubtitles
атаңа	1	3	0	OpenSubtitles	risk-accepted:no-grant	0.00	no	single-source	OpenSubtitles
ачармын	1	3	0	OpenSubtitles	risk-accepted:no-grant	0.00	no	single-source	OpenSubtitles
ачкычымны	1	3	3	Tatoeba	clean:CC-BY-2.0-FR	0.00	no	single-source	Tatoeba
ашыкмасаң	1	3	0	OpenSubtitles	risk-accepted:no-grant	0.00	no	single-source	OpenSubtitles
аңлашабыз	1	3	0	OpenSubtitles	risk-accepted:no-grant	0.00	no	single-source	OpenSubtitles
бармыйчак	1	3	0	OpenSubtitles	risk-accepted:no-grant	0.00	no	single-source	OpenSubtitles
батареяны	1	3	0	OpenSubtitles	risk-accepted:no-grant	0.00	no	single-source	OpenSubtitles
башлыйчаксың	1	3	0	OpenSubtitles	risk-accepted:no-grant	0.00	no	single-source	OpenSubtitles
бейкон	1	3	0	OpenSubtitles	risk-accepted:no-grant	1.00	no	proper-noun-evidence	cap_ratio=1.00>=0.50
белмәм	1	3	0	OpenSubtitles	risk-accepted:no-grant	0.00	no	single-source	OpenSubtitles
беләчәксез	1	3	0	OpenSubtitles	risk-accepted:no-grant	0.00	no	single-source	OpenSubtitles
бирмәссезме	1	3	3	Tatoeba	clean:CC-BY-2.0-FR	0.00	no	single-source	Tatoeba
бликер	1	3	0	OpenSubtitles	risk-accepted:no-grant	1.00	no	proper-noun-evidence	cap_ratio=1.00>=0.50
бозма	1	3	0	OpenSubtitles	risk-accepted:no-grant	0.00	no	single-source	OpenSubtitles
боргач	1	3	0	OpenSubtitles	risk-accepted:no-grant	0.00	no	single-source	OpenSubtitles
бушатучылар	1	3	0	OpenSubtitles	risk-accepted:no-grant	0.50	no	proper-noun-evidence	cap_ratio=0.50>=0.50
бэм	1	3	0	OpenSubtitles	risk-accepted:no-grant	0.00	no	single-source	OpenSubtitles
бүленик	1	3	0	OpenSubtitles	risk-accepted:no-grant	0.00	no	single-source	OpenSubtitles
ваттың	1	3	0	OpenSubtitles	risk-accepted:no-grant	0.00	no	single-source	OpenSubtitles
вөрманн	1	3	3	Tatoeba	clean:CC-BY-2.0-FR	1.00	no	proper-noun-evidence	cap_ratio=1.00>=0.50
готэмның	1	3	0	OpenSubtitles	risk-accepted:no-grant	1.00	no	proper-noun-evidence	cap_ratio=1.00>=0.50
гриффиндорга	1	3	0	OpenSubtitles	risk-accepted:no-grant	1.00	no	proper-noun-evidence	cap_ratio=1.00>=0.50
джулс	1	3	0	OpenSubtitles	risk-accepted:no-grant	1.00	no	proper-noun-evidence	cap_ratio=1.00>=0.50
дошманлы	1	3	0	OpenSubtitles	risk-accepted:no-grant	0.00	no	single-source	OpenSubtitles
дураль	1	3	0	OpenSubtitles	risk-accepted:no-grant	0.00	no	single-source	OpenSubtitles
дустыгызны	1	3	0	OpenSubtitles	risk-accepted:no-grant	0.00	no	single-source	OpenSubtitles
егылганны	1	3	3	Tatoeba	clean:CC-BY-2.0-FR	0.00	no	single-source	Tatoeba
зионны	1	3	0	OpenSubtitles	risk-accepted:no-grant	1.00	no	proper-noun-evidence	cap_ratio=1.00>=0.50
ишетәсез	1	3	0	OpenSubtitles	risk-accepted:no-grant	0.00	no	single-source	OpenSubtitles
йошия	1	3	0	OpenSubtitles	risk-accepted:no-grant	0.00	no	single-source	OpenSubtitles
казакча	1	3	3	Tatoeba	clean:CC-BY-2.0-FR	0.00	no	single-source	Tatoeba
кайтардың	1	3	0	OpenSubtitles	risk-accepted:no-grant	0.00	no	single-source	OpenSubtitles
каравыңны	1	3	3	Tatoeba	clean:CC-BY-2.0-FR	0.00	no	single-source	Tatoeba
катыштырмагыз	1	3	0	OpenSubtitles	risk-accepted:no-grant	0.00	no	single-source	OpenSubtitles
кетто	1	3	0	OpenSubtitles	risk-accepted:no-grant	0.00	no	single-source	OpenSubtitles
кечкенәм	1	3	0	OpenSubtitles	risk-accepted:no-grant	0.00	no	single-source	OpenSubtitles
киттеләрме	1	3	0	OpenSubtitles	risk-accepted:no-grant	0.00	no	single-source	OpenSubtitles
копны	1	3	0	OpenSubtitles	risk-accepted:no-grant	0.00	no	single-source	OpenSubtitles
костюмда	1	3	0	OpenSubtitles	risk-accepted:no-grant	0.00	no	single-source	OpenSubtitles
коткардык	1	3	0	OpenSubtitles	risk-accepted:no-grant	0.00	no	single-source	OpenSubtitles
коткарыйк	1	3	0	OpenSubtitles	risk-accepted:no-grant	0.00	no	single-source	OpenSubtitles
кушмадым	1	3	0	OpenSubtitles	risk-accepted:no-grant	0.00	no	single-source	OpenSubtitles
кызарды	1	3	3	Tatoeba	clean:CC-BY-2.0-FR	0.00	no	single-source	Tatoeba
кызыксынасыз	1	3	0	OpenSubtitles	risk-accepted:no-grant	0.00	no	single-source	OpenSubtitles
кыяташны	1	3	0	OpenSubtitles	risk-accepted:no-grant	0.00	no	single-source	OpenSubtitles
күрсәтерсеңме	1	3	3	Tatoeba	clean:CC-BY-2.0-FR	0.00	no	single-source	Tatoeba
күрсәтсәм	1	3	0	OpenSubtitles	risk-accepted:no-grant	0.00	no	single-source	OpenSubtitles
көткәнгә	1	3	3	Tatoeba	clean:CC-BY-2.0-FR	0.00	no	single-source	Tatoeba
көчегет	1	3	0	OpenSubtitles	risk-accepted:no-grant	0.00	no	single-source	OpenSubtitles
линдси	1	3	0	OpenSubtitles	risk-accepted:no-grant	1.00	no	proper-noun-evidence	cap_ratio=1.00>=0.50
лори	1	3	3	Tatoeba	clean:CC-BY-2.0-FR	1.00	no	proper-noun-evidence	cap_ratio=1.00>=0.50
мактанчыкның	1	3	3	Tatoeba	clean:CC-BY-2.0-FR	0.00	no	single-source	Tatoeba
марстагы	1	3	1	OpenSubtitles+Tatoeba	clean:CC-BY-2.0-FR	1.00	no	proper-noun-evidence	cap_ratio=1.00>=0.50
менсәм	1	3	0	OpenSubtitles	risk-accepted:no-grant	0.00	no	single-source	OpenSubtitles
миең	1	3	0	OpenSubtitles	risk-accepted:no-grant	0.00	no	single-source	OpenSubtitles
милославский	1	3	0	OpenSubtitles	risk-accepted:no-grant	1.00	no	proper-noun-evidence	cap_ratio=1.00>=0.50
монсысы	1	3	0	OpenSubtitles	risk-accepted:no-grant	0.00	no	single-source	OpenSubtitles
ниндине	1	3	3	Tatoeba	clean:CC-BY-2.0-FR	0.00	no	single-source	Tatoeba
нишләгез	1	3	0	OpenSubtitles	risk-accepted:no-grant	0.00	no	single-source	OpenSubtitles
ниятлисез	1	3	3	Tatoeba	clean:CC-BY-2.0-FR	0.00	no	single-source	Tatoeba
ниятләрең	1	3	0	OpenSubtitles	risk-accepted:no-grant	0.00	no	single-source	OpenSubtitles
оранжереяга	1	3	0	OpenSubtitles	risk-accepted:no-grant	0.00	no	single-source	OpenSubtitles
оһо	1	3	0	OpenSubtitles	risk-accepted:no-grant	0.00	no	single-source	OpenSubtitles
палома	1	3	0	OpenSubtitles	risk-accepted:no-grant	0.00	no	single-source	OpenSubtitles
пеннины	1	3	0	OpenSubtitles	risk-accepted:no-grant	1.00	no	proper-noun-evidence	cap_ratio=1.00>=0.50
полициячы	1	3	3	Tatoeba	clean:CC-BY-2.0-FR	0.00	no	single-source	Tatoeba
проблемам	1	3	3	Tatoeba	clean:CC-BY-2.0-FR	0.00	no	single-source	Tatoeba
ризалашсам	1	3	0	OpenSubtitles	risk-accepted:no-grant	0.00	no	single-source	OpenSubtitles
руссоны	1	3	0	OpenSubtitles	risk-accepted:no-grant	1.00	no	proper-noun-evidence	cap_ratio=1.00>=0.50
сагыначакбыз	1	3	0	OpenSubtitles	risk-accepted:no-grant	0.00	no	single-source	OpenSubtitles
салун	1	3	0	OpenSubtitles	risk-accepted:no-grant	0.00	no	single-source	OpenSubtitles
салырсың	1	3	0	OpenSubtitles	risk-accepted:no-grant	0.00	no	single-source	OpenSubtitles
сатмаячакмын	1	3	3	Tatoeba	clean:CC-BY-2.0-FR	0.00	no	single-source	Tatoeba
сеансны	1	3	0	OpenSubtitles	risk-accepted:no-grant	0.00	no	single-source	OpenSubtitles
сигналдан	1	3	0	OpenSubtitles	risk-accepted:no-grant	0.00	no	single-source	OpenSubtitles
сигәк	1	3	0	OpenSubtitles	risk-accepted:no-grant	0.00	no	single-source	OpenSubtitles
сикерүдән	1	3	0	OpenSubtitles	risk-accepted:no-grant	0.00	no	single-source	OpenSubtitles
симуляцияне	1	3	0	OpenSubtitles	risk-accepted:no-grant	0.00	no	single-source	OpenSubtitles
скурдж	1	3	0	OpenSubtitles	risk-accepted:no-grant	1.00	no	proper-noun-evidence	cap_ratio=1.00>=0.50
слизеринга	1	3	0	OpenSubtitles	risk-accepted:no-grant	1.00	no	proper-noun-evidence	cap_ratio=1.00>=0.50
сорауларсыз	1	3	0	OpenSubtitles	risk-accepted:no-grant	0.00	no	single-source	OpenSubtitles
стэн	1	3	0	OpenSubtitles	risk-accepted:no-grant	1.00	no	proper-noun-evidence	cap_ratio=1.00>=0.50
сусаудан	1	3	0	OpenSubtitles	risk-accepted:no-grant	0.00	no	single-source	OpenSubtitles
сәдәпләр	1	3	0	OpenSubtitles	risk-accepted:no-grant	0.00	no	single-source	OpenSubtitles
сөйличәк	1	3	0	OpenSubtitles	risk-accepted:no-grant	0.00	no	single-source	OpenSubtitles
сөйләшмәкче	1	3	3	Tatoeba	clean:CC-BY-2.0-FR	0.00	no	single-source	Tatoeba
сөйләшмәсәк	1	3	0	OpenSubtitles	risk-accepted:no-grant	0.00	no	single-source	OpenSubtitles
сөйләшүегезне	1	3	3	Tatoeba	clean:CC-BY-2.0-FR	0.00	no	single-source	Tatoeba
сөйләшәләрме	1	3	3	Tatoeba	clean:CC-BY-2.0-FR	0.00	no	single-source	Tatoeba
таб	1	3	0	OpenSubtitles	risk-accepted:no-grant	0.00	no	single-source	OpenSubtitles
таити	1	3	1	OpenSubtitles+Tatoeba	clean:CC-BY-2.0-FR	1.00	no	proper-noun-evidence	cap_ratio=1.00>=0.50
тамалар	1	3	0	OpenSubtitles	risk-accepted:no-grant	0.00	no	single-source	OpenSubtitles
тапшыргычы	1	3	0	OpenSubtitles	risk-accepted:no-grant	0.00	no	single-source	OpenSubtitles
таягың	1	3	0	OpenSubtitles	risk-accepted:no-grant	0.00	no	single-source	OpenSubtitles
тектем	1	3	0	OpenSubtitles	risk-accepted:no-grant	0.00	no	single-source	OpenSubtitles
тигезләмәләр	1	3	0	OpenSubtitles	risk-accepted:no-grant	0.00	no	single-source	OpenSubtitles
тимибез	1	3	0	OpenSubtitles	risk-accepted:no-grant	0.00	no	single-source	OpenSubtitles
тод	1	3	0	OpenSubtitles	risk-accepted:no-grant	1.00	no	proper-noun-evidence	cap_ratio=1.00>=0.50
томбо	1	3	0	OpenSubtitles	risk-accepted:no-grant	1.00	no	proper-noun-evidence	cap_ratio=1.00>=0.50
тудыка	1	3	0	OpenSubtitles	risk-accepted:no-grant	0.00	no	single-source	OpenSubtitles
туктасаң	1	3	0	OpenSubtitles	risk-accepted:no-grant	0.00	no	single-source	OpenSubtitles
тьфу	1	3	0	OpenSubtitles	risk-accepted:no-grant	0.00	no	single-source	OpenSubtitles
тәңреләр	1	3	0	OpenSubtitles	risk-accepted:no-grant	0.00	no	single-source	OpenSubtitles
тәүрәт	1	3	0	OpenSubtitles	risk-accepted:no-grant	1.00	no	proper-noun-evidence	cap_ratio=1.00>=0.50
төзәткәч	1	3	0	OpenSubtitles	risk-accepted:no-grant	0.00	no	single-source	OpenSubtitles
төркемме	1	3	0	OpenSubtitles	risk-accepted:no-grant	0.00	no	single-source	OpenSubtitles
төсең	1	3	3	Tatoeba	clean:CC-BY-2.0-FR	0.00	no	single-source	Tatoeba
төшик	1	3	3	Tatoeba	clean:CC-BY-2.0-FR	0.00	no	single-source	Tatoeba
төштегез	1	3	0	OpenSubtitles	risk-accepted:no-grant	0.00	no	single-source	OpenSubtitles
узгансың	1	3	0	OpenSubtitles	risk-accepted:no-grant	0.00	no	single-source	OpenSubtitles
утраудамы	1	3	0	OpenSubtitles	risk-accepted:no-grant	0.00	no	single-source	OpenSubtitles
уһһ	1	3	0	OpenSubtitles	risk-accepted:no-grant	0.00	no	single-source	OpenSubtitles
фотографиядә	1	3	3	Tatoeba	clean:CC-BY-2.0-FR	0.00	no	single-source	Tatoeba
фәрештәм	1	3	0	OpenSubtitles	risk-accepted:no-grant	0.00	no	single-source	OpenSubtitles
хатынымнан	1	3	0	OpenSubtitles	risk-accepted:no-grant	0.00	no	single-source	OpenSubtitles
хиллдейл	1	3	0	OpenSubtitles	risk-accepted:no-grant	1.00	no	proper-noun-evidence	cap_ratio=1.00>=0.50
хин	1	3	0	OpenSubtitles	risk-accepted:no-grant	1.00	no	proper-noun-evidence	cap_ratio=1.00>=0.50
хлороформ	1	3	0	OpenSubtitles	risk-accepted:no-grant	0.00	no	single-source	OpenSubtitles
чатырларны	1	3	0	OpenSubtitles	risk-accepted:no-grant	0.00	no	single-source	OpenSubtitles
чыбыкка	1	3	0	OpenSubtitles	risk-accepted:no-grant	0.00	no	single-source	OpenSubtitles
шалтыратачагын	1	3	3	Tatoeba	clean:CC-BY-2.0-FR	0.00	no	single-source	Tatoeba
шенон	1	3	0	OpenSubtitles	risk-accepted:no-grant	1.00	no	proper-noun-evidence	cap_ratio=1.00>=0.50
шуышасың	1	3	0	OpenSubtitles	risk-accepted:no-grant	0.00	no	single-source	OpenSubtitles
шөгелләнәсез	1	3	0	OpenSubtitles	risk-accepted:no-grant	0.00	no	single-source	OpenSubtitles
ыгы	1	3	0	OpenSubtitles	risk-accepted:no-grant	0.00	no	single-source	OpenSubtitles
ышанырмын	1	3	0	OpenSubtitles	risk-accepted:no-grant	0.00	no	single-source	OpenSubtitles
ышкылу	1	3	0	OpenSubtitles	risk-accepted:no-grant	0.00	no	single-source	OpenSubtitles
эдитны	1	3	0	OpenSubtitles	risk-accepted:no-grant	1.00	no	proper-noun-evidence	cap_ratio=1.00>=0.50
эзәрли	1	3	0	OpenSubtitles	risk-accepted:no-grant	0.00	no	single-source	OpenSubtitles
эпицентр	1	3	0	OpenSubtitles	risk-accepted:no-grant	0.00	no	single-source	OpenSubtitles
эргәзембай	1	3	3	Tatoeba	clean:CC-BY-2.0-FR	0.00	no	single-source	Tatoeba
эшләмичәксең	1	3	0	OpenSubtitles	risk-accepted:no-grant	0.00	no	single-source	OpenSubtitles
эшләмәгәнен	1	3	3	Tatoeba	clean:CC-BY-2.0-FR	0.00	no	single-source	Tatoeba
янындамы	1	3	0	OpenSubtitles	risk-accepted:no-grant	0.00	no	single-source	OpenSubtitles
ярдәмегездән	1	3	3	Tatoeba	clean:CC-BY-2.0-FR	0.00	no	single-source	Tatoeba
ярканатлар	1	3	3	Tatoeba	clean:CC-BY-2.0-FR	0.00	no	single-source	Tatoeba
ярлының	1	3	3	Tatoeba	clean:CC-BY-2.0-FR	0.00	no	single-source	Tatoeba
ясарсың	1	3	0	OpenSubtitles	risk-accepted:no-grant	0.00	no	single-source	OpenSubtitles
яхтада	1	3	0	OpenSubtitles	risk-accepted:no-grant	0.00	no	single-source	OpenSubtitles
яшер	1	3	0	OpenSubtitles	risk-accepted:no-grant	0.00	no	single-source	OpenSubtitles
җенгә	1	3	0	OpenSubtitles	risk-accepted:no-grant	0.00	no	single-source	OpenSubtitles
җик	1	3	3	Tatoeba	clean:CC-BY-2.0-FR	0.00	no	single-source	Tatoeba
җитешәчәксең	1	3	0	OpenSubtitles	risk-accepted:no-grant	0.00	no	single-source	OpenSubtitles
җыелыгыз	1	3	0	OpenSubtitles	risk-accepted:no-grant	0.00	no	single-source	OpenSubtitles
җәзаладым	1	3	0	OpenSubtitles	risk-accepted:no-grant	0.00	no	single-source	OpenSubtitles
җәзалаучы	1	3	0	OpenSubtitles	risk-accepted:no-grant	0.00	no	single-source	OpenSubtitles
җәһәтрәк	1	3	3	Tatoeba	clean:CC-BY-2.0-FR	0.00	no	single-source	Tatoeba
үбештеләр	1	3	3	Tatoeba	clean:CC-BY-2.0-FR	0.00	no	single-source	Tatoeba
үзгәртмә	1	3	0	OpenSubtitles	risk-accepted:no-grant	0.00	no	single-source	OpenSubtitles
үлгәннәрен	1	3	0	OpenSubtitles	risk-accepted:no-grant	0.00	no	single-source	OpenSubtitles
үтермәячәкбез	1	3	0	OpenSubtitles	risk-accepted:no-grant	0.00	no	single-source	OpenSubtitles
һаләкәт	1	3	0	OpenSubtitles	risk-accepted:no-grant	0.00	no	single-source	OpenSubtitles
һеркулес	1	3	2	OpenSubtitles+Tatoeba	clean:CC-BY-2.0-FR	1.00	no	proper-noun-evidence	cap_ratio=1.00>=0.50
өйрәтмәгез	1	3	3	Tatoeba	clean:CC-BY-2.0-FR	0.00	no	single-source	Tatoeba
өстәмим	1	3	3	Tatoeba	clean:CC-BY-2.0-FR	0.00	no	single-source	Tatoeba
капыны	0	17	0	OpenSubtitles	risk-accepted:no-grant	0.00	yes	single-source	OpenSubtitles
бакс	0	16	0	OpenSubtitles	risk-accepted:no-grant	0.06	yes	single-source	OpenSubtitles
тәртипме	0	16	0	OpenSubtitles	risk-accepted:no-grant	0.00	yes	single-source	OpenSubtitles
төшле	0	16	0	OpenSubtitles	risk-accepted:no-grant	0.08	yes	single-source	OpenSubtitles
мурза	0	15	0	OpenSubtitles	risk-accepted:no-grant	0.00	yes	single-source	OpenSubtitles
рацияне	0	14	0	OpenSubtitles	risk-accepted:no-grant	0.00	yes	single-source	OpenSubtitles
бриллиантны	0	12	0	OpenSubtitles	risk-accepted:no-grant	0.00	yes	single-source	OpenSubtitles
таллий	0	11	0	OpenSubtitles	risk-accepted:no-grant	0.00	yes	single-source	OpenSubtitles
эшличәк	0	11	0	OpenSubtitles	risk-accepted:no-grant	0.00	yes	single-source	OpenSubtitles
авыртачак	0	10	0	OpenSubtitles	risk-accepted:no-grant	0.00	yes	single-source	OpenSubtitles
башлыйчак	0	10	0	OpenSubtitles	risk-accepted:no-grant	0.00	yes	single-source	OpenSubtitles
бирешәм	0	10	0	OpenSubtitles	risk-accepted:no-grant	0.00	yes	single-source	OpenSubtitles
диярмен	0	10	0	OpenSubtitles	risk-accepted:no-grant	0.00	yes	single-source	OpenSubtitles
йоркка	0	10	0	OpenSubtitles	risk-accepted:no-grant	0.00	no	single-source	OpenSubtitles
кабахәтләр	0	10	0	OpenSubtitles	risk-accepted:no-grant	0.00	no	single-source	OpenSubtitles
рич	0	10	0	OpenSubtitles	risk-accepted:no-grant	1.00	no	proper-noun-evidence	cap_ratio=1.00>=0.50
тако	0	10	0	OpenSubtitles	risk-accepted:no-grant	0.67	no	proper-noun-evidence	cap_ratio=0.67>=0.50
шалканбаш	0	10	0	OpenSubtitles	risk-accepted:no-grant	0.00	no	single-source	OpenSubtitles
яррабым	0	10	0	OpenSubtitles	risk-accepted:no-grant	0.00	no	single-source	OpenSubtitles
үлер	0	10	0	OpenSubtitles	risk-accepted:no-grant	0.00	no	single-source	OpenSubtitles
үләчәкмен	0	10	0	OpenSubtitles	risk-accepted:no-grant	0.00	no	single-source	OpenSubtitles
әфсен	0	10	0	OpenSubtitles	risk-accepted:no-grant	0.00	no	single-source	OpenSubtitles
алмыйчак	0	9	0	OpenSubtitles	risk-accepted:no-grant	0.00	no	single-source	OpenSubtitles
бирәчәксең	0	9	0	OpenSubtitles	risk-accepted:no-grant	0.00	no	single-source	OpenSubtitles
буталдым	0	9	0	OpenSubtitles	risk-accepted:no-grant	0.00	no	single-source	OpenSubtitles
име	0	9	0	OpenSubtitles	risk-accepted:no-grant	0.00	no	single-source	OpenSubtitles
иярсәң	0	9	9	Tatoeba	clean:CC-BY-2.0-FR	0.00	no	single-source	Tatoeba
кайтарачакмын	0	9	0	OpenSubtitles	risk-accepted:no-grant	0.00	no	single-source	OpenSubtitles
килгәнеңне	0	9	0	OpenSubtitles	risk-accepted:no-grant	0.00	no	single-source	OpenSubtitles
кызмы	0	9	0	OpenSubtitles	risk-accepted:no-grant	0.00	no	single-source	OpenSubtitles
күргәнеңчә	0	9	0	OpenSubtitles	risk-accepted:no-grant	0.00	no	single-source	OpenSubtitles
патшам	0	9	0	OpenSubtitles	risk-accepted:no-grant	0.12	no	single-source	OpenSubtitles
пистолетны	0	9	0	OpenSubtitles	risk-accepted:no-grant	0.00	no	single-source	OpenSubtitles
табибмы	0	9	0	OpenSubtitles	risk-accepted:no-grant	0.00	no	single-source	OpenSubtitles
ядрәне	0	9	0	OpenSubtitles	risk-accepted:no-grant	0.00	no	single-source	OpenSubtitles
ашыграк	0	8	0	OpenSubtitles	risk-accepted:no-grant	0.00	no	single-source	OpenSubtitles
аңлаганчы	0	8	0	OpenSubtitles	risk-accepted:no-grant	0.00	no	single-source	OpenSubtitles
борчыласыңмы	0	8	0	OpenSubtitles	risk-accepted:no-grant	0.00	no	single-source	OpenSubtitles
булганыбызны	0	8	0	OpenSubtitles	risk-accepted:no-grant	0.00	no	single-source	OpenSubtitles
бәлкидер	0	8	0	OpenSubtitles	risk-accepted:no-grant	0.00	no	single-source	OpenSubtitles
гелгә	0	8	0	OpenSubtitles	risk-accepted:no-grant	0.00	no	single-source	OpenSubtitles
димәдем	0	8	0	OpenSubtitles	risk-accepted:no-grant	0.00	no	single-source	OpenSubtitles
игелекчеләр	0	8	0	OpenSubtitles	risk-accepted:no-grant	0.00	no	single-source	OpenSubtitles
китәчәксең	0	8	0	OpenSubtitles	risk-accepted:no-grant	0.00	no	single-source	OpenSubtitles
миңгерәү	0	8	0	OpenSubtitles	risk-accepted:no-grant	0.00	no	single-source	OpenSubtitles
нишләгәнемне	0	8	0	OpenSubtitles	risk-accepted:no-grant	0.00	no	single-source	OpenSubtitles
пифия	0	8	0	OpenSubtitles	risk-accepted:no-grant	1.00	no	proper-noun-evidence	cap_ratio=1.00>=0.50
сейф	0	8	0	OpenSubtitles	risk-accepted:no-grant	0.00	no	single-source	OpenSubtitles
сөйләмисең	0	8	0	OpenSubtitles	risk-accepted:no-grant	0.00	no	single-source	OpenSubtitles
сөймим	0	8	0	OpenSubtitles	risk-accepted:no-grant	0.00	no	single-source	OpenSubtitles
тозакта	0	8	0	OpenSubtitles	risk-accepted:no-grant	0.00	no	single-source	OpenSubtitles
яхшының	0	8	8	Tatoeba	clean:CC-BY-2.0-FR	0.00	no	single-source	Tatoeba
һеһ	0	8	0	OpenSubtitles	risk-accepted:no-grant	0.20	no	single-source	OpenSubtitles
бескар	0	7	0	OpenSubtitles	risk-accepted:no-grant	0.00	no	single-source	OpenSubtitles
буйсынам	0	7	0	OpenSubtitles	risk-accepted:no-grant	0.00	no	single-source	OpenSubtitles
бәйрәмханә	0	7	7	Tatoeba	clean:CC-BY-2.0-FR	0.00	no	single-source	Tatoeba
бәрдең	0	7	0	OpenSubtitles	risk-accepted:no-grant	0.00	no	single-source	OpenSubtitles
вю	0	7	0	OpenSubtitles	risk-accepted:no-grant	0.00	no	single-source	OpenSubtitles
дидегезме	0	7	0	OpenSubtitles	risk-accepted:no-grant	0.00	no	single-source	OpenSubtitles
исбатла	0	7	0	OpenSubtitles	risk-accepted:no-grant	0.00	no	single-source	OpenSubtitles
исәпләдем	0	7	0	OpenSubtitles	risk-accepted:no-grant	0.00	no	single-source	OpenSubtitles
картлыч	0	7	0	OpenSubtitles	risk-accepted:no-grant	0.00	no	single-source	OpenSubtitles
координаталар	0	7	0	OpenSubtitles	risk-accepted:no-grant	0.00	no	single-source	OpenSubtitles
координаталарны	0	7	0	OpenSubtitles	risk-accepted:no-grant	0.00	no	single-source	OpenSubtitles
кэти	0	7	1	OpenSubtitles+Tatoeba	clean:CC-BY-2.0-FR	1.00	no	proper-noun-evidence	cap_ratio=1.00>=0.50
күзләрегезне	0	7	7	Tatoeba	clean:CC-BY-2.0-FR	0.00	no	single-source	Tatoeba
күнле	0	7	0	OpenSubtitles	risk-accepted:no-grant	0.00	no	single-source	OpenSubtitles
кәчтүм	0	7	0	OpenSubtitles	risk-accepted:no-grant	0.00	no	single-source	OpenSubtitles
көлмә	0	7	7	Tatoeba	clean:CC-BY-2.0-FR	0.00	no	single-source	Tatoeba
линди	0	7	0	OpenSubtitles	risk-accepted:no-grant	1.00	no	proper-noun-evidence	cap_ratio=1.00>=0.50
модулен	0	7	0	OpenSubtitles	risk-accepted:no-grant	0.00	no	single-source	OpenSubtitles
пейджер	0	7	0	OpenSubtitles	risk-accepted:no-grant	0.00	no	single-source	OpenSubtitles
ризалаштың	0	7	0	OpenSubtitles	risk-accepted:no-grant	0.00	no	single-source	OpenSubtitles
роверны	0	7	0	OpenSubtitles	risk-accepted:no-grant	0.00	no	single-source	OpenSubtitles
рәсәйлеләр	0	7	7	Tatoeba	clean:CC-BY-2.0-FR	0.00	no	single-source	Tatoeba
сизүем	0	7	0	OpenSubtitles	risk-accepted:no-grant	0.00	no	single-source	OpenSubtitles
сюзан	0	7	2	OpenSubtitles+Tatoeba	clean:CC-BY-2.0-FR	1.00	no	proper-noun-evidence	cap_ratio=1.00>=0.50
тезлән	0	7	0	OpenSubtitles	risk-accepted:no-grant	0.00	no	single-source	OpenSubtitles
тоник	0	7	0	OpenSubtitles	risk-accepted:no-grant	0.00	no	single-source	OpenSubtitles
туктатмас	0	7	0	OpenSubtitles	risk-accepted:no-grant	0.00	no	single-source	OpenSubtitles
фадил	0	7	7	Tatoeba	clean:CC-BY-2.0-FR	1.00	no	proper-noun-evidence	cap_ratio=1.00>=0.50
чизбургерлар	0	7	0	OpenSubtitles	risk-accepted:no-grant	0.00	no	single-source	OpenSubtitles
этәргә	0	7	0	OpenSubtitles	risk-accepted:no-grant	0.00	no	single-source	OpenSubtitles
яракларны	0	7	0	OpenSubtitles	risk-accepted:no-grant	0.00	no	single-source	OpenSubtitles
җибәрдеме	0	7	0	OpenSubtitles	risk-accepted:no-grant	0.00	no	single-source	OpenSubtitles
үлдек	0	7	0	OpenSubtitles	risk-accepted:no-grant	0.00	no	single-source	OpenSubtitles
үләчәксез	0	7	0	OpenSubtitles	risk-accepted:no-grant	0.00	no	single-source	OpenSubtitles
үтермәде	0	7	0	OpenSubtitles	risk-accepted:no-grant	0.00	no	single-source	OpenSubtitles
үткәрдең	0	7	0	OpenSubtitles	risk-accepted:no-grant	0.00	no	single-source	OpenSubtitles
әбикәй	0	7	0	OpenSubtitles	risk-accepted:no-grant	0.00	no	single-source	OpenSubtitles
әвен	0	7	7	Tatoeba	clean:CC-BY-2.0-FR	0.00	no	single-source	Tatoeba
асгардлылар	0	6	0	OpenSubtitles	risk-accepted:no-grant	0.67	no	proper-noun-evidence	cap_ratio=0.67>=0.50
бармадың	0	6	6	Tatoeba	clean:CC-BY-2.0-FR	0.00	no	single-source	Tatoeba
бербер	0	6	6	Tatoeba	clean:CC-BY-2.0-FR	0.20	no	single-source	Tatoeba
боздыгыз	0	6	0	OpenSubtitles	risk-accepted:no-grant	0.00	no	single-source	OpenSubtitles
боздым	0	6	0	OpenSubtitles	risk-accepted:no-grant	0.00	no	single-source	OpenSubtitles
бран	0	6	0	OpenSubtitles	risk-accepted:no-grant	0.00	no	single-source	OpenSubtitles
бәдрәфтән	0	6	0	OpenSubtitles	risk-accepted:no-grant	0.00	no	single-source	OpenSubtitles
даның	0	6	6	Tatoeba	clean:CC-BY-2.0-FR	0.17	no	single-source	Tatoeba
джеф	0	6	0	OpenSubtitles	risk-accepted:no-grant	1.00	no	proper-noun-evidence	cap_ratio=1.00>=0.50
дустыбызны	0	6	0	OpenSubtitles	risk-accepted:no-grant	0.00	no	single-source	OpenSubtitles
йокладың	0	6	0	OpenSubtitles	risk-accepted:no-grant	0.00	no	single-source	OpenSubtitles
кайтарасың	0	6	0	OpenSubtitles	risk-accepted:no-grant	0.00	no	single-source	OpenSubtitles
кайтмыйчак	0	6	0	OpenSubtitles	risk-accepted:no-grant	0.00	no	single-source	OpenSubtitles
канта	0	6	0	OpenSubtitles	risk-accepted:no-grant	1.00	no	proper-noun-evidence	cap_ratio=1.00>=0.50
карганың	0	6	6	Tatoeba	clean:CC-BY-2.0-FR	0.00	no	single-source	Tatoeba
керешик	0	6	0	OpenSubtitles	risk-accepted:no-grant	0.00	no	single-source	OpenSubtitles
кесәне	0	6	0	OpenSubtitles	risk-accepted:no-grant	0.00	no	single-source	OpenSubtitles
киләбезме	0	6	0	OpenSubtitles	risk-accepted:no-grant	0.00	no	single-source	OpenSubtitles
китермисең	0	6	0	OpenSubtitles	risk-accepted:no-grant	0.00	no	single-source	OpenSubtitles
клэр	0	6	0	OpenSubtitles	risk-accepted:no-grant	1.00	no	proper-noun-evidence	cap_ratio=1.00>=0.50
кулландың	0	6	0	OpenSubtitles	risk-accepted:no-grant	0.00	no	single-source	OpenSubtitles
күтеңә	0	6	0	OpenSubtitles	risk-accepted:no-grant	0.00	no	single-source	OpenSubtitles
көчәнергә	0	6	0	OpenSubtitles	risk-accepted:no-grant	0.00	no	single-source	OpenSubtitles
марика	0	6	6	Tatoeba	clean:CC-BY-2.0-FR	1.00	no	proper-noun-evidence	cap_ratio=1.00>=0.50
менсә	0	6	6	Tatoeba	clean:CC-BY-2.0-FR	0.00	no	single-source	Tatoeba
мидтаун	0	6	0	OpenSubtitles	risk-accepted:no-grant	1.00	no	proper-noun-evidence	cap_ratio=1.00>=0.50
митч	0	6	0	OpenSubtitles	risk-accepted:no-grant	1.00	no	proper-noun-evidence	cap_ratio=1.00>=0.50
мәгарәләрдә	0	6	0	OpenSubtitles	risk-accepted:no-grant	0.00	no	single-source	OpenSubtitles
нейтан	0	6	0	OpenSubtitles	risk-accepted:no-grant	1.00	no	proper-noun-evidence	cap_ratio=1.00>=0.50
нишличәксең	0	6	0	OpenSubtitles	risk-accepted:no-grant	0.00	no	single-source	OpenSubtitles
номи	0	6	0	OpenSubtitles	risk-accepted:no-grant	1.00	no	proper-noun-evidence	cap_ratio=1.00>=0.50
очтыгыз	0	6	0	OpenSubtitles	risk-accepted:no-grant	0.00	no	single-source	OpenSubtitles
паспортым	0	6	6	Tatoeba	clean:CC-BY-2.0-FR	0.00	no	single-source	Tatoeba
пикник	0	6	0	OpenSubtitles	risk-accepted:no-grant	0.00	no	single-source	OpenSubtitles
проблемаларым	0	6	6	Tatoeba	clean:CC-BY-2.0-FR	0.00	no	single-source	Tatoeba
проблемаң	0	6	6	Tatoeba	clean:CC-BY-2.0-FR	0.00	no	single-source	Tatoeba
роудс	0	6	0	OpenSubtitles	risk-accepted:no-grant	1.00	no	proper-noun-evidence	cap_ratio=1.00>=0.50
сайланганнар	0	6	0	OpenSubtitles	risk-accepted:no-grant	0.20	no	single-source	OpenSubtitles
саминың	0	6	6	Tatoeba	clean:CC-BY-2.0-FR	1.00	no	proper-noun-evidence	cap_ratio=1.00>=0.50
себеркене	0	6	0	OpenSubtitles	risk-accepted:no-grant	0.00	no	single-source	OpenSubtitles
сикердем	0	6	0	OpenSubtitles	risk-accepted:no-grant	0.00	no	single-source	OpenSubtitles
сикерәсең	0	6	0	OpenSubtitles	risk-accepted:no-grant	0.00	no	single-source	OpenSubtitles
симерсә	0	6	6	Tatoeba	clean:CC-BY-2.0-FR	0.00	no	single-source	Tatoeba
скафандрда	0	6	0	OpenSubtitles	risk-accepted:no-grant	0.00	no	single-source	OpenSubtitles
скипетрны	0	6	0	OpenSubtitles	risk-accepted:no-grant	0.20	no	single-source	OpenSubtitles
соустагы	0	6	0	OpenSubtitles	risk-accepted:no-grant	0.00	no	single-source	OpenSubtitles
сәдәпне	0	6	0	OpenSubtitles	risk-accepted:no-grant	0.00	no	single-source	OpenSubtitles
тартай	0	6	6	Tatoeba	clean:CC-BY-2.0-FR	0.00	no	single-source	Tatoeba
тартмачы	0	6	0	OpenSubtitles	risk-accepted:no-grant	0.33	no	single-source	OpenSubtitles
тишәргә	0	6	0	OpenSubtitles	risk-accepted:no-grant	0.00	no	single-source	OpenSubtitles
туктыйсыңмы	0	6	0	OpenSubtitles	risk-accepted:no-grant	0.00	no	single-source	OpenSubtitles
фургонны	0	6	0	OpenSubtitles	risk-accepted:no-grant	0.00	no	single-source	OpenSubtitles
чизбургер	0	6	0	OpenSubtitles	risk-accepted:no-grant	0.00	no	single-source	OpenSubtitles
ышандың	0	6	0	OpenSubtitles	risk-accepted:no-grant	0.00	no	single-source	OpenSubtitles
эләктеңме	0	6	0	OpenSubtitles	risk-accepted:no-grant	0.00	no	single-source	OpenSubtitles
эсперантода	0	6	6	Tatoeba	clean:CC-BY-2.0-FR	0.00	no	single-source	Tatoeba
этәргечләрне	0	6	0	OpenSubtitles	risk-accepted:no-grant	0.20	no	single-source	OpenSubtitles
эшләвең	0	6	6	Tatoeba	clean:CC-BY-2.0-FR	0.00	no	single-source	Tatoeba
явамы	0	6	6	Tatoeba	clean:CC-BY-2.0-FR	0.00	no	single-source	Tatoeba
яраңны	0	6	0	OpenSubtitles	risk-accepted:no-grant	0.00	no	single-source	OpenSubtitles
җитәрмен	0	6	6	Tatoeba	clean:CC-BY-2.0-FR	0.00	no	single-source	Tatoeba
җиңелдем	0	6	0	OpenSubtitles	risk-accepted:no-grant	0.00	no	single-source	OpenSubtitles
үкерә	0	6	6	Tatoeba	clean:CC-BY-2.0-FR	0.00	no	single-source	Tatoeba
үрмәкүчкә	0	6	0	OpenSubtitles	risk-accepted:no-grant	0.25	no	single-source	OpenSubtitles
өлешләрем	0	6	0	OpenSubtitles	risk-accepted:no-grant	0.00	no	single-source	OpenSubtitles
авырттырдым	0	5	0	OpenSubtitles	risk-accepted:no-grant	0.20	no	single-source	OpenSubtitles
алачакмынмы	0	5	0	OpenSubtitles	risk-accepted:no-grant	0.00	no	single-source	OpenSubtitles
албастыга	0	5	0	OpenSubtitles	risk-accepted:no-grant	0.00	no	single-source	OpenSubtitles
алдыйчак	0	5	0	OpenSubtitles	risk-accepted:no-grant	0.00	no	single-source	OpenSubtitles
алтысыннан	0	5	0	OpenSubtitles	risk-accepted:no-grant	0.00	no	single-source	OpenSubtitles
артымны	0	5	0	OpenSubtitles	risk-accepted:no-grant	0.00	no	single-source	OpenSubtitles
ашамыйсың	0	5	5	Tatoeba	clean:CC-BY-2.0-FR	0.00	no	single-source	Tatoeba
бастырылу	0	5	0	OpenSubtitles	risk-accepted:no-grant	0.00	no	single-source	OpenSubtitles
батачак	0	5	0	OpenSubtitles	risk-accepted:no-grant	0.00	no	single-source	OpenSubtitles
баттың	0	5	0	OpenSubtitles	risk-accepted:no-grant	0.00	no	single-source	OpenSubtitles
бинго	0	5	0	OpenSubtitles	risk-accepted:no-grant	0.00	no	single-source	OpenSubtitles
богауларны	0	5	0	OpenSubtitles	risk-accepted:no-grant	0.00	no	single-source	OpenSubtitles
боһ	0	5	0	OpenSubtitles	risk-accepted:no-grant	0.00	no	single-source	OpenSubtitles
брюска	0	5	0	OpenSubtitles	risk-accepted:no-grant	1.00	no	proper-noun-evidence	cap_ratio=1.00>=0.50
булмаганның	0	5	5	Tatoeba	clean:CC-BY-2.0-FR	0.00	no	single-source	Tatoeba
булышырсыз	0	5	0	OpenSubtitles	risk-accepted:no-grant	0.00	no	single-source	OpenSubtitles
вальдо	0	5	0	OpenSubtitles	risk-accepted:no-grant	1.00	no	proper-noun-evidence	cap_ratio=1.00>=0.50
вейли	0	5	0	OpenSubtitles	risk-accepted:no-grant	0.00	no	single-source	OpenSubtitles
вейлига	0	5	0	OpenSubtitles	risk-accepted:no-grant	0.00	no	single-source	OpenSubtitles
вормир	0	5	0	OpenSubtitles	risk-accepted:no-grant	1.00	no	proper-noun-evidence	cap_ratio=1.00>=0.50
вөҗданың	0	5	5	Tatoeba	clean:CC-BY-2.0-FR	0.00	no	single-source	Tatoeba
гамбо	0	5	0	OpenSubtitles	risk-accepted:no-grant	0.00	no	single-source	OpenSubtitles
гидрага	0	5	0	OpenSubtitles	risk-accepted:no-grant	1.00	no	proper-noun-evidence	cap_ratio=1.00>=0.50
гораций	0	5	0	OpenSubtitles	risk-accepted:no-grant	1.00	no	proper-noun-evidence	cap_ratio=1.00>=0.50
дженис	0	5	0	OpenSubtitles	risk-accepted:no-grant	1.00	no	proper-noun-evidence	cap_ratio=1.00>=0.50
джентльмен	0	5	5	Tatoeba	clean:CC-BY-2.0-FR	0.00	no	single-source	Tatoeba
джокер	0	5	0	OpenSubtitles	risk-accepted:no-grant	1.00	no	proper-noun-evidence	cap_ratio=1.00>=0.50
иен	0	5	5	Tatoeba	clean:CC-BY-2.0-FR	0.00	no	single-source	Tatoeba
иминлектәме	0	5	0	OpenSubtitles	risk-accepted:no-grant	0.00	no	single-source	OpenSubtitles
иминме	0	5	0	OpenSubtitles	risk-accepted:no-grant	0.00	no	single-source	OpenSubtitles
исердем	0	5	0	OpenSubtitles	risk-accepted:no-grant	0.00	no	single-source	OpenSubtitles
иссез	0	5	5	Tatoeba	clean:CC-BY-2.0-FR	0.00	no	single-source	Tatoeba
итмичәк	0	5	0	OpenSubtitles	risk-accepted:no-grant	0.00	no	single-source	OpenSubtitles
итәчәксеңме	0	5	0	OpenSubtitles	risk-accepted:no-grant	0.00	no	single-source	OpenSubtitles
ияләндем	0	5	0	OpenSubtitles	risk-accepted:no-grant	0.00	no	single-source	OpenSubtitles
йоркның	0	5	0	OpenSubtitles	risk-accepted:no-grant	1.00	no	proper-noun-evidence	cap_ratio=1.00>=0.50
йөклелеккә	0	5	0	OpenSubtitles	risk-accepted:no-grant	0.00	no	single-source	OpenSubtitles
кайтачаксың	0	5	0	OpenSubtitles	risk-accepted:no-grant	0.00	no	single-source	OpenSubtitles
калдыгызмы	0	5	5	Tatoeba	clean:CC-BY-2.0-FR	0.00	no	single-source	Tatoeba
калтырансын	0	5	5	Tatoeba	clean:CC-BY-2.0-FR	0.00	no	single-source	Tatoeba
калтырау	0	5	0	OpenSubtitles	risk-accepted:no-grant	0.20	no	single-source	OpenSubtitles
капыда	0	5	0	OpenSubtitles	risk-accepted:no-grant	0.00	no	single-source	OpenSubtitles
карамын	0	5	0	OpenSubtitles	risk-accepted:no-grant	0.00	no	single-source	OpenSubtitles
катнашың	0	5	5	Tatoeba	clean:CC-BY-2.0-FR	0.00	no	single-source	Tatoeba
каядер	0	5	0	OpenSubtitles	risk-accepted:no-grant	0.00	no	single-source	OpenSubtitles
керттең	0	5	0	OpenSubtitles	risk-accepted:no-grant	0.00	no	single-source	OpenSubtitles
киемемне	0	5	0	OpenSubtitles	risk-accepted:no-grant	0.00	no	single-source	OpenSubtitles
киемнәремне	0	5	5	Tatoeba	clean:CC-BY-2.0-FR	0.00	no	single-source	Tatoeba
килмичәк	0	5	0	OpenSubtitles	risk-accepted:no-grant	0.00	no	single-source	OpenSubtitles
кисәкчәләре	0	5	0	OpenSubtitles	risk-accepted:no-grant	0.20	no	single-source	OpenSubtitles
китәбезме	0	5	0	OpenSubtitles	risk-accepted:no-grant	0.00	no	single-source	OpenSubtitles
клиентым	0	5	0	OpenSubtitles	risk-accepted:no-grant	0.00	no	single-source	OpenSubtitles
конденсаторы	0	5	0	OpenSubtitles	risk-accepted:no-grant	0.00	no	single-source	OpenSubtitles
креветкалар	0	5	0	OpenSubtitles	risk-accepted:no-grant	0.25	no	single-source	OpenSubtitles
кулчатырымны	0	5	5	Tatoeba	clean:CC-BY-2.0-FR	0.00	no	single-source	Tatoeba
курыкканга	0	5	5	Tatoeba	clean:CC-BY-2.0-FR	0.00	no	single-source	Tatoeba
кыланыш	0	5	0	OpenSubtitles	risk-accepted:no-grant	0.00	no	single-source	OpenSubtitles
кычкырыр	0	5	5	Tatoeba	clean:CC-BY-2.0-FR	0.00	no	single-source	Tatoeba
күзәтермен	0	5	0	OpenSubtitles	risk-accepted:no-grant	0.00	no	single-source	OpenSubtitles
күрмичәксең	0	5	0	OpenSubtitles	risk-accepted:no-grant	0.00	no	single-source	OpenSubtitles
күрмәдеме	0	5	0	OpenSubtitles	risk-accepted:no-grant	0.00	no	single-source	OpenSubtitles
кәчтүмдә	0	5	0	OpenSubtitles	risk-accepted:no-grant	0.00	no	single-source	OpenSubtitles
көкпар	0	5	5	Tatoeba	clean:CC-BY-2.0-FR	0.00	no	single-source	Tatoeba
көлкеме	0	5	0	OpenSubtitles	risk-accepted:no-grant	0.00	no	single-source	OpenSubtitles
лесли	0	5	0	OpenSubtitles	risk-accepted:no-grant	1.00	no	proper-noun-evidence	cap_ratio=1.00>=0.50
моник	0	5	0	OpenSubtitles	risk-accepted:no-grant	1.00	no	proper-noun-evidence	cap_ratio=1.00>=0.50
мыгырдау	0	5	0	OpenSubtitles	risk-accepted:no-grant	1.00	no	proper-noun-evidence	cap_ratio=1.00>=0.50
наданның	0	5	5	Tatoeba	clean:CC-BY-2.0-FR	0.00	no	single-source	Tatoeba
наомины	0	5	0	OpenSubtitles	risk-accepted:no-grant	1.00	no	proper-noun-evidence	cap_ratio=1.00>=0.50
невилл	0	5	0	OpenSubtitles	risk-accepted:no-grant	0.00	no	single-source	OpenSubtitles
нишләделәр	0	5	0	OpenSubtitles	risk-accepted:no-grant	0.00	no	single-source	OpenSubtitles
ням	0	5	0	OpenSubtitles	risk-accepted:no-grant	0.00	no	single-source	OpenSubtitles
она	0	5	5	Tatoeba	clean:CC-BY-2.0-FR	0.00	no	single-source	Tatoeba
охшагансыз	0	5	0	OpenSubtitles	risk-accepted:no-grant	0.00	no	single-source	OpenSubtitles
планлаштырасың	0	5	5	Tatoeba	clean:CC-BY-2.0-FR	0.00	no	single-source	Tatoeba
пролетарий	0	5	5	Tatoeba	clean:CC-BY-2.0-FR	0.00	no	single-source	Tatoeba
пультны	0	5	0	OpenSubtitles	risk-accepted:no-grant	0.00	no	single-source	OpenSubtitles
рептилиус	0	5	0	OpenSubtitles	risk-accepted:no-grant	0.50	no	proper-noun-evidence	cap_ratio=0.50>=0.50
розалинд	0	5	0	OpenSubtitles	risk-accepted:no-grant	0.00	no	single-source	OpenSubtitles
ром	0	5	0	OpenSubtitles	risk-accepted:no-grant	1.00	no	proper-noun-evidence	cap_ratio=1.00>=0.50
рәшәткәне	0	5	0	OpenSubtitles	risk-accepted:no-grant	0.00	no	single-source	OpenSubtitles
савыгачаксың	0	5	0	OpenSubtitles	risk-accepted:no-grant	0.00	no	single-source	OpenSubtitles
селия	0	5	0	OpenSubtitles	risk-accepted:no-grant	1.00	no	proper-noun-evidence	cap_ratio=1.00>=0.50
селкенмәскә	0	5	0	OpenSubtitles	risk-accepted:no-grant	0.00	no	single-source	OpenSubtitles
симерә	0	5	5	Tatoeba	clean:CC-BY-2.0-FR	0.00	no	single-source	Tatoeba
симуляцияләнгән	0	5	0	OpenSubtitles	risk-accepted:no-grant	0.00	no	single-source	OpenSubtitles
скипетр	0	5	0	OpenSubtitles	risk-accepted:no-grant	0.00	no	single-source	OpenSubtitles
сугыштым	0	5	0	OpenSubtitles	risk-accepted:no-grant	0.00	no	single-source	OpenSubtitles
сузасың	0	5	0	OpenSubtitles	risk-accepted:no-grant	0.00	no	single-source	OpenSubtitles
суртур	0	5	0	OpenSubtitles	risk-accepted:no-grant	1.00	no	proper-noun-evidence	cap_ratio=1.00>=0.50
сусызлану	0	5	0	OpenSubtitles	risk-accepted:no-grant	0.00	no	single-source	OpenSubtitles
сүзлегем	0	5	5	Tatoeba	clean:CC-BY-2.0-FR	0.00	no	single-source	Tatoeba
сүзлектән	0	5	5	Tatoeba	clean:CC-BY-2.0-FR	0.00	no	single-source	Tatoeba
сәлҗык	0	5	0	OpenSubtitles	risk-accepted:no-grant	0.67	no	proper-noun-evidence	cap_ratio=0.67>=0.50
сөйләшмичәк	0	5	0	OpenSubtitles	risk-accepted:no-grant	0.00	no	single-source	OpenSubtitles
сөяккис	0	5	0	OpenSubtitles	risk-accepted:no-grant	1.00	no	proper-noun-evidence	cap_ratio=1.00>=0.50
тапшыргычны	0	5	0	OpenSubtitles	risk-accepted:no-grant	0.00	no	single-source	OpenSubtitles
тотканымны	0	5	5	Tatoeba	clean:CC-BY-2.0-FR	0.00	no	single-source	Tatoeba
тотлыгып	0	5	0	OpenSubtitles	risk-accepted:no-grant	0.00	no	single-source	OpenSubtitles
трансивер	0	5	0	OpenSubtitles	risk-accepted:no-grant	0.00	no	single-source	OpenSubtitles
требюше	0	5	0	OpenSubtitles	risk-accepted:no-grant	0.00	no	single-source	OpenSubtitles
тролль	0	5	0	OpenSubtitles	risk-accepted:no-grant	0.00	no	single-source	OpenSubtitles
туктамагыз	0	5	0	OpenSubtitles	risk-accepted:no-grant	0.00	no	single-source	OpenSubtitles
туктарсың	0	5	0	OpenSubtitles	risk-accepted:no-grant	0.00	no	single-source	OpenSubtitles
тылсымын	0	5	0	OpenSubtitles	risk-accepted:no-grant	0.00	no	single-source	OpenSubtitles
тырай	0	5	5	Tatoeba	clean:CC-BY-2.0-FR	0.00	no	single-source	Tatoeba
тырыштыгыз	0	5	0	OpenSubtitles	risk-accepted:no-grant	0.00	no	single-source	OpenSubtitles
түшәмдә	0	5	0	OpenSubtitles	risk-accepted:no-grant	0.00	no	single-source	OpenSubtitles
тәмамлыйсың	0	5	0	OpenSubtitles	risk-accepted:no-grant	0.00	no	single-source	OpenSubtitles
тәмугъка	0	5	0	OpenSubtitles	risk-accepted:no-grant	0.00	no	single-source	OpenSubtitles
тәпикәй	0	5	0	OpenSubtitles	risk-accepted:no-grant	1.00	no	proper-noun-evidence	cap_ratio=1.00>=0.50
тәңрем	0	5	5	Tatoeba	clean:CC-BY-2.0-FR	0.67	no	proper-noun-evidence	cap_ratio=0.67>=0.50
төяк	0	5	0	OpenSubtitles	risk-accepted:no-grant	0.00	no	single-source	OpenSubtitles
уздың	0	5	0	OpenSubtitles	risk-accepted:no-grant	0.00	no	single-source	OpenSubtitles
уйламадың	0	5	0	OpenSubtitles	risk-accepted:no-grant	0.00	no	single-source	OpenSubtitles
уйларың	0	5	0	OpenSubtitles	risk-accepted:no-grant	0.00	no	single-source	OpenSubtitles
уйлысыңмы	0	5	0	OpenSubtitles	risk-accepted:no-grant	0.00	no	single-source	OpenSubtitles
утызда	0	5	5	Tatoeba	clean:CC-BY-2.0-FR	0.00	no	single-source	Tatoeba
фотографиясен	0	5	5	Tatoeba	clean:CC-BY-2.0-FR	0.00	no	single-source	Tatoeba
фуны	0	5	0	OpenSubtitles	risk-accepted:no-grant	0.00	no	single-source	OpenSubtitles
футболкаңны	0	5	0	OpenSubtitles	risk-accepted:no-grant	0.00	no	single-source	OpenSubtitles
фәхешханә	0	5	0	OpenSubtitles	risk-accepted:no-grant	0.00	no	single-source	OpenSubtitles
харпер	0	5	0	OpenSubtitles	risk-accepted:no-grant	1.00	no	proper-noun-evidence	cap_ratio=1.00>=0.50
хәнҗәрне	0	5	0	OpenSubtitles	risk-accepted:no-grant	0.00	no	single-source	OpenSubtitles
чергән	0	5	0	OpenSubtitles	risk-accepted:no-grant	0.00	no	single-source	OpenSubtitles
чиксезле	0	5	0	OpenSubtitles	risk-accepted:no-grant	0.00	no	single-source	OpenSubtitles
чыңлау	0	5	0	OpenSubtitles	risk-accepted:no-grant	0.67	no	proper-noun-evidence	cap_ratio=0.67>=0.50
шалтыратасың	0	5	0	OpenSubtitles	risk-accepted:no-grant	0.00	no	single-source	OpenSubtitles
ырылдау	0	5	0	OpenSubtitles	risk-accepted:no-grant	1.00	no	proper-noun-evidence	cap_ratio=1.00>=0.50
эзләсәгез	0	5	0	OpenSubtitles	risk-accepted:no-grant	0.00	no	single-source	OpenSubtitles
эйтри	0	5	0	OpenSubtitles	risk-accepted:no-grant	0.00	no	single-source	OpenSubtitles
эшличәкмен	0	5	0	OpenSubtitles	risk-accepted:no-grant	0.00	no	single-source	OpenSubtitles
эшләпәмне	0	5	5	Tatoeba	clean:CC-BY-2.0-FR	0.00	no	single-source	Tatoeba
ябыкмы	0	5	5	Tatoeba	clean:CC-BY-2.0-FR	0.00	no	single-source	Tatoeba
яксаң	0	5	5	Tatoeba	clean:CC-BY-2.0-FR	0.00	no	single-source	Tatoeba
ялганчының	0	5	5	Tatoeba	clean:CC-BY-2.0-FR	0.00	no	single-source	Tatoeba
яндырдың	0	5	0	OpenSubtitles	risk-accepted:no-grant	0.00	no	single-source	OpenSubtitles
янчыгыннан	0	5	5	Tatoeba	clean:CC-BY-2.0-FR	0.00	no	single-source	Tatoeba
җенне	0	5	0	OpenSubtitles	risk-accepted:no-grant	0.00	no	single-source	OpenSubtitles
җилкәндә	0	5	0	OpenSubtitles	risk-accepted:no-grant	0.00	no	single-source	OpenSubtitles
үтермим	0	5	0	OpenSubtitles	risk-accepted:no-grant	0.00	no	single-source	OpenSubtitles
һа	0	5	0	OpenSubtitles	risk-accepted:no-grant	0.00	no	single-source	OpenSubtitles
әйедер	0	5	0	OpenSubtitles	risk-accepted:no-grant	0.00	no	single-source	OpenSubtitles
аббат	0	4	4	Tatoeba	clean:CC-BY-2.0-FR	0.00	no	single-source	Tatoeba
абынды	0	4	4	Tatoeba	clean:CC-BY-2.0-FR	0.00	no	single-source	Tatoeba
адресым	0	4	4	Tatoeba	clean:CC-BY-2.0-FR	0.00	no	single-source	Tatoeba
актёрлык	0	4	0	OpenSubtitles	risk-accepted:no-grant	0.00	no	single-source	OpenSubtitles
акылдамы	0	4	0	OpenSubtitles	risk-accepted:no-grant	0.00	no	single-source	OpenSubtitles
алачаксызмы	0	4	0	OpenSubtitles	risk-accepted:no-grant	0.00	no	single-source	OpenSubtitles
алачыкны	0	4	0	OpenSubtitles	risk-accepted:no-grant	0.00	no	single-source	OpenSubtitles
алдалый	0	4	0	OpenSubtitles	risk-accepted:no-grant	0.00	no	single-source	OpenSubtitles
алдамады	0	4	0	OpenSubtitles	risk-accepted:no-grant	0.00	no	single-source	OpenSubtitles
алдаучан	0	4	4	Tatoeba	clean:CC-BY-2.0-FR	0.00	no	single-source	Tatoeba
аляскада	0	4	3	OpenSubtitles+Tatoeba	clean:CC-BY-2.0-FR	1.00	no	proper-noun-evidence	cap_ratio=1.00>=0.50
анджелестагы	0	4	0	OpenSubtitles	risk-accepted:no-grant	0.00	no	single-source	OpenSubtitles
анджелестан	0	4	0	OpenSubtitles	risk-accepted:no-grant	0.00	no	single-source	OpenSubtitles
армут	0	4	4	Tatoeba	clean:CC-BY-2.0-FR	0.00	no	single-source	Tatoeba
арнцт	0	4	0	OpenSubtitles	risk-accepted:no-grant	1.00	no	proper-noun-evidence	cap_ratio=1.00>=0.50
арчу	0	4	4	Tatoeba	clean:CC-BY-2.0-FR	0.00	no	single-source	Tatoeba
арыдыңмы	0	4	4	Tatoeba	clean:CC-BY-2.0-FR	0.00	no	single-source	Tatoeba
арья	0	4	0	OpenSubtitles	risk-accepted:no-grant	0.00	no	single-source	OpenSubtitles
атагызга	0	4	0	OpenSubtitles	risk-accepted:no-grant	0.00	no	single-source	OpenSubtitles
атланыгыз	0	4	0	OpenSubtitles	risk-accepted:no-grant	0.00	no	single-source	OpenSubtitles
аттыңмы	0	4	0	OpenSubtitles	risk-accepted:no-grant	0.00	no	single-source	OpenSubtitles
ачуландыра	0	4	4	Tatoeba	clean:CC-BY-2.0-FR	0.00	no	single-source	Tatoeba
ачыкмы	0	4	4	Tatoeba	clean:CC-BY-2.0-FR	0.00	no	single-source	Tatoeba
аягыңа	0	4	0	OpenSubtitles	risk-accepted:no-grant	0.00	no	single-source	OpenSubtitles
баздың	0	4	0	OpenSubtitles	risk-accepted:no-grant	0.00	no	single-source	OpenSubtitles
батар	0	4	4	Tatoeba	clean:CC-BY-2.0-FR	0.00	no	single-source	Tatoeba
бауларым	0	4	0	OpenSubtitles	risk-accepted:no-grant	0.00	no	single-source	OpenSubtitles
башкисәре	0	4	0	OpenSubtitles	risk-accepted:no-grant	0.00	no	single-source	OpenSubtitles
башлангычыннан	0	4	0	OpenSubtitles	risk-accepted:no-grant	0.00	no	single-source	OpenSubtitles
башлангычының	0	4	0	OpenSubtitles	risk-accepted:no-grant	0.00	no	single-source	OpenSubtitles
бекка	0	4	0	OpenSubtitles	risk-accepted:no-grant	1.00	no	proper-noun-evidence	cap_ratio=1.00>=0.50
белгәнебез	0	4	0	OpenSubtitles	risk-accepted:no-grant	0.00	no	single-source	OpenSubtitles
белгәннәреңне	0	4	0	OpenSubtitles	risk-accepted:no-grant	0.00	no	single-source	OpenSubtitles
белгәнсең	0	4	0	OpenSubtitles	risk-accepted:no-grant	0.00	no	single-source	OpenSubtitles
бенни	0	4	0	OpenSubtitles	risk-accepted:no-grant	1.00	no	proper-noun-evidence	cap_ratio=1.00>=0.50
бетмисең	0	4	0	OpenSubtitles	risk-accepted:no-grant	0.00	no	single-source	OpenSubtitles
билгелим	0	4	0	OpenSubtitles	risk-accepted:no-grant	0.00	no	single-source	OpenSubtitles
бинтлар	0	4	0	OpenSubtitles	risk-accepted:no-grant	0.00	no	single-source	OpenSubtitles
биопсия	0	4	0	OpenSubtitles	risk-accepted:no-grant	0.00	no	single-source	OpenSubtitles
бирмәсәм	0	4	0	OpenSubtitles	risk-accepted:no-grant	0.00	no	single-source	OpenSubtitles
бифрост	0	4	0	OpenSubtitles	risk-accepted:no-grant	1.00	no	proper-noun-evidence	cap_ratio=1.00>=0.50
бластер	0	4	0	OpenSubtitles	risk-accepted:no-grant	0.00	no	single-source	OpenSubtitles
бластерны	0	4	0	OpenSubtitles	risk-accepted:no-grant	0.00	no	single-source	OpenSubtitles
боздык	0	4	0	OpenSubtitles	risk-accepted:no-grant	0.00	no	single-source	OpenSubtitles
бон	0	4	0	OpenSubtitles	risk-accepted:no-grant	0.33	no	single-source	OpenSubtitles
борабыз	0	4	0	OpenSubtitles	risk-accepted:no-grant	0.00	no	single-source	OpenSubtitles
борам	0	4	0	OpenSubtitles	risk-accepted:no-grant	0.00	no	single-source	OpenSubtitles
бораулаганда	0	4	0	OpenSubtitles	risk-accepted:no-grant	0.00	no	single-source	OpenSubtitles
борел	0	4	0	OpenSubtitles	risk-accepted:no-grant	1.00	no	proper-noun-evidence	cap_ratio=1.00>=0.50
борчылмасаң	0	4	0	OpenSubtitles	risk-accepted:no-grant	0.00	no	single-source	OpenSubtitles
борчылсаң	0	4	0	OpenSubtitles	risk-accepted:no-grant	0.00	no	single-source	OpenSubtitles
букчада	0	4	0	OpenSubtitles	risk-accepted:no-grant	0.00	no	single-source	OpenSubtitles
букчам	0	4	0	OpenSubtitles	risk-accepted:no-grant	0.00	no	single-source	OpenSubtitles
бәйләвечне	0	4	0	OpenSubtitles	risk-accepted:no-grant	0.00	no	single-source	OpenSubtitles
бәлли	0	4	0	OpenSubtitles	risk-accepted:no-grant	0.00	no	single-source	OpenSubtitles
бәргәч	0	4	0	OpenSubtitles	risk-accepted:no-grant	0.00	no	single-source	OpenSubtitles
бәрәчәк	0	4	0	OpenSubtitles	risk-accepted:no-grant	0.00	no	single-source	OpenSubtitles
бәхетеңә	0	4	0	OpenSubtitles	risk-accepted:no-grant	0.00	no	single-source	OpenSubtitles
бәхетсезлекләр	0	4	0	OpenSubtitles	risk-accepted:no-grant	0.00	no	single-source	OpenSubtitles
бөеремне	0	4	0	OpenSubtitles	risk-accepted:no-grant	0.00	no	single-source	OpenSubtitles
вагю	0	4	0	OpenSubtitles	risk-accepted:no-grant	0.00	no	single-source	OpenSubtitles
видморның	0	4	0	OpenSubtitles	risk-accepted:no-grant	1.00	no	proper-noun-evidence	cap_ratio=1.00>=0.50
викингы	0	4	0	OpenSubtitles	risk-accepted:no-grant	0.25	no	single-source	OpenSubtitles
вольтрон	0	4	0	OpenSubtitles	risk-accepted:no-grant	1.00	no	proper-noun-evidence	cap_ratio=1.00>=0.50
вуаля	0	4	0	OpenSubtitles	risk-accepted:no-grant	0.00	no	single-source	OpenSubtitles
галактикада	0	4	0	OpenSubtitles	risk-accepted:no-grant	0.00	no	single-source	OpenSubtitles
галстукны	0	4	0	OpenSubtitles	risk-accepted:no-grant	0.00	no	single-source	OpenSubtitles
галәмнәрдән	0	4	0	OpenSubtitles	risk-accepted:no-grant	0.00	no	single-source	OpenSubtitles
гильдиягә	0	4	0	OpenSubtitles	risk-accepted:no-grant	1.00	no	proper-noun-evidence	cap_ratio=1.00>=0.50
гладиозавр	0	4	0	OpenSubtitles	risk-accepted:no-grant	1.00	no	proper-noun-evidence	cap_ratio=1.00>=0.50
гринвичка	0	4	0	OpenSubtitles	risk-accepted:no-grant	0.00	no	single-source	OpenSubtitles
гәҗәеп	0	4	0	OpenSubtitles	risk-accepted:no-grant	0.00	no	single-source	OpenSubtitles
дантист	0	4	0	OpenSubtitles	risk-accepted:no-grant	0.00	no	single-source	OpenSubtitles
дежа	0	4	0	OpenSubtitles	risk-accepted:no-grant	0.00	no	single-source	OpenSubtitles
дейтон	0	4	0	OpenSubtitles	risk-accepted:no-grant	0.00	no	single-source	OpenSubtitles
десмондның	0	4	0	OpenSubtitles	risk-accepted:no-grant	1.00	no	proper-noun-evidence	cap_ratio=1.00>=0.50
джейга	0	4	0	OpenSubtitles	risk-accepted:no-grant	0.00	no	single-source	OpenSubtitles
джеймисон	0	4	0	OpenSubtitles	risk-accepted:no-grant	0.00	no	single-source	OpenSubtitles
джессиканы	0	4	1	OpenSubtitles+Tatoeba	clean:CC-BY-2.0-FR	1.00	no	proper-noun-evidence	cap_ratio=1.00>=0.50
джуди	0	4	3	OpenSubtitles+Tatoeba	clean:CC-BY-2.0-FR	1.00	no	proper-noun-evidence	cap_ratio=1.00>=0.50
диетага	0	4	4	Tatoeba	clean:CC-BY-2.0-FR	0.00	no	single-source	Tatoeba
дустыгызга	0	4	0	OpenSubtitles	risk-accepted:no-grant	0.00	no	single-source	OpenSubtitles
дустымнан	0	4	4	Tatoeba	clean:CC-BY-2.0-FR	0.00	no	single-source	Tatoeba
дәваларлар	0	4	0	OpenSubtitles	risk-accepted:no-grant	0.00	no	single-source	OpenSubtitles
елмаюыңны	0	4	4	Tatoeba	clean:CC-BY-2.0-FR	0.00	no	single-source	Tatoeba
ерма	0	4	0	OpenSubtitles	risk-accepted:no-grant	0.00	no	single-source	OpenSubtitles
журналчы	0	4	4	Tatoeba	clean:CC-BY-2.0-FR	0.00	no	single-source	Tatoeba
зиннәте	0	4	4	Tatoeba	clean:CC-BY-2.0-FR	0.00	no	single-source	Tatoeba
зириның	0	4	4	Tatoeba	clean:CC-BY-2.0-FR	0.00	no	single-source	Tatoeba
зондны	0	4	0	OpenSubtitles	risk-accepted:no-grant	0.00	no	single-source	OpenSubtitles
иелгәнгә	0	4	4	Tatoeba	clean:CC-BY-2.0-FR	0.00	no	single-source	Tatoeba
икешәрле	0	4	4	Tatoeba	clean:CC-BY-2.0-FR	0.00	no	single-source	Tatoeba
икәнеңә	0	4	0	OpenSubtitles	risk-accepted:no-grant	0.00	no	single-source	OpenSubtitles
иминлегең	0	4	0	OpenSubtitles	risk-accepted:no-grant	0.00	no	single-source	OpenSubtitles
инаныгыз	0	4	4	Tatoeba	clean:CC-BY-2.0-FR	0.00	no	single-source	Tatoeba
ингалятор	0	4	0	OpenSubtitles	risk-accepted:no-grant	0.00	no	single-source	OpenSubtitles
иреклеме	0	4	4	Tatoeba	clean:CC-BY-2.0-FR	0.00	no	single-source	Tatoeba
ишетсәгез	0	4	0	OpenSubtitles	risk-accepted:no-grant	0.00	no	single-source	OpenSubtitles
ишетүемә	0	4	4	Tatoeba	clean:CC-BY-2.0-FR	0.00	no	single-source	Tatoeba
иярегез	0	4	0	OpenSubtitles	risk-accepted:no-grant	0.00	no	single-source	OpenSubtitles
йокылы	0	4	4	Tatoeba	clean:CC-BY-2.0-FR	0.00	no	single-source	Tatoeba
йортыгызны	0	4	4	Tatoeba	clean:CC-BY-2.0-FR	0.00	no	single-source	Tatoeba
йоу	0	4	0	OpenSubtitles	risk-accepted:no-grant	0.00	no	single-source	OpenSubtitles
йөгерсәң	0	4	0	OpenSubtitles	risk-accepted:no-grant	0.00	no	single-source	OpenSubtitles
йөздек	0	4	4	Tatoeba	clean:CC-BY-2.0-FR	0.00	no	single-source	Tatoeba
кабинаны	0	4	0	OpenSubtitles	risk-accepted:no-grant	0.00	no	single-source	OpenSubtitles
кабызасың	0	4	0	OpenSubtitles	risk-accepted:no-grant	0.00	no	single-source	OpenSubtitles
кайгыртачакмын	0	4	0	OpenSubtitles	risk-accepted:no-grant	0.00	no	single-source	OpenSubtitles
кайгыртырмын	0	4	0	OpenSubtitles	risk-accepted:no-grant	0.00	no	single-source	OpenSubtitles
кайгыңны	0	4	0	OpenSubtitles	risk-accepted:no-grant	0.00	no	single-source	OpenSubtitles
кайтасыгыз	0	4	0	OpenSubtitles	risk-accepted:no-grant	0.00	no	single-source	OpenSubtitles
кайтканыңны	0	4	0	OpenSubtitles	risk-accepted:no-grant	0.00	no	single-source	OpenSubtitles
калдырмассыңмы	0	4	0	OpenSubtitles	risk-accepted:no-grant	0.00	no	single-source	OpenSubtitles
капкын	0	4	0	OpenSubtitles	risk-accepted:no-grant	0.33	no	single-source	OpenSubtitles
капкында	0	4	0	OpenSubtitles	risk-accepted:no-grant	0.00	no	single-source	OpenSubtitles
каплан	0	4	1	OpenSubtitles+Tatoeba	clean:CC-BY-2.0-FR	0.75	no	proper-noun-evidence	cap_ratio=0.75>=0.50
кардиостимулятор	0	4	0	OpenSubtitles	risk-accepted:no-grant	0.00	no	single-source	OpenSubtitles
катышым	0	4	0	OpenSubtitles	risk-accepted:no-grant	0.00	no	single-source	OpenSubtitles
качаргамы	0	4	0	OpenSubtitles	risk-accepted:no-grant	0.00	no	single-source	OpenSubtitles
квинджет	0	4	0	OpenSubtitles	risk-accepted:no-grant	0.00	no	single-source	OpenSubtitles
квинс	0	4	0	OpenSubtitles	risk-accepted:no-grant	1.00	no	proper-noun-evidence	cap_ratio=1.00>=0.50
кейста	0	4	0	OpenSubtitles	risk-accepted:no-grant	0.00	no	single-source	OpenSubtitles
керне	0	4	0	OpenSubtitles	risk-accepted:no-grant	0.00	no	single-source	OpenSubtitles
кикерек	0	4	0	OpenSubtitles	risk-accepted:no-grant	0.33	no	single-source	OpenSubtitles
китмичәк	0	4	0	OpenSubtitles	risk-accepted:no-grant	0.00	no	single-source	OpenSubtitles
кичердегез	0	4	0	OpenSubtitles	risk-accepted:no-grant	0.00	no	single-source	OpenSubtitles
кларнетта	0	4	4	Tatoeba	clean:CC-BY-2.0-FR	0.00	no	single-source	Tatoeba
компьютерымны	0	4	4	Tatoeba	clean:CC-BY-2.0-FR	0.00	no	single-source	Tatoeba
корвет	0	4	0	OpenSubtitles	risk-accepted:no-grant	1.00	no	proper-noun-evidence	cap_ratio=1.00>=0.50
корги	0	4	0	OpenSubtitles	risk-accepted:no-grant	0.00	no	single-source	OpenSubtitles
кормас	0	4	4	Tatoeba	clean:CC-BY-2.0-FR	0.00	no	single-source	Tatoeba
коронавирус	0	4	4	Tatoeba	clean:CC-BY-2.0-FR	0.00	no	single-source	Tatoeba
коронавирустан	0	4	4	Tatoeba	clean:CC-BY-2.0-FR	0.00	no	single-source	Tatoeba
косасым	0	4	4	Tatoeba	clean:CC-BY-2.0-FR	0.00	no	single-source	Tatoeba
космопортка	0	4	0	OpenSubtitles	risk-accepted:no-grant	0.00	no	single-source	OpenSubtitles
коткармас	0	4	0	OpenSubtitles	risk-accepted:no-grant	0.00	no	single-source	OpenSubtitles
коткарсалар	0	4	0	OpenSubtitles	risk-accepted:no-grant	0.00	no	single-source	OpenSubtitles
коткарырсыз	0	4	0	OpenSubtitles	risk-accepted:no-grant	0.00	no	single-source	OpenSubtitles
кулдаш	0	4	0	OpenSubtitles	risk-accepted:no-grant	0.00	no	single-source	OpenSubtitles
кулланыйк	0	4	0	OpenSubtitles	risk-accepted:no-grant	0.00	no	single-source	OpenSubtitles
кунмас	0	4	4	Tatoeba	clean:CC-BY-2.0-FR	0.00	no	single-source	Tatoeba
куркакның	0	4	4	Tatoeba	clean:CC-BY-2.0-FR	0.00	no	single-source	Tatoeba
кыйнадым	0	4	0	OpenSubtitles	risk-accepted:no-grant	0.00	no	single-source	OpenSubtitles
кыскыч	0	4	0	OpenSubtitles	risk-accepted:no-grant	0.00	no	single-source	OpenSubtitles
кэн	0	4	4	Tatoeba	clean:CC-BY-2.0-FR	1.00	no	proper-noun-evidence	cap_ratio=1.00>=0.50
күпертмәне	0	4	0	OpenSubtitles	risk-accepted:no-grant	0.00	no	single-source	OpenSubtitles
күпмедә	0	4	4	Tatoeba	clean:CC-BY-2.0-FR	0.00	no	single-source	Tatoeba
күремем	0	4	4	Tatoeba	clean:CC-BY-2.0-FR	0.00	no	single-source	Tatoeba
күренешме	0	4	4	Tatoeba	clean:CC-BY-2.0-FR	0.00	no	single-source	Tatoeba
күрәчәксез	0	4	0	OpenSubtitles	risk-accepted:no-grant	0.00	no	single-source	OpenSubtitles
күрәчәксең	0	4	0	OpenSubtitles	risk-accepted:no-grant	0.00	no	single-source	OpenSubtitles
күчергеч	0	4	0	OpenSubtitles	risk-accepted:no-grant	0.00	no	single-source	OpenSubtitles
күчерәм	0	4	0	OpenSubtitles	risk-accepted:no-grant	0.00	no	single-source	OpenSubtitles
кәефеңне	0	4	0	OpenSubtitles	risk-accepted:no-grant	0.00	no	single-source	OpenSubtitles
көлне	0	4	0	OpenSubtitles	risk-accepted:no-grant	0.00	no	single-source	OpenSubtitles
лимбо	0	4	0	OpenSubtitles	risk-accepted:no-grant	0.00	no	single-source	OpenSubtitles
ллойд	0	4	0	OpenSubtitles	risk-accepted:no-grant	1.00	no	proper-noun-evidence	cap_ratio=1.00>=0.50
максны	0	4	0	OpenSubtitles	risk-accepted:no-grant	1.00	no	proper-noun-evidence	cap_ratio=1.00>=0.50
маллиган	0	4	0	OpenSubtitles	risk-accepted:no-grant	1.00	no	proper-noun-evidence	cap_ratio=1.00>=0.50
минекендә	0	4	0	OpenSubtitles	risk-accepted:no-grant	0.00	no	single-source	OpenSubtitles
миттелос	0	4	0	OpenSubtitles	risk-accepted:no-grant	1.00	no	proper-noun-evidence	cap_ratio=1.00>=0.50
мондарак	0	4	0	OpenSubtitles	risk-accepted:no-grant	0.00	no	single-source	OpenSubtitles
моратка	0	4	4	Tatoeba	clean:CC-BY-2.0-FR	0.00	no	single-source	Tatoeba
моррис	0	4	0	OpenSubtitles	risk-accepted:no-grant	1.00	no	proper-noun-evidence	cap_ratio=1.00>=0.50
мыгырдаш	0	4	0	OpenSubtitles	risk-accepted:no-grant	1.00	no	proper-noun-evidence	cap_ratio=1.00>=0.50
мәеттән	0	4	0	OpenSubtitles	risk-accepted:no-grant	0.00	no	single-source	OpenSubtitles
наданга	0	4	4	Tatoeba	clean:CC-BY-2.0-FR	0.00	no	single-source	Tatoeba
надин	0	4	0	OpenSubtitles	risk-accepted:no-grant	0.00	no	single-source	OpenSubtitles
нейрон	0	4	0	OpenSubtitles	risk-accepted:no-grant	0.00	no	single-source	OpenSubtitles
нинни	0	4	0	OpenSubtitles	risk-accepted:no-grant	1.00	no	proper-noun-evidence	cap_ratio=1.00>=0.50
нихәлләрдә	0	4	0	OpenSubtitles	risk-accepted:no-grant	0.00	no	single-source	OpenSubtitles
нишләгәннәрен	0	4	0	OpenSubtitles	risk-accepted:no-grant	0.00	no	single-source	OpenSubtitles
нортон	0	4	0	OpenSubtitles	risk-accepted:no-grant	1.00	no	proper-noun-evidence	cap_ratio=1.00>=0.50
нәрсәгез	0	4	4	Tatoeba	clean:CC-BY-2.0-FR	0.00	no	single-source	Tatoeba
нәрсәмне	0	4	0	OpenSubtitles	risk-accepted:no-grant	0.00	no	single-source	OpenSubtitles
нәрсәңне	0	4	0	OpenSubtitles	risk-accepted:no-grant	0.00	no	single-source	OpenSubtitles
оксфордта	0	4	0	OpenSubtitles	risk-accepted:no-grant	1.00	no	proper-noun-evidence	cap_ratio=1.00>=0.50
октавиус	0	4	0	OpenSubtitles	risk-accepted:no-grant	1.00	no	proper-noun-evidence	cap_ratio=1.00>=0.50
окти	0	4	0	OpenSubtitles	risk-accepted:no-grant	1.00	no	proper-noun-evidence	cap_ratio=1.00>=0.50
омикрон	0	4	0	OpenSubtitles	risk-accepted:no-grant	0.33	no	single-source	OpenSubtitles
онытырмын	0	4	0	OpenSubtitles	risk-accepted:no-grant	0.00	no	single-source	OpenSubtitles
остазын	0	4	0	OpenSubtitles	risk-accepted:no-grant	0.00	no	single-source	OpenSubtitles
очкынлы	0	4	0	OpenSubtitles	risk-accepted:no-grant	0.67	no	proper-noun-evidence	cap_ratio=0.67>=0.50
очышына	0	4	0	OpenSubtitles	risk-accepted:no-grant	0.00	no	single-source	OpenSubtitles
ошамаганын	0	4	4	Tatoeba	clean:CC-BY-2.0-FR	0.00	no	single-source	Tatoeba
ошатасың	0	4	4	Tatoeba	clean:CC-BY-2.0-FR	0.00	no	single-source	Tatoeba
папайя	0	4	0	OpenSubtitles	risk-accepted:no-grant	0.00	no	single-source	OpenSubtitles
патфайндер	0	4	0	OpenSubtitles	risk-accepted:no-grant	1.00	no	proper-noun-evidence	cap_ratio=1.00>=0.50
пейзажы	0	4	4	Tatoeba	clean:CC-BY-2.0-FR	0.00	no	single-source	Tatoeba
пианистка	0	4	4	Tatoeba	clean:CC-BY-2.0-FR	0.00	no	single-source	Tatoeba
планыгыз	0	4	4	Tatoeba	clean:CC-BY-2.0-FR	0.00	no	single-source	Tatoeba
пунш	0	4	0	OpenSubtitles	risk-accepted:no-grant	0.00	no	single-source	OpenSubtitles
ричардка	0	4	0	OpenSubtitles	risk-accepted:no-grant	1.00	no	proper-noun-evidence	cap_ratio=1.00>=0.50
салдан	0	4	0	OpenSubtitles	risk-accepted:no-grant	0.00	no	single-source	OpenSubtitles
салдыр	0	4	0	OpenSubtitles	risk-accepted:no-grant	0.00	no	single-source	OpenSubtitles
салкынмы	0	4	4	Tatoeba	clean:CC-BY-2.0-FR	0.00	no	single-source	Tatoeba
сандал	0	4	4	Tatoeba	clean:CC-BY-2.0-FR	0.00	no	single-source	Tatoeba
санжей	0	4	0	OpenSubtitles	risk-accepted:no-grant	1.00	no	proper-noun-evidence	cap_ratio=1.00>=0.50
секундың	0	4	0	OpenSubtitles	risk-accepted:no-grant	0.00	no	single-source	OpenSubtitles
сихерләргә	0	4	0	OpenSubtitles	risk-accepted:no-grant	0.00	no	single-source	OpenSubtitles
сихерчелек	0	4	0	OpenSubtitles	risk-accepted:no-grant	0.00	no	single-source	OpenSubtitles
сияргә	0	4	0	OpenSubtitles	risk-accepted:no-grant	0.00	no	single-source	OpenSubtitles
сказал	0	4	4	Tatoeba	clean:CC-BY-2.0-FR	0.00	no	single-source	Tatoeba
скафандр	0	4	0	OpenSubtitles	risk-accepted:no-grant	0.50	no	proper-noun-evidence	cap_ratio=0.50>=0.50
скраффи	0	4	0	OpenSubtitles	risk-accepted:no-grant	1.00	no	proper-noun-evidence	cap_ratio=1.00>=0.50
снитчны	0	4	0	OpenSubtitles	risk-accepted:no-grant	0.00	no	single-source	OpenSubtitles
сойерның	0	4	0	OpenSubtitles	risk-accepted:no-grant	1.00	no	proper-noun-evidence	cap_ratio=1.00>=0.50
сонар	0	4	0	OpenSubtitles	risk-accepted:no-grant	0.00	no	single-source	OpenSubtitles
суалчаннарга	0	4	0	OpenSubtitles	risk-accepted:no-grant	0.00	no	single-source	OpenSubtitles
сугасың	0	4	0	OpenSubtitles	risk-accepted:no-grant	0.00	no	single-source	OpenSubtitles
сунарчысы	0	4	0	OpenSubtitles	risk-accepted:no-grant	0.00	no	single-source	OpenSubtitles
супермаркетка	0	4	4	Tatoeba	clean:CC-BY-2.0-FR	0.00	no	single-source	Tatoeba
сүзләреңчә	0	4	0	OpenSubtitles	risk-accepted:no-grant	0.00	no	single-source	OpenSubtitles
сөйкемлем	0	4	0	OpenSubtitles	risk-accepted:no-grant	0.00	no	single-source	OpenSubtitles
сөйләдемме	0	4	0	OpenSubtitles	risk-accepted:no-grant	0.00	no	single-source	OpenSubtitles
сөйләшләрдә	0	4	4	Tatoeba	clean:CC-BY-2.0-FR	0.00	no	single-source	Tatoeba
сөймәс	0	4	4	Tatoeba	clean:CC-BY-2.0-FR	0.00	no	single-source	Tatoeba
табтым	0	4	0	OpenSubtitles	risk-accepted:no-grant	0.33	no	single-source	OpenSubtitles
тавышлану	0	4	0	OpenSubtitles	risk-accepted:no-grant	1.00	no	proper-noun-evidence	cap_ratio=1.00>=0.50
тайянг	0	4	0	OpenSubtitles	risk-accepted:no-grant	1.00	no	proper-noun-evidence	cap_ratio=1.00>=0.50
тапмадың	0	4	0	OpenSubtitles	risk-accepted:no-grant	0.00	no	single-source	OpenSubtitles
тартуым	0	4	4	Tatoeba	clean:CC-BY-2.0-FR	0.00	no	single-source	Tatoeba
таянма	0	4	4	Tatoeba	clean:CC-BY-2.0-FR	0.00	no	single-source	Tatoeba
теләмисеңдер	0	4	0	OpenSubtitles	risk-accepted:no-grant	0.00	no	single-source	OpenSubtitles
тессеракт	0	4	0	OpenSubtitles	risk-accepted:no-grant	0.00	no	single-source	OpenSubtitles
тиделәр	0	4	0	OpenSubtitles	risk-accepted:no-grant	0.00	no	single-source	OpenSubtitles
тили	0	4	0	OpenSubtitles	risk-accepted:no-grant	0.00	no	single-source	OpenSubtitles
торуымны	0	4	4	Tatoeba	clean:CC-BY-2.0-FR	0.00	no	single-source	Tatoeba
тотынма	0	4	4	Tatoeba	clean:CC-BY-2.0-FR	0.00	no	single-source	Tatoeba
тролльне	0	4	0	OpenSubtitles	risk-accepted:no-grant	0.00	no	single-source	OpenSubtitles
трон	0	4	0	OpenSubtitles	risk-accepted:no-grant	1.00	no	proper-noun-evidence	cap_ratio=1.00>=0.50
туктарбыз	0	4	0	OpenSubtitles	risk-accepted:no-grant	0.00	no	single-source	OpenSubtitles
туктармын	0	4	0	OpenSubtitles	risk-accepted:no-grant	0.00	no	single-source	OpenSubtitles
туктаттыгыз	0	4	0	OpenSubtitles	risk-accepted:no-grant	0.00	no	single-source	OpenSubtitles
туктыйчак	0	4	0	OpenSubtitles	risk-accepted:no-grant	0.00	no	single-source	OpenSubtitles
тулгаклар	0	4	0	OpenSubtitles	risk-accepted:no-grant	0.00	no	single-source	OpenSubtitles
тырышканын	0	4	0	OpenSubtitles	risk-accepted:no-grant	0.00	no	single-source	OpenSubtitles
тәмамламадык	0	4	0	OpenSubtitles	risk-accepted:no-grant	0.00	no	single-source	OpenSubtitles
төрегез	0	4	4	Tatoeba	clean:CC-BY-2.0-FR	0.00	no	single-source	Tatoeba
төшерерсең	0	4	0	OpenSubtitles	risk-accepted:no-grant	0.00	no	single-source	OpenSubtitles
уилер	0	4	0	OpenSubtitles	risk-accepted:no-grant	1.00	no	proper-noun-evidence	cap_ratio=1.00>=0.50
улыммы	0	4	0	OpenSubtitles	risk-accepted:no-grant	0.00	no	single-source	OpenSubtitles
уолтер	0	4	0	OpenSubtitles	risk-accepted:no-grant	1.00	no	proper-noun-evidence	cap_ratio=1.00>=0.50
усрак	0	4	0	OpenSubtitles	risk-accepted:no-grant	0.00	no	single-source	OpenSubtitles
учагым	0	4	4	Tatoeba	clean:CC-BY-2.0-FR	0.00	no	single-source	Tatoeba
уяндыңмы	0	4	0	OpenSubtitles	risk-accepted:no-grant	0.00	no	single-source	OpenSubtitles
фазалауны	0	4	0	OpenSubtitles	risk-accepted:no-grant	0.00	no	single-source	OpenSubtitles
феннек	0	4	0	OpenSubtitles	risk-accepted:no-grant	1.00	no	proper-noun-evidence	cap_ratio=1.00>=0.50
флинт	0	4	0	OpenSubtitles	risk-accepted:no-grant	1.00	no	proper-noun-evidence	cap_ratio=1.00>=0.50
флирт	0	4	4	Tatoeba	clean:CC-BY-2.0-FR	0.00	no	single-source	Tatoeba
фрайны	0	4	0	OpenSubtitles	risk-accepted:no-grant	1.00	no	proper-noun-evidence	cap_ratio=1.00>=0.50
фудзи	0	4	4	Tatoeba	clean:CC-BY-2.0-FR	1.00	no	proper-noun-evidence	cap_ratio=1.00>=0.50
фюзеляж	0	4	0	OpenSubtitles	risk-accepted:no-grant	0.00	no	single-source	OpenSubtitles
харитадан	0	4	4	Tatoeba	clean:CC-BY-2.0-FR	0.00	no	single-source	Tatoeba
хатам	0	4	4	Tatoeba	clean:CC-BY-2.0-FR	0.00	no	single-source	Tatoeba
ходайларга	0	4	0	OpenSubtitles	risk-accepted:no-grant	0.50	no	proper-noun-evidence	cap_ratio=0.50>=0.50
хыяллан	0	4	0	OpenSubtitles	risk-accepted:no-grant	0.00	no	single-source	OpenSubtitles
чакырасың	0	4	0	OpenSubtitles	risk-accepted:no-grant	0.00	no	single-source	OpenSubtitles
чао	0	4	0	OpenSubtitles	risk-accepted:no-grant	0.00	no	single-source	OpenSubtitles
чиплары	0	4	0	OpenSubtitles	risk-accepted:no-grant	0.00	no	single-source	OpenSubtitles
чирләдем	0	4	0	OpenSubtitles	risk-accepted:no-grant	0.00	no	single-source	OpenSubtitles
чукымас	0	4	4	Tatoeba	clean:CC-BY-2.0-FR	0.00	no	single-source	Tatoeba
чыгарырсың	0	4	4	Tatoeba	clean:CC-BY-2.0-FR	0.00	no	single-source	Tatoeba
чыгуымны	0	4	4	Tatoeba	clean:CC-BY-2.0-FR	0.00	no	single-source	Tatoeba
чыгышың	0	4	0	OpenSubtitles	risk-accepted:no-grant	0.00	no	single-source	OpenSubtitles
чынаяктан	0	4	4	Tatoeba	clean:CC-BY-2.0-FR	0.00	no	single-source	Tatoeba
чыпчыкка	0	4	4	Tatoeba	clean:CC-BY-2.0-FR	0.00	no	single-source	Tatoeba
чәнечкеләре	0	4	4	Tatoeba	clean:CC-BY-2.0-FR	0.00	no	single-source	Tatoeba
шартламас	0	4	0	OpenSubtitles	risk-accepted:no-grant	0.00	no	single-source	OpenSubtitles
шартлатабыз	0	4	0	OpenSubtitles	risk-accepted:no-grant	0.00	no	single-source	OpenSubtitles
шашу	0	4	0	OpenSubtitles	risk-accepted:no-grant	0.00	no	single-source	OpenSubtitles
шаяртмыйм	0	4	0	OpenSubtitles	risk-accepted:no-grant	0.00	no	single-source	OpenSubtitles
швабра	0	4	0	OpenSubtitles	risk-accepted:no-grant	0.00	no	single-source	OpenSubtitles
шерлок	0	4	4	Tatoeba	clean:CC-BY-2.0-FR	1.00	no	proper-noun-evidence	cap_ratio=1.00>=0.50
шыңшына	0	4	0	OpenSubtitles	risk-accepted:no-grant	1.00	no	proper-noun-evidence	cap_ratio=1.00>=0.50
шәмне	0	4	4	Tatoeba	clean:CC-BY-2.0-FR	0.00	no	single-source	Tatoeba
ышаначак	0	4	0	OpenSubtitles	risk-accepted:no-grant	0.00	no	single-source	OpenSubtitles
эзләдең	0	4	0	OpenSubtitles	risk-accepted:no-grant	0.00	no	single-source	OpenSubtitles
эйри	0	4	0	OpenSubtitles	risk-accepted:no-grant	1.00	no	proper-noun-evidence	cap_ratio=1.00>=0.50
электромагнитизм	0	4	0	OpenSubtitles	risk-accepted:no-grant	0.00	no	single-source	OpenSubtitles
эләгәчәксең	0	4	0	OpenSubtitles	risk-accepted:no-grant	0.00	no	single-source	OpenSubtitles
эләккәнеңне	0	4	0	OpenSubtitles	risk-accepted:no-grant	0.00	no	single-source	OpenSubtitles
эсперантоны	0	4	4	Tatoeba	clean:CC-BY-2.0-FR	0.50	no	proper-noun-evidence	cap_ratio=0.50>=0.50
этәбез	0	4	0	OpenSubtitles	risk-accepted:no-grant	0.00	no	single-source	OpenSubtitles
эшличәкбез	0	4	0	OpenSubtitles	risk-accepted:no-grant	0.00	no	single-source	OpenSubtitles
эшличәксең	0	4	0	OpenSubtitles	risk-accepted:no-grant	0.00	no	single-source	OpenSubtitles
эшләячәгемне	0	4	4	Tatoeba	clean:CC-BY-2.0-FR	0.00	no	single-source	Tatoeba
югаласың	0	4	0	OpenSubtitles	risk-accepted:no-grant	0.00	no	single-source	OpenSubtitles
югалтмадың	0	4	0	OpenSubtitles	risk-accepted:no-grant	0.00	no	single-source	OpenSubtitles
югалтмам	0	4	0	OpenSubtitles	risk-accepted:no-grant	0.00	no	single-source	OpenSubtitles
юджин	0	4	0	OpenSubtitles	risk-accepted:no-grant	1.00	no	proper-noun-evidence	cap_ratio=1.00>=0.50
юююк	0	4	0	OpenSubtitles	risk-accepted:no-grant	0.00	no	single-source	OpenSubtitles
ябаргамы	0	4	4	Tatoeba	clean:CC-BY-2.0-FR	0.00	no	single-source	Tatoeba
язасызмы	0	4	4	Tatoeba	clean:CC-BY-2.0-FR	0.00	no	single-source	Tatoeba
язылмадым	0	4	0	OpenSubtitles	risk-accepted:no-grant	0.00	no	single-source	OpenSubtitles
яклаусыз	0	4	0	OpenSubtitles	risk-accepted:no-grant	0.00	no	single-source	OpenSubtitles
ялганлыйсыз	0	4	4	Tatoeba	clean:CC-BY-2.0-FR	0.00	no	single-source	Tatoeba
ялганлыйсың	0	4	4	Tatoeba	clean:CC-BY-2.0-FR	0.00	no	single-source	Tatoeba
ялгышсаң	0	4	0	OpenSubtitles	risk-accepted:no-grant	0.00	no	single-source	OpenSubtitles
яралымы	0	4	0	OpenSubtitles	risk-accepted:no-grant	0.00	no	single-source	OpenSubtitles
яшердек	0	4	0	OpenSubtitles	risk-accepted:no-grant	0.00	no	single-source	OpenSubtitles
җаный	0	4	4	Tatoeba	clean:CC-BY-2.0-FR	0.00	no	single-source	Tatoeba
җибәрәсез	0	4	0	OpenSubtitles	risk-accepted:no-grant	0.00	no	single-source	OpenSubtitles
җилкәңне	0	4	0	OpenSubtitles	risk-accepted:no-grant	0.00	no	single-source	OpenSubtitles
җитәчәкме	0	4	0	OpenSubtitles	risk-accepted:no-grant	0.00	no	single-source	OpenSubtitles
җиңу	0	4	0	OpenSubtitles	risk-accepted:no-grant	0.00	no	single-source	OpenSubtitles
җылыханә	0	4	4	Tatoeba	clean:CC-BY-2.0-FR	0.00	no	single-source	Tatoeba
үзгәрмәдеме	0	4	0	OpenSubtitles	risk-accepted:no-grant	0.00	no	single-source	OpenSubtitles
үзәннәреңә	0	4	4	Tatoeba	clean:CC-BY-2.0-FR	0.00	no	single-source	Tatoeba
үкенәчәксең	0	4	0	OpenSubtitles	risk-accepted:no-grant	0.00	no	single-source	OpenSubtitles
үлдегез	0	4	0	OpenSubtitles	risk-accepted:no-grant	0.00	no	single-source	OpenSubtitles
үлемеңне	0	4	0	OpenSubtitles	risk-accepted:no-grant	0.00	no	single-source	OpenSubtitles
үлемкылычы	0	4	0	OpenSubtitles	risk-accepted:no-grant	1.00	no	proper-noun-evidence	cap_ratio=1.00>=0.50
үлчәнешендә	0	4	0	OpenSubtitles	risk-accepted:no-grant	0.00	no	single-source	OpenSubtitles
үлчәнешенә	0	4	0	OpenSubtitles	risk-accepted:no-grant	0.00	no	single-source	OpenSubtitles
үтерәчәксез	0	4	0	OpenSubtitles	risk-accepted:no-grant	0.00	no	single-source	OpenSubtitles
үткәрәсем	0	4	0	OpenSubtitles	risk-accepted:no-grant	0.00	no	single-source	OpenSubtitles
һайван	0	4	0	OpenSubtitles	risk-accepted:no-grant	0.00	no	single-source	OpenSubtitles
һмм	0	4	0	OpenSubtitles	risk-accepted:no-grant	0.00	no	single-source	OpenSubtitles
әйләндер	0	4	0	OpenSubtitles	risk-accepted:no-grant	0.00	no	single-source	OpenSubtitles
әйтүемә	0	4	4	Tatoeba	clean:CC-BY-2.0-FR	0.00	no	single-source	Tatoeba
әтәчнең	0	4	4	Tatoeba	clean:CC-BY-2.0-FR	0.00	no	single-source	Tatoeba
әфсеннәр	0	4	0	OpenSubtitles	risk-accepted:no-grant	0.00	no	single-source	OpenSubtitles
өметсезләнмәгез	0	4	0	OpenSubtitles	risk-accepted:no-grant	0.00	no	single-source	OpenSubtitles
аааа	0	3	0	OpenSubtitles	risk-accepted:no-grant	0.00	no	single-source	OpenSubtitles
автомобилем	0	3	3	Tatoeba	clean:CC-BY-2.0-FR	0.00	no	single-source	Tatoeba
авырлыгым	0	3	3	Tatoeba	clean:CC-BY-2.0-FR	0.00	no	single-source	Tatoeba
авырлыгымны	0	3	3	Tatoeba	clean:CC-BY-2.0-FR	0.00	no	single-source	Tatoeba
авыртадыр	0	3	0	OpenSubtitles	risk-accepted:no-grant	0.00	no	single-source	OpenSubtitles
агыз	0	3	0	OpenSubtitles	risk-accepted:no-grant	0.00	no	single-source	OpenSubtitles
адресымны	0	3	3	Tatoeba	clean:CC-BY-2.0-FR	0.00	no	single-source	Tatoeba
аер	0	3	0	OpenSubtitles	risk-accepted:no-grant	0.00	no	single-source	OpenSubtitles
акылыгызны	0	3	0	OpenSubtitles	risk-accepted:no-grant	0.00	no	single-source	OpenSubtitles
алачакбызмы	0	3	0	OpenSubtitles	risk-accepted:no-grant	0.00	no	single-source	OpenSubtitles
албастыдан	0	3	0	OpenSubtitles	risk-accepted:no-grant	0.00	no	single-source	OpenSubtitles
алганыңа	0	3	0	OpenSubtitles	risk-accepted:no-grant	0.00	no	single-source	OpenSubtitles
алдавың	0	3	0	OpenSubtitles	risk-accepted:no-grant	0.00	no	single-source	OpenSubtitles
алдаганыңны	0	3	0	OpenSubtitles	risk-accepted:no-grant	0.00	no	single-source	OpenSubtitles
алдамас	0	3	3	Tatoeba	clean:CC-BY-2.0-FR	0.00	no	single-source	Tatoeba
алкушымчасы	0	3	3	Tatoeba	clean:CC-BY-2.0-FR	0.00	no	single-source	Tatoeba
аллахның	0	3	0	OpenSubtitles	risk-accepted:no-grant	0.00	no	single-source	OpenSubtitles
алоһомора	0	3	0	OpenSubtitles	risk-accepted:no-grant	0.00	no	single-source	OpenSubtitles
алперт	0	3	0	OpenSubtitles	risk-accepted:no-grant	1.00	no	proper-noun-evidence	cap_ratio=1.00>=0.50
алтмышта	0	3	3	Tatoeba	clean:CC-BY-2.0-FR	0.00	no	single-source	Tatoeba
альдо	0	3	0	OpenSubtitles	risk-accepted:no-grant	1.00	no	proper-noun-evidence	cap_ratio=1.00>=0.50
америкалымы	0	3	3	Tatoeba	clean:CC-BY-2.0-FR	0.00	no	single-source	Tatoeba
амнезия	0	3	0	OpenSubtitles	risk-accepted:no-grant	0.00	no	single-source	OpenSubtitles
аназонның	0	3	0	OpenSubtitles	risk-accepted:no-grant	1.00	no	proper-noun-evidence	cap_ratio=1.00>=0.50
аныңда	0	3	0	OpenSubtitles	risk-accepted:no-grant	0.00	no	single-source	OpenSubtitles
аптечканы	0	3	0	OpenSubtitles	risk-accepted:no-grant	0.00	no	single-source	OpenSubtitles
арттагыларын	0	3	3	Tatoeba	clean:CC-BY-2.0-FR	0.00	no	single-source	Tatoeba
арттырам	0	3	0	OpenSubtitles	risk-accepted:no-grant	0.00	no	single-source	OpenSubtitles
артыңны	0	3	0	OpenSubtitles	risk-accepted:no-grant	0.00	no	single-source	OpenSubtitles
арыгансың	0	3	3	Tatoeba	clean:CC-BY-2.0-FR	0.00	no	single-source	Tatoeba
арымадым	0	3	3	Tatoeba	clean:CC-BY-2.0-FR	0.00	no	single-source	Tatoeba
арымас	0	3	3	Tatoeba	clean:CC-BY-2.0-FR	0.00	no	single-source	Tatoeba
аслыгы	0	3	0	OpenSubtitles	risk-accepted:no-grant	0.00	no	single-source	OpenSubtitles
асс	0	3	0	OpenSubtitles	risk-accepted:no-grant	1.00	no	proper-noun-evidence	cap_ratio=1.00>=0.50
атадың	0	3	0	OpenSubtitles	risk-accepted:no-grant	0.00	no	single-source	OpenSubtitles
атмассың	0	3	0	OpenSubtitles	risk-accepted:no-grant	0.00	no	single-source	OpenSubtitles
атмыйчаксың	0	3	0	OpenSubtitles	risk-accepted:no-grant	0.00	no	single-source	OpenSubtitles
атучыны	0	3	0	OpenSubtitles	risk-accepted:no-grant	0.00	no	single-source	OpenSubtitles
аучыдан	0	3	3	Tatoeba	clean:CC-BY-2.0-FR	0.00	no	single-source	Tatoeba
афтавыз	0	3	0	OpenSubtitles	risk-accepted:no-grant	0.00	no	single-source	OpenSubtitles
ахырның	0	3	0	OpenSubtitles	risk-accepted:no-grant	0.33	no	single-source	OpenSubtitles
ацидалий	0	3	0	OpenSubtitles	risk-accepted:no-grant	1.00	no	proper-noun-evidence	cap_ratio=1.00>=0.50
ачабызмы	0	3	0	OpenSubtitles	risk-accepted:no-grant	0.00	no	single-source	OpenSubtitles
ачара	0	3	0	OpenSubtitles	risk-accepted:no-grant	1.00	no	proper-noun-evidence	cap_ratio=1.00>=0.50
ачуландырырга	0	3	3	Tatoeba	clean:CC-BY-2.0-FR	0.00	no	single-source	Tatoeba
ачуланмас	0	3	3	Tatoeba	clean:CC-BY-2.0-FR	0.00	no	single-source	Tatoeba
ачыктым	0	3	3	Tatoeba	clean:CC-BY-2.0-FR	0.00	no	single-source	Tatoeba
ачыктыңмы	0	3	3	Tatoeba	clean:CC-BY-2.0-FR	0.00	no	single-source	Tatoeba
ашаганчы	0	3	3	Tatoeba	clean:CC-BY-2.0-FR	0.00	no	single-source	Tatoeba
ашым	0	3	3	Tatoeba	clean:CC-BY-2.0-FR	0.00	no	single-source	Tatoeba
аюсын	0	3	0	OpenSubtitles	risk-accepted:no-grant	0.00	no	single-source	OpenSubtitles
аңкау	0	3	3	Tatoeba	clean:CC-BY-2.0-FR	0.00	no	single-source	Tatoeba
аңлаганыңны	0	3	0	OpenSubtitles	risk-accepted:no-grant	0.00	no	single-source	OpenSubtitles
аңламассыз	0	3	3	Tatoeba	clean:CC-BY-2.0-FR	0.00	no	single-source	Tatoeba
аңланда	0	3	0	OpenSubtitles	risk-accepted:no-grant	0.00	no	single-source	OpenSubtitles
аңлатасым	0	3	0	OpenSubtitles	risk-accepted:no-grant	0.00	no	single-source	OpenSubtitles
аңлыйчакмын	0	3	0	OpenSubtitles	risk-accepted:no-grant	0.00	no	single-source	OpenSubtitles
аңлыйчаксың	0	3	0	OpenSubtitles	risk-accepted:no-grant	0.00	no	single-source	OpenSubtitles
багаждан	0	3	0	OpenSubtitles	risk-accepted:no-grant	0.00	no	single-source	OpenSubtitles
базык	0	3	3	Tatoeba	clean:CC-BY-2.0-FR	0.00	no	single-source	Tatoeba
балкышка	0	3	0	OpenSubtitles	risk-accepted:no-grant	0.00	no	single-source	OpenSubtitles
барлыгымны	0	3	3	Tatoeba	clean:CC-BY-2.0-FR	0.00	no	single-source	Tatoeba
бармагымны	0	3	0	OpenSubtitles	risk-accepted:no-grant	0.00	no	single-source	OpenSubtitles
барчагыз	0	3	0	OpenSubtitles	risk-accepted:no-grant	0.00	no	single-source	OpenSubtitles
басмасаң	0	3	0	OpenSubtitles	risk-accepted:no-grant	0.00	no	single-source	OpenSubtitles
бастырылулар	0	3	0	OpenSubtitles	risk-accepted:no-grant	0.00	no	single-source	OpenSubtitles
бауларың	0	3	0	OpenSubtitles	risk-accepted:no-grant	0.00	no	single-source	OpenSubtitles
баффалода	0	3	0	OpenSubtitles	risk-accepted:no-grant	1.00	no	proper-noun-evidence	cap_ratio=1.00>=0.50
башламагыз	0	3	0	OpenSubtitles	risk-accepted:no-grant	0.00	no	single-source	OpenSubtitles
башлыйчакбыз	0	3	0	OpenSubtitles	risk-accepted:no-grant	0.00	no	single-source	OpenSubtitles
башмы	0	3	0	OpenSubtitles	risk-accepted:no-grant	0.00	no	single-source	OpenSubtitles
белгертүче	0	3	3	Tatoeba	clean:CC-BY-2.0-FR	0.00	no	single-source	Tatoeba
белмәгәнне	0	3	3	Tatoeba	clean:CC-BY-2.0-FR	0.00	no	single-source	Tatoeba
беләзәкләр	0	3	0	OpenSubtitles	risk-accepted:no-grant	0.00	no	single-source	OpenSubtitles
беркетегез	0	3	0	OpenSubtitles	risk-accepted:no-grant	0.00	no	single-source	OpenSubtitles
бернардны	0	3	0	OpenSubtitles	risk-accepted:no-grant	1.00	no	proper-noun-evidence	cap_ratio=1.00>=0.50
бернәрсәм	0	3	3	Tatoeba	clean:CC-BY-2.0-FR	0.00	no	single-source	Tatoeba
бетермә	0	3	3	Tatoeba	clean:CC-BY-2.0-FR	0.00	no	single-source	Tatoeba
бетерәчәкмен	0	3	0	OpenSubtitles	risk-accepted:no-grant	0.00	no	single-source	OpenSubtitles
биврёст	0	3	0	OpenSubtitles	risk-accepted:no-grant	1.00	no	proper-noun-evidence	cap_ratio=1.00>=0.50
биге	0	3	0	OpenSubtitles	risk-accepted:no-grant	0.00	no	single-source	OpenSubtitles
бикләделәр	0	3	0	OpenSubtitles	risk-accepted:no-grant	0.00	no	single-source	OpenSubtitles
биреш	0	3	0	OpenSubtitles	risk-accepted:no-grant	0.00	no	single-source	OpenSubtitles
бирәле	0	3	0	OpenSubtitles	risk-accepted:no-grant	0.00	no	single-source	OpenSubtitles
бирәчәксез	0	3	0	OpenSubtitles	risk-accepted:no-grant	0.00	no	single-source	OpenSubtitles
бичкрафт	0	3	0	OpenSubtitles	risk-accepted:no-grant	1.00	no	proper-noun-evidence	cap_ratio=1.00>=0.50
бичә	0	3	3	Tatoeba	clean:CC-BY-2.0-FR	0.00	no	single-source	Tatoeba
бишбармакны	0	3	0	OpenSubtitles	risk-accepted:no-grant	0.00	no	single-source	OpenSubtitles
бияләйләрем	0	3	3	Tatoeba	clean:CC-BY-2.0-FR	0.00	no	single-source	Tatoeba
блаттерның	0	3	3	Tatoeba	clean:CC-BY-2.0-FR	1.00	no	proper-noun-evidence	cap_ratio=1.00>=0.50
богауларым	0	3	0	OpenSubtitles	risk-accepted:no-grant	0.00	no	single-source	OpenSubtitles
боланны	0	3	0	OpenSubtitles	risk-accepted:no-grant	0.00	no	single-source	OpenSubtitles
борчалар	0	3	0	OpenSubtitles	risk-accepted:no-grant	0.00	no	single-source	OpenSubtitles
борчылмыйсыңмы	0	3	0	OpenSubtitles	risk-accepted:no-grant	0.00	no	single-source	OpenSubtitles
борчымыйм	0	3	3	Tatoeba	clean:CC-BY-2.0-FR	0.00	no	single-source	Tatoeba
ботаниклар	0	3	0	OpenSubtitles	risk-accepted:no-grant	0.00	no	single-source	OpenSubtitles
ботинкаларындагы	0	3	3	Tatoeba	clean:CC-BY-2.0-FR	0.00	no	single-source	Tatoeba
ботинкаларың	0	3	3	Tatoeba	clean:CC-BY-2.0-FR	0.00	no	single-source	Tatoeba
бразилиялеләр	0	3	3	Tatoeba	clean:CC-BY-2.0-FR	0.00	no	single-source	Tatoeba
бридж	0	3	1	OpenSubtitles+Tatoeba	clean:CC-BY-2.0-FR	0.50	no	proper-noun-evidence	cap_ratio=0.50>=0.50
брокка	0	3	0	OpenSubtitles	risk-accepted:no-grant	1.00	no	proper-noun-evidence	cap_ratio=1.00>=0.50
брук	0	3	0	OpenSubtitles	risk-accepted:no-grant	1.00	no	proper-noun-evidence	cap_ratio=1.00>=0.50
брукфилд	0	3	0	OpenSubtitles	risk-accepted:no-grant	1.00	no	proper-noun-evidence	cap_ratio=1.00>=0.50
брюси	0	3	0	OpenSubtitles	risk-accepted:no-grant	1.00	no	proper-noun-evidence	cap_ratio=1.00>=0.50
буйсынасың	0	3	0	OpenSubtitles	risk-accepted:no-grant	0.00	no	single-source	OpenSubtitles
булабызмы	0	3	0	OpenSubtitles	risk-accepted:no-grant	0.00	no	single-source	OpenSubtitles
бункердагы	0	3	0	OpenSubtitles	risk-accepted:no-grant	0.00	no	single-source	OpenSubtitles
бурсыкның	0	3	3	Tatoeba	clean:CC-BY-2.0-FR	0.00	no	single-source	Tatoeba
бутадың	0	3	0	OpenSubtitles	risk-accepted:no-grant	0.00	no	single-source	OpenSubtitles
буэнос	0	3	0	OpenSubtitles	risk-accepted:no-grant	0.00	no	single-source	OpenSubtitles
быкылдау	0	3	0	OpenSubtitles	risk-accepted:no-grant	1.00	no	proper-noun-evidence	cap_ratio=1.00>=0.50
бьйорн	0	3	0	OpenSubtitles	risk-accepted:no-grant	0.00	no	single-source	OpenSubtitles
бьюгл	0	3	0	OpenSubtitles	risk-accepted:no-grant	1.00	no	proper-noun-evidence	cap_ratio=1.00>=0.50
бэйн	0	3	0	OpenSubtitles	risk-accepted:no-grant	1.00	no	proper-noun-evidence	cap_ratio=1.00>=0.50
бүлмәгезне	0	3	3	Tatoeba	clean:CC-BY-2.0-FR	0.00	no	single-source	Tatoeba
бүлмәңә	0	3	0	OpenSubtitles	risk-accepted:no-grant	0.00	no	single-source	OpenSubtitles
бәйләвеч	0	3	0	OpenSubtitles	risk-accepted:no-grant	0.00	no	single-source	OpenSubtitles
бәйләнгәнен	0	3	0	OpenSubtitles	risk-accepted:no-grant	0.00	no	single-source	OpenSubtitles
бәрелгәндә	0	3	0	OpenSubtitles	risk-accepted:no-grant	0.00	no	single-source	OpenSubtitles
бәрәм	0	3	0	OpenSubtitles	risk-accepted:no-grant	0.00	no	single-source	OpenSubtitles
бәхәсләшәм	0	3	3	Tatoeba	clean:CC-BY-2.0-FR	0.00	no	single-source	Tatoeba
вазага	0	3	3	Tatoeba	clean:CC-BY-2.0-FR	0.00	no	single-source	Tatoeba
вакандадан	0	3	0	OpenSubtitles	risk-accepted:no-grant	1.00	no	proper-noun-evidence	cap_ratio=1.00>=0.50
вакытмы	0	3	3	Tatoeba	clean:CC-BY-2.0-FR	0.00	no	single-source	Tatoeba
валхаллага	0	3	0	OpenSubtitles	risk-accepted:no-grant	1.00	no	proper-noun-evidence	cap_ratio=1.00>=0.50
ватанпәрвәрлеккә	0	3	3	Tatoeba	clean:CC-BY-2.0-FR	0.00	no	single-source	Tatoeba
веномга	0	3	0	OpenSubtitles	risk-accepted:no-grant	1.00	no	proper-noun-evidence	cap_ratio=1.00>=0.50
веспер	0	3	0	OpenSubtitles	risk-accepted:no-grant	0.00	no	single-source	OpenSubtitles
винберг	0	3	0	OpenSubtitles	risk-accepted:no-grant	1.00	no	proper-noun-evidence	cap_ratio=1.00>=0.50
вол	0	3	0	OpenSubtitles	risk-accepted:no-grant	0.00	no	single-source	OpenSubtitles
воу	0	3	0	OpenSubtitles	risk-accepted:no-grant	0.00	no	single-source	OpenSubtitles
вундагор	0	3	0	OpenSubtitles	risk-accepted:no-grant	0.00	no	single-source	OpenSubtitles
вәгъдәгезне	0	3	3	Tatoeba	clean:CC-BY-2.0-FR	0.00	no	single-source	Tatoeba
гаепме	0	3	0	OpenSubtitles	risk-accepted:no-grant	0.00	no	single-source	OpenSubtitles
газапланырга	0	3	0	OpenSubtitles	risk-accepted:no-grant	0.00	no	single-source	OpenSubtitles
галстугын	0	3	3	Tatoeba	clean:CC-BY-2.0-FR	0.00	no	single-source	Tatoeba
гаррида	0	3	0	OpenSubtitles	risk-accepted:no-grant	1.00	no	proper-noun-evidence	cap_ratio=1.00>=0.50
гаҗит	0	3	0	OpenSubtitles	risk-accepted:no-grant	0.00	no	single-source	OpenSubtitles
гаҗәпләндең	0	3	0	OpenSubtitles	risk-accepted:no-grant	0.00	no	single-source	OpenSubtitles
гвен	0	3	0	OpenSubtitles	risk-accepted:no-grant	1.00	no	proper-noun-evidence	cap_ratio=1.00>=0.50
где	0	3	3	Tatoeba	clean:CC-BY-2.0-FR	0.00	no	single-source	Tatoeba
гипертизлек	0	3	0	OpenSubtitles	risk-accepted:no-grant	0.00	no	single-source	OpenSubtitles
гойя	0	3	0	OpenSubtitles	risk-accepted:no-grant	0.00	no	single-source	OpenSubtitles
гырылдап	0	3	3	Tatoeba	clean:CC-BY-2.0-FR	0.00	no	single-source	Tatoeba
гүзәллектә	0	3	3	Tatoeba	clean:CC-BY-2.0-FR	0.00	no	single-source	Tatoeba
гәүдәсеннән	0	3	3	Tatoeba	clean:CC-BY-2.0-FR	0.00	no	single-source	Tatoeba
гөрҗе	0	3	3	Tatoeba	clean:CC-BY-2.0-FR	0.00	no	single-source	Tatoeba
даруларың	0	3	0	OpenSubtitles	risk-accepted:no-grant	0.00	no	single-source	OpenSubtitles
даруларыңны	0	3	0	OpenSubtitles	risk-accepted:no-grant	0.00	no	single-source	OpenSubtitles
делайла	0	3	0	OpenSubtitles	risk-accepted:no-grant	1.00	no	proper-noun-evidence	cap_ratio=1.00>=0.50
делорианга	0	3	0	OpenSubtitles	risk-accepted:no-grant	1.00	no	proper-noun-evidence	cap_ratio=1.00>=0.50
дефенестрациясе	0	3	3	Tatoeba	clean:CC-BY-2.0-FR	0.00	no	single-source	Tatoeba
джанетны	0	3	0	OpenSubtitles	risk-accepted:no-grant	1.00	no	proper-noun-evidence	cap_ratio=1.00>=0.50
джеймсны	0	3	1	OpenSubtitles+Tatoeba	clean:CC-BY-2.0-FR	1.00	no	proper-noun-evidence	cap_ratio=1.00>=0.50
дженторра	0	3	0	OpenSubtitles	risk-accepted:no-grant	1.00	no	proper-noun-evidence	cap_ratio=1.00>=0.50
джеронимо	0	3	0	OpenSubtitles	risk-accepted:no-grant	1.00	no	proper-noun-evidence	cap_ratio=1.00>=0.50
джинның	0	3	0	OpenSubtitles	risk-accepted:no-grant	1.00	no	proper-noun-evidence	cap_ratio=1.00>=0.50
джоанна	0	3	0	OpenSubtitles	risk-accepted:no-grant	1.00	no	proper-noun-evidence	cap_ratio=1.00>=0.50
джуб	0	3	0	OpenSubtitles	risk-accepted:no-grant	0.00	no	single-source	OpenSubtitles
дияргәме	0	3	0	OpenSubtitles	risk-accepted:no-grant	0.00	no	single-source	OpenSubtitles
дог	0	3	0	OpenSubtitles	risk-accepted:no-grant	0.00	no	single-source	OpenSubtitles
доген	0	3	0	OpenSubtitles	risk-accepted:no-grant	1.00	no	proper-noun-evidence	cap_ratio=1.00>=0.50
дора	0	3	0	OpenSubtitles	risk-accepted:no-grant	1.00	no	proper-noun-evidence	cap_ratio=1.00>=0.50
дотракийлар	0	3	0	OpenSubtitles	risk-accepted:no-grant	0.00	no	single-source	OpenSubtitles
дройд	0	3	0	OpenSubtitles	risk-accepted:no-grant	0.00	no	single-source	OpenSubtitles
дроннарны	0	3	0	OpenSubtitles	risk-accepted:no-grant	0.00	no	single-source	OpenSubtitles
дроннары	0	3	0	OpenSubtitles	risk-accepted:no-grant	0.00	no	single-source	OpenSubtitles
дустан	0	3	3	Tatoeba	clean:CC-BY-2.0-FR	0.00	no	single-source	Tatoeba
дустымы	0	3	0	OpenSubtitles	risk-accepted:no-grant	0.00	no	single-source	OpenSubtitles
дәваладыгыз	0	3	0	OpenSubtitles	risk-accepted:no-grant	0.00	no	single-source	OpenSubtitles
дәвалыйк	0	3	0	OpenSubtitles	risk-accepted:no-grant	0.00	no	single-source	OpenSubtitles
дәвамлыгы	0	3	0	OpenSubtitles	risk-accepted:no-grant	0.00	no	single-source	OpenSubtitles
дөресне	0	3	0	OpenSubtitles	risk-accepted:no-grant	0.00	no	single-source	OpenSubtitles
егетеңне	0	3	0	OpenSubtitles	risk-accepted:no-grant	0.00	no	single-source	OpenSubtitles
егетләрең	0	3	0	OpenSubtitles	risk-accepted:no-grant	0.00	no	single-source	OpenSubtitles
еланбалыклар	0	3	0	OpenSubtitles	risk-accepted:no-grant	0.00	no	single-source	OpenSubtitles
елаттым	0	3	3	Tatoeba	clean:CC-BY-2.0-FR	0.00	no	single-source	Tatoeba
елмаясыңмы	0	3	0	OpenSubtitles	risk-accepted:no-grant	0.00	no	single-source	OpenSubtitles
ераклыкны	0	3	3	Tatoeba	clean:CC-BY-2.0-FR	0.00	no	single-source	Tatoeba
ешлыктагы	0	3	0	OpenSubtitles	risk-accepted:no-grant	0.00	no	single-source	OpenSubtitles
желе	0	3	0	OpenSubtitles	risk-accepted:no-grant	0.00	no	single-source	OpenSubtitles
заманәлиф	0	3	3	Tatoeba	clean:CC-BY-2.0-FR	0.00	no	single-source	Tatoeba
зинасы	0	3	3	Tatoeba	clean:CC-BY-2.0-FR	0.00	no	single-source	Tatoeba
зодның	0	3	0	OpenSubtitles	risk-accepted:no-grant	1.00	no	proper-noun-evidence	cap_ratio=1.00>=0.50
зомбилар	0	3	0	OpenSubtitles	risk-accepted:no-grant	0.00	no	single-source	OpenSubtitles
зор	0	3	0	OpenSubtitles	risk-accepted:no-grant	1.00	no	proper-noun-evidence	cap_ratio=1.00>=0.50
зәвыкта	0	3	3	Tatoeba	clean:CC-BY-2.0-FR	0.00	no	single-source	Tatoeba
зәһәрле	0	3	3	Tatoeba	clean:CC-BY-2.0-FR	0.00	no	single-source	Tatoeba
икеме	0	3	3	Tatoeba	clean:CC-BY-2.0-FR	0.00	no	single-source	Tatoeba
икәнме	0	3	0	OpenSubtitles	risk-accepted:no-grant	0.00	no	single-source	OpenSubtitles
илтербез	0	3	0	OpenSubtitles	risk-accepted:no-grant	0.00	no	single-source	OpenSubtitles
илтермен	0	3	0	OpenSubtitles	risk-accepted:no-grant	0.00	no	single-source	OpenSubtitles
иләмән	0	3	3	Tatoeba	clean:CC-BY-2.0-FR	0.00	no	single-source	Tatoeba
иминле	0	3	0	OpenSubtitles	risk-accepted:no-grant	0.00	no	single-source	OpenSubtitles
импульсын	0	3	0	OpenSubtitles	risk-accepted:no-grant	0.00	no	single-source	OpenSubtitles
имралар	0	3	0	OpenSubtitles	risk-accepted:no-grant	0.00	no	single-source	OpenSubtitles
имчене	0	3	0	OpenSubtitles	risk-accepted:no-grant	0.00	no	single-source	OpenSubtitles
инәләр	0	3	0	OpenSubtitles	risk-accepted:no-grant	0.00	no	single-source	OpenSubtitles
ирекләргә	0	3	3	Tatoeba	clean:CC-BY-2.0-FR	0.00	no	single-source	Tatoeba
искәрмәләре	0	3	3	Tatoeba	clean:CC-BY-2.0-FR	0.00	no	single-source	Tatoeba
ист	0	3	0	OpenSubtitles	risk-accepted:no-grant	1.00	no	proper-noun-evidence	cap_ratio=1.00>=0.50
истәме	0	3	0	OpenSubtitles	risk-accepted:no-grant	0.00	no	single-source	OpenSubtitles
исәнмә	0	3	0	OpenSubtitles	risk-accepted:no-grant	0.00	no	single-source	OpenSubtitles
итәгең	0	3	3	Tatoeba	clean:CC-BY-2.0-FR	0.00	no	single-source	Tatoeba
ихтыярым	0	3	0	OpenSubtitles	risk-accepted:no-grant	0.00	no	single-source	OpenSubtitles
ихтыярыңа	0	3	0	OpenSubtitles	risk-accepted:no-grant	0.00	no	single-source	OpenSubtitles
ишарәт	0	3	3	Tatoeba	clean:CC-BY-2.0-FR	0.00	no	single-source	Tatoeba
ишетеңме	0	3	0	OpenSubtitles	risk-accepted:no-grant	0.00	no	single-source	OpenSubtitles
ишеткәнсездер	0	3	0	OpenSubtitles	risk-accepted:no-grant	0.00	no	single-source	OpenSubtitles
ишеткәнсеңдер	0	3	0	OpenSubtitles	risk-accepted:no-grant	0.00	no	single-source	OpenSubtitles
иялән	0	3	0	OpenSubtitles	risk-accepted:no-grant	0.00	no	single-source	OpenSubtitles
ияләшәчәксең	0	3	3	Tatoeba	clean:CC-BY-2.0-FR	0.00	no	single-source	Tatoeba
иярсез	0	3	3	Tatoeba	clean:CC-BY-2.0-FR	0.00	no	single-source	Tatoeba
йогынтылар	0	3	0	OpenSubtitles	risk-accepted:no-grant	0.00	no	single-source	OpenSubtitles
йодрыклады	0	3	3	Tatoeba	clean:CC-BY-2.0-FR	0.00	no	single-source	Tatoeba
йокламады	0	3	3	Tatoeba	clean:CC-BY-2.0-FR	0.00	no	single-source	Tatoeba
йоктыруга	0	3	0	OpenSubtitles	risk-accepted:no-grant	0.00	no	single-source	OpenSubtitles
йокыңнан	0	3	3	Tatoeba	clean:CC-BY-2.0-FR	0.00	no	single-source	Tatoeba
йонлачым	0	3	0	OpenSubtitles	risk-accepted:no-grant	0.00	no	single-source	OpenSubtitles
йортчы	0	3	0	OpenSubtitles	risk-accepted:no-grant	0.00	no	single-source	OpenSubtitles
йотсаң	0	3	0	OpenSubtitles	risk-accepted:no-grant	0.00	no	single-source	OpenSubtitles
йөклеме	0	3	0	OpenSubtitles	risk-accepted:no-grant	0.00	no	single-source	OpenSubtitles
йөртәсеңме	0	3	0	OpenSubtitles	risk-accepted:no-grant	0.00	no	single-source	OpenSubtitles
кабарды	0	3	3	Tatoeba	clean:CC-BY-2.0-FR	0.00	no	single-source	Tatoeba
кабатладым	0	3	0	OpenSubtitles	risk-accepted:no-grant	0.00	no	single-source	OpenSubtitles
кабызыйк	0	3	0	OpenSubtitles	risk-accepted:no-grant	0.00	no	single-source	OpenSubtitles
кадерләгән	0	3	3	Tatoeba	clean:CC-BY-2.0-FR	0.00	no	single-source	Tatoeba
казанханә	0	3	3	Tatoeba	clean:CC-BY-2.0-FR	0.00	no	single-source	Tatoeba
кайгырмас	0	3	3	Tatoeba	clean:CC-BY-2.0-FR	0.00	no	single-source	Tatoeba
кайнаткычны	0	3	3	Tatoeba	clean:CC-BY-2.0-FR	0.00	no	single-source	Tatoeba
кайтарасым	0	3	0	OpenSubtitles	risk-accepted:no-grant	0.00	no	single-source	OpenSubtitles
кайтмыйсың	0	3	0	OpenSubtitles	risk-accepted:no-grant	0.00	no	single-source	OpenSubtitles
кайтуыгыз	0	3	0	OpenSubtitles	risk-accepted:no-grant	0.00	no	single-source	OpenSubtitles
калдырыйм	0	3	0	OpenSubtitles	risk-accepted:no-grant	0.00	no	single-source	OpenSubtitles
калмассың	0	3	0	OpenSubtitles	risk-accepted:no-grant	0.00	no	single-source	OpenSubtitles
калтырыйсың	0	3	0	OpenSubtitles	risk-accepted:no-grant	0.00	no	single-source	OpenSubtitles
калышма	0	3	0	OpenSubtitles	risk-accepted:no-grant	0.00	no	single-source	OpenSubtitles
камаучы	0	3	3	Tatoeba	clean:CC-BY-2.0-FR	0.00	no	single-source	Tatoeba
каньон	0	3	0	OpenSubtitles	risk-accepted:no-grant	1.00	no	proper-noun-evidence	cap_ratio=1.00>=0.50
карабында	0	3	0	OpenSubtitles	risk-accepted:no-grant	0.00	no	single-source	OpenSubtitles
караватында	0	3	3	Tatoeba	clean:CC-BY-2.0-FR	0.00	no	single-source	Tatoeba
карада	0	3	0	OpenSubtitles	risk-accepted:no-grant	0.00	no	single-source	OpenSubtitles
каракатица	0	3	0	OpenSubtitles	risk-accepted:no-grant	0.00	no	single-source	OpenSubtitles
карарак	0	3	3	Tatoeba	clean:CC-BY-2.0-FR	0.00	no	single-source	Tatoeba
каргада	0	3	3	Tatoeba	clean:CC-BY-2.0-FR	0.00	no	single-source	Tatoeba
каргатырн	0	3	0	OpenSubtitles	risk-accepted:no-grant	1.00	no	proper-noun-evidence	cap_ratio=1.00>=0.50
кармактан	0	3	3	Tatoeba	clean:CC-BY-2.0-FR	0.00	no	single-source	Tatoeba
картайса	0	3	3	Tatoeba	clean:CC-BY-2.0-FR	0.00	no	single-source	Tatoeba
карчыгасы	0	3	3	Tatoeba	clean:CC-BY-2.0-FR	0.00	no	single-source	Tatoeba
карыннан	0	3	3	Tatoeba	clean:CC-BY-2.0-FR	0.00	no	single-source	Tatoeba
касетаны	0	3	0	OpenSubtitles	risk-accepted:no-grant	0.00	no	single-source	OpenSubtitles
катафалк	0	3	0	OpenSubtitles	risk-accepted:no-grant	0.00	no	single-source	OpenSubtitles
катыштырган	0	3	0	OpenSubtitles	risk-accepted:no-grant	0.00	no	single-source	OpenSubtitles
качачакбыз	0	3	0	OpenSubtitles	risk-accepted:no-grant	0.00	no	single-source	OpenSubtitles
качудан	0	3	0	OpenSubtitles	risk-accepted:no-grant	0.00	no	single-source	OpenSubtitles
качыйк	0	3	0	OpenSubtitles	risk-accepted:no-grant	0.00	no	single-source	OpenSubtitles
квил	0	3	0	OpenSubtitles	risk-accepted:no-grant	0.00	no	single-source	OpenSubtitles
квинзель	0	3	0	OpenSubtitles	risk-accepted:no-grant	1.00	no	proper-noun-evidence	cap_ratio=1.00>=0.50
кейсны	0	3	0	OpenSubtitles	risk-accepted:no-grant	0.00	no	single-source	OpenSubtitles
келәшчәсе	0	3	0	OpenSubtitles	risk-accepted:no-grant	0.00	no	single-source	OpenSubtitles
керләрне	0	3	3	Tatoeba	clean:CC-BY-2.0-FR	0.00	no	single-source	Tatoeba
керпесенә	0	3	0	OpenSubtitles	risk-accepted:no-grant	0.00	no	single-source	OpenSubtitles
кертсәгез	0	3	0	OpenSubtitles	risk-accepted:no-grant	0.00	no	single-source	OpenSubtitles
кечкенәне	0	3	0	OpenSubtitles	risk-accepted:no-grant	0.33	no	single-source	OpenSubtitles
кешеләрсез	0	3	0	OpenSubtitles	risk-accepted:no-grant	0.00	no	single-source	OpenSubtitles
кигәнсең	0	3	3	Tatoeba	clean:CC-BY-2.0-FR	0.00	no	single-source	Tatoeba
килешербез	0	3	0	OpenSubtitles	risk-accepted:no-grant	0.00	no	single-source	OpenSubtitles
килмәсәң	0	3	0	OpenSubtitles	risk-accepted:no-grant	0.00	no	single-source	OpenSubtitles
кирәктән	0	3	0	OpenSubtitles	risk-accepted:no-grant	0.00	no	single-source	OpenSubtitles
кисәкчәләрен	0	3	0	OpenSubtitles	risk-accepted:no-grant	0.00	no	single-source	OpenSubtitles
китерегә	0	3	0	OpenSubtitles	risk-accepted:no-grant	0.00	no	single-source	OpenSubtitles
китермәсәң	0	3	0	OpenSubtitles	risk-accepted:no-grant	0.00	no	single-source	OpenSubtitles
китертмим	0	3	0	OpenSubtitles	risk-accepted:no-grant	0.00	no	single-source	OpenSubtitles
кичми	0	3	3	Tatoeba	clean:CC-BY-2.0-FR	0.00	no	single-source	Tatoeba
клараны	0	3	0	OpenSubtitles	risk-accepted:no-grant	1.00	no	proper-noun-evidence	cap_ratio=1.00>=0.50
клиентларыбыз	0	3	0	OpenSubtitles	risk-accepted:no-grant	0.00	no	single-source	OpenSubtitles
кмги	0	3	0	OpenSubtitles	risk-accepted:no-grant	1.00	no	proper-noun-evidence	cap_ratio=1.00>=0.50
коенам	0	3	3	Tatoeba	clean:CC-BY-2.0-FR	0.00	no	single-source	Tatoeba
колакларыгызны	0	3	0	OpenSubtitles	risk-accepted:no-grant	0.00	no	single-source	OpenSubtitles
конвей	0	3	0	OpenSubtitles	risk-accepted:no-grant	1.00	no	proper-noun-evidence	cap_ratio=1.00>=0.50
координатлар	0	3	0	OpenSubtitles	risk-accepted:no-grant	0.00	no	single-source	OpenSubtitles
коплар	0	3	0	OpenSubtitles	risk-accepted:no-grant	0.00	no	single-source	OpenSubtitles
коралланыгыз	0	3	0	OpenSubtitles	risk-accepted:no-grant	0.00	no	single-source	OpenSubtitles
коралым	0	3	0	OpenSubtitles	risk-accepted:no-grant	0.00	no	single-source	OpenSubtitles
корсагым	0	3	3	Tatoeba	clean:CC-BY-2.0-FR	0.00	no	single-source	Tatoeba
кортес	0	3	0	OpenSubtitles	risk-accepted:no-grant	1.00	no	proper-noun-evidence	cap_ratio=1.00>=0.50
кортының	0	3	3	Tatoeba	clean:CC-BY-2.0-FR	0.00	no	single-source	Tatoeba
косып	0	3	3	Tatoeba	clean:CC-BY-2.0-FR	0.00	no	single-source	Tatoeba
коткарасы	0	3	0	OpenSubtitles	risk-accepted:no-grant	0.00	no	single-source	OpenSubtitles
коткарганнарын	0	3	0	OpenSubtitles	risk-accepted:no-grant	0.00	no	single-source	OpenSubtitles
коткаручыны	0	3	0	OpenSubtitles	risk-accepted:no-grant	0.33	no	single-source	OpenSubtitles
коткарырлар	0	3	0	OpenSubtitles	risk-accepted:no-grant	0.00	no	single-source	OpenSubtitles
коточыргычлар	0	3	0	OpenSubtitles	risk-accepted:no-grant	0.00	no	single-source	OpenSubtitles
крайлар	0	3	0	OpenSubtitles	risk-accepted:no-grant	1.00	no	proper-noun-evidence	cap_ratio=1.00>=0.50
кубны	0	3	0	OpenSubtitles	risk-accepted:no-grant	0.00	no	single-source	OpenSubtitles
кудың	0	3	0	OpenSubtitles	risk-accepted:no-grant	0.00	no	single-source	OpenSubtitles
кузгалма	0	3	0	OpenSubtitles	risk-accepted:no-grant	0.00	no	single-source	OpenSubtitles
куиммы	0	3	0	OpenSubtitles	risk-accepted:no-grant	0.00	no	single-source	OpenSubtitles
кулланмадың	0	3	0	OpenSubtitles	risk-accepted:no-grant	0.00	no	single-source	OpenSubtitles
кулланучылык	0	3	3	Tatoeba	clean:CC-BY-2.0-FR	0.00	no	single-source	Tatoeba
кулларымнан	0	3	0	OpenSubtitles	risk-accepted:no-grant	0.00	no	single-source	OpenSubtitles
кунык	0	3	0	OpenSubtitles	risk-accepted:no-grant	0.00	no	single-source	OpenSubtitles
куркытабыз	0	3	0	OpenSubtitles	risk-accepted:no-grant	0.00	no	single-source	OpenSubtitles
курыкмасаң	0	3	0	OpenSubtitles	risk-accepted:no-grant	0.00	no	single-source	OpenSubtitles
кушсам	0	3	0	OpenSubtitles	risk-accepted:no-grant	0.00	no	single-source	OpenSubtitles
куштыңмы	0	3	0	OpenSubtitles	risk-accepted:no-grant	0.00	no	single-source	OpenSubtitles
кушырган	0	3	3	Tatoeba	clean:CC-BY-2.0-FR	0.00	no	single-source	Tatoeba
куярсың	0	3	0	OpenSubtitles	risk-accepted:no-grant	0.00	no	single-source	OpenSubtitles
кызарынды	0	3	3	Tatoeba	clean:CC-BY-2.0-FR	0.00	no	single-source	Tatoeba
кызарыр	0	3	3	Tatoeba	clean:CC-BY-2.0-FR	0.00	no	single-source	Tatoeba
кызганды	0	3	0	OpenSubtitles	risk-accepted:no-grant	0.00	no	single-source	OpenSubtitles
кызыңның	0	3	0	OpenSubtitles	risk-accepted:no-grant	0.00	no	single-source	OpenSubtitles
кыйна	0	3	0	OpenSubtitles	risk-accepted:no-grant	0.00	no	single-source	OpenSubtitles
кыландың	0	3	0	OpenSubtitles	risk-accepted:no-grant	0.00	no	single-source	OpenSubtitles
кылычымны	0	3	0	OpenSubtitles	risk-accepted:no-grant	0.00	no	single-source	OpenSubtitles
кышының	0	3	3	Tatoeba	clean:CC-BY-2.0-FR	0.00	no	single-source	Tatoeba
кыяк	0	3	0	OpenSubtitles	risk-accepted:no-grant	0.00	no	single-source	OpenSubtitles
кэтны	0	3	0	OpenSubtitles	risk-accepted:no-grant	1.00	no	proper-noun-evidence	cap_ratio=1.00>=0.50
күзлексез	0	3	3	Tatoeba	clean:CC-BY-2.0-FR	0.00	no	single-source	Tatoeba
күзәттең	0	3	0	OpenSubtitles	risk-accepted:no-grant	0.00	no	single-source	OpenSubtitles
күзәтәсез	0	3	0	OpenSubtitles	risk-accepted:no-grant	0.00	no	single-source	OpenSubtitles
күзәтәсезме	0	3	0	OpenSubtitles	risk-accepted:no-grant	0.00	no	single-source	OpenSubtitles
күзәтәчәксез	0	3	0	OpenSubtitles	risk-accepted:no-grant	0.00	no	single-source	OpenSubtitles
күндердең	0	3	0	OpenSubtitles	risk-accepted:no-grant	0.00	no	single-source	OpenSubtitles
күрекле	0	3	3	Tatoeba	clean:CC-BY-2.0-FR	0.00	no	single-source	Tatoeba
күрсәттегезме	0	3	3	Tatoeba	clean:CC-BY-2.0-FR	0.00	no	single-source	Tatoeba
күрсәтәчәкмен	0	3	0	OpenSubtitles	risk-accepted:no-grant	0.00	no	single-source	OpenSubtitles
күтәрдең	0	3	0	OpenSubtitles	risk-accepted:no-grant	0.00	no	single-source	OpenSubtitles
күченүдә	0	3	3	Tatoeba	clean:CC-BY-2.0-FR	0.00	no	single-source	Tatoeba
күчердең	0	3	0	OpenSubtitles	risk-accepted:no-grant	0.00	no	single-source	OpenSubtitles
кәвеш	0	3	0	OpenSubtitles	risk-accepted:no-grant	0.00	no	single-source	OpenSubtitles
кәсәбә	0	3	3	Tatoeba	clean:CC-BY-2.0-FR	0.00	no	single-source	Tatoeba
көбәне	0	3	0	OpenSubtitles	risk-accepted:no-grant	0.00	no	single-source	OpenSubtitles
көзме	0	3	3	Tatoeba	clean:CC-BY-2.0-FR	0.00	no	single-source	Tatoeba
көймәң	0	3	0	OpenSubtitles	risk-accepted:no-grant	0.00	no	single-source	OpenSubtitles
көлдер	0	3	0	OpenSubtitles	risk-accepted:no-grant	0.00	no	single-source	OpenSubtitles
көлмәгез	0	3	3	Tatoeba	clean:CC-BY-2.0-FR	0.00	no	single-source	Tatoeba
көлмәс	0	3	3	Tatoeba	clean:CC-BY-2.0-FR	0.00	no	single-source	Tatoeba
көлмәскә	0	3	3	Tatoeba	clean:CC-BY-2.0-FR	0.00	no	single-source	Tatoeba
көнләштерергә	0	3	3	Tatoeba	clean:CC-BY-2.0-FR	0.00	no	single-source	Tatoeba
көтсәк	0	3	0	OpenSubtitles	risk-accepted:no-grant	0.00	no	single-source	OpenSubtitles
көтәрлек	0	3	3	Tatoeba	clean:CC-BY-2.0-FR	0.00	no	single-source	Tatoeba
көтәрләр	0	3	2	OpenSubtitles+Tatoeba	clean:CC-BY-2.0-FR	0.50	no	proper-noun-evidence	cap_ratio=0.50>=0.50
лабарбара	0	3	0	OpenSubtitles	risk-accepted:no-grant	1.00	no	proper-noun-evidence	cap_ratio=1.00>=0.50
лабораториядән	0	3	0	OpenSubtitles	risk-accepted:no-grant	0.00	no	single-source	OpenSubtitles
лайм	0	3	0	OpenSubtitles	risk-accepted:no-grant	0.00	no	single-source	OpenSubtitles
лакей	0	3	0	OpenSubtitles	risk-accepted:no-grant	0.00	no	single-source	OpenSubtitles
ланнистерлар	0	3	0	OpenSubtitles	risk-accepted:no-grant	1.00	no	proper-noun-evidence	cap_ratio=1.00>=0.50
лафлёрны	0	3	0	OpenSubtitles	risk-accepted:no-grant	1.00	no	proper-noun-evidence	cap_ratio=1.00>=0.50
лашад	0	3	0	OpenSubtitles	risk-accepted:no-grant	1.00	no	proper-noun-evidence	cap_ratio=1.00>=0.50
лилага	0	3	0	OpenSubtitles	risk-accepted:no-grant	1.00	no	proper-noun-evidence	cap_ratio=1.00>=0.50
линд	0	3	0	OpenSubtitles	risk-accepted:no-grant	1.00	no	proper-noun-evidence	cap_ratio=1.00>=0.50
лонг	0	3	0	OpenSubtitles	risk-accepted:no-grant	1.00	no	proper-noun-evidence	cap_ratio=1.00>=0.50
лонгботтом	0	3	0	OpenSubtitles	risk-accepted:no-grant	1.00	no	proper-noun-evidence	cap_ratio=1.00>=0.50
лыгырдады	0	3	3	Tatoeba	clean:CC-BY-2.0-FR	0.00	no	single-source	Tatoeba
маггл	0	3	0	OpenSubtitles	risk-accepted:no-grant	0.00	no	single-source	OpenSubtitles
магнитарның	0	3	0	OpenSubtitles	risk-accepted:no-grant	0.00	no	single-source	OpenSubtitles
майами	0	3	0	OpenSubtitles	risk-accepted:no-grant	1.00	no	proper-noun-evidence	cap_ratio=1.00>=0.50
майклның	0	3	1	OpenSubtitles+Tatoeba	clean:CC-BY-2.0-FR	1.00	no	proper-noun-evidence	cap_ratio=1.00>=0.50
макдугал	0	3	0	OpenSubtitles	risk-accepted:no-grant	1.00	no	proper-noun-evidence	cap_ratio=1.00>=0.50
максатмы	0	3	0	OpenSubtitles	risk-accepted:no-grant	0.00	no	single-source	OpenSubtitles
мактан	0	3	3	Tatoeba	clean:CC-BY-2.0-FR	0.00	no	single-source	Tatoeba
малайларың	0	3	0	OpenSubtitles	risk-accepted:no-grant	0.00	no	single-source	OpenSubtitles
мандалор	0	3	0	OpenSubtitles	risk-accepted:no-grant	0.33	no	single-source	OpenSubtitles
мансон	0	3	0	OpenSubtitles	risk-accepted:no-grant	1.00	no	proper-noun-evidence	cap_ratio=1.00>=0.50
мантыйгын	0	3	3	Tatoeba	clean:CC-BY-2.0-FR	0.00	no	single-source	Tatoeba
маршалның	0	3	0	OpenSubtitles	risk-accepted:no-grant	0.00	no	single-source	OpenSubtitles
марҗамы	0	3	3	Tatoeba	clean:CC-BY-2.0-FR	0.00	no	single-source	Tatoeba
матай	0	3	0	OpenSubtitles	risk-accepted:no-grant	0.00	no	single-source	OpenSubtitles
машинагыз	0	3	3	Tatoeba	clean:CC-BY-2.0-FR	0.00	no	single-source	Tatoeba
медузалар	0	3	3	Tatoeba	clean:CC-BY-2.0-FR	0.00	no	single-source	Tatoeba
мембата	0	3	0	OpenSubtitles	risk-accepted:no-grant	1.00	no	proper-noun-evidence	cap_ratio=1.00>=0.50
мемфис	0	3	0	OpenSubtitles	risk-accepted:no-grant	1.00	no	proper-noun-evidence	cap_ratio=1.00>=0.50
метастазлар	0	3	0	OpenSubtitles	risk-accepted:no-grant	0.00	no	single-source	OpenSubtitles
мик	0	3	0	OpenSubtitles	risk-accepted:no-grant	1.00	no	proper-noun-evidence	cap_ratio=1.00>=0.50
микрокомпьютер	0	3	0	OpenSubtitles	risk-accepted:no-grant	0.00	no	single-source	OpenSubtitles
мильдә	0	3	0	OpenSubtitles	risk-accepted:no-grant	0.00	no	single-source	OpenSubtitles
минди	0	3	0	OpenSubtitles	risk-accepted:no-grant	1.00	no	proper-noun-evidence	cap_ratio=1.00>=0.50
минекеләре	0	3	0	OpenSubtitles	risk-accepted:no-grant	0.00	no	single-source	OpenSubtitles
мистериога	0	3	0	OpenSubtitles	risk-accepted:no-grant	0.00	no	single-source	OpenSubtitles
молчановский	0	3	0	OpenSubtitles	risk-accepted:no-grant	1.00	no	proper-noun-evidence	cap_ratio=1.00>=0.50
монтан	0	3	0	OpenSubtitles	risk-accepted:no-grant	1.00	no	proper-noun-evidence	cap_ratio=1.00>=0.50
монымы	0	3	0	OpenSubtitles	risk-accepted:no-grant	0.00	no	single-source	OpenSubtitles
мораг	0	3	0	OpenSubtitles	risk-accepted:no-grant	0.00	no	single-source	OpenSubtitles
морбо	0	3	0	OpenSubtitles	risk-accepted:no-grant	1.00	no	proper-noun-evidence	cap_ratio=1.00>=0.50
мордо	0	3	0	OpenSubtitles	risk-accepted:no-grant	1.00	no	proper-noun-evidence	cap_ratio=1.00>=0.50
мориарти	0	3	0	OpenSubtitles	risk-accepted:no-grant	1.00	no	proper-noun-evidence	cap_ratio=1.00>=0.50
моторны	0	3	3	Tatoeba	clean:CC-BY-2.0-FR	0.00	no	single-source	Tatoeba
музыкачы	0	3	3	Tatoeba	clean:CC-BY-2.0-FR	0.00	no	single-source	Tatoeba
мыжык	0	3	0	OpenSubtitles	risk-accepted:no-grant	0.00	no	single-source	OpenSubtitles
мэнди	0	3	0	OpenSubtitles	risk-accepted:no-grant	1.00	no	proper-noun-evidence	cap_ratio=1.00>=0.50
мэнтис	0	3	0	OpenSubtitles	risk-accepted:no-grant	1.00	no	proper-noun-evidence	cap_ratio=1.00>=0.50
мәгарәләрдән	0	3	0	OpenSubtitles	risk-accepted:no-grant	0.00	no	single-source	OpenSubtitles
мәчкәйләргә	0	3	0	OpenSubtitles	risk-accepted:no-grant	0.00	no	single-source	OpenSubtitles
мәчкәйнең	0	3	0	OpenSubtitles	risk-accepted:no-grant	0.00	no	single-source	OpenSubtitles
мөгәен	0	3	0	OpenSubtitles	risk-accepted:no-grant	0.00	no	single-source	OpenSubtitles
мөмкинлектә	0	3	0	OpenSubtitles	risk-accepted:no-grant	0.00	no	single-source	OpenSubtitles
мөһимрәкме	0	3	0	OpenSubtitles	risk-accepted:no-grant	0.00	no	single-source	OpenSubtitles
намастэ	0	3	0	OpenSubtitles	risk-accepted:no-grant	0.00	no	single-source	OpenSubtitles
намусыңны	0	3	3	Tatoeba	clean:CC-BY-2.0-FR	0.00	no	single-source	Tatoeba
неоны	0	3	0	OpenSubtitles	risk-accepted:no-grant	1.00	no	proper-noun-evidence	cap_ratio=1.00>=0.50
нефрит	0	3	0	OpenSubtitles	risk-accepted:no-grant	0.00	no	single-source	OpenSubtitles
никотинлы	0	3	0	OpenSubtitles	risk-accepted:no-grant	0.00	no	single-source	OpenSubtitles
нимбуска	0	3	0	OpenSubtitles	risk-accepted:no-grant	1.00	no	proper-noun-evidence	cap_ratio=1.00>=0.50
ничәне	0	3	0	OpenSubtitles	risk-accepted:no-grant	0.00	no	single-source	OpenSubtitles
нишлиячәксең	0	3	0	OpenSubtitles	risk-accepted:no-grant	0.00	no	single-source	OpenSubtitles
номерым	0	3	3	Tatoeba	clean:CC-BY-2.0-FR	0.00	no	single-source	Tatoeba
норвуд	0	3	0	OpenSubtitles	risk-accepted:no-grant	1.00	no	proper-noun-evidence	cap_ratio=1.00>=0.50
нормальме	0	3	3	Tatoeba	clean:CC-BY-2.0-FR	0.00	no	single-source	Tatoeba
норск	0	3	0	OpenSubtitles	risk-accepted:no-grant	1.00	no	proper-noun-evidence	cap_ratio=1.00>=0.50
ныгыт	0	3	0	OpenSubtitles	risk-accepted:no-grant	0.00	no	single-source	OpenSubtitles
нэтны	0	3	0	OpenSubtitles	risk-accepted:no-grant	1.00	no	proper-noun-evidence	cap_ratio=1.00>=0.50
нәмәзмәте	0	3	0	OpenSubtitles	risk-accepted:no-grant	0.00	no	single-source	OpenSubtitles
обручевны	0	3	0	OpenSubtitles	risk-accepted:no-grant	1.00	no	proper-noun-evidence	cap_ratio=1.00>=0.50
онытмасам	0	3	1	OpenSubtitles+Tatoeba	clean:CC-BY-2.0-FR	0.50	no	proper-noun-evidence	cap_ratio=0.50>=0.50
онытчак	0	3	3	Tatoeba	clean:CC-BY-2.0-FR	0.00	no	single-source	Tatoeba
ооп	0	3	0	OpenSubtitles	risk-accepted:no-grant	0.00	no	single-source	OpenSubtitles
оп	0	3	0	OpenSubtitles	risk-accepted:no-grant	0.50	no	proper-noun-evidence	cap_ratio=0.50>=0.50
операциясез	0	3	0	OpenSubtitles	risk-accepted:no-grant	0.00	no	single-source	OpenSubtitles
оптимус	0	3	0	OpenSubtitles	risk-accepted:no-grant	1.00	no	proper-noun-evidence	cap_ratio=1.00>=0.50
орбитасына	0	3	0	OpenSubtitles	risk-accepted:no-grant	0.00	no	single-source	OpenSubtitles
оргокорпның	0	3	0	OpenSubtitles	risk-accepted:no-grant	1.00	no	proper-noun-evidence	cap_ratio=1.00>=0.50
остадан	0	3	3	Tatoeba	clean:CC-BY-2.0-FR	0.00	no	single-source	Tatoeba
остинны	0	3	0	OpenSubtitles	risk-accepted:no-grant	1.00	no	proper-noun-evidence	cap_ratio=1.00>=0.50
отчетны	0	3	3	Tatoeba	clean:CC-BY-2.0-FR	0.00	no	single-source	Tatoeba
официантны	0	3	0	OpenSubtitles	risk-accepted:no-grant	0.00	no	single-source	OpenSubtitles
очратканымны	0	3	3	Tatoeba	clean:CC-BY-2.0-FR	0.00	no	single-source	Tatoeba
очраштың	0	3	3	Tatoeba	clean:CC-BY-2.0-FR	0.00	no	single-source	Tatoeba
очуга	0	3	0	OpenSubtitles	risk-accepted:no-grant	0.00	no	single-source	OpenSubtitles
ошадың	0	3	0	OpenSubtitles	risk-accepted:no-grant	0.00	no	single-source	OpenSubtitles
ошыйсыз	0	3	0	OpenSubtitles	risk-accepted:no-grant	0.00	no	single-source	OpenSubtitles
оялмаган	0	3	3	Tatoeba	clean:CC-BY-2.0-FR	0.00	no	single-source	Tatoeba
оятсызның	0	3	3	Tatoeba	clean:CC-BY-2.0-FR	0.00	no	single-source	Tatoeba
оҗмахы	0	3	0	OpenSubtitles	risk-accepted:no-grant	0.00	no	single-source	OpenSubtitles
пальм	0	3	0	OpenSubtitles	risk-accepted:no-grant	1.00	no	proper-noun-evidence	cap_ratio=1.00>=0.50
пальтоңны	0	3	3	Tatoeba	clean:CC-BY-2.0-FR	0.00	no	single-source	Tatoeba
папкада	0	3	0	OpenSubtitles	risk-accepted:no-grant	0.00	no	single-source	OpenSubtitles
парадоксы	0	3	0	OpenSubtitles	risk-accepted:no-grant	0.00	no	single-source	OpenSubtitles
паркерга	0	3	0	OpenSubtitles	risk-accepted:no-grant	1.00	no	proper-noun-evidence	cap_ratio=1.00>=0.50
патшалыкны	0	3	0	OpenSubtitles	risk-accepted:no-grant	0.67	no	proper-noun-evidence	cap_ratio=0.67>=0.50
паундер	0	3	0	OpenSubtitles	risk-accepted:no-grant	0.00	no	single-source	OpenSubtitles
пеннига	0	3	0	OpenSubtitles	risk-accepted:no-grant	1.00	no	proper-noun-evidence	cap_ratio=1.00>=0.50
перси	0	3	1	OpenSubtitles+Tatoeba	clean:CC-BY-2.0-FR	1.00	no	proper-noun-evidence	cap_ratio=1.00>=0.50
пешәр	0	3	3	Tatoeba	clean:CC-BY-2.0-FR	0.00	no	single-source	Tatoeba
пикникка	0	3	0	OpenSubtitles	risk-accepted:no-grant	0.00	no	single-source	OpenSubtitles
пинг	0	3	0	OpenSubtitles	risk-accepted:no-grant	0.50	no	proper-noun-evidence	cap_ratio=0.50>=0.50
пирс	0	3	0	OpenSubtitles	risk-accepted:no-grant	1.00	no	proper-noun-evidence	cap_ratio=1.00>=0.50
планетасыннан	0	3	0	OpenSubtitles	risk-accepted:no-grant	0.00	no	single-source	OpenSubtitles
планнарың	0	3	3	Tatoeba	clean:CC-BY-2.0-FR	0.00	no	single-source	Tatoeba
планым	0	3	3	Tatoeba	clean:CC-BY-2.0-FR	0.00	no	single-source	Tatoeba
платиналы	0	3	0	OpenSubtitles	risk-accepted:no-grant	0.00	no	single-source	OpenSubtitles
портсигар	0	3	0	OpenSubtitles	risk-accepted:no-grant	0.00	no	single-source	OpenSubtitles
пошкырып	0	3	3	Tatoeba	clean:CC-BY-2.0-FR	0.00	no	single-source	Tatoeba
прайс	0	3	0	OpenSubtitles	risk-accepted:no-grant	1.00	no	proper-noun-evidence	cap_ratio=1.00>=0.50
принцессаны	0	3	3	Tatoeba	clean:CC-BY-2.0-FR	0.00	no	single-source	Tatoeba
проблемнарың	0	3	3	Tatoeba	clean:CC-BY-2.0-FR	0.00	no	single-source	Tatoeba
процессорына	0	3	0	OpenSubtitles	risk-accepted:no-grant	0.00	no	single-source	OpenSubtitles
псс	0	3	0	OpenSubtitles	risk-accepted:no-grant	0.00	no	single-source	OpenSubtitles
пудинг	0	3	0	OpenSubtitles	risk-accepted:no-grant	1.00	no	proper-noun-evidence	cap_ratio=1.00>=0.50
пэп	0	3	0	OpenSubtitles	risk-accepted:no-grant	1.00	no	proper-noun-evidence	cap_ratio=1.00>=0.50
расс	0	3	0	OpenSubtitles	risk-accepted:no-grant	1.00	no	proper-noun-evidence	cap_ratio=1.00>=0.50
реймонд	0	3	0	OpenSubtitles	risk-accepted:no-grant	1.00	no	proper-noun-evidence	cap_ratio=1.00>=0.50
рейсында	0	3	0	OpenSubtitles	risk-accepted:no-grant	0.00	no	single-source	OpenSubtitles
рнк	0	3	0	OpenSubtitles	risk-accepted:no-grant	1.00	no	proper-noun-evidence	cap_ratio=1.00>=0.50
розен	0	3	0	OpenSubtitles	risk-accepted:no-grant	0.00	no	single-source	OpenSubtitles
ройс	0	3	0	OpenSubtitles	risk-accepted:no-grant	0.00	no	single-source	OpenSubtitles
савыгырга	0	3	0	OpenSubtitles	risk-accepted:no-grant	0.00	no	single-source	OpenSubtitles
сагынасың	0	3	0	OpenSubtitles	risk-accepted:no-grant	0.00	no	single-source	OpenSubtitles
сайланганның	0	3	0	OpenSubtitles	risk-accepted:no-grant	0.00	no	single-source	OpenSubtitles
сайлыйсыз	0	3	0	OpenSubtitles	risk-accepted:no-grant	0.00	no	single-source	OpenSubtitles
сайлыкка	0	3	0	OpenSubtitles	risk-accepted:no-grant	0.00	no	single-source	OpenSubtitles
сайонара	0	3	0	OpenSubtitles	risk-accepted:no-grant	0.00	no	single-source	OpenSubtitles
сайрамый	0	3	3	Tatoeba	clean:CC-BY-2.0-FR	0.00	no	single-source	Tatoeba
салдырдым	0	3	0	OpenSubtitles	risk-accepted:no-grant	0.00	no	single-source	OpenSubtitles
салышмагыз	0	3	3	Tatoeba	clean:CC-BY-2.0-FR	0.00	no	single-source	Tatoeba
санаганны	0	3	3	Tatoeba	clean:CC-BY-2.0-FR	0.00	no	single-source	Tatoeba
сантаның	0	3	0	OpenSubtitles	risk-accepted:no-grant	1.00	no	proper-noun-evidence	cap_ratio=1.00>=0.50
сарыкылыч	0	3	3	Tatoeba	clean:CC-BY-2.0-FR	1.00	no	proper-noun-evidence	cap_ratio=1.00>=0.50
сатырның	0	3	0	OpenSubtitles	risk-accepted:no-grant	1.00	no	proper-noun-evidence	cap_ratio=1.00>=0.50
свитерын	0	3	3	Tatoeba	clean:CC-BY-2.0-FR	0.00	no	single-source	Tatoeba
сенсоры	0	3	0	OpenSubtitles	risk-accepted:no-grant	0.00	no	single-source	OpenSubtitles
серсүзең	0	3	0	OpenSubtitles	risk-accepted:no-grant	0.00	no	single-source	OpenSubtitles
сеңлегез	0	3	0	OpenSubtitles	risk-accepted:no-grant	0.00	no	single-source	OpenSubtitles
сигән	0	3	0	OpenSubtitles	risk-accepted:no-grant	0.00	no	single-source	OpenSubtitles
симпутрон	0	3	0	OpenSubtitles	risk-accepted:no-grant	1.00	no	proper-noun-evidence	cap_ratio=1.00>=0.50
синбад	0	3	0	OpenSubtitles	risk-accepted:no-grant	1.00	no	proper-noun-evidence	cap_ratio=1.00>=0.50
синдзюку	0	3	0	OpenSubtitles	risk-accepted:no-grant	0.00	no	single-source	OpenSubtitles
ситига	0	3	0	OpenSubtitles	risk-accepted:no-grant	1.00	no	proper-noun-evidence	cap_ratio=1.00>=0.50
ситикокуяма	0	3	0	OpenSubtitles	risk-accepted:no-grant	1.00	no	proper-noun-evidence	cap_ratio=1.00>=0.50
сихерли	0	3	0	OpenSubtitles	risk-accepted:no-grant	0.00	no	single-source	OpenSubtitles
сихерләр	0	3	0	OpenSubtitles	risk-accepted:no-grant	0.00	no	single-source	OpenSubtitles
сиңамы	0	3	0	OpenSubtitles	risk-accepted:no-grant	0.00	no	single-source	OpenSubtitles
смизмар	0	3	0	OpenSubtitles	risk-accepted:no-grant	0.00	no	single-source	OpenSubtitles
сораганнарның	0	3	3	Tatoeba	clean:CC-BY-2.0-FR	0.00	no	single-source	Tatoeba
сораганың	0	3	0	OpenSubtitles	risk-accepted:no-grant	0.00	no	single-source	OpenSubtitles
сораргамы	0	3	0	OpenSubtitles	risk-accepted:no-grant	0.00	no	single-source	OpenSubtitles
сораумы	0	3	0	OpenSubtitles	risk-accepted:no-grant	0.00	no	single-source	OpenSubtitles
соусын	0	3	0	OpenSubtitles	risk-accepted:no-grant	0.00	no	single-source	OpenSubtitles
соңардым	0	3	0	OpenSubtitles	risk-accepted:no-grant	0.00	no	single-source	OpenSubtitles
соңгарам	0	3	0	OpenSubtitles	risk-accepted:no-grant	0.00	no	single-source	OpenSubtitles
стальск	0	3	0	OpenSubtitles	risk-accepted:no-grant	1.00	no	proper-noun-evidence	cap_ratio=1.00>=0.50
старла	0	3	0	OpenSubtitles	risk-accepted:no-grant	1.00	no	proper-noun-evidence	cap_ratio=1.00>=0.50
стен	0	3	0	OpenSubtitles	risk-accepted:no-grant	1.00	no	proper-noun-evidence	cap_ratio=1.00>=0.50
стриминг	0	3	0	OpenSubtitles	risk-accepted:no-grant	0.00	no	single-source	OpenSubtitles
субатом	0	3	0	OpenSubtitles	risk-accepted:no-grant	0.00	no	single-source	OpenSubtitles
сугам	0	3	0	OpenSubtitles	risk-accepted:no-grant	0.00	no	single-source	OpenSubtitles
сугышасым	0	3	0	OpenSubtitles	risk-accepted:no-grant	0.00	no	single-source	OpenSubtitles
суйдым	0	3	0	OpenSubtitles	risk-accepted:no-grant	0.00	no	single-source	OpenSubtitles
сукеше	0	3	0	OpenSubtitles	risk-accepted:no-grant	0.00	no	single-source	OpenSubtitles
сумкамда	0	3	3	Tatoeba	clean:CC-BY-2.0-FR	0.00	no	single-source	Tatoeba
сумкамны	0	3	3	Tatoeba	clean:CC-BY-2.0-FR	0.00	no	single-source	Tatoeba
сумкаңа	0	3	3	Tatoeba	clean:CC-BY-2.0-FR	0.00	no	single-source	Tatoeba
сунарчылар	0	3	0	OpenSubtitles	risk-accepted:no-grant	0.00	no	single-source	OpenSubtitles
супербатыры	0	3	0	OpenSubtitles	risk-accepted:no-grant	0.00	no	single-source	OpenSubtitles
суперяман	0	3	0	OpenSubtitles	risk-accepted:no-grant	0.00	no	single-source	OpenSubtitles
сурәтнең	0	3	3	Tatoeba	clean:CC-BY-2.0-FR	0.00	no	single-source	Tatoeba
сызгырмагыз	0	3	3	Tatoeba	clean:CC-BY-2.0-FR	0.00	no	single-source	Tatoeba
сындырма	0	3	3	Tatoeba	clean:CC-BY-2.0-FR	0.00	no	single-source	Tatoeba
сындырыр	0	3	3	Tatoeba	clean:CC-BY-2.0-FR	0.00	no	single-source	Tatoeba
сырын	0	3	0	OpenSubtitles	risk-accepted:no-grant	0.00	no	single-source	OpenSubtitles
сытам	0	3	0	OpenSubtitles	risk-accepted:no-grant	0.00	no	single-source	OpenSubtitles
сэмми	0	3	0	OpenSubtitles	risk-accepted:no-grant	1.00	no	proper-noun-evidence	cap_ratio=1.00>=0.50
сүгенмә	0	3	3	Tatoeba	clean:CC-BY-2.0-FR	0.00	no	single-source	Tatoeba
сүндердеңме	0	3	3	Tatoeba	clean:CC-BY-2.0-FR	0.00	no	single-source	Tatoeba
сүтегез	0	3	0	OpenSubtitles	risk-accepted:no-grant	0.00	no	single-source	OpenSubtitles
сәпид	0	3	0	OpenSubtitles	risk-accepted:no-grant	0.00	no	single-source	OpenSubtitles
сәяхәтегез	0	3	3	Tatoeba	clean:CC-BY-2.0-FR	0.00	no	single-source	Tatoeba
сөйгәнне	0	3	3	Tatoeba	clean:CC-BY-2.0-FR	0.00	no	single-source	Tatoeba
сөйләшерсең	0	3	0	OpenSubtitles	risk-accepted:no-grant	0.00	no	single-source	OpenSubtitles
сөйләшләрендә	0	3	3	Tatoeba	clean:CC-BY-2.0-FR	0.00	no	single-source	Tatoeba
сөйләшмисеңме	0	3	0	OpenSubtitles	risk-accepted:no-grant	0.00	no	single-source	OpenSubtitles
сөйләшүегез	0	3	3	Tatoeba	clean:CC-BY-2.0-FR	0.00	no	single-source	Tatoeba
сөйләшүчеләргә	0	3	3	Tatoeba	clean:CC-BY-2.0-FR	0.00	no	single-source	Tatoeba
сөлтәр	0	3	0	OpenSubtitles	risk-accepted:no-grant	0.00	no	single-source	OpenSubtitles
табалмас	0	3	0	OpenSubtitles	risk-accepted:no-grant	0.00	no	single-source	OpenSubtitles
табачаксыз	0	3	0	OpenSubtitles	risk-accepted:no-grant	0.00	no	single-source	OpenSubtitles
табибым	0	3	0	OpenSubtitles	risk-accepted:no-grant	0.00	no	single-source	OpenSubtitles
тагаракка	0	3	3	Tatoeba	clean:CC-BY-2.0-FR	0.00	no	single-source	Tatoeba
тагасы	0	3	3	Tatoeba	clean:CC-BY-2.0-FR	0.00	no	single-source	Tatoeba
тазакай	0	3	0	OpenSubtitles	risk-accepted:no-grant	0.00	no	single-source	OpenSubtitles
тайдан	0	3	3	Tatoeba	clean:CC-BY-2.0-FR	0.00	no	single-source	Tatoeba
талкан	0	3	3	Tatoeba	clean:CC-BY-2.0-FR	0.00	no	single-source	Tatoeba
таллахасси	0	3	0	OpenSubtitles	risk-accepted:no-grant	1.00	no	proper-noun-evidence	cap_ratio=1.00>=0.50
талымлаучан	0	3	3	Tatoeba	clean:CC-BY-2.0-FR	0.00	no	single-source	Tatoeba
тамса	0	3	3	Tatoeba	clean:CC-BY-2.0-FR	0.00	no	single-source	Tatoeba
танавына	0	3	3	Tatoeba	clean:CC-BY-2.0-FR	0.00	no	single-source	Tatoeba
таннер	0	3	0	OpenSubtitles	risk-accepted:no-grant	0.00	no	single-source	OpenSubtitles
танымыйсың	0	3	0	OpenSubtitles	risk-accepted:no-grant	0.00	no	single-source	OpenSubtitles
таныштырасың	0	3	0	OpenSubtitles	risk-accepted:no-grant	0.00	no	single-source	OpenSubtitles
тапканмы	0	3	0	OpenSubtitles	risk-accepted:no-grant	0.00	no	single-source	OpenSubtitles
тапкансыз	0	3	0	OpenSubtitles	risk-accepted:no-grant	0.00	no	single-source	OpenSubtitles
тапканымны	0	3	0	OpenSubtitles	risk-accepted:no-grant	0.00	no	single-source	OpenSubtitles
тапмасак	0	3	0	OpenSubtitles	risk-accepted:no-grant	0.00	no	single-source	OpenSubtitles
таптылармы	0	3	0	OpenSubtitles	risk-accepted:no-grant	0.00	no	single-source	OpenSubtitles
таргариен	0	3	0	OpenSubtitles	risk-accepted:no-grant	1.00	no	proper-noun-evidence	cap_ratio=1.00>=0.50
тармада	0	3	0	OpenSubtitles	risk-accepted:no-grant	0.00	no	single-source	OpenSubtitles
тартмаячакмын	0	3	3	Tatoeba	clean:CC-BY-2.0-FR	0.00	no	single-source	Tatoeba
ташкынсыман	0	3	3	Tatoeba	clean:CC-BY-2.0-FR	0.00	no	single-source	Tatoeba
таяктагы	0	3	0	OpenSubtitles	risk-accepted:no-grant	0.00	no	single-source	OpenSubtitles
тебя	0	3	3	Tatoeba	clean:CC-BY-2.0-FR	0.00	no	single-source	Tatoeba
тезләнегез	0	3	0	OpenSubtitles	risk-accepted:no-grant	0.00	no	single-source	OpenSubtitles
телевизия	0	3	3	Tatoeba	clean:CC-BY-2.0-FR	0.00	no	single-source	Tatoeba
телеграм	0	3	0	OpenSubtitles	risk-accepted:no-grant	0.00	no	single-source	OpenSubtitles
телеметрия	0	3	0	OpenSubtitles	risk-accepted:no-grant	0.00	no	single-source	OpenSubtitles
телме	0	3	3	Tatoeba	clean:CC-BY-2.0-FR	0.00	no	single-source	Tatoeba
теләвегезне	0	3	3	Tatoeba	clean:CC-BY-2.0-FR	0.00	no	single-source	Tatoeba
теләгез	0	3	0	OpenSubtitles	risk-accepted:no-grant	0.00	no	single-source	OpenSubtitles
теләмәвеңә	0	3	3	Tatoeba	clean:CC-BY-2.0-FR	0.00	no	single-source	Tatoeba
тестостерон	0	3	0	OpenSubtitles	risk-accepted:no-grant	0.33	no	single-source	OpenSubtitles
теңкәмә	0	3	3	Tatoeba	clean:CC-BY-2.0-FR	0.00	no	single-source	Tatoeba
тибеш	0	3	0	OpenSubtitles	risk-accepted:no-grant	0.00	no	single-source	OpenSubtitles
тибешер	0	3	3	Tatoeba	clean:CC-BY-2.0-FR	0.00	no	single-source	Tatoeba
тизлегем	0	3	0	OpenSubtitles	risk-accepted:no-grant	0.00	no	single-source	OpenSubtitles
тизләнү	0	3	0	OpenSubtitles	risk-accepted:no-grant	0.00	no	single-source	OpenSubtitles
тикшердегез	0	3	0	OpenSubtitles	risk-accepted:no-grant	0.00	no	single-source	OpenSubtitles
тикшердеңме	0	3	0	OpenSubtitles	risk-accepted:no-grant	0.00	no	single-source	OpenSubtitles
тилегә	0	3	3	Tatoeba	clean:CC-BY-2.0-FR	0.00	no	single-source	Tatoeba
тилене	0	3	3	Tatoeba	clean:CC-BY-2.0-FR	0.00	no	single-source	Tatoeba
тилергән	0	3	0	OpenSubtitles	risk-accepted:no-grant	0.00	no	single-source	OpenSubtitles
тишекләрем	0	3	0	OpenSubtitles	risk-accepted:no-grant	0.00	no	single-source	OpenSubtitles
тишәчәк	0	3	0	OpenSubtitles	risk-accepted:no-grant	0.00	no	single-source	OpenSubtitles
тмб	0	3	0	OpenSubtitles	risk-accepted:no-grant	1.00	no	proper-noun-evidence	cap_ratio=1.00>=0.50
тоелганча	0	3	3	Tatoeba	clean:CC-BY-2.0-FR	0.00	no	single-source	Tatoeba
толның	0	3	0	OpenSubtitles	risk-accepted:no-grant	0.00	no	single-source	OpenSubtitles
торачаксың	0	3	0	OpenSubtitles	risk-accepted:no-grant	0.00	no	single-source	OpenSubtitles
тормышыңдагы	0	3	0	OpenSubtitles	risk-accepted:no-grant	0.00	no	single-source	OpenSubtitles
торнадан	0	3	3	Tatoeba	clean:CC-BY-2.0-FR	0.00	no	single-source	Tatoeba
торрето	0	3	0	OpenSubtitles	risk-accepted:no-grant	1.00	no	proper-noun-evidence	cap_ratio=1.00>=0.50
торыннары	0	3	3	Tatoeba	clean:CC-BY-2.0-FR	0.00	no	single-source	Tatoeba
тоссыз	0	3	3	Tatoeba	clean:CC-BY-2.0-FR	0.00	no	single-source	Tatoeba
тоткычы	0	3	0	OpenSubtitles	risk-accepted:no-grant	0.00	no	single-source	OpenSubtitles
тоттылармы	0	3	0	OpenSubtitles	risk-accepted:no-grant	0.00	no	single-source	OpenSubtitles
тотылуны	0	3	3	Tatoeba	clean:CC-BY-2.0-FR	0.00	no	single-source	Tatoeba
тузмас	0	3	3	Tatoeba	clean:CC-BY-2.0-FR	0.00	no	single-source	Tatoeba
туклык	0	3	3	Tatoeba	clean:CC-BY-2.0-FR	0.00	no	single-source	Tatoeba
туктамадым	0	3	0	OpenSubtitles	risk-accepted:no-grant	0.00	no	single-source	OpenSubtitles
туктатыйк	0	3	0	OpenSubtitles	risk-accepted:no-grant	0.00	no	single-source	OpenSubtitles
тумадым	0	3	0	OpenSubtitles	risk-accepted:no-grant	0.00	no	single-source	OpenSubtitles
тупламам	0	3	0	OpenSubtitles	risk-accepted:no-grant	0.00	no	single-source	OpenSubtitles
турылык	0	3	3	Tatoeba	clean:CC-BY-2.0-FR	0.00	no	single-source	Tatoeba
тылсымчыга	0	3	0	OpenSubtitles	risk-accepted:no-grant	0.00	no	single-source	OpenSubtitles
тылсымчыны	0	3	0	OpenSubtitles	risk-accepted:no-grant	0.00	no	single-source	OpenSubtitles
тыннары	0	3	3	Tatoeba	clean:CC-BY-2.0-FR	0.00	no	single-source	Tatoeba
тынычланам	0	3	0	OpenSubtitles	risk-accepted:no-grant	0.00	no	single-source	OpenSubtitles
тырмаладым	0	3	0	OpenSubtitles	risk-accepted:no-grant	0.00	no	single-source	OpenSubtitles
тырышмыйсың	0	3	0	OpenSubtitles	risk-accepted:no-grant	0.00	no	single-source	OpenSubtitles
тычканнан	0	3	3	Tatoeba	clean:CC-BY-2.0-FR	0.00	no	single-source	Tatoeba
тычканы	0	3	3	Tatoeba	clean:CC-BY-2.0-FR	0.00	no	single-source	Tatoeba
түгелсеңме	0	3	3	Tatoeba	clean:CC-BY-2.0-FR	0.00	no	single-source	Tatoeba
түктең	0	3	0	OpenSubtitles	risk-accepted:no-grant	0.00	no	single-source	OpenSubtitles
түтием	0	3	0	OpenSubtitles	risk-accepted:no-grant	0.00	no	single-source	OpenSubtitles
түтиең	0	3	0	OpenSubtitles	risk-accepted:no-grant	0.00	no	single-source	OpenSubtitles
тәкать	0	3	3	Tatoeba	clean:CC-BY-2.0-FR	0.00	no	single-source	Tatoeba
тәмамладың	0	3	0	OpenSubtitles	risk-accepted:no-grant	0.00	no	single-source	OpenSubtitles
тәмамламады	0	3	0	OpenSubtitles	risk-accepted:no-grant	0.00	no	single-source	OpenSubtitles
тәмендә	0	3	0	OpenSubtitles	risk-accepted:no-grant	0.33	no	single-source	OpenSubtitles
тәҗрибәләрендә	0	3	0	OpenSubtitles	risk-accepted:no-grant	0.00	no	single-source	OpenSubtitles
төгәлме	0	3	0	OpenSubtitles	risk-accepted:no-grant	0.00	no	single-source	OpenSubtitles
төзәттек	0	3	0	OpenSubtitles	risk-accepted:no-grant	0.00	no	single-source	OpenSubtitles
төзәттең	0	3	0	OpenSubtitles	risk-accepted:no-grant	0.00	no	single-source	OpenSubtitles
төймәсәрдә	0	3	0	OpenSubtitles	risk-accepted:no-grant	0.00	no	single-source	OpenSubtitles
төрттем	0	3	0	OpenSubtitles	risk-accepted:no-grant	0.00	no	single-source	OpenSubtitles
төшләрең	0	3	0	OpenSubtitles	risk-accepted:no-grant	0.00	no	single-source	OpenSubtitles
төшләреңдә	0	3	0	OpenSubtitles	risk-accepted:no-grant	0.00	no	single-source	OpenSubtitles
төштеңме	0	3	0	OpenSubtitles	risk-accepted:no-grant	0.00	no	single-source	OpenSubtitles
убырлыдан	0	3	0	OpenSubtitles	risk-accepted:no-grant	0.67	no	proper-noun-evidence	cap_ratio=0.67>=0.50
убырлылар	0	3	0	OpenSubtitles	risk-accepted:no-grant	0.00	no	single-source	OpenSubtitles
узына	0	3	3	Tatoeba	clean:CC-BY-2.0-FR	0.00	no	single-source	Tatoeba
уинта	0	3	0	OpenSubtitles	risk-accepted:no-grant	1.00	no	proper-noun-evidence	cap_ratio=1.00>=0.50
уйлаганмы	0	3	0	OpenSubtitles	risk-accepted:no-grant	0.00	no	single-source	OpenSubtitles
уйламасаң	0	3	0	OpenSubtitles	risk-accepted:no-grant	0.00	no	single-source	OpenSubtitles
уйлыйсыздыр	0	3	0	OpenSubtitles	risk-accepted:no-grant	0.00	no	single-source	OpenSubtitles
уйныйчакмын	0	3	0	OpenSubtitles	risk-accepted:no-grant	0.00	no	single-source	OpenSubtitles
укучымы	0	3	3	Tatoeba	clean:CC-BY-2.0-FR	0.00	no	single-source	Tatoeba
улыгызның	0	3	0	OpenSubtitles	risk-accepted:no-grant	0.00	no	single-source	OpenSubtitles
умартаны	0	3	0	OpenSubtitles	risk-accepted:no-grant	0.00	no	single-source	OpenSubtitles
уналтышарлы	0	3	0	OpenSubtitles	risk-accepted:no-grant	1.00	no	proper-noun-evidence	cap_ratio=1.00>=0.50
универ	0	3	0	OpenSubtitles	risk-accepted:no-grant	0.00	no	single-source	OpenSubtitles
унитазда	0	3	0	OpenSubtitles	risk-accepted:no-grant	0.00	no	single-source	OpenSubtitles
урламаган	0	3	0	OpenSubtitles	risk-accepted:no-grant	0.00	no	single-source	OpenSubtitles
урлаткан	0	3	3	Tatoeba	clean:CC-BY-2.0-FR	0.00	no	single-source	Tatoeba
урлыйм	0	3	0	OpenSubtitles	risk-accepted:no-grant	0.00	no	single-source	OpenSubtitles
урыннарыгызга	0	3	0	OpenSubtitles	risk-accepted:no-grant	0.00	no	single-source	OpenSubtitles
утырачаксың	0	3	0	OpenSubtitles	risk-accepted:no-grant	0.00	no	single-source	OpenSubtitles
уңайсызлануыннан	0	3	3	Tatoeba	clean:CC-BY-2.0-FR	0.00	no	single-source	Tatoeba
фарадай	0	3	0	OpenSubtitles	risk-accepted:no-grant	1.00	no	proper-noun-evidence	cap_ratio=1.00>=0.50
фарадейны	0	3	0	OpenSubtitles	risk-accepted:no-grant	1.00	no	proper-noun-evidence	cap_ratio=1.00>=0.50
филтә	0	3	0	OpenSubtitles	risk-accepted:no-grant	0.00	no	single-source	OpenSubtitles
флэшмоб	0	3	0	OpenSubtitles	risk-accepted:no-grant	0.00	no	single-source	OpenSubtitles
формальлек	0	3	0	OpenSubtitles	risk-accepted:no-grant	0.00	no	single-source	OpenSubtitles
формулага	0	3	0	OpenSubtitles	risk-accepted:no-grant	0.00	no	single-source	OpenSubtitles
фортис	0	3	0	OpenSubtitles	risk-accepted:no-grant	1.00	no	proper-noun-evidence	cap_ratio=1.00>=0.50
фотографчы	0	3	0	OpenSubtitles	risk-accepted:no-grant	0.00	no	single-source	OpenSubtitles
французмы	0	3	3	Tatoeba	clean:CC-BY-2.0-FR	0.00	no	single-source	Tatoeba
фрейзер	0	3	0	OpenSubtitles	risk-accepted:no-grant	1.00	no	proper-noun-evidence	cap_ratio=1.00>=0.50
фрейхт	0	3	0	OpenSubtitles	risk-accepted:no-grant	0.00	no	single-source	OpenSubtitles
фуның	0	3	0	OpenSubtitles	risk-accepted:no-grant	0.00	no	single-source	OpenSubtitles
фьюрига	0	3	0	OpenSubtitles	risk-accepted:no-grant	1.00	no	proper-noun-evidence	cap_ratio=1.00>=0.50
фюзеляжны	0	3	0	OpenSubtitles	risk-accepted:no-grant	0.00	no	single-source	OpenSubtitles
халатта	0	3	0	OpenSubtitles	risk-accepted:no-grant	0.00	no	single-source	OpenSubtitles
хансо	0	3	0	OpenSubtitles	risk-accepted:no-grant	1.00	no	proper-noun-evidence	cap_ratio=1.00>=0.50
ханука	0	3	0	OpenSubtitles	risk-accepted:no-grant	1.00	no	proper-noun-evidence	cap_ratio=1.00>=0.50
хей	0	3	0	OpenSubtitles	risk-accepted:no-grant	0.00	no	single-source	OpenSubtitles
хиббс	0	3	0	OpenSubtitles	risk-accepted:no-grant	1.00	no	proper-noun-evidence	cap_ratio=1.00>=0.50
хизертон	0	3	0	OpenSubtitles	risk-accepted:no-grant	1.00	no	proper-noun-evidence	cap_ratio=1.00>=0.50
хитроу	0	3	0	OpenSubtitles	risk-accepted:no-grant	1.00	no	proper-noun-evidence	cap_ratio=1.00>=0.50
ходайларның	0	3	0	OpenSubtitles	risk-accepted:no-grant	1.00	no	proper-noun-evidence	cap_ratio=1.00>=0.50
хокукымны	0	3	0	OpenSubtitles	risk-accepted:no-grant	0.00	no	single-source	OpenSubtitles
хоу	0	3	0	OpenSubtitles	risk-accepted:no-grant	0.00	no	single-source	OpenSubtitles
хушбуйга	0	3	0	OpenSubtitles	risk-accepted:no-grant	0.00	no	single-source	OpenSubtitles
хыялымдагы	0	3	3	Tatoeba	clean:CC-BY-2.0-FR	0.00	no	single-source	Tatoeba
хәтерлисез	0	3	0	OpenSubtitles	risk-accepted:no-grant	0.00	no	single-source	OpenSubtitles
ципья	0	3	3	Tatoeba	clean:CC-BY-2.0-FR	0.00	no	single-source	Tatoeba
чаб	0	3	0	OpenSubtitles	risk-accepted:no-grant	0.00	no	single-source	OpenSubtitles
чакырмас	0	3	0	OpenSubtitles	risk-accepted:no-grant	0.00	no	single-source	OpenSubtitles
чалбарымны	0	3	3	Tatoeba	clean:CC-BY-2.0-FR	0.00	no	single-source	Tatoeba
чатный	0	3	1	OpenSubtitles+Tatoeba	clean:CC-BY-2.0-FR	0.67	no	proper-noun-evidence	cap_ratio=0.67>=0.50
чибын	0	3	0	OpenSubtitles	risk-accepted:no-grant	0.00	no	single-source	OpenSubtitles
чибәркәем	0	3	0	OpenSubtitles	risk-accepted:no-grant	0.00	no	single-source	OpenSubtitles
чипны	0	3	0	OpenSubtitles	risk-accepted:no-grant	0.00	no	single-source	OpenSubtitles
чиратыңны	0	3	0	OpenSubtitles	risk-accepted:no-grant	0.00	no	single-source	OpenSubtitles
чирдә	0	3	0	OpenSubtitles	risk-accepted:no-grant	0.00	no	single-source	OpenSubtitles
чишенегез	0	3	3	Tatoeba	clean:CC-BY-2.0-FR	0.00	no	single-source	Tatoeba
чишенә	0	3	3	Tatoeba	clean:CC-BY-2.0-FR	0.00	no	single-source	Tatoeba
чонтык	0	3	3	Tatoeba	clean:CC-BY-2.0-FR	0.00	no	single-source	Tatoeba
чыгарачакмын	0	3	0	OpenSubtitles	risk-accepted:no-grant	0.00	no	single-source	OpenSubtitles
чыгардымы	0	3	0	OpenSubtitles	risk-accepted:no-grant	0.00	no	single-source	OpenSubtitles
чыгырымнан	0	3	0	OpenSubtitles	risk-accepted:no-grant	0.00	no	single-source	OpenSubtitles
чыктыңмы	0	3	3	Tatoeba	clean:CC-BY-2.0-FR	0.00	no	single-source	Tatoeba
чыланды	0	3	3	Tatoeba	clean:CC-BY-2.0-FR	0.00	no	single-source	Tatoeba
чымырдый	0	3	0	OpenSubtitles	risk-accepted:no-grant	0.00	no	single-source	OpenSubtitles
чырайсыз	0	3	3	Tatoeba	clean:CC-BY-2.0-FR	0.00	no	single-source	Tatoeba
чыҗлый	0	3	0	OpenSubtitles	risk-accepted:no-grant	1.00	no	proper-noun-evidence	cap_ratio=1.00>=0.50
чүкечемне	0	3	0	OpenSubtitles	risk-accepted:no-grant	0.00	no	single-source	OpenSubtitles
чүкечең	0	3	0	OpenSubtitles	risk-accepted:no-grant	0.00	no	single-source	OpenSubtitles
чүкечсез	0	3	0	OpenSubtitles	risk-accepted:no-grant	0.00	no	single-source	OpenSubtitles
шакылдый	0	3	0	OpenSubtitles	risk-accepted:no-grant	0.67	no	proper-noun-evidence	cap_ratio=0.67>=0.50
шалтыратасызмы	0	3	3	Tatoeba	clean:CC-BY-2.0-FR	0.00	no	single-source	Tatoeba
шалтыраттыгызмы	0	3	3	Tatoeba	clean:CC-BY-2.0-FR	0.00	no	single-source	Tatoeba
шалтыратуымны	0	3	3	Tatoeba	clean:CC-BY-2.0-FR	0.00	no	single-source	Tatoeba
шартлат	0	3	0	OpenSubtitles	risk-accepted:no-grant	0.00	no	single-source	OpenSubtitles
шартлатачак	0	3	0	OpenSubtitles	risk-accepted:no-grant	0.00	no	single-source	OpenSubtitles
шартлаттык	0	3	0	OpenSubtitles	risk-accepted:no-grant	0.00	no	single-source	OpenSubtitles
шартлыйчак	0	3	0	OpenSubtitles	risk-accepted:no-grant	0.00	no	single-source	OpenSubtitles
шатлаган	0	3	0	OpenSubtitles	risk-accepted:no-grant	0.00	no	single-source	OpenSubtitles
шашкансың	0	3	0	OpenSubtitles	risk-accepted:no-grant	0.00	no	single-source	OpenSubtitles
шаштым	0	3	0	OpenSubtitles	risk-accepted:no-grant	0.00	no	single-source	OpenSubtitles
шаярасың	0	3	0	OpenSubtitles	risk-accepted:no-grant	0.00	no	single-source	OpenSubtitles
шаһны	0	3	0	OpenSubtitles	risk-accepted:no-grant	0.33	no	single-source	OpenSubtitles
шикләндем	0	3	0	OpenSubtitles	risk-accepted:no-grant	0.00	no	single-source	OpenSubtitles
шпак	0	3	0	OpenSubtitles	risk-accepted:no-grant	1.00	no	proper-noun-evidence	cap_ratio=1.00>=0.50
шыбырдап	0	3	3	Tatoeba	clean:CC-BY-2.0-FR	0.00	no	single-source	Tatoeba
шыгырдау	0	3	0	OpenSubtitles	risk-accepted:no-grant	1.00	no	proper-noun-evidence	cap_ratio=1.00>=0.50
шәрабта	0	3	3	Tatoeba	clean:CC-BY-2.0-FR	0.00	no	single-source	Tatoeba
шәхсилек	0	3	0	OpenSubtitles	risk-accepted:no-grant	0.00	no	single-source	OpenSubtitles
ычкындыр	0	3	0	OpenSubtitles	risk-accepted:no-grant	0.00	no	single-source	OpenSubtitles
ышандырдың	0	3	0	OpenSubtitles	risk-accepted:no-grant	0.00	no	single-source	OpenSubtitles
ышанмыйчак	0	3	0	OpenSubtitles	risk-accepted:no-grant	0.00	no	single-source	OpenSubtitles
ышанырсыз	0	3	0	OpenSubtitles	risk-accepted:no-grant	0.00	no	single-source	OpenSubtitles
эволюциягә	0	3	3	Tatoeba	clean:CC-BY-2.0-FR	0.00	no	single-source	Tatoeba
эго	0	3	0	OpenSubtitles	risk-accepted:no-grant	0.33	no	single-source	OpenSubtitles
эдвин	0	3	0	OpenSubtitles	risk-accepted:no-grant	1.00	no	proper-noun-evidence	cap_ratio=1.00>=0.50
элгечкә	0	3	3	Tatoeba	clean:CC-BY-2.0-FR	0.00	no	single-source	Tatoeba
элгечләр	0	3	0	OpenSubtitles	risk-accepted:no-grant	0.00	no	single-source	OpenSubtitles
элегант	0	3	3	Tatoeba	clean:CC-BY-2.0-FR	0.00	no	single-source	Tatoeba
элегез	0	3	3	Tatoeba	clean:CC-BY-2.0-FR	0.00	no	single-source	Tatoeba
электрлы	0	3	0	OpenSubtitles	risk-accepted:no-grant	0.00	no	single-source	OpenSubtitles
эләгәчәксез	0	3	0	OpenSubtitles	risk-accepted:no-grant	0.00	no	single-source	OpenSubtitles
энди	0	3	0	OpenSubtitles	risk-accepted:no-grant	1.00	no	proper-noun-evidence	cap_ratio=1.00>=0.50
эссекс	0	3	0	OpenSubtitles	risk-accepted:no-grant	1.00	no	proper-noun-evidence	cap_ratio=1.00>=0.50
этенә	0	3	3	Tatoeba	clean:CC-BY-2.0-FR	0.00	no	single-source	Tatoeba
эшеңме	0	3	0	OpenSubtitles	risk-accepted:no-grant	0.00	no	single-source	OpenSubtitles
эшлимме	0	3	0	OpenSubtitles	risk-accepted:no-grant	0.00	no	single-source	OpenSubtitles
эшләгәнче	0	3	0	OpenSubtitles	risk-accepted:no-grant	0.00	no	single-source	OpenSubtitles
эшләдеме	0	3	0	OpenSubtitles	risk-accepted:no-grant	0.00	no	single-source	OpenSubtitles
эшләки	0	3	3	Tatoeba	clean:CC-BY-2.0-FR	0.00	no	single-source	Tatoeba
эшләмик	0	3	3	Tatoeba	clean:CC-BY-2.0-FR	0.00	no	single-source	Tatoeba
эшләячәгеңне	0	3	3	Tatoeba	clean:CC-BY-2.0-FR	0.00	no	single-source	Tatoeba
эшләячәксең	0	3	0	OpenSubtitles	risk-accepted:no-grant	0.00	no	single-source	OpenSubtitles
ээ	0	3	0	OpenSubtitles	risk-accepted:no-grant	0.00	no	single-source	OpenSubtitles
юарсың	0	3	3	Tatoeba	clean:CC-BY-2.0-FR	0.00	no	single-source	Tatoeba
югалдым	0	3	0	OpenSubtitles	risk-accepted:no-grant	0.00	no	single-source	OpenSubtitles
югалтмадым	0	3	0	OpenSubtitles	risk-accepted:no-grant	0.00	no	single-source	OpenSubtitles
югалтыңмы	0	3	0	OpenSubtitles	risk-accepted:no-grant	0.00	no	single-source	OpenSubtitles
ябалакка	0	3	3	Tatoeba	clean:CC-BY-2.0-FR	0.00	no	single-source	Tatoeba
ябыштыргыч	0	3	0	OpenSubtitles	risk-accepted:no-grant	0.00	no	single-source	OpenSubtitles
язганмыни	0	3	3	Tatoeba	clean:CC-BY-2.0-FR	0.00	no	single-source	Tatoeba
язмы	0	3	3	Tatoeba	clean:CC-BY-2.0-FR	0.00	no	single-source	Tatoeba
якан	0	3	0	OpenSubtitles	risk-accepted:no-grant	0.00	no	single-source	OpenSubtitles
якинны	0	3	0	OpenSubtitles	risk-accepted:no-grant	1.00	no	proper-noun-evidence	cap_ratio=1.00>=0.50
яклаучыларың	0	3	0	OpenSubtitles	risk-accepted:no-grant	0.00	no	single-source	OpenSubtitles
якынмы	0	3	3	Tatoeba	clean:CC-BY-2.0-FR	0.00	no	single-source	Tatoeba
ялагайлар	0	3	3	Tatoeba	clean:CC-BY-2.0-FR	0.00	no	single-source	Tatoeba
ялагайлары	0	3	0	OpenSubtitles	risk-accepted:no-grant	0.00	no	single-source	OpenSubtitles
ялганлавы	0	3	3	Tatoeba	clean:CC-BY-2.0-FR	0.00	no	single-source	Tatoeba
ялганлады	0	3	3	Tatoeba	clean:CC-BY-2.0-FR	0.00	no	single-source	Tatoeba
ялганладым	0	3	3	Tatoeba	clean:CC-BY-2.0-FR	0.00	no	single-source	Tatoeba
ялгышкандыр	0	3	0	OpenSubtitles	risk-accepted:no-grant	0.00	no	single-source	OpenSubtitles
ялгышканымны	0	3	0	OpenSubtitles	risk-accepted:no-grant	0.00	no	single-source	OpenSubtitles
ялгышса	0	3	0	OpenSubtitles	risk-accepted:no-grant	0.00	no	single-source	OpenSubtitles
яндырачак	0	3	0	OpenSubtitles	risk-accepted:no-grant	0.00	no	single-source	OpenSubtitles
яныйсыңмы	0	3	0	OpenSubtitles	risk-accepted:no-grant	0.00	no	single-source	OpenSubtitles
яраладың	0	3	0	OpenSubtitles	risk-accepted:no-grant	0.00	no	single-source	OpenSubtitles
яратачак	0	3	0	OpenSubtitles	risk-accepted:no-grant	0.00	no	single-source	OpenSubtitles
ярашыр	0	3	3	Tatoeba	clean:CC-BY-2.0-FR	0.00	no	single-source	Tatoeba
ярыйма	0	3	0	OpenSubtitles	risk-accepted:no-grant	0.00	no	single-source	OpenSubtitles
ясагансыз	0	3	0	OpenSubtitles	risk-accepted:no-grant	0.00	no	single-source	OpenSubtitles
ясамадың	0	3	0	OpenSubtitles	risk-accepted:no-grant	0.00	no	single-source	OpenSubtitles
яткызабыз	0	3	0	OpenSubtitles	risk-accepted:no-grant	0.00	no	single-source	OpenSubtitles
яттыңмы	0	3	0	OpenSubtitles	risk-accepted:no-grant	0.00	no	single-source	OpenSubtitles
яхтага	0	3	0	OpenSubtitles	risk-accepted:no-grant	0.00	no	single-source	OpenSubtitles
яшьлегеңдә	0	3	3	Tatoeba	clean:CC-BY-2.0-FR	0.00	no	single-source	Tatoeba
яшәгәнме	0	3	0	OpenSubtitles	risk-accepted:no-grant	0.00	no	single-source	OpenSubtitles
җарвисны	0	3	0	OpenSubtitles	risk-accepted:no-grant	1.00	no	proper-noun-evidence	cap_ratio=1.00>=0.50
җебек	0	3	0	OpenSubtitles	risk-accepted:no-grant	1.00	no	proper-noun-evidence	cap_ratio=1.00>=0.50
җибәрлек	0	3	0	OpenSubtitles	risk-accepted:no-grant	0.00	no	single-source	OpenSubtitles
җибәрәсезме	0	3	0	OpenSubtitles	risk-accepted:no-grant	0.00	no	single-source	OpenSubtitles
җикән	0	3	3	Tatoeba	clean:CC-BY-2.0-FR	0.00	no	single-source	Tatoeba
җилән	0	3	3	Tatoeba	clean:CC-BY-2.0-FR	0.00	no	single-source	Tatoeba
җимерәсең	0	3	0	OpenSubtitles	risk-accepted:no-grant	0.00	no	single-source	OpenSubtitles
җимешләрдән	0	3	3	Tatoeba	clean:CC-BY-2.0-FR	0.00	no	single-source	Tatoeba
җирләнергә	0	3	0	OpenSubtitles	risk-accepted:no-grant	0.00	no	single-source	OpenSubtitles
җитешербез	0	3	0	OpenSubtitles	risk-accepted:no-grant	0.00	no	single-source	OpenSubtitles
җитешәбез	0	3	0	OpenSubtitles	risk-accepted:no-grant	0.00	no	single-source	OpenSubtitles
җитешәсең	0	3	0	OpenSubtitles	risk-accepted:no-grant	0.00	no	single-source	OpenSubtitles
җитсәк	0	3	0	OpenSubtitles	risk-accepted:no-grant	0.00	no	single-source	OpenSubtitles
җиңелдең	0	3	0	OpenSubtitles	risk-accepted:no-grant	0.00	no	single-source	OpenSubtitles
җиңәчәген	0	3	0	OpenSubtitles	risk-accepted:no-grant	0.00	no	single-source	OpenSubtitles
җыелыштагыларның	0	3	3	Tatoeba	clean:CC-BY-2.0-FR	0.00	no	single-source	Tatoeba
җыйдың	0	3	0	OpenSubtitles	risk-accepted:no-grant	0.00	no	single-source	OpenSubtitles
җырчыгыз	0	3	3	Tatoeba	clean:CC-BY-2.0-FR	0.00	no	single-source	Tatoeba
җәзамы	0	3	0	OpenSubtitles	risk-accepted:no-grant	0.00	no	single-source	OpenSubtitles
җәллады	0	3	0	OpenSubtitles	risk-accepted:no-grant	0.00	no	single-source	OpenSubtitles
җөмләләрен	0	3	3	Tatoeba	clean:CC-BY-2.0-FR	0.00	no	single-source	Tatoeba
үбәсем	0	3	3	Tatoeba	clean:CC-BY-2.0-FR	0.00	no	single-source	Tatoeba
үзгәрдем	0	3	0	OpenSubtitles	risk-accepted:no-grant	0.00	no	single-source	OpenSubtitles
үзгәртмәячәкмен	0	3	3	Tatoeba	clean:CC-BY-2.0-FR	0.00	no	single-source	Tatoeba
үзләрне	0	3	0	OpenSubtitles	risk-accepted:no-grant	0.00	no	single-source	OpenSubtitles
үкен	0	3	3	Tatoeba	clean:CC-BY-2.0-FR	0.00	no	single-source	Tatoeba
үкенде	0	3	3	Tatoeba	clean:CC-BY-2.0-FR	0.00	no	single-source	Tatoeba
үкенмичә	0	3	0	OpenSubtitles	risk-accepted:no-grant	0.00	no	single-source	OpenSubtitles
үкенәчәкмен	0	3	0	OpenSubtitles	risk-accepted:no-grant	0.00	no	single-source	OpenSubtitles
үлемең	0	3	0	OpenSubtitles	risk-accepted:no-grant	0.00	no	single-source	OpenSubtitles
үләчәкменме	0	3	0	OpenSubtitles	risk-accepted:no-grant	0.00	no	single-source	OpenSubtitles
үрдәге	0	3	3	Tatoeba	clean:CC-BY-2.0-FR	0.00	no	single-source	Tatoeba
үрмәкүчләрдән	0	3	3	Tatoeba	clean:CC-BY-2.0-FR	0.00	no	single-source	Tatoeba
үрмәкүчләрне	0	3	3	Tatoeba	clean:CC-BY-2.0-FR	0.00	no	single-source	Tatoeba
үрт	0	3	3	Tatoeba	clean:CC-BY-2.0-FR	0.00	no	single-source	Tatoeba
үскәнсең	0	3	0	OpenSubtitles	risk-accepted:no-grant	0.00	no	single-source	OpenSubtitles
үсмәс	0	3	3	Tatoeba	clean:CC-BY-2.0-FR	0.00	no	single-source	Tatoeba
үтенегез	0	3	3	Tatoeba	clean:CC-BY-2.0-FR	0.00	no	single-source	Tatoeba
үтерергәме	0	3	0	OpenSubtitles	risk-accepted:no-grant	0.00	no	single-source	OpenSubtitles
үтерик	0	3	0	OpenSubtitles	risk-accepted:no-grant	0.00	no	single-source	OpenSubtitles
үтермисең	0	3	0	OpenSubtitles	risk-accepted:no-grant	0.00	no	single-source	OpenSubtitles
үтерсәләр	0	3	0	OpenSubtitles	risk-accepted:no-grant	0.00	no	single-source	OpenSubtitles
үтерсәм	0	3	0	OpenSubtitles	risk-accepted:no-grant	0.00	no	single-source	OpenSubtitles
үтерәчәкләрме	0	3	0	OpenSubtitles	risk-accepted:no-grant	0.00	no	single-source	OpenSubtitles
үтәмәдем	0	3	0	OpenSubtitles	risk-accepted:no-grant	0.00	no	single-source	OpenSubtitles
һавайя	0	3	3	Tatoeba	clean:CC-BY-2.0-FR	1.00	no	proper-noun-evidence	cap_ratio=1.00>=0.50
һаваһөҗүм	0	3	0	OpenSubtitles	risk-accepted:no-grant	0.00	no	single-source	OpenSubtitles
һайнрих	0	3	3	Tatoeba	clean:CC-BY-2.0-FR	1.00	no	proper-noun-evidence	cap_ratio=1.00>=0.50
һарви	0	3	0	OpenSubtitles	risk-accepted:no-grant	1.00	no	proper-noun-evidence	cap_ratio=1.00>=0.50
һаулның	0	3	0	OpenSubtitles	risk-accepted:no-grant	1.00	no	proper-noun-evidence	cap_ratio=1.00>=0.50
һаффлпафф	0	3	0	OpenSubtitles	risk-accepted:no-grant	1.00	no	proper-noun-evidence	cap_ratio=1.00>=0.50
һерли	0	3	0	OpenSubtitles	risk-accepted:no-grant	0.00	no	single-source	OpenSubtitles
һимнны	0	3	3	Tatoeba	clean:CC-BY-2.0-FR	0.00	no	single-source	Tatoeba
әзерлисеңме	0	3	0	OpenSubtitles	risk-accepted:no-grant	0.00	no	single-source	OpenSubtitles
әйберләреме	0	3	3	Tatoeba	clean:CC-BY-2.0-FR	0.00	no	single-source	Tatoeba
әйберләрең	0	3	0	OpenSubtitles	risk-accepted:no-grant	0.00	no	single-source	OpenSubtitles
әйләнмәләрен	0	3	0	OpenSubtitles	risk-accepted:no-grant	0.00	no	single-source	OpenSubtitles
әйме	0	3	0	OpenSubtitles	risk-accepted:no-grant	0.00	no	single-source	OpenSubtitles
әйтмисеңме	0	3	0	OpenSubtitles	risk-accepted:no-grant	0.00	no	single-source	OpenSubtitles
әйтмичәкмен	0	3	0	OpenSubtitles	risk-accepted:no-grant	0.00	no	single-source	OpenSubtitles
әйтмәдеммени	0	3	3	Tatoeba	clean:CC-BY-2.0-FR	0.00	no	single-source	Tatoeba
әйтүемне	0	3	3	Tatoeba	clean:CC-BY-2.0-FR	0.00	no	single-source	Tatoeba
әлманахны	0	3	0	OpenSubtitles	risk-accepted:no-grant	0.00	no	single-source	OpenSubtitles
әтәче	0	3	3	Tatoeba	clean:CC-BY-2.0-FR	0.00	no	single-source	Tatoeba
әфсене	0	3	0	OpenSubtitles	risk-accepted:no-grant	0.00	no	single-source	OpenSubtitles
әфьюнны	0	3	0	OpenSubtitles	risk-accepted:no-grant	0.00	no	single-source	OpenSubtitles
әфьюнсез	0	3	0	OpenSubtitles	risk-accepted:no-grant	0.00	no	single-source	OpenSubtitles
әәә	0	3	0	OpenSubtitles	risk-accepted:no-grant	0.00	no	single-source	OpenSubtitles
өйрә	0	3	3	Tatoeba	clean:CC-BY-2.0-FR	0.00	no	single-source	Tatoeba
өйрәнгәнең	0	3	3	Tatoeba	clean:CC-BY-2.0-FR	0.00	no	single-source	Tatoeba
өйрәнмим	0	3	3	Tatoeba	clean:CC-BY-2.0-FR	0.00	no	single-source	Tatoeba
өйрәнмәдек	0	3	0	OpenSubtitles	risk-accepted:no-grant	0.00	no	single-source	OpenSubtitles
өйрәнәсез	0	3	3	Tatoeba	clean:CC-BY-2.0-FR	0.00	no	single-source	Tatoeba
өйрәтәсең	0	3	0	OpenSubtitles	risk-accepted:no-grant	0.00	no	single-source	OpenSubtitles
өленге	0	3	3	Tatoeba	clean:CC-BY-2.0-FR	0.00	no	single-source	Tatoeba
өметләнәсез	0	3	0	OpenSubtitles	risk-accepted:no-grant	0.00	no	single-source	OpenSubtitles
өметсезләнгән	0	3	0	OpenSubtitles	risk-accepted:no-grant	0.00	no	single-source	OpenSubtitles
өрекләр	0	3	0	OpenSubtitles	risk-accepted:no-grant	0.00	no	single-source	OpenSubtitles
өрәкләргә	0	3	3	Tatoeba	clean:CC-BY-2.0-FR	0.00	no	single-source	Tatoeba
өстенлексез	0	3	0	OpenSubtitles	risk-accepted:no-grant	0.33	no	single-source	OpenSubtitles
өшеде	0	3	3	Tatoeba	clean:CC-BY-2.0-FR	0.00	no	single-source	Tatoeba
өянке	0	3	3	Tatoeba	clean:CC-BY-2.0-FR	0.00	no	single-source	Tatoeba
