# ОТКЛОНЕНО машинной приёмкой. Миссия tt-dict-accept, отчёт — docs/DICT-ACCEPT.md.
# Ручной вычитки не было и не будет: оператор 2026-08-24 заменил её машинным правилом.
#
# ПРАВИЛО: слово принимается, если его подтверждает второй независимый источник
# и регистровая улика не выдаёт в нём имя собственное (cap_ratio < 0.50).
#   two-corpora      — встречается и в OpenSubtitles, и в Tatoeba
#   shipped-word     — уже стоит в поставляемом словаре (в очереди таких нет по построению)
#   shipped-paradigm — русский: основа стоит в поставляемом словаре ещё в >= 3 формах
#   single-source    — подтверждения нет: один корпус и ничего больше
#   proper-noun-evidence — >= 0.50 вхождений с заглавной буквы не в начале строки
#
# Колонки — те же, что в очереди, плюс rule и rule_detail. Отклонённые НЕ удалены: изменить
# правило и перезапустить `python3 scripts/dict_accept.py select` — одна команда.
word	heldout_hits	train_freq	train_freq_clean	sources	license_status	cap_ratio	enters_top100k	rule	rule_detail
ме	2124	19092	4	OpenSubtitles+Tatoeba	clean:CC-BY-2.0-FR	0.77	yes	proper-noun-evidence	cap_ratio=0.77>=0.50
щрн	1065	9263	0	OpenSubtitles	risk-accepted:no-grant	0.79	yes	proper-noun-evidence	cap_ratio=0.79>=0.50
нб	868	7407	0	OpenSubtitles	risk-accepted:no-grant	0.00	yes	single-source	OpenSubtitles
фп	653	5869	0	OpenSubtitles	risk-accepted:no-grant	0.01	yes	single-source	OpenSubtitles
бш	542	4541	0	OpenSubtitles	risk-accepted:no-grant	0.70	yes	proper-noun-evidence	cap_ratio=0.70>=0.50
чертова	461	4326	0	OpenSubtitles	risk-accepted:no-grant	0.01	yes	single-source	OpenSubtitles
чертовы	429	4155	0	OpenSubtitles	risk-accepted:no-grant	0.01	yes	single-source	OpenSubtitles
йо	424	4043	0	OpenSubtitles	risk-accepted:no-grant	0.38	yes	single-source	OpenSubtitles
коммандер	417	3758	0	OpenSubtitles	risk-accepted:no-grant	0.05	yes	single-source	OpenSubtitles
кбй	412	3560	0	OpenSubtitles	risk-accepted:no-grant	0.00	yes	single-source	OpenSubtitles
иб	405	3580	0	OpenSubtitles	risk-accepted:no-grant	0.01	yes	single-source	OpenSubtitles
еянбй	402	3825	0	OpenSubtitles	risk-accepted:no-grant	0.00	yes	single-source	OpenSubtitles
дамочка	392	3403	0	OpenSubtitles	risk-accepted:no-grant	0.01	yes	single-source	OpenSubtitles
убьешь	390	3661	0	OpenSubtitles	risk-accepted:no-grant	0.00	yes	single-source	OpenSubtitles
мн	389	3609	0	OpenSubtitles	risk-accepted:no-grant	0.62	yes	proper-noun-evidence	cap_ratio=0.62>=0.50
миледи	388	3258	0	OpenSubtitles	risk-accepted:no-grant	0.06	yes	single-source	OpenSubtitles
гребаный	344	2918	0	OpenSubtitles	risk-accepted:no-grant	0.00	yes	single-source	OpenSubtitles
чертовой	335	2873	0	OpenSubtitles	risk-accepted:no-grant	0.01	yes	single-source	OpenSubtitles
еякх	327	3001	0	OpenSubtitles	risk-accepted:no-grant	0.80	yes	proper-noun-evidence	cap_ratio=0.80>=0.50
сучки	321	2769	0	OpenSubtitles	risk-accepted:no-grant	0.02	yes	single-source	OpenSubtitles
мпх	305	2636	0	OpenSubtitles	risk-accepted:no-grant	0.00	yes	single-source	OpenSubtitles
чтож	300	2783	0	OpenSubtitles	risk-accepted:no-grant	0.04	yes	single-source	OpenSubtitles
констебль	297	2553	0	OpenSubtitles	risk-accepted:no-grant	0.06	yes	single-source	OpenSubtitles
федералы	292	2421	0	OpenSubtitles	risk-accepted:no-grant	0.02	yes	single-source	OpenSubtitles
гйб	286	2306	0	OpenSubtitles	risk-accepted:no-grant	0.00	yes	single-source	OpenSubtitles
рпх	273	2316	0	OpenSubtitles	risk-accepted:no-grant	0.05	yes	single-source	OpenSubtitles
прикончить	271	2349	0	OpenSubtitles	risk-accepted:no-grant	0.00	yes	single-source	OpenSubtitles
фзн	258	2456	0	OpenSubtitles	risk-accepted:no-grant	0.00	yes	single-source	OpenSubtitles
бяе	242	2385	0	OpenSubtitles	risk-accepted:no-grant	0.77	yes	proper-noun-evidence	cap_ratio=0.77>=0.50
фпн	237	2150	0	OpenSubtitles	risk-accepted:no-grant	0.00	yes	single-source	OpenSubtitles
ублюдков	225	2017	0	OpenSubtitles	risk-accepted:no-grant	0.01	yes	single-source	OpenSubtitles
бхфь	219	2131	0	OpenSubtitles	risk-accepted:no-grant	0.01	yes	single-source	OpenSubtitles
зацепки	218	2005	0	OpenSubtitles	risk-accepted:no-grant	0.00	yes	single-source	OpenSubtitles
огда	217	1850	0	OpenSubtitles	risk-accepted:no-grant	0.00	yes	single-source	OpenSubtitles
фпх	217	1825	0	OpenSubtitles	risk-accepted:no-grant	0.01	yes	single-source	OpenSubtitles
ьфй	206	1730	0	OpenSubtitles	risk-accepted:no-grant	0.01	yes	single-source	OpenSubtitles
упх	201	1894	0	OpenSubtitles	risk-accepted:no-grant	0.00	yes	single-source	OpenSubtitles
дем	199	1932	0	OpenSubtitles	risk-accepted:no-grant	0.06	yes	single-source	OpenSubtitles
оппа	194	1872	0	OpenSubtitles	risk-accepted:no-grant	0.04	yes	single-source	OpenSubtitles
уе	189	1856	0	OpenSubtitles	risk-accepted:no-grant	0.00	yes	single-source	OpenSubtitles
брь	189	1372	0	OpenSubtitles	risk-accepted:no-grant	0.00	yes	single-source	OpenSubtitles
гдеяэ	184	1557	0	OpenSubtitles	risk-accepted:no-grant	0.79	yes	proper-noun-evidence	cap_ratio=0.79>=0.50
нмх	177	1681	0	OpenSubtitles	risk-accepted:no-grant	0.77	yes	proper-noun-evidence	cap_ratio=0.77>=0.50
ть	176	1352	0	OpenSubtitles	risk-accepted:no-grant	0.02	yes	single-source	OpenSubtitles
копами	171	1444	0	OpenSubtitles	risk-accepted:no-grant	0.00	yes	single-source	OpenSubtitles
счас	169	1433	0	OpenSubtitles	risk-accepted:no-grant	0.01	yes	single-source	OpenSubtitles
дамочки	167	1442	0	OpenSubtitles	risk-accepted:no-grant	0.00	yes	single-source	OpenSubtitles
чертово	166	1533	0	OpenSubtitles	risk-accepted:no-grant	0.01	yes	single-source	OpenSubtitles
йаи	166	1527	0	OpenSubtitles	risk-accepted:no-grant	0.05	yes	single-source	OpenSubtitles
сраные	166	1475	0	OpenSubtitles	risk-accepted:no-grant	0.01	yes	single-source	OpenSubtitles
унпньн	165	1702	0	OpenSubtitles	risk-accepted:no-grant	0.69	yes	proper-noun-evidence	cap_ratio=0.69>=0.50
величеству	165	1342	4	OpenSubtitles+Tatoeba	clean:CC-BY-2.0-FR	0.73	yes	proper-noun-evidence	cap_ratio=0.73>=0.50
мадмуазель	164	1577	0	OpenSubtitles	risk-accepted:no-grant	0.03	yes	single-source	OpenSubtitles
улику	162	1522	0	OpenSubtitles	risk-accepted:no-grant	0.01	yes	single-source	OpenSubtitles
ёй	161	1454	0	OpenSubtitles	risk-accepted:no-grant	0.74	yes	proper-noun-evidence	cap_ratio=0.74>=0.50
родео	158	1371	0	OpenSubtitles	risk-accepted:no-grant	0.13	yes	single-source	OpenSubtitles
дерьмово	154	1315	0	OpenSubtitles	risk-accepted:no-grant	0.00	yes	single-source	OpenSubtitles
бнр	151	1289	0	OpenSubtitles	risk-accepted:no-grant	0.61	yes	proper-noun-evidence	cap_ratio=0.61>=0.50
уфп	148	1483	0	OpenSubtitles	risk-accepted:no-grant	0.00	yes	single-source	OpenSubtitles
сучку	148	1329	0	OpenSubtitles	risk-accepted:no-grant	0.01	yes	single-source	OpenSubtitles
бн	145	1354	0	OpenSubtitles	risk-accepted:no-grant	0.34	yes	single-source	OpenSubtitles
еимаи	144	1424	0	OpenSubtitles	risk-accepted:no-grant	0.00	yes	single-source	OpenSubtitles
бюя	144	1237	0	OpenSubtitles	risk-accepted:no-grant	0.77	yes	proper-noun-evidence	cap_ratio=0.77>=0.50
мамуля	143	1279	0	OpenSubtitles	risk-accepted:no-grant	0.13	yes	single-source	OpenSubtitles
засуну	143	1154	0	OpenSubtitles	risk-accepted:no-grant	0.00	yes	single-source	OpenSubtitles
клево	141	1379	0	OpenSubtitles	risk-accepted:no-grant	0.02	yes	single-source	OpenSubtitles
кольт	138	1241	0	OpenSubtitles	risk-accepted:no-grant	0.71	yes	proper-noun-evidence	cap_ratio=0.71>=0.50
чутье	138	1158	0	OpenSubtitles	risk-accepted:no-grant	0.00	yes	single-source	OpenSubtitles
сраная	138	1137	0	OpenSubtitles	risk-accepted:no-grant	0.01	yes	single-source	OpenSubtitles
сонбэ	137	1283	0	OpenSubtitles	risk-accepted:no-grant	0.02	yes	single-source	OpenSubtitles
девку	136	1259	0	OpenSubtitles	risk-accepted:no-grant	0.00	yes	single-source	OpenSubtitles
мет	136	1044	0	OpenSubtitles	risk-accepted:no-grant	0.13	yes	single-source	OpenSubtitles
зацепку	135	1182	0	OpenSubtitles	risk-accepted:no-grant	0.00	yes	single-source	OpenSubtitles
сосать	134	1138	0	OpenSubtitles	risk-accepted:no-grant	0.00	yes	single-source	OpenSubtitles
фзт	134	1029	0	OpenSubtitles	risk-accepted:no-grant	0.00	yes	single-source	OpenSubtitles
орошо	131	1029	0	OpenSubtitles	risk-accepted:no-grant	0.00	yes	single-source	OpenSubtitles
фй	130	1301	0	OpenSubtitles	risk-accepted:no-grant	0.03	yes	single-source	OpenSubtitles
джентельмены	129	1322	0	OpenSubtitles	risk-accepted:no-grant	0.04	yes	single-source	OpenSubtitles
соу	129	1111	0	OpenSubtitles	risk-accepted:no-grant	0.43	yes	single-source	OpenSubtitles
тгм	127	1018	0	OpenSubtitles	risk-accepted:no-grant	0.07	yes	single-source	OpenSubtitles
трахалась	126	1210	0	OpenSubtitles	risk-accepted:no-grant	0.00	yes	single-source	OpenSubtitles
кх	126	1145	6	OpenSubtitles+Tatoeba	clean:CC-BY-2.0-FR	0.68	yes	proper-noun-evidence	cap_ratio=0.68>=0.50
прикажите	126	969	0	OpenSubtitles	risk-accepted:no-grant	0.01	yes	single-source	OpenSubtitles
вить	125	1158	2	OpenSubtitles+Tatoeba	clean:CC-BY-2.0-FR	0.66	yes	proper-noun-evidence	cap_ratio=0.66>=0.50
папочки	125	1102	0	OpenSubtitles	risk-accepted:no-grant	0.07	yes	single-source	OpenSubtitles
маячок	124	984	0	OpenSubtitles	risk-accepted:no-grant	0.01	yes	single-source	OpenSubtitles
поглядим	122	1044	0	OpenSubtitles	risk-accepted:no-grant	0.01	yes	single-source	OpenSubtitles
клевая	122	925	0	OpenSubtitles	risk-accepted:no-grant	0.02	yes	single-source	OpenSubtitles
папочке	120	1401	0	OpenSubtitles	risk-accepted:no-grant	0.03	yes	single-source	OpenSubtitles
гребаные	120	1079	0	OpenSubtitles	risk-accepted:no-grant	0.00	yes	single-source	OpenSubtitles
сиятельство	119	1052	0	OpenSubtitles	risk-accepted:no-grant	0.25	yes	single-source	OpenSubtitles
лиа	119	1024	0	OpenSubtitles	risk-accepted:no-grant	0.56	yes	proper-noun-evidence	cap_ratio=0.56>=0.50
але	118	950	0	OpenSubtitles	risk-accepted:no-grant	0.60	yes	proper-noun-evidence	cap_ratio=0.60>=0.50
святейшество	116	1051	0	OpenSubtitles	risk-accepted:no-grant	0.79	yes	proper-noun-evidence	cap_ratio=0.79>=0.50
мерзавца	116	860	0	OpenSubtitles	risk-accepted:no-grant	0.00	yes	single-source	OpenSubtitles
вагины	116	850	0	OpenSubtitles	risk-accepted:no-grant	0.03	yes	single-source	OpenSubtitles
засранцы	115	1143	0	OpenSubtitles	risk-accepted:no-grant	0.00	yes	single-source	OpenSubtitles
шлюшка	115	1099	0	OpenSubtitles	risk-accepted:no-grant	0.02	yes	single-source	OpenSubtitles
поу	115	959	0	OpenSubtitles	risk-accepted:no-grant	0.16	yes	single-source	OpenSubtitles
чертовых	114	971	0	OpenSubtitles	risk-accepted:no-grant	0.00	yes	single-source	OpenSubtitles
сперма	113	1142	0	OpenSubtitles	risk-accepted:no-grant	0.02	yes	single-source	OpenSubtitles
приманка	113	1076	0	OpenSubtitles	risk-accepted:no-grant	0.02	yes	single-source	OpenSubtitles
долбанный	113	808	0	OpenSubtitles	risk-accepted:no-grant	0.01	yes	single-source	OpenSubtitles
убьете	112	1114	0	OpenSubtitles	risk-accepted:no-grant	0.00	yes	single-source	OpenSubtitles
байк	112	1035	0	OpenSubtitles	risk-accepted:no-grant	0.01	yes	single-source	OpenSubtitles
всплывет	112	1024	0	OpenSubtitles	risk-accepted:no-grant	0.00	yes	single-source	OpenSubtitles
амиго	112	1019	0	OpenSubtitles	risk-accepted:no-grant	0.04	yes	single-source	OpenSubtitles
онни	112	953	0	OpenSubtitles	risk-accepted:no-grant	0.06	yes	single-source	OpenSubtitles
суку	111	1114	0	OpenSubtitles	risk-accepted:no-grant	0.02	yes	single-source	OpenSubtitles
циа	111	1017	0	OpenSubtitles	risk-accepted:no-grant	0.07	yes	single-source	OpenSubtitles
позовем	110	947	0	OpenSubtitles	risk-accepted:no-grant	0.00	yes	single-source	OpenSubtitles
бурбон	109	1048	0	OpenSubtitles	risk-accepted:no-grant	0.14	yes	single-source	OpenSubtitles
ун	109	869	0	OpenSubtitles	risk-accepted:no-grant	0.70	yes	proper-noun-evidence	cap_ratio=0.70>=0.50
гринго	108	1027	0	OpenSubtitles	risk-accepted:no-grant	0.07	yes	single-source	OpenSubtitles
споем	108	871	0	OpenSubtitles	risk-accepted:no-grant	0.00	yes	single-source	OpenSubtitles
бюл	107	1068	0	OpenSubtitles	risk-accepted:no-grant	0.76	yes	proper-noun-evidence	cap_ratio=0.76>=0.50
мр	107	951	1	OpenSubtitles+Tatoeba	clean:CC-BY-2.0-FR	0.54	yes	proper-noun-evidence	cap_ratio=0.54>=0.50
зовешь	106	1101	0	OpenSubtitles	risk-accepted:no-grant	0.00	yes	single-source	OpenSubtitles
девичник	105	1105	0	OpenSubtitles	risk-accepted:no-grant	0.01	yes	single-source	OpenSubtitles
сучкой	105	1011	0	OpenSubtitles	risk-accepted:no-grant	0.00	yes	single-source	OpenSubtitles
исчезнешь	105	800	0	OpenSubtitles	risk-accepted:no-grant	0.00	yes	single-source	OpenSubtitles
тьы	104	1037	0	OpenSubtitles	risk-accepted:no-grant	0.00	yes	single-source	OpenSubtitles
клевый	104	1024	0	OpenSubtitles	risk-accepted:no-grant	0.01	yes	single-source	OpenSubtitles
нигга	104	919	0	OpenSubtitles	risk-accepted:no-grant	0.03	yes	single-source	OpenSubtitles
вь	104	898	0	OpenSubtitles	risk-accepted:no-grant	0.06	yes	single-source	OpenSubtitles
яеивюя	103	1105	0	OpenSubtitles	risk-accepted:no-grant	0.80	yes	proper-noun-evidence	cap_ratio=0.80>=0.50
дн	103	890	0	OpenSubtitles	risk-accepted:no-grant	0.69	yes	proper-noun-evidence	cap_ratio=0.69>=0.50
спецагент	103	890	0	OpenSubtitles	risk-accepted:no-grant	0.08	yes	single-source	OpenSubtitles
мбт	102	970	0	OpenSubtitles	risk-accepted:no-grant	0.00	yes	single-source	OpenSubtitles
фройляйн	102	969	0	OpenSubtitles	risk-accepted:no-grant	0.04	yes	single-source	OpenSubtitles
блль	102	839	0	OpenSubtitles	risk-accepted:no-grant	0.00	yes	single-source	OpenSubtitles
сраную	101	962	0	OpenSubtitles	risk-accepted:no-grant	0.00	yes	single-source	OpenSubtitles
папочкой	101	930	0	OpenSubtitles	risk-accepted:no-grant	0.03	yes	single-source	OpenSubtitles
хэштег	101	908	0	OpenSubtitles	risk-accepted:no-grant	0.08	yes	single-source	OpenSubtitles
клевер	101	843	19	OpenSubtitles+Tatoeba	clean:CC-BY-2.0-FR	0.61	yes	proper-noun-evidence	cap_ratio=0.61>=0.50
подпишем	101	839	0	OpenSubtitles	risk-accepted:no-grant	0.00	yes	single-source	OpenSubtitles
фпхт	101	821	0	OpenSubtitles	risk-accepted:no-grant	0.00	yes	single-source	OpenSubtitles
сиськами	100	966	0	OpenSubtitles	risk-accepted:no-grant	0.01	yes	single-source	OpenSubtitles
едю	100	905	0	OpenSubtitles	risk-accepted:no-grant	0.03	yes	single-source	OpenSubtitles
еперь	100	857	0	OpenSubtitles	risk-accepted:no-grant	0.00	yes	single-source	OpenSubtitles
ето	100	827	0	OpenSubtitles	risk-accepted:no-grant	0.01	yes	single-source	OpenSubtitles
пройдемте	99	962	0	OpenSubtitles	risk-accepted:no-grant	0.01	yes	single-source	OpenSubtitles
отбросы	99	855	0	OpenSubtitles	risk-accepted:no-grant	0.03	yes	single-source	OpenSubtitles
вагину	99	828	0	OpenSubtitles	risk-accepted:no-grant	0.01	yes	single-source	OpenSubtitles
зто	99	796	0	OpenSubtitles	risk-accepted:no-grant	0.01	yes	single-source	OpenSubtitles
стажер	99	780	0	OpenSubtitles	risk-accepted:no-grant	0.02	yes	single-source	OpenSubtitles
варп	99	733	0	OpenSubtitles	risk-accepted:no-grant	0.01	yes	single-source	OpenSubtitles
гребаная	98	1018	0	OpenSubtitles	risk-accepted:no-grant	0.01	yes	single-source	OpenSubtitles
сдохнешь	98	960	0	OpenSubtitles	risk-accepted:no-grant	0.01	yes	single-source	OpenSubtitles
энсин	98	848	0	OpenSubtitles	risk-accepted:no-grant	0.07	yes	single-source	OpenSubtitles
засранца	98	844	0	OpenSubtitles	risk-accepted:no-grant	0.01	yes	single-source	OpenSubtitles
старикан	98	835	0	OpenSubtitles	risk-accepted:no-grant	0.02	yes	single-source	OpenSubtitles
сенсей	98	833	0	OpenSubtitles	risk-accepted:no-grant	0.30	yes	single-source	OpenSubtitles
рсэрей	98	797	0	OpenSubtitles	risk-accepted:no-grant	0.00	yes	single-source	OpenSubtitles
пупсик	98	770	0	OpenSubtitles	risk-accepted:no-grant	0.10	yes	single-source	OpenSubtitles
очнется	97	1065	0	OpenSubtitles	risk-accepted:no-grant	0.00	yes	single-source	OpenSubtitles
рнцдю	97	848	0	OpenSubtitles	risk-accepted:no-grant	0.79	yes	proper-noun-evidence	cap_ratio=0.79>=0.50
уликами	97	829	0	OpenSubtitles	risk-accepted:no-grant	0.00	yes	single-source	OpenSubtitles
телка	97	786	0	OpenSubtitles	risk-accepted:no-grant	0.02	yes	single-source	OpenSubtitles
вонючка	97	781	0	OpenSubtitles	risk-accepted:no-grant	0.34	yes	single-source	OpenSubtitles
маскировка	97	769	0	OpenSubtitles	risk-accepted:no-grant	0.01	yes	single-source	OpenSubtitles
зацените	96	928	0	OpenSubtitles	risk-accepted:no-grant	0.04	yes	single-source	OpenSubtitles
трип	96	826	1	OpenSubtitles+Tatoeba	clean:CC-BY-2.0-FR	0.69	yes	proper-noun-evidence	cap_ratio=0.69>=0.50
апо	96	769	0	OpenSubtitles	risk-accepted:no-grant	0.05	yes	single-source	OpenSubtitles
плюща	96	715	3	OpenSubtitles+Tatoeba	clean:CC-BY-2.0-FR	0.51	yes	proper-noun-evidence	cap_ratio=0.51>=0.50
тотем	96	565	0	OpenSubtitles	risk-accepted:no-grant	0.17	yes	single-source	OpenSubtitles
сестрица	95	1030	0	OpenSubtitles	risk-accepted:no-grant	0.03	yes	single-source	OpenSubtitles
трахни	95	792	0	OpenSubtitles	risk-accepted:no-grant	0.10	yes	single-source	OpenSubtitles
пасибо	94	952	0	OpenSubtitles	risk-accepted:no-grant	0.00	yes	single-source	OpenSubtitles
убт	93	861	0	OpenSubtitles	risk-accepted:no-grant	0.01	yes	single-source	OpenSubtitles
вломиться	93	794	0	OpenSubtitles	risk-accepted:no-grant	0.00	yes	single-source	OpenSubtitles
оти	93	744	0	OpenSubtitles	risk-accepted:no-grant	0.03	yes	single-source	OpenSubtitles
бакса	93	731	0	OpenSubtitles	risk-accepted:no-grant	0.08	yes	single-source	OpenSubtitles
преосвященство	92	802	0	OpenSubtitles	risk-accepted:no-grant	0.40	yes	single-source	OpenSubtitles
эн	92	751	1	OpenSubtitles+Tatoeba	clean:CC-BY-2.0-FR	0.79	yes	proper-noun-evidence	cap_ratio=0.79>=0.50
закусочную	92	715	0	OpenSubtitles	risk-accepted:no-grant	0.01	yes	single-source	OpenSubtitles
ботан	92	707	0	OpenSubtitles	risk-accepted:no-grant	0.18	yes	single-source	OpenSubtitles
ауто	92	665	0	OpenSubtitles	risk-accepted:no-grant	0.01	yes	single-source	OpenSubtitles
мамочкой	91	868	0	OpenSubtitles	risk-accepted:no-grant	0.03	yes	single-source	OpenSubtitles
монсеньор	91	845	0	OpenSubtitles	risk-accepted:no-grant	0.09	yes	single-source	OpenSubtitles
суперинтендант	91	797	0	OpenSubtitles	risk-accepted:no-grant	0.06	yes	single-source	OpenSubtitles
всмысле	91	786	0	OpenSubtitles	risk-accepted:no-grant	0.04	yes	single-source	OpenSubtitles
еяубй	91	755	0	OpenSubtitles	risk-accepted:no-grant	0.00	yes	single-source	OpenSubtitles
адской	91	724	0	OpenSubtitles	risk-accepted:no-grant	0.55	yes	proper-noun-evidence	cap_ratio=0.55>=0.50
сортир	90	1013	0	OpenSubtitles	risk-accepted:no-grant	0.02	yes	single-source	OpenSubtitles
плейбой	90	846	0	OpenSubtitles	risk-accepted:no-grant	0.49	yes	single-source	OpenSubtitles
кимчи	90	776	0	OpenSubtitles	risk-accepted:no-grant	0.04	yes	single-source	OpenSubtitles
детонатор	89	851	0	OpenSubtitles	risk-accepted:no-grant	0.01	yes	single-source	OpenSubtitles
облажаться	89	811	0	OpenSubtitles	risk-accepted:no-grant	0.00	yes	single-source	OpenSubtitles
расспросить	88	830	0	OpenSubtitles	risk-accepted:no-grant	0.00	yes	single-source	OpenSubtitles
трахаются	88	746	0	OpenSubtitles	risk-accepted:no-grant	0.00	yes	single-source	OpenSubtitles
вобщем	88	745	0	OpenSubtitles	risk-accepted:no-grant	0.02	yes	single-source	OpenSubtitles
наденем	88	745	0	OpenSubtitles	risk-accepted:no-grant	0.01	yes	single-source	OpenSubtitles
тоу	88	725	0	OpenSubtitles	risk-accepted:no-grant	0.16	yes	single-source	OpenSubtitles
десь	88	574	0	OpenSubtitles	risk-accepted:no-grant	0.01	yes	single-source	OpenSubtitles
девчонкам	87	866	0	OpenSubtitles	risk-accepted:no-grant	0.01	yes	single-source	OpenSubtitles
впорядке	87	733	0	OpenSubtitles	risk-accepted:no-grant	0.00	yes	single-source	OpenSubtitles
братва	86	790	0	OpenSubtitles	risk-accepted:no-grant	0.07	yes	single-source	OpenSubtitles
парниша	86	779	0	OpenSubtitles	risk-accepted:no-grant	0.03	yes	single-source	OpenSubtitles
фара	86	733	3	OpenSubtitles+Tatoeba	clean:CC-BY-2.0-FR	0.60	yes	proper-noun-evidence	cap_ratio=0.60>=0.50
мйб	85	884	0	OpenSubtitles	risk-accepted:no-grant	0.00	yes	single-source	OpenSubtitles
трахается	85	829	0	OpenSubtitles	risk-accepted:no-grant	0.01	yes	single-source	OpenSubtitles
олько	85	801	0	OpenSubtitles	risk-accepted:no-grant	0.00	yes	single-source	OpenSubtitles
приманкой	85	713	0	OpenSubtitles	risk-accepted:no-grant	0.00	yes	single-source	OpenSubtitles
янм	85	697	0	OpenSubtitles	risk-accepted:no-grant	0.08	yes	single-source	OpenSubtitles
теть	84	794	0	OpenSubtitles	risk-accepted:no-grant	0.05	yes	single-source	OpenSubtitles
кадиллак	84	787	5	OpenSubtitles+Tatoeba	clean:CC-BY-2.0-FR	0.65	yes	proper-noun-evidence	cap_ratio=0.65>=0.50
прикончит	83	797	0	OpenSubtitles	risk-accepted:no-grant	0.00	yes	single-source	OpenSubtitles
фейри	83	729	0	OpenSubtitles	risk-accepted:no-grant	0.32	yes	single-source	OpenSubtitles
кучку	83	715	0	OpenSubtitles	risk-accepted:no-grant	0.00	yes	single-source	OpenSubtitles
задниц	83	687	0	OpenSubtitles	risk-accepted:no-grant	0.04	yes	single-source	OpenSubtitles
соджу	83	624	0	OpenSubtitles	risk-accepted:no-grant	0.04	yes	single-source	OpenSubtitles
проснешься	82	924	0	OpenSubtitles	risk-accepted:no-grant	0.00	yes	single-source	OpenSubtitles
вообщем	82	771	0	OpenSubtitles	risk-accepted:no-grant	0.00	yes	single-source	OpenSubtitles
онрнлс	82	666	0	OpenSubtitles	risk-accepted:no-grant	0.78	yes	proper-noun-evidence	cap_ratio=0.78>=0.50
сраных	82	651	0	OpenSubtitles	risk-accepted:no-grant	0.00	yes	single-source	OpenSubtitles
четвертак	81	791	0	OpenSubtitles	risk-accepted:no-grant	0.02	yes	single-source	OpenSubtitles
еямбй	81	783	0	OpenSubtitles	risk-accepted:no-grant	0.01	yes	single-source	OpenSubtitles
напарница	81	773	0	OpenSubtitles	risk-accepted:no-grant	0.00	yes	single-source	OpenSubtitles
кузеном	81	769	0	OpenSubtitles	risk-accepted:no-grant	0.01	yes	single-source	OpenSubtitles
козлина	81	768	0	OpenSubtitles	risk-accepted:no-grant	0.02	yes	single-source	OpenSubtitles
уфзн	81	757	0	OpenSubtitles	risk-accepted:no-grant	0.00	yes	single-source	OpenSubtitles
коронер	81	748	0	OpenSubtitles	risk-accepted:no-grant	0.04	yes	single-source	OpenSubtitles
подсобке	81	742	0	OpenSubtitles	risk-accepted:no-grant	0.00	yes	single-source	OpenSubtitles
гребаную	81	693	0	OpenSubtitles	risk-accepted:no-grant	0.00	yes	single-source	OpenSubtitles
убойный	81	686	0	OpenSubtitles	risk-accepted:no-grant	0.11	yes	single-source	OpenSubtitles
вонючая	81	652	0	OpenSubtitles	risk-accepted:no-grant	0.01	yes	single-source	OpenSubtitles
мамуль	81	640	0	OpenSubtitles	risk-accepted:no-grant	0.06	yes	single-source	OpenSubtitles
кй	80	780	0	OpenSubtitles	risk-accepted:no-grant	0.00	yes	single-source	OpenSubtitles
поиметь	79	854	0	OpenSubtitles	risk-accepted:no-grant	0.00	yes	single-source	OpenSubtitles
рщт	79	687	0	OpenSubtitles	risk-accepted:no-grant	0.00	yes	single-source	OpenSubtitles
мь	79	587	0	OpenSubtitles	risk-accepted:no-grant	0.03	yes	single-source	OpenSubtitles
чт	79	580	0	OpenSubtitles	risk-accepted:no-grant	0.03	yes	single-source	OpenSubtitles
милостью	79	571	0	OpenSubtitles	risk-accepted:no-grant	0.02	yes	single-source	OpenSubtitles
пй	78	679	0	OpenSubtitles	risk-accepted:no-grant	0.01	yes	single-source	OpenSubtitles
уродец	78	642	0	OpenSubtitles	risk-accepted:no-grant	0.02	yes	single-source	OpenSubtitles
сэнсэй	78	628	0	OpenSubtitles	risk-accepted:no-grant	0.17	yes	single-source	OpenSubtitles
работенка	78	589	0	OpenSubtitles	risk-accepted:no-grant	0.00	yes	single-source	OpenSubtitles
предположу	78	573	0	OpenSubtitles	risk-accepted:no-grant	0.00	yes	single-source	OpenSubtitles
трахаешь	77	841	0	OpenSubtitles	risk-accepted:no-grant	0.00	yes	single-source	OpenSubtitles
дрэг	77	795	0	OpenSubtitles	risk-accepted:no-grant	0.07	yes	single-source	OpenSubtitles
морпех	77	672	0	OpenSubtitles	risk-accepted:no-grant	0.04	yes	single-source	OpenSubtitles
узрите	77	636	0	OpenSubtitles	risk-accepted:no-grant	0.04	yes	single-source	OpenSubtitles
ублюдку	77	613	0	OpenSubtitles	risk-accepted:no-grant	0.01	yes	single-source	OpenSubtitles
кореша	77	595	0	OpenSubtitles	risk-accepted:no-grant	0.04	yes	single-source	OpenSubtitles
срань	76	707	0	OpenSubtitles	risk-accepted:no-grant	0.02	yes	single-source	OpenSubtitles
биопсию	76	636	0	OpenSubtitles	risk-accepted:no-grant	0.00	yes	single-source	OpenSubtitles
подмога	76	614	0	OpenSubtitles	risk-accepted:no-grant	0.01	yes	single-source	OpenSubtitles
дурацком	76	602	0	OpenSubtitles	risk-accepted:no-grant	0.00	yes	single-source	OpenSubtitles
отследил	75	933	0	OpenSubtitles	risk-accepted:no-grant	0.00	yes	single-source	OpenSubtitles
шкипер	75	909	0	OpenSubtitles	risk-accepted:no-grant	0.56	yes	proper-noun-evidence	cap_ratio=0.56>=0.50
лесбиянкой	75	727	0	OpenSubtitles	risk-accepted:no-grant	0.01	yes	single-source	OpenSubtitles
доках	75	717	0	OpenSubtitles	risk-accepted:no-grant	0.01	yes	single-source	OpenSubtitles
яс	75	710	0	OpenSubtitles	risk-accepted:no-grant	0.29	yes	single-source	OpenSubtitles
засек	75	703	0	OpenSubtitles	risk-accepted:no-grant	0.00	yes	single-source	OpenSubtitles
малютка	75	691	0	OpenSubtitles	risk-accepted:no-grant	0.07	yes	single-source	OpenSubtitles
федералам	75	662	0	OpenSubtitles	risk-accepted:no-grant	0.01	yes	single-source	OpenSubtitles
ами	75	644	1	OpenSubtitles+Tatoeba	clean:CC-BY-2.0-FR	0.76	yes	proper-noun-evidence	cap_ratio=0.76>=0.50
чертовым	75	603	0	OpenSubtitles	risk-accepted:no-grant	0.01	yes	single-source	OpenSubtitles
копу	75	582	0	OpenSubtitles	risk-accepted:no-grant	0.03	yes	single-source	OpenSubtitles
тужься	74	737	0	OpenSubtitles	risk-accepted:no-grant	0.04	yes	single-source	OpenSubtitles
сучек	74	723	0	OpenSubtitles	risk-accepted:no-grant	0.01	yes	single-source	OpenSubtitles
гребаной	74	647	0	OpenSubtitles	risk-accepted:no-grant	0.00	yes	single-source	OpenSubtitles
дергайся	74	647	0	OpenSubtitles	risk-accepted:no-grant	0.00	yes	single-source	OpenSubtitles
цент	74	616	0	OpenSubtitles	risk-accepted:no-grant	0.02	yes	single-source	OpenSubtitles
тупицы	74	605	0	OpenSubtitles	risk-accepted:no-grant	0.03	yes	single-source	OpenSubtitles
дружком	74	589	0	OpenSubtitles	risk-accepted:no-grant	0.02	yes	single-source	OpenSubtitles
объявите	74	561	0	OpenSubtitles	risk-accepted:no-grant	0.00	yes	single-source	OpenSubtitles
чертовом	73	708	0	OpenSubtitles	risk-accepted:no-grant	0.01	yes	single-source	OpenSubtitles
сверхурочные	73	684	0	OpenSubtitles	risk-accepted:no-grant	0.00	yes	single-source	OpenSubtitles
извращенцы	73	661	0	OpenSubtitles	risk-accepted:no-grant	0.00	yes	single-source	OpenSubtitles
шлюхами	73	636	0	OpenSubtitles	risk-accepted:no-grant	0.00	yes	single-source	OpenSubtitles
нбй	73	635	0	OpenSubtitles	risk-accepted:no-grant	0.01	yes	single-source	OpenSubtitles
долбаная	73	623	0	OpenSubtitles	risk-accepted:no-grant	0.00	yes	single-source	OpenSubtitles
никчемный	73	580	0	OpenSubtitles	risk-accepted:no-grant	0.01	yes	single-source	OpenSubtitles
клык	73	571	5	OpenSubtitles+Tatoeba	clean:CC-BY-2.0-FR	0.59	yes	proper-noun-evidence	cap_ratio=0.59>=0.50
тук	73	566	0	OpenSubtitles	risk-accepted:no-grant	0.46	yes	single-source	OpenSubtitles
мерзкой	73	446	0	OpenSubtitles	risk-accepted:no-grant	0.01	yes	single-source	OpenSubtitles
сутенер	72	711	0	OpenSubtitles	risk-accepted:no-grant	0.01	yes	single-source	OpenSubtitles
потрошитель	72	688	2	OpenSubtitles+Tatoeba	clean:CC-BY-2.0-FR	0.70	yes	proper-noun-evidence	cap_ratio=0.70>=0.50
штанишки	72	675	0	OpenSubtitles	risk-accepted:no-grant	0.09	yes	single-source	OpenSubtitles
даа	72	671	0	OpenSubtitles	risk-accepted:no-grant	0.15	yes	single-source	OpenSubtitles
ребрышки	72	652	0	OpenSubtitles	risk-accepted:no-grant	0.03	yes	single-source	OpenSubtitles
дюбюи	72	649	0	OpenSubtitles	risk-accepted:no-grant	0.60	yes	proper-noun-evidence	cap_ratio=0.60>=0.50
папашу	72	637	0	OpenSubtitles	risk-accepted:no-grant	0.05	yes	single-source	OpenSubtitles
везем	72	623	0	OpenSubtitles	risk-accepted:no-grant	0.01	yes	single-source	OpenSubtitles
шиноби	72	618	0	OpenSubtitles	risk-accepted:no-grant	0.18	yes	single-source	OpenSubtitles
сраного	71	720	0	OpenSubtitles	risk-accepted:no-grant	0.00	yes	single-source	OpenSubtitles
закусочная	71	665	0	OpenSubtitles	risk-accepted:no-grant	0.05	yes	single-source	OpenSubtitles
хот	71	651	0	OpenSubtitles	risk-accepted:no-grant	0.54	yes	proper-noun-evidence	cap_ratio=0.54>=0.50
мико	71	623	0	OpenSubtitles	risk-accepted:no-grant	0.80	yes	proper-noun-evidence	cap_ratio=0.80>=0.50
тюряге	71	600	0	OpenSubtitles	risk-accepted:no-grant	0.00	yes	single-source	OpenSubtitles
потратим	71	574	0	OpenSubtitles	risk-accepted:no-grant	0.00	yes	single-source	OpenSubtitles
тайминг	70	776	0	OpenSubtitles	risk-accepted:no-grant	0.38	yes	single-source	OpenSubtitles
часики	70	628	0	OpenSubtitles	risk-accepted:no-grant	0.02	yes	single-source	OpenSubtitles
палить	70	570	0	OpenSubtitles	risk-accepted:no-grant	0.00	yes	single-source	OpenSubtitles
гадко	70	569	0	OpenSubtitles	risk-accepted:no-grant	0.00	yes	single-source	OpenSubtitles
перепихнуться	70	531	0	OpenSubtitles	risk-accepted:no-grant	0.00	yes	single-source	OpenSubtitles
направьте	70	500	0	OpenSubtitles	risk-accepted:no-grant	0.02	yes	single-source	OpenSubtitles
ша	70	453	0	OpenSubtitles	risk-accepted:no-grant	0.69	yes	proper-noun-evidence	cap_ratio=0.69>=0.50
вай	69	693	0	OpenSubtitles	risk-accepted:no-grant	0.78	yes	proper-noun-evidence	cap_ratio=0.78>=0.50
опозорить	69	653	0	OpenSubtitles	risk-accepted:no-grant	0.00	yes	single-source	OpenSubtitles
тоус	69	613	0	OpenSubtitles	risk-accepted:no-grant	0.02	yes	single-source	OpenSubtitles
разойдемся	69	513	0	OpenSubtitles	risk-accepted:no-grant	0.01	yes	single-source	OpenSubtitles
отдохнешь	69	507	0	OpenSubtitles	risk-accepted:no-grant	0.01	yes	single-source	OpenSubtitles
цде	68	754	0	OpenSubtitles	risk-accepted:no-grant	0.79	yes	proper-noun-evidence	cap_ratio=0.79>=0.50
синьоры	68	630	0	OpenSubtitles	risk-accepted:no-grant	0.02	yes	single-source	OpenSubtitles
самаритянин	68	599	1	OpenSubtitles+Tatoeba	clean:CC-BY-2.0-FR	0.51	yes	proper-noun-evidence	cap_ratio=0.51>=0.50
притащить	67	714	0	OpenSubtitles	risk-accepted:no-grant	0.00	yes	single-source	OpenSubtitles
акка	67	629	0	OpenSubtitles	risk-accepted:no-grant	0.38	yes	single-source	OpenSubtitles
занозой	67	602	0	OpenSubtitles	risk-accepted:no-grant	0.01	yes	single-source	OpenSubtitles
прижми	67	588	0	OpenSubtitles	risk-accepted:no-grant	0.02	yes	single-source	OpenSubtitles
разобьет	67	565	0	OpenSubtitles	risk-accepted:no-grant	0.00	yes	single-source	OpenSubtitles
прийдется	67	514	0	OpenSubtitles	risk-accepted:no-grant	0.00	yes	single-source	OpenSubtitles
нуу	67	443	0	OpenSubtitles	risk-accepted:no-grant	0.45	yes	single-source	OpenSubtitles
спер	66	592	0	OpenSubtitles	risk-accepted:no-grant	0.00	yes	single-source	OpenSubtitles
самозащита	66	587	0	OpenSubtitles	risk-accepted:no-grant	0.01	yes	single-source	OpenSubtitles
приперся	66	576	0	OpenSubtitles	risk-accepted:no-grant	0.00	yes	single-source	OpenSubtitles
дерьмовой	66	567	0	OpenSubtitles	risk-accepted:no-grant	0.01	yes	single-source	OpenSubtitles
повидала	66	553	0	OpenSubtitles	risk-accepted:no-grant	0.00	yes	single-source	OpenSubtitles
кьфй	66	539	0	OpenSubtitles	risk-accepted:no-grant	0.00	yes	single-source	OpenSubtitles
поете	66	537	0	OpenSubtitles	risk-accepted:no-grant	0.00	yes	single-source	OpenSubtitles
разрушитель	66	508	0	OpenSubtitles	risk-accepted:no-grant	0.28	yes	single-source	OpenSubtitles
взорвем	66	477	0	OpenSubtitles	risk-accepted:no-grant	0.00	yes	single-source	OpenSubtitles
хитер	66	468	0	OpenSubtitles	risk-accepted:no-grant	0.28	yes	single-source	OpenSubtitles
запонки	66	462	0	OpenSubtitles	risk-accepted:no-grant	0.01	yes	single-source	OpenSubtitles
эля	65	783	0	OpenSubtitles	risk-accepted:no-grant	0.25	yes	single-source	OpenSubtitles
ребе	65	679	0	OpenSubtitles	risk-accepted:no-grant	0.19	yes	single-source	OpenSubtitles
егю	65	657	0	OpenSubtitles	risk-accepted:no-grant	0.01	yes	single-source	OpenSubtitles
даш	65	590	0	OpenSubtitles	risk-accepted:no-grant	0.76	yes	proper-noun-evidence	cap_ratio=0.76>=0.50
нуна	65	582	0	OpenSubtitles	risk-accepted:no-grant	0.15	yes	single-source	OpenSubtitles
морфина	65	543	0	OpenSubtitles	risk-accepted:no-grant	0.01	yes	single-source	OpenSubtitles
проклятья	65	543	0	OpenSubtitles	risk-accepted:no-grant	0.04	yes	single-source	OpenSubtitles
роем	65	538	1	OpenSubtitles+Tatoeba	clean:CC-BY-2.0-FR	0.74	yes	proper-noun-evidence	cap_ratio=0.74>=0.50
содовую	65	537	0	OpenSubtitles	risk-accepted:no-grant	0.01	yes	single-source	OpenSubtitles
жирдяй	65	520	0	OpenSubtitles	risk-accepted:no-grant	0.11	yes	single-source	OpenSubtitles
гребаного	65	499	0	OpenSubtitles	risk-accepted:no-grant	0.00	yes	single-source	OpenSubtitles
ходячие	65	495	0	OpenSubtitles	risk-accepted:no-grant	0.16	yes	single-source	OpenSubtitles
трахаюсь	65	479	0	OpenSubtitles	risk-accepted:no-grant	0.00	yes	single-source	OpenSubtitles
квотербек	65	478	0	OpenSubtitles	risk-accepted:no-grant	0.10	yes	single-source	OpenSubtitles
вытворяет	65	467	0	OpenSubtitles	risk-accepted:no-grant	0.00	yes	single-source	OpenSubtitles
высочества	64	633	0	OpenSubtitles	risk-accepted:no-grant	0.71	yes	proper-noun-evidence	cap_ratio=0.71>=0.50
пюгбе	64	631	0	OpenSubtitles	risk-accepted:no-grant	0.72	yes	proper-noun-evidence	cap_ratio=0.72>=0.50
одену	64	630	0	OpenSubtitles	risk-accepted:no-grant	0.01	yes	single-source	OpenSubtitles
ейчас	64	626	0	OpenSubtitles	risk-accepted:no-grant	0.00	yes	single-source	OpenSubtitles
поведешь	64	607	0	OpenSubtitles	risk-accepted:no-grant	0.00	yes	single-source	OpenSubtitles
танцпол	64	591	0	OpenSubtitles	risk-accepted:no-grant	0.01	yes	single-source	OpenSubtitles
фйт	64	570	0	OpenSubtitles	risk-accepted:no-grant	0.00	yes	single-source	OpenSubtitles
ягненка	64	531	0	OpenSubtitles	risk-accepted:no-grant	0.01	yes	single-source	OpenSubtitles
разорвет	64	515	0	OpenSubtitles	risk-accepted:no-grant	0.00	yes	single-source	OpenSubtitles
телок	64	491	0	OpenSubtitles	risk-accepted:no-grant	0.01	yes	single-source	OpenSubtitles
перекрестный	64	435	0	OpenSubtitles	risk-accepted:no-grant	0.01	yes	single-source	OpenSubtitles
пижон	64	420	0	OpenSubtitles	risk-accepted:no-grant	0.05	yes	single-source	OpenSubtitles
добуду	63	654	0	OpenSubtitles	risk-accepted:no-grant	0.00	yes	single-source	OpenSubtitles
частичка	63	625	0	OpenSubtitles	risk-accepted:no-grant	0.01	yes	single-source	OpenSubtitles
обыщем	63	569	0	OpenSubtitles	risk-accepted:no-grant	0.00	yes	single-source	OpenSubtitles
клевые	63	565	0	OpenSubtitles	risk-accepted:no-grant	0.01	yes	single-source	OpenSubtitles
надрали	63	556	0	OpenSubtitles	risk-accepted:no-grant	0.00	yes	single-source	OpenSubtitles
шепот	63	541	0	OpenSubtitles	risk-accepted:no-grant	0.09	yes	single-source	OpenSubtitles
галлюцинация	63	531	0	OpenSubtitles	risk-accepted:no-grant	0.00	yes	single-source	OpenSubtitles
бабе	63	527	0	OpenSubtitles	risk-accepted:no-grant	0.07	yes	single-source	OpenSubtitles
фюсб	63	527	0	OpenSubtitles	risk-accepted:no-grant	0.00	yes	single-source	OpenSubtitles
стрип	63	513	0	OpenSubtitles	risk-accepted:no-grant	0.73	yes	proper-noun-evidence	cap_ratio=0.73>=0.50
прикончим	63	506	0	OpenSubtitles	risk-accepted:no-grant	0.00	yes	single-source	OpenSubtitles
трахнула	63	475	0	OpenSubtitles	risk-accepted:no-grant	0.01	yes	single-source	OpenSubtitles
заполучили	63	465	0	OpenSubtitles	risk-accepted:no-grant	0.00	yes	single-source	OpenSubtitles
пина	63	425	0	OpenSubtitles	risk-accepted:no-grant	0.75	yes	proper-noun-evidence	cap_ratio=0.75>=0.50
доча	63	423	0	OpenSubtitles	risk-accepted:no-grant	0.01	yes	single-source	OpenSubtitles
чертиков	62	614	0	OpenSubtitles	risk-accepted:no-grant	0.00	yes	single-source	OpenSubtitles
бэби	62	570	0	OpenSubtitles	risk-accepted:no-grant	0.62	yes	proper-noun-evidence	cap_ratio=0.62>=0.50
засранцев	62	481	0	OpenSubtitles	risk-accepted:no-grant	0.00	yes	single-source	OpenSubtitles
лушай	62	420	0	OpenSubtitles	risk-accepted:no-grant	0.00	yes	single-source	OpenSubtitles
зая	62	398	0	OpenSubtitles	risk-accepted:no-grant	0.14	yes	single-source	OpenSubtitles
ая	61	628	1	OpenSubtitles+Tatoeba	clean:CC-BY-2.0-FR	0.62	yes	proper-noun-evidence	cap_ratio=0.62>=0.50
рплэ	61	617	0	OpenSubtitles	risk-accepted:no-grant	0.00	yes	single-source	OpenSubtitles
трах	61	594	0	OpenSubtitles	risk-accepted:no-grant	0.05	yes	single-source	OpenSubtitles
мелмнцн	61	569	0	OpenSubtitles	risk-accepted:no-grant	0.72	yes	proper-noun-evidence	cap_ratio=0.72>=0.50
сдесь	61	541	0	OpenSubtitles	risk-accepted:no-grant	0.00	yes	single-source	OpenSubtitles
штуковины	61	538	0	OpenSubtitles	risk-accepted:no-grant	0.00	yes	single-source	OpenSubtitles
уберешь	61	534	0	OpenSubtitles	risk-accepted:no-grant	0.00	yes	single-source	OpenSubtitles
гер	61	510	0	OpenSubtitles	risk-accepted:no-grant	0.39	yes	single-source	OpenSubtitles
вырежу	61	508	0	OpenSubtitles	risk-accepted:no-grant	0.00	yes	single-source	OpenSubtitles
зациклился	61	506	0	OpenSubtitles	risk-accepted:no-grant	0.00	yes	single-source	OpenSubtitles
наешь	61	497	0	OpenSubtitles	risk-accepted:no-grant	0.00	yes	single-source	OpenSubtitles
бип	61	467	0	OpenSubtitles	risk-accepted:no-grant	0.13	yes	single-source	OpenSubtitles
бабулей	61	463	0	OpenSubtitles	risk-accepted:no-grant	0.06	yes	single-source	OpenSubtitles
опал	61	438	0	OpenSubtitles	risk-accepted:no-grant	0.68	yes	proper-noun-evidence	cap_ratio=0.68>=0.50
всемогущего	61	428	0	OpenSubtitles	risk-accepted:no-grant	0.59	yes	proper-noun-evidence	cap_ratio=0.59>=0.50
тюрягу	61	409	0	OpenSubtitles	risk-accepted:no-grant	0.00	yes	single-source	OpenSubtitles
небыло	61	387	0	OpenSubtitles	risk-accepted:no-grant	0.00	yes	single-source	OpenSubtitles
вьы	60	712	0	OpenSubtitles	risk-accepted:no-grant	0.18	yes	single-source	OpenSubtitles
дог	60	635	3	OpenSubtitles+Tatoeba	clean:CC-BY-2.0-FR	0.60	yes	proper-noun-evidence	cap_ratio=0.60>=0.50
сортире	60	635	0	OpenSubtitles	risk-accepted:no-grant	0.00	yes	single-source	OpenSubtitles
слизняк	60	566	0	OpenSubtitles	risk-accepted:no-grant	0.05	yes	single-source	OpenSubtitles
онечно	60	552	0	OpenSubtitles	risk-accepted:no-grant	0.00	yes	single-source	OpenSubtitles
гаденыш	60	551	0	OpenSubtitles	risk-accepted:no-grant	0.00	yes	single-source	OpenSubtitles
сучонок	60	538	0	OpenSubtitles	risk-accepted:no-grant	0.01	yes	single-source	OpenSubtitles
натворить	60	529	0	OpenSubtitles	risk-accepted:no-grant	0.00	yes	single-source	OpenSubtitles
солдатик	60	519	0	OpenSubtitles	risk-accepted:no-grant	0.10	yes	single-source	OpenSubtitles
вытворяешь	60	504	0	OpenSubtitles	risk-accepted:no-grant	0.00	yes	single-source	OpenSubtitles
тру	60	426	0	OpenSubtitles	risk-accepted:no-grant	0.73	yes	proper-noun-evidence	cap_ratio=0.73>=0.50
джином	60	423	0	OpenSubtitles	risk-accepted:no-grant	0.54	yes	proper-noun-evidence	cap_ratio=0.54>=0.50
мохито	60	395	0	OpenSubtitles	risk-accepted:no-grant	0.14	yes	single-source	OpenSubtitles
песик	59	617	0	OpenSubtitles	risk-accepted:no-grant	0.04	yes	single-source	OpenSubtitles
штучку	59	604	0	OpenSubtitles	risk-accepted:no-grant	0.01	yes	single-source	OpenSubtitles
ууу	59	592	1	OpenSubtitles+Tatoeba	clean:CC-BY-2.0-FR	0.51	yes	proper-noun-evidence	cap_ratio=0.51>=0.50
констебля	59	588	0	OpenSubtitles	risk-accepted:no-grant	0.07	yes	single-source	OpenSubtitles
психопата	59	580	0	OpenSubtitles	risk-accepted:no-grant	0.02	yes	single-source	OpenSubtitles
сплетница	59	579	6	OpenSubtitles+Tatoeba	clean:CC-BY-2.0-FR	0.52	yes	proper-noun-evidence	cap_ratio=0.52>=0.50
ндхм	59	551	0	OpenSubtitles	risk-accepted:no-grant	0.68	yes	proper-noun-evidence	cap_ratio=0.68>=0.50
искатель	59	545	1	OpenSubtitles+Tatoeba	clean:CC-BY-2.0-FR	0.50	yes	proper-noun-evidence	cap_ratio=0.50>=0.50
психотерапевту	59	542	0	OpenSubtitles	risk-accepted:no-grant	0.00	yes	single-source	OpenSubtitles
ссать	59	500	0	OpenSubtitles	risk-accepted:no-grant	0.00	yes	single-source	OpenSubtitles
извращенцев	59	493	0	OpenSubtitles	risk-accepted:no-grant	0.00	yes	single-source	OpenSubtitles
юр	59	483	0	OpenSubtitles	risk-accepted:no-grant	0.76	yes	proper-noun-evidence	cap_ratio=0.76>=0.50
кузену	59	478	0	OpenSubtitles	risk-accepted:no-grant	0.00	yes	single-source	OpenSubtitles
дерешься	59	460	0	OpenSubtitles	risk-accepted:no-grant	0.00	yes	single-source	OpenSubtitles
кис	59	456	0	OpenSubtitles	risk-accepted:no-grant	0.46	yes	single-source	OpenSubtitles
рекордс	59	433	0	OpenSubtitles	risk-accepted:no-grant	0.76	yes	proper-noun-evidence	cap_ratio=0.76>=0.50
мамаши	58	608	0	OpenSubtitles	risk-accepted:no-grant	0.03	yes	single-source	OpenSubtitles
оформим	58	551	0	OpenSubtitles	risk-accepted:no-grant	0.00	yes	single-source	OpenSubtitles
повязали	58	542	0	OpenSubtitles	risk-accepted:no-grant	0.00	yes	single-source	OpenSubtitles
ференги	58	532	0	OpenSubtitles	risk-accepted:no-grant	0.08	yes	single-source	OpenSubtitles
дрянью	58	510	0	OpenSubtitles	risk-accepted:no-grant	0.00	yes	single-source	OpenSubtitles
тыковка	58	505	0	OpenSubtitles	risk-accepted:no-grant	0.15	yes	single-source	OpenSubtitles
еуэ	58	503	0	OpenSubtitles	risk-accepted:no-grant	0.01	yes	single-source	OpenSubtitles
белли	58	486	1	OpenSubtitles+Tatoeba	clean:CC-BY-2.0-FR	0.68	yes	proper-noun-evidence	cap_ratio=0.68>=0.50
сэру	58	450	0	OpenSubtitles	risk-accepted:no-grant	0.12	yes	single-source	OpenSubtitles
алхимик	58	433	0	OpenSubtitles	risk-accepted:no-grant	0.36	yes	single-source	OpenSubtitles
дамочек	58	427	0	OpenSubtitles	risk-accepted:no-grant	0.00	yes	single-source	OpenSubtitles
бедняжки	58	415	0	OpenSubtitles	risk-accepted:no-grant	0.00	yes	single-source	OpenSubtitles
заначку	58	411	0	OpenSubtitles	risk-accepted:no-grant	0.00	yes	single-source	OpenSubtitles
хат	58	314	0	OpenSubtitles	risk-accepted:no-grant	0.71	yes	proper-noun-evidence	cap_ratio=0.71>=0.50
рноох	57	560	0	OpenSubtitles	risk-accepted:no-grant	0.00	yes	single-source	OpenSubtitles
величеством	57	557	0	OpenSubtitles	risk-accepted:no-grant	0.74	yes	proper-noun-evidence	cap_ratio=0.74>=0.50
лапать	57	549	0	OpenSubtitles	risk-accepted:no-grant	0.00	yes	single-source	OpenSubtitles
бумер	57	538	2	OpenSubtitles+Tatoeba	clean:CC-BY-2.0-FR	0.67	yes	proper-noun-evidence	cap_ratio=0.67>=0.50
заведем	57	534	0	OpenSubtitles	risk-accepted:no-grant	0.01	yes	single-source	OpenSubtitles
турбо	57	511	0	OpenSubtitles	risk-accepted:no-grant	0.72	yes	proper-noun-evidence	cap_ratio=0.72>=0.50
головорезы	57	499	0	OpenSubtitles	risk-accepted:no-grant	0.01	yes	single-source	OpenSubtitles
поссать	57	498	0	OpenSubtitles	risk-accepted:no-grant	0.00	yes	single-source	OpenSubtitles
раздавлю	57	492	0	OpenSubtitles	risk-accepted:no-grant	0.00	yes	single-source	OpenSubtitles
благословить	57	489	0	OpenSubtitles	risk-accepted:no-grant	0.00	yes	single-source	OpenSubtitles
детишкам	57	480	0	OpenSubtitles	risk-accepted:no-grant	0.00	yes	single-source	OpenSubtitles
старье	57	471	0	OpenSubtitles	risk-accepted:no-grant	0.01	yes	single-source	OpenSubtitles
йнмевмн	57	388	0	OpenSubtitles	risk-accepted:no-grant	0.71	yes	proper-noun-evidence	cap_ratio=0.71>=0.50
химиотерапия	57	388	0	OpenSubtitles	risk-accepted:no-grant	0.01	yes	single-source	OpenSubtitles
шафер	56	614	0	OpenSubtitles	risk-accepted:no-grant	0.10	yes	single-source	OpenSubtitles
навредила	56	607	0	OpenSubtitles	risk-accepted:no-grant	0.00	yes	single-source	OpenSubtitles
сраное	56	568	0	OpenSubtitles	risk-accepted:no-grant	0.00	yes	single-source	OpenSubtitles
взойдет	56	552	0	OpenSubtitles	risk-accepted:no-grant	0.01	yes	single-source	OpenSubtitles
додзё	56	540	0	OpenSubtitles	risk-accepted:no-grant	0.08	yes	single-source	OpenSubtitles
люлю	56	523	0	OpenSubtitles	risk-accepted:no-grant	0.73	yes	proper-noun-evidence	cap_ratio=0.73>=0.50
бабуле	56	522	0	OpenSubtitles	risk-accepted:no-grant	0.06	yes	single-source	OpenSubtitles
айс	56	500	1	OpenSubtitles+Tatoeba	clean:CC-BY-2.0-FR	0.78	yes	proper-noun-evidence	cap_ratio=0.78>=0.50
шардоне	56	496	0	OpenSubtitles	risk-accepted:no-grant	0.45	yes	single-source	OpenSubtitles
ачжосси	56	469	0	OpenSubtitles	risk-accepted:no-grant	0.08	yes	single-source	OpenSubtitles
твержу	56	467	0	OpenSubtitles	risk-accepted:no-grant	0.00	yes	single-source	OpenSubtitles
бухла	56	466	0	OpenSubtitles	risk-accepted:no-grant	0.02	yes	single-source	OpenSubtitles
сраном	56	461	0	OpenSubtitles	risk-accepted:no-grant	0.00	yes	single-source	OpenSubtitles
шалом	56	403	0	OpenSubtitles	risk-accepted:no-grant	0.37	yes	single-source	OpenSubtitles
яхахо	56	399	0	OpenSubtitles	risk-accepted:no-grant	0.00	yes	single-source	OpenSubtitles
найн	56	394	0	OpenSubtitles	risk-accepted:no-grant	0.57	yes	proper-noun-evidence	cap_ratio=0.57>=0.50
проследили	55	626	0	OpenSubtitles	risk-accepted:no-grant	0.00	yes	single-source	OpenSubtitles
охренительно	55	597	0	OpenSubtitles	risk-accepted:no-grant	0.01	yes	single-source	OpenSubtitles
гйбфя	55	546	0	OpenSubtitles	risk-accepted:no-grant	0.01	yes	single-source	OpenSubtitles
врете	55	526	0	OpenSubtitles	risk-accepted:no-grant	0.01	yes	single-source	OpenSubtitles
государыня	55	525	0	OpenSubtitles	risk-accepted:no-grant	0.12	yes	single-source	OpenSubtitles
сайлонов	55	500	0	OpenSubtitles	risk-accepted:no-grant	0.29	yes	single-source	OpenSubtitles
йи	55	494	0	OpenSubtitles	risk-accepted:no-grant	0.69	yes	proper-noun-evidence	cap_ratio=0.69>=0.50
уныло	55	481	0	OpenSubtitles	risk-accepted:no-grant	0.01	yes	single-source	OpenSubtitles
поживет	55	475	0	OpenSubtitles	risk-accepted:no-grant	0.00	yes	single-source	OpenSubtitles
начо	55	463	0	OpenSubtitles	risk-accepted:no-grant	0.64	yes	proper-noun-evidence	cap_ratio=0.64>=0.50
свин	55	462	1	OpenSubtitles+Tatoeba	clean:CC-BY-2.0-FR	0.64	yes	proper-noun-evidence	cap_ratio=0.64>=0.50
ввязалась	55	461	0	OpenSubtitles	risk-accepted:no-grant	0.00	yes	single-source	OpenSubtitles
гиней	55	449	0	OpenSubtitles	risk-accepted:no-grant	0.02	yes	single-source	OpenSubtitles
скормить	55	427	0	OpenSubtitles	risk-accepted:no-grant	0.00	yes	single-source	OpenSubtitles
галочка	55	393	1	OpenSubtitles+Tatoeba	clean:CC-BY-2.0-FR	0.52	yes	proper-noun-evidence	cap_ratio=0.52>=0.50
девственницы	55	375	0	OpenSubtitles	risk-accepted:no-grant	0.03	yes	single-source	OpenSubtitles
трахаемся	55	371	0	OpenSubtitles	risk-accepted:no-grant	0.00	yes	single-source	OpenSubtitles
шантажировали	55	370	0	OpenSubtitles	risk-accepted:no-grant	0.01	yes	single-source	OpenSubtitles
морячок	55	299	0	OpenSubtitles	risk-accepted:no-grant	0.13	yes	single-source	OpenSubtitles
божьи	54	627	8	OpenSubtitles+Tatoeba	clean:CC-BY-2.0-FR	0.55	yes	proper-noun-evidence	cap_ratio=0.55>=0.50
хённим	54	609	0	OpenSubtitles	risk-accepted:no-grant	0.02	yes	single-source	OpenSubtitles
трахаю	54	510	0	OpenSubtitles	risk-accepted:no-grant	0.01	yes	single-source	OpenSubtitles
обокрасть	54	451	0	OpenSubtitles	risk-accepted:no-grant	0.00	yes	single-source	OpenSubtitles
везешь	54	450	0	OpenSubtitles	risk-accepted:no-grant	0.00	yes	single-source	OpenSubtitles
подстроила	54	449	0	OpenSubtitles	risk-accepted:no-grant	0.00	yes	single-source	OpenSubtitles
друган	54	447	0	OpenSubtitles	risk-accepted:no-grant	0.01	yes	single-source	OpenSubtitles
крадешь	54	447	0	OpenSubtitles	risk-accepted:no-grant	0.00	yes	single-source	OpenSubtitles
облажаешься	54	438	0	OpenSubtitles	risk-accepted:no-grant	0.01	yes	single-source	OpenSubtitles
пончиками	54	411	0	OpenSubtitles	risk-accepted:no-grant	0.00	yes	single-source	OpenSubtitles
пенисом	54	393	0	OpenSubtitles	risk-accepted:no-grant	0.01	yes	single-source	OpenSubtitles
пнуть	54	388	0	OpenSubtitles	risk-accepted:no-grant	0.00	yes	single-source	OpenSubtitles
бесило	54	378	0	OpenSubtitles	risk-accepted:no-grant	0.00	yes	single-source	OpenSubtitles
надрала	54	365	0	OpenSubtitles	risk-accepted:no-grant	0.00	yes	single-source	OpenSubtitles
хоп	53	586	2	OpenSubtitles+Tatoeba	clean:CC-BY-2.0-FR	0.50	yes	proper-noun-evidence	cap_ratio=0.50>=0.50
божью	53	561	1	OpenSubtitles+Tatoeba	clean:CC-BY-2.0-FR	0.60	yes	proper-noun-evidence	cap_ratio=0.60>=0.50
отстойный	53	548	0	OpenSubtitles	risk-accepted:no-grant	0.01	yes	single-source	OpenSubtitles
вышвырнут	53	538	0	OpenSubtitles	risk-accepted:no-grant	0.00	yes	single-source	OpenSubtitles
бь	53	501	0	OpenSubtitles	risk-accepted:no-grant	0.01	yes	single-source	OpenSubtitles
дилдо	53	489	0	OpenSubtitles	risk-accepted:no-grant	0.11	yes	single-source	OpenSubtitles
дочурка	53	487	0	OpenSubtitles	risk-accepted:no-grant	0.01	yes	single-source	OpenSubtitles
стерли	53	484	0	OpenSubtitles	risk-accepted:no-grant	0.01	yes	single-source	OpenSubtitles
дабл	53	480	0	OpenSubtitles	risk-accepted:no-grant	0.73	yes	proper-noun-evidence	cap_ratio=0.73>=0.50
подражатель	53	477	0	OpenSubtitles	risk-accepted:no-grant	0.05	yes	single-source	OpenSubtitles
начит	53	475	0	OpenSubtitles	risk-accepted:no-grant	0.00	yes	single-source	OpenSubtitles
оэсщ	53	452	0	OpenSubtitles	risk-accepted:no-grant	0.00	yes	single-source	OpenSubtitles
клингоны	53	451	0	OpenSubtitles	risk-accepted:no-grant	0.05	yes	single-source	OpenSubtitles
джентельмен	53	450	0	OpenSubtitles	risk-accepted:no-grant	0.03	yes	single-source	OpenSubtitles
уведу	53	434	0	OpenSubtitles	risk-accepted:no-grant	0.00	yes	single-source	OpenSubtitles
застрянем	53	428	0	OpenSubtitles	risk-accepted:no-grant	0.00	yes	single-source	OpenSubtitles
консьерж	53	428	0	OpenSubtitles	risk-accepted:no-grant	0.03	yes	single-source	OpenSubtitles
истребительница	53	393	0	OpenSubtitles	risk-accepted:no-grant	0.77	yes	proper-noun-evidence	cap_ratio=0.77>=0.50
телку	53	393	0	OpenSubtitles	risk-accepted:no-grant	0.00	yes	single-source	OpenSubtitles
блонди	53	346	0	OpenSubtitles	risk-accepted:no-grant	0.74	yes	proper-noun-evidence	cap_ratio=0.74>=0.50
симуляцию	53	316	0	OpenSubtitles	risk-accepted:no-grant	0.00	yes	single-source	OpenSubtitles
долбаные	52	688	0	OpenSubtitles	risk-accepted:no-grant	0.00	yes	single-source	OpenSubtitles
жжет	52	595	0	OpenSubtitles	risk-accepted:no-grant	0.01	yes	single-source	OpenSubtitles
улетим	52	575	0	OpenSubtitles	risk-accepted:no-grant	0.01	yes	single-source	OpenSubtitles
раздавит	52	543	0	OpenSubtitles	risk-accepted:no-grant	0.00	yes	single-source	OpenSubtitles
тетушки	52	499	0	OpenSubtitles	risk-accepted:no-grant	0.02	yes	single-source	OpenSubtitles
силки	52	476	5	OpenSubtitles+Tatoeba	clean:CC-BY-2.0-FR	0.70	yes	proper-noun-evidence	cap_ratio=0.70>=0.50
отбросов	52	446	0	OpenSubtitles	risk-accepted:no-grant	0.11	yes	single-source	OpenSubtitles
папи	52	435	0	OpenSubtitles	risk-accepted:no-grant	0.60	yes	proper-noun-evidence	cap_ratio=0.60>=0.50
салам	52	431	0	OpenSubtitles	risk-accepted:no-grant	0.39	yes	single-source	OpenSubtitles
трекер	52	431	0	OpenSubtitles	risk-accepted:no-grant	0.07	yes	single-source	OpenSubtitles
вог	52	429	0	OpenSubtitles	risk-accepted:no-grant	0.66	yes	proper-noun-evidence	cap_ratio=0.66>=0.50
толика	52	428	2	OpenSubtitles+Tatoeba	clean:CC-BY-2.0-FR	0.57	yes	proper-noun-evidence	cap_ratio=0.57>=0.50
выдыхает	52	426	0	OpenSubtitles	risk-accepted:no-grant	0.10	yes	single-source	OpenSubtitles
унни	51	611	0	OpenSubtitles	risk-accepted:no-grant	0.08	yes	single-source	OpenSubtitles
осведомитель	51	577	0	OpenSubtitles	risk-accepted:no-grant	0.00	yes	single-source	OpenSubtitles
боргов	51	559	0	OpenSubtitles	risk-accepted:no-grant	0.13	yes	single-source	OpenSubtitles
тампон	51	528	0	OpenSubtitles	risk-accepted:no-grant	0.01	yes	single-source	OpenSubtitles
бурбона	51	505	0	OpenSubtitles	risk-accepted:no-grant	0.08	yes	single-source	OpenSubtitles
тетки	51	492	0	OpenSubtitles	risk-accepted:no-grant	0.02	yes	single-source	OpenSubtitles
старпом	51	489	0	OpenSubtitles	risk-accepted:no-grant	0.02	yes	single-source	OpenSubtitles
сучке	51	487	0	OpenSubtitles	risk-accepted:no-grant	0.01	yes	single-source	OpenSubtitles
подвозил	51	468	0	OpenSubtitles	risk-accepted:no-grant	0.00	yes	single-source	OpenSubtitles
скетч	51	464	0	OpenSubtitles	risk-accepted:no-grant	0.05	yes	single-source	OpenSubtitles
ищейка	51	455	0	OpenSubtitles	risk-accepted:no-grant	0.10	yes	single-source	OpenSubtitles
отстойная	51	413	0	OpenSubtitles	risk-accepted:no-grant	0.01	yes	single-source	OpenSubtitles
маскировку	51	399	0	OpenSubtitles	risk-accepted:no-grant	0.00	yes	single-source	OpenSubtitles
разобьем	51	398	0	OpenSubtitles	risk-accepted:no-grant	0.00	yes	single-source	OpenSubtitles
сойдешь	51	394	0	OpenSubtitles	risk-accepted:no-grant	0.00	yes	single-source	OpenSubtitles
халапеньо	51	392	0	OpenSubtitles	risk-accepted:no-grant	0.08	yes	single-source	OpenSubtitles
промежность	51	390	0	OpenSubtitles	risk-accepted:no-grant	0.01	yes	single-source	OpenSubtitles
крэка	51	389	0	OpenSubtitles	risk-accepted:no-grant	0.02	yes	single-source	OpenSubtitles
взорвет	51	388	0	OpenSubtitles	risk-accepted:no-grant	0.01	yes	single-source	OpenSubtitles
узри	51	386	0	OpenSubtitles	risk-accepted:no-grant	0.04	yes	single-source	OpenSubtitles
легавых	51	370	0	OpenSubtitles	risk-accepted:no-grant	0.01	yes	single-source	OpenSubtitles
лнфере	51	364	0	OpenSubtitles	risk-accepted:no-grant	0.59	yes	proper-noun-evidence	cap_ratio=0.59>=0.50
лузеров	51	328	0	OpenSubtitles	risk-accepted:no-grant	0.02	yes	single-source	OpenSubtitles
смышленый	51	295	0	OpenSubtitles	risk-accepted:no-grant	0.02	yes	single-source	OpenSubtitles
поимели	50	580	0	OpenSubtitles	risk-accepted:no-grant	0.00	yes	single-source	OpenSubtitles
приватный	50	512	0	OpenSubtitles	risk-accepted:no-grant	0.05	yes	single-source	OpenSubtitles
нарыл	50	498	0	OpenSubtitles	risk-accepted:no-grant	0.00	yes	single-source	OpenSubtitles
фрицы	50	497	0	OpenSubtitles	risk-accepted:no-grant	0.03	yes	single-source	OpenSubtitles
бедняжку	50	468	0	OpenSubtitles	risk-accepted:no-grant	0.00	yes	single-source	OpenSubtitles
убойного	50	465	0	OpenSubtitles	risk-accepted:no-grant	0.06	yes	single-source	OpenSubtitles
дергаться	50	458	0	OpenSubtitles	risk-accepted:no-grant	0.00	yes	single-source	OpenSubtitles
зовете	50	456	0	OpenSubtitles	risk-accepted:no-grant	0.00	yes	single-source	OpenSubtitles
клиентку	50	447	0	OpenSubtitles	risk-accepted:no-grant	0.01	yes	single-source	OpenSubtitles
зажжем	50	422	0	OpenSubtitles	risk-accepted:no-grant	0.02	yes	single-source	OpenSubtitles
печет	50	421	0	OpenSubtitles	risk-accepted:no-grant	0.02	yes	single-source	OpenSubtitles
аджосси	50	419	0	OpenSubtitles	risk-accepted:no-grant	0.00	yes	single-source	OpenSubtitles
тоник	50	415	0	OpenSubtitles	risk-accepted:no-grant	0.11	yes	single-source	OpenSubtitles
вопросик	50	410	0	OpenSubtitles	risk-accepted:no-grant	0.00	yes	single-source	OpenSubtitles
звучишь	50	404	0	OpenSubtitles	risk-accepted:no-grant	0.00	yes	single-source	OpenSubtitles
парамедики	50	400	0	OpenSubtitles	risk-accepted:no-grant	0.00	yes	single-source	OpenSubtitles
ординатор	50	386	0	OpenSubtitles	risk-accepted:no-grant	0.01	yes	single-source	OpenSubtitles
крохотные	50	382	0	OpenSubtitles	risk-accepted:no-grant	0.01	yes	single-source	OpenSubtitles
уфз	50	355	0	OpenSubtitles	risk-accepted:no-grant	0.01	yes	single-source	OpenSubtitles
ублюдками	50	281	0	OpenSubtitles	risk-accepted:no-grant	0.00	yes	single-source	OpenSubtitles
легавый	49	574	0	OpenSubtitles	risk-accepted:no-grant	0.02	yes	single-source	OpenSubtitles
бать	49	553	0	OpenSubtitles	risk-accepted:no-grant	0.10	yes	single-source	OpenSubtitles
просрал	49	518	0	OpenSubtitles	risk-accepted:no-grant	0.00	yes	single-source	OpenSubtitles
брит	49	507	0	OpenSubtitles	risk-accepted:no-grant	0.74	yes	proper-noun-evidence	cap_ratio=0.74>=0.50
божьих	49	502	6	OpenSubtitles+Tatoeba	clean:CC-BY-2.0-FR	0.55	yes	proper-noun-evidence	cap_ratio=0.55>=0.50
гематома	49	493	0	OpenSubtitles	risk-accepted:no-grant	0.00	yes	single-source	OpenSubtitles
подрочить	49	479	0	OpenSubtitles	risk-accepted:no-grant	0.00	yes	single-source	OpenSubtitles
кюре	49	475	0	OpenSubtitles	risk-accepted:no-grant	0.04	yes	single-source	OpenSubtitles
клингонов	49	469	0	OpenSubtitles	risk-accepted:no-grant	0.09	yes	single-source	OpenSubtitles
прилечу	49	467	0	OpenSubtitles	risk-accepted:no-grant	0.00	yes	single-source	OpenSubtitles
банши	49	461	0	OpenSubtitles	risk-accepted:no-grant	0.51	yes	proper-noun-evidence	cap_ratio=0.51>=0.50
ментам	49	457	0	OpenSubtitles	risk-accepted:no-grant	0.00	yes	single-source	OpenSubtitles
кбль	49	454	0	OpenSubtitles	risk-accepted:no-grant	0.00	yes	single-source	OpenSubtitles
арестуй	49	446	0	OpenSubtitles	risk-accepted:no-grant	0.02	yes	single-source	OpenSubtitles
поминках	49	440	0	OpenSubtitles	risk-accepted:no-grant	0.00	yes	single-source	OpenSubtitles
придурками	49	440	0	OpenSubtitles	risk-accepted:no-grant	0.00	yes	single-source	OpenSubtitles
оракул	49	436	2	OpenSubtitles+Tatoeba	clean:CC-BY-2.0-FR	0.50	yes	proper-noun-evidence	cap_ratio=0.50>=0.50
пюмю	49	427	0	OpenSubtitles	risk-accepted:no-grant	0.03	yes	single-source	OpenSubtitles
иэлщ	49	419	0	OpenSubtitles	risk-accepted:no-grant	0.01	yes	single-source	OpenSubtitles
шофера	49	418	0	OpenSubtitles	risk-accepted:no-grant	0.01	yes	single-source	OpenSubtitles
семейки	49	409	0	OpenSubtitles	risk-accepted:no-grant	0.11	yes	single-source	OpenSubtitles
червоточину	49	402	0	OpenSubtitles	risk-accepted:no-grant	0.02	yes	single-source	OpenSubtitles
сайлоны	49	383	0	OpenSubtitles	risk-accepted:no-grant	0.29	yes	single-source	OpenSubtitles
пасуй	49	382	0	OpenSubtitles	risk-accepted:no-grant	0.01	yes	single-source	OpenSubtitles
урою	49	372	0	OpenSubtitles	risk-accepted:no-grant	0.01	yes	single-source	OpenSubtitles
променяла	49	369	0	OpenSubtitles	risk-accepted:no-grant	0.00	yes	single-source	OpenSubtitles
чувиха	49	365	0	OpenSubtitles	risk-accepted:no-grant	0.01	yes	single-source	OpenSubtitles
сияющий	49	359	0	OpenSubtitles	risk-accepted:no-grant	0.09	yes	single-source	OpenSubtitles
дурачить	49	354	0	OpenSubtitles	risk-accepted:no-grant	0.00	yes	single-source	OpenSubtitles
сошелся	49	290	0	OpenSubtitles	risk-accepted:no-grant	0.00	yes	single-source	OpenSubtitles
заткнешься	48	548	0	OpenSubtitles	risk-accepted:no-grant	0.00	yes	single-source	OpenSubtitles
раскопать	48	523	0	OpenSubtitles	risk-accepted:no-grant	0.00	yes	single-source	OpenSubtitles
прострелю	48	499	0	OpenSubtitles	risk-accepted:no-grant	0.00	yes	single-source	OpenSubtitles
баш	48	498	0	OpenSubtitles	risk-accepted:no-grant	0.60	yes	proper-noun-evidence	cap_ratio=0.60>=0.50
лишусь	48	492	0	OpenSubtitles	risk-accepted:no-grant	0.00	yes	single-source	OpenSubtitles
потрясный	48	492	0	OpenSubtitles	risk-accepted:no-grant	0.01	yes	single-source	OpenSubtitles
прет	48	491	0	OpenSubtitles	risk-accepted:no-grant	0.02	yes	single-source	OpenSubtitles
вфнм	48	478	0	OpenSubtitles	risk-accepted:no-grant	0.00	yes	single-source	OpenSubtitles
разорвут	48	449	0	OpenSubtitles	risk-accepted:no-grant	0.00	yes	single-source	OpenSubtitles
шиллинг	48	446	0	OpenSubtitles	risk-accepted:no-grant	0.19	yes	single-source	OpenSubtitles
сожрет	48	432	0	OpenSubtitles	risk-accepted:no-grant	0.00	yes	single-source	OpenSubtitles
блондиночка	48	424	0	OpenSubtitles	risk-accepted:no-grant	0.02	yes	single-source	OpenSubtitles
алейкум	48	413	0	OpenSubtitles	risk-accepted:no-grant	0.10	yes	single-source	OpenSubtitles
пентхаусе	48	406	0	OpenSubtitles	risk-accepted:no-grant	0.03	yes	single-source	OpenSubtitles
дьявольская	48	399	0	OpenSubtitles	risk-accepted:no-grant	0.12	yes	single-source	OpenSubtitles
вфхм	48	396	0	OpenSubtitles	risk-accepted:no-grant	0.00	yes	single-source	OpenSubtitles
пристрелит	48	389	0	OpenSubtitles	risk-accepted:no-grant	0.00	yes	single-source	OpenSubtitles
кчабх	48	384	0	OpenSubtitles	risk-accepted:no-grant	0.50	yes	proper-noun-evidence	cap_ratio=0.50>=0.50
яйнкэйн	48	383	0	OpenSubtitles	risk-accepted:no-grant	0.75	yes	proper-noun-evidence	cap_ratio=0.75>=0.50
фрицев	48	380	0	OpenSubtitles	risk-accepted:no-grant	0.02	yes	single-source	OpenSubtitles
покопался	48	376	0	OpenSubtitles	risk-accepted:no-grant	0.00	yes	single-source	OpenSubtitles
тартар	48	365	0	OpenSubtitles	risk-accepted:no-grant	0.32	yes	single-source	OpenSubtitles
крендель	48	354	0	OpenSubtitles	risk-accepted:no-grant	0.17	yes	single-source	OpenSubtitles
порепетировать	48	350	0	OpenSubtitles	risk-accepted:no-grant	0.00	yes	single-source	OpenSubtitles
кюдмн	48	339	0	OpenSubtitles	risk-accepted:no-grant	0.70	yes	proper-noun-evidence	cap_ratio=0.70>=0.50
вытворять	48	318	0	OpenSubtitles	risk-accepted:no-grant	0.00	yes	single-source	OpenSubtitles
кексик	47	546	0	OpenSubtitles	risk-accepted:no-grant	0.29	yes	single-source	OpenSubtitles
ниггеры	47	536	0	OpenSubtitles	risk-accepted:no-grant	0.01	yes	single-source	OpenSubtitles
джипе	47	502	0	OpenSubtitles	risk-accepted:no-grant	0.06	yes	single-source	OpenSubtitles
позовешь	47	476	0	OpenSubtitles	risk-accepted:no-grant	0.00	yes	single-source	OpenSubtitles
говнюки	47	462	0	OpenSubtitles	risk-accepted:no-grant	0.01	yes	single-source	OpenSubtitles
майн	47	460	5	OpenSubtitles+Tatoeba	clean:CC-BY-2.0-FR	0.68	yes	proper-noun-evidence	cap_ratio=0.68>=0.50
улечу	47	446	0	OpenSubtitles	risk-accepted:no-grant	0.00	yes	single-source	OpenSubtitles
федералами	47	440	0	OpenSubtitles	risk-accepted:no-grant	0.02	yes	single-source	OpenSubtitles
ребеночка	47	439	0	OpenSubtitles	risk-accepted:no-grant	0.00	yes	single-source	OpenSubtitles
укромное	47	418	0	OpenSubtitles	risk-accepted:no-grant	0.00	yes	single-source	OpenSubtitles
звездолет	47	416	0	OpenSubtitles	risk-accepted:no-grant	0.04	yes	single-source	OpenSubtitles
пикси	47	413	0	OpenSubtitles	risk-accepted:no-grant	0.63	yes	proper-noun-evidence	cap_ratio=0.63>=0.50
навредили	47	402	0	OpenSubtitles	risk-accepted:no-grant	0.00	yes	single-source	OpenSubtitles
присматриваешь	47	395	0	OpenSubtitles	risk-accepted:no-grant	0.00	yes	single-source	OpenSubtitles
реяцу	47	382	0	OpenSubtitles	risk-accepted:no-grant	0.01	yes	single-source	OpenSubtitles
вуаль	47	381	0	OpenSubtitles	risk-accepted:no-grant	0.05	yes	single-source	OpenSubtitles
чероки	47	378	0	OpenSubtitles	risk-accepted:no-grant	0.61	yes	proper-noun-evidence	cap_ratio=0.61>=0.50
шаббат	47	369	3	OpenSubtitles+Tatoeba	clean:CC-BY-2.0-FR	0.56	yes	proper-noun-evidence	cap_ratio=0.56>=0.50
мрпсю	47	355	0	OpenSubtitles	risk-accepted:no-grant	0.00	yes	single-source	OpenSubtitles
вое	47	351	0	OpenSubtitles	risk-accepted:no-grant	0.07	yes	single-source	OpenSubtitles
черномазый	47	339	0	OpenSubtitles	risk-accepted:no-grant	0.02	yes	single-source	OpenSubtitles
папик	47	334	0	OpenSubtitles	risk-accepted:no-grant	0.09	yes	single-source	OpenSubtitles
зай	47	333	0	OpenSubtitles	risk-accepted:no-grant	0.12	yes	single-source	OpenSubtitles
долбаного	47	313	0	OpenSubtitles	risk-accepted:no-grant	0.00	yes	single-source	OpenSubtitles
тусили	47	303	0	OpenSubtitles	risk-accepted:no-grant	0.00	yes	single-source	OpenSubtitles
телки	46	586	0	OpenSubtitles	risk-accepted:no-grant	0.01	yes	single-source	OpenSubtitles
чакру	46	503	0	OpenSubtitles	risk-accepted:no-grant	0.15	yes	single-source	OpenSubtitles
гриш	46	486	1	OpenSubtitles+Tatoeba	clean:CC-BY-2.0-FR	0.80	yes	proper-noun-evidence	cap_ratio=0.80>=0.50
целитель	46	476	0	OpenSubtitles	risk-accepted:no-grant	0.14	yes	single-source	OpenSubtitles
сырные	46	471	0	OpenSubtitles	risk-accepted:no-grant	0.04	yes	single-source	OpenSubtitles
така	46	460	0	OpenSubtitles	risk-accepted:no-grant	0.76	yes	proper-noun-evidence	cap_ratio=0.76>=0.50
виста	46	458	0	OpenSubtitles	risk-accepted:no-grant	0.74	yes	proper-noun-evidence	cap_ratio=0.74>=0.50
педики	46	458	0	OpenSubtitles	risk-accepted:no-grant	0.02	yes	single-source	OpenSubtitles
стерву	46	454	0	OpenSubtitles	risk-accepted:no-grant	0.02	yes	single-source	OpenSubtitles
драконий	46	437	1	OpenSubtitles+Tatoeba	clean:CC-BY-2.0-FR	0.61	yes	proper-noun-evidence	cap_ratio=0.61>=0.50
долбаную	46	433	0	OpenSubtitles	risk-accepted:no-grant	0.00	yes	single-source	OpenSubtitles
развяжите	46	428	0	OpenSubtitles	risk-accepted:no-grant	0.02	yes	single-source	OpenSubtitles
криптонит	46	427	0	OpenSubtitles	risk-accepted:no-grant	0.14	yes	single-source	OpenSubtitles
чика	46	419	0	OpenSubtitles	risk-accepted:no-grant	0.52	yes	proper-noun-evidence	cap_ratio=0.52>=0.50
сорвется	46	411	0	OpenSubtitles	risk-accepted:no-grant	0.00	yes	single-source	OpenSubtitles
уберет	46	407	0	OpenSubtitles	risk-accepted:no-grant	0.00	yes	single-source	OpenSubtitles
отвлечет	46	391	0	OpenSubtitles	risk-accepted:no-grant	0.00	yes	single-source	OpenSubtitles
подбросила	46	382	0	OpenSubtitles	risk-accepted:no-grant	0.01	yes	single-source	OpenSubtitles
бастард	46	367	0	OpenSubtitles	risk-accepted:no-grant	0.06	yes	single-source	OpenSubtitles
высасывает	46	364	0	OpenSubtitles	risk-accepted:no-grant	0.00	yes	single-source	OpenSubtitles
мзн	46	354	0	OpenSubtitles	risk-accepted:no-grant	0.02	yes	single-source	OpenSubtitles
зациклилась	46	353	0	OpenSubtitles	risk-accepted:no-grant	0.00	yes	single-source	OpenSubtitles
назначьте	46	352	0	OpenSubtitles	risk-accepted:no-grant	0.03	yes	single-source	OpenSubtitles
жмет	46	338	0	OpenSubtitles	risk-accepted:no-grant	0.01	yes	single-source	OpenSubtitles
высокопреосвященство	46	337	0	OpenSubtitles	risk-accepted:no-grant	0.68	yes	proper-noun-evidence	cap_ratio=0.68>=0.50
мозгоправ	46	324	0	OpenSubtitles	risk-accepted:no-grant	0.01	yes	single-source	OpenSubtitles
уговора	46	313	0	OpenSubtitles	risk-accepted:no-grant	0.00	yes	single-source	OpenSubtitles
таскала	46	300	0	OpenSubtitles	risk-accepted:no-grant	0.00	yes	single-source	OpenSubtitles
приглядывает	46	278	0	OpenSubtitles	risk-accepted:no-grant	0.00	yes	single-source	OpenSubtitles
телепорт	46	278	0	OpenSubtitles	risk-accepted:no-grant	0.02	yes	single-source	OpenSubtitles
коммандера	45	550	0	OpenSubtitles	risk-accepted:no-grant	0.02	yes	single-source	OpenSubtitles
гребаных	45	537	0	OpenSubtitles	risk-accepted:no-grant	0.00	yes	single-source	OpenSubtitles
дурочку	45	508	0	OpenSubtitles	risk-accepted:no-grant	0.00	yes	single-source	OpenSubtitles
приемник	45	477	0	OpenSubtitles	risk-accepted:no-grant	0.01	yes	single-source	OpenSubtitles
отследила	45	472	0	OpenSubtitles	risk-accepted:no-grant	0.00	yes	single-source	OpenSubtitles
трахнуться	45	422	0	OpenSubtitles	risk-accepted:no-grant	0.00	yes	single-source	OpenSubtitles
замели	45	413	0	OpenSubtitles	risk-accepted:no-grant	0.00	yes	single-source	OpenSubtitles
дроидов	45	395	0	OpenSubtitles	risk-accepted:no-grant	0.01	yes	single-source	OpenSubtitles
подстрелила	45	392	0	OpenSubtitles	risk-accepted:no-grant	0.00	yes	single-source	OpenSubtitles
ролл	45	392	0	OpenSubtitles	risk-accepted:no-grant	0.29	yes	single-source	OpenSubtitles
картелем	45	391	0	OpenSubtitles	risk-accepted:no-grant	0.03	yes	single-source	OpenSubtitles
глупенькая	45	388	0	OpenSubtitles	risk-accepted:no-grant	0.01	yes	single-source	OpenSubtitles
незнаю	45	386	0	OpenSubtitles	risk-accepted:no-grant	0.00	yes	single-source	OpenSubtitles
позовет	45	385	0	OpenSubtitles	risk-accepted:no-grant	0.00	yes	single-source	OpenSubtitles
поплывем	45	383	0	OpenSubtitles	risk-accepted:no-grant	0.01	yes	single-source	OpenSubtitles
засранка	45	374	0	OpenSubtitles	risk-accepted:no-grant	0.01	yes	single-source	OpenSubtitles
зарежу	45	363	0	OpenSubtitles	risk-accepted:no-grant	0.00	yes	single-source	OpenSubtitles
психотерапевтом	45	361	0	OpenSubtitles	risk-accepted:no-grant	0.00	yes	single-source	OpenSubtitles
надумала	45	350	0	OpenSubtitles	risk-accepted:no-grant	0.00	yes	single-source	OpenSubtitles
кондо	45	343	0	OpenSubtitles	risk-accepted:no-grant	0.64	yes	proper-noun-evidence	cap_ratio=0.64>=0.50
дроид	45	339	0	OpenSubtitles	risk-accepted:no-grant	0.05	yes	single-source	OpenSubtitles
пырнули	45	335	0	OpenSubtitles	risk-accepted:no-grant	0.00	yes	single-source	OpenSubtitles
лелеять	45	334	0	OpenSubtitles	risk-accepted:no-grant	0.00	yes	single-source	OpenSubtitles
алоха	45	332	1	OpenSubtitles+Tatoeba	clean:CC-BY-2.0-FR	0.51	yes	proper-noun-evidence	cap_ratio=0.51>=0.50
долбаных	45	328	0	OpenSubtitles	risk-accepted:no-grant	0.00	yes	single-source	OpenSubtitles
кетамин	45	327	0	OpenSubtitles	risk-accepted:no-grant	0.04	yes	single-source	OpenSubtitles
экстра	45	327	0	OpenSubtitles	risk-accepted:no-grant	0.24	yes	single-source	OpenSubtitles
туннелях	45	325	0	OpenSubtitles	risk-accepted:no-grant	0.02	yes	single-source	OpenSubtitles
отребье	45	324	0	OpenSubtitles	risk-accepted:no-grant	0.03	yes	single-source	OpenSubtitles
мотаться	45	314	0	OpenSubtitles	risk-accepted:no-grant	0.00	yes	single-source	OpenSubtitles
покалечил	45	312	0	OpenSubtitles	risk-accepted:no-grant	0.00	yes	single-source	OpenSubtitles
ьфбн	45	267	0	OpenSubtitles	risk-accepted:no-grant	0.00	yes	single-source	OpenSubtitles
потрошителя	44	501	0	OpenSubtitles	risk-accepted:no-grant	0.73	yes	proper-noun-evidence	cap_ratio=0.73>=0.50
полетать	44	486	0	OpenSubtitles	risk-accepted:no-grant	0.00	yes	single-source	OpenSubtitles
чертового	44	478	0	OpenSubtitles	risk-accepted:no-grant	0.01	yes	single-source	OpenSubtitles
пуле	44	461	0	OpenSubtitles	risk-accepted:no-grant	0.06	yes	single-source	OpenSubtitles
федерал	44	452	0	OpenSubtitles	risk-accepted:no-grant	0.24	yes	single-source	OpenSubtitles
заполучила	44	449	0	OpenSubtitles	risk-accepted:no-grant	0.00	yes	single-source	OpenSubtitles
пек	44	447	1	OpenSubtitles+Tatoeba	clean:CC-BY-2.0-FR	0.79	yes	proper-noun-evidence	cap_ratio=0.79>=0.50
мерил	44	443	14	OpenSubtitles+Tatoeba	clean:CC-BY-2.0-FR	0.72	yes	proper-noun-evidence	cap_ratio=0.72>=0.50
зовется	44	442	0	OpenSubtitles	risk-accepted:no-grant	0.00	yes	single-source	OpenSubtitles
дюбюире	44	432	0	OpenSubtitles	risk-accepted:no-grant	0.65	yes	proper-noun-evidence	cap_ratio=0.65>=0.50
выслеживать	44	429	0	OpenSubtitles	risk-accepted:no-grant	0.00	yes	single-source	OpenSubtitles
стриптизерша	44	421	0	OpenSubtitles	risk-accepted:no-grant	0.01	yes	single-source	OpenSubtitles
ауру	44	416	0	OpenSubtitles	risk-accepted:no-grant	0.06	yes	single-source	OpenSubtitles
долбаной	44	416	0	OpenSubtitles	risk-accepted:no-grant	0.00	yes	single-source	OpenSubtitles
гугле	44	407	18	OpenSubtitles+Tatoeba	clean:CC-BY-2.0-FR	0.68	yes	proper-noun-evidence	cap_ratio=0.68>=0.50
бхфю	44	402	0	OpenSubtitles	risk-accepted:no-grant	0.00	yes	single-source	OpenSubtitles
очешь	44	401	0	OpenSubtitles	risk-accepted:no-grant	0.00	yes	single-source	OpenSubtitles
заварушка	44	396	0	OpenSubtitles	risk-accepted:no-grant	0.00	yes	single-source	OpenSubtitles
привезёт	44	382	0	OpenSubtitles	risk-accepted:no-grant	0.00	yes	single-source	OpenSubtitles
верняк	44	377	0	OpenSubtitles	risk-accepted:no-grant	0.01	yes	single-source	OpenSubtitles
секьюрити	44	376	0	OpenSubtitles	risk-accepted:no-grant	0.80	yes	proper-noun-evidence	cap_ratio=0.80>=0.50
пристрелишь	44	373	0	OpenSubtitles	risk-accepted:no-grant	0.01	yes	single-source	OpenSubtitles
разнес	44	372	0	OpenSubtitles	risk-accepted:no-grant	0.00	yes	single-source	OpenSubtitles
кисэн	44	369	0	OpenSubtitles	risk-accepted:no-grant	0.00	yes	single-source	OpenSubtitles
тоесть	44	366	0	OpenSubtitles	risk-accepted:no-grant	0.06	yes	single-source	OpenSubtitles
заряжены	44	359	0	OpenSubtitles	risk-accepted:no-grant	0.01	yes	single-source	OpenSubtitles
дежа	44	357	0	OpenSubtitles	risk-accepted:no-grant	0.24	yes	single-source	OpenSubtitles
дите	44	357	0	OpenSubtitles	risk-accepted:no-grant	0.07	yes	single-source	OpenSubtitles
взорвусь	44	345	0	OpenSubtitles	risk-accepted:no-grant	0.00	yes	single-source	OpenSubtitles
мьнп	44	340	0	OpenSubtitles	risk-accepted:no-grant	0.01	yes	single-source	OpenSubtitles
кретина	44	336	0	OpenSubtitles	risk-accepted:no-grant	0.01	yes	single-source	OpenSubtitles
толстовка	44	333	0	OpenSubtitles	risk-accepted:no-grant	0.00	yes	single-source	OpenSubtitles
красавчики	44	330	0	OpenSubtitles	risk-accepted:no-grant	0.02	yes	single-source	OpenSubtitles
симпатяга	44	325	0	OpenSubtitles	risk-accepted:no-grant	0.02	yes	single-source	OpenSubtitles
ковен	44	308	0	OpenSubtitles	risk-accepted:no-grant	0.20	yes	single-source	OpenSubtitles
ошивался	44	308	0	OpenSubtitles	risk-accepted:no-grant	0.00	yes	single-source	OpenSubtitles
курва	44	304	0	OpenSubtitles	risk-accepted:no-grant	0.01	yes	single-source	OpenSubtitles
наехать	44	297	0	OpenSubtitles	risk-accepted:no-grant	0.00	yes	single-source	OpenSubtitles
юрфак	44	289	0	OpenSubtitles	risk-accepted:no-grant	0.01	yes	single-source	OpenSubtitles
яоюяхан	43	522	0	OpenSubtitles	risk-accepted:no-grant	0.57	yes	proper-noun-evidence	cap_ratio=0.57>=0.50
гребаное	43	464	0	OpenSubtitles	risk-accepted:no-grant	0.00	yes	single-source	OpenSubtitles
выпустишь	43	449	0	OpenSubtitles	risk-accepted:no-grant	0.00	yes	single-source	OpenSubtitles
ассистенткой	43	421	0	OpenSubtitles	risk-accepted:no-grant	0.00	yes	single-source	OpenSubtitles
похоти	43	417	0	OpenSubtitles	risk-accepted:no-grant	0.02	yes	single-source	OpenSubtitles
ссыкло	43	410	0	OpenSubtitles	risk-accepted:no-grant	0.02	yes	single-source	OpenSubtitles
таскаться	43	405	0	OpenSubtitles	risk-accepted:no-grant	0.01	yes	single-source	OpenSubtitles
педиков	43	400	0	OpenSubtitles	risk-accepted:no-grant	0.01	yes	single-source	OpenSubtitles
бутик	43	394	0	OpenSubtitles	risk-accepted:no-grant	0.03	yes	single-source	OpenSubtitles
исцелиться	43	388	0	OpenSubtitles	risk-accepted:no-grant	0.00	yes	single-source	OpenSubtitles
сраным	43	386	0	OpenSubtitles	risk-accepted:no-grant	0.00	yes	single-source	OpenSubtitles
шофером	43	379	0	OpenSubtitles	risk-accepted:no-grant	0.01	yes	single-source	OpenSubtitles
оргия	43	375	0	OpenSubtitles	risk-accepted:no-grant	0.02	yes	single-source	OpenSubtitles
уликах	43	375	0	OpenSubtitles	risk-accepted:no-grant	0.01	yes	single-source	OpenSubtitles
проникнем	43	364	0	OpenSubtitles	risk-accepted:no-grant	0.00	yes	single-source	OpenSubtitles
долбанные	43	361	0	OpenSubtitles	risk-accepted:no-grant	0.00	yes	single-source	OpenSubtitles
отойдет	43	354	0	OpenSubtitles	risk-accepted:no-grant	0.00	yes	single-source	OpenSubtitles
поэтично	43	350	0	OpenSubtitles	risk-accepted:no-grant	0.00	yes	single-source	OpenSubtitles
улёт	43	349	0	OpenSubtitles	risk-accepted:no-grant	0.01	yes	single-source	OpenSubtitles
трахают	43	348	0	OpenSubtitles	risk-accepted:no-grant	0.00	yes	single-source	OpenSubtitles
неженка	43	346	0	OpenSubtitles	risk-accepted:no-grant	0.08	yes	single-source	OpenSubtitles
гребешки	43	343	0	OpenSubtitles	risk-accepted:no-grant	0.04	yes	single-source	OpenSubtitles
отсидеть	43	328	0	OpenSubtitles	risk-accepted:no-grant	0.00	yes	single-source	OpenSubtitles
собьет	43	328	0	OpenSubtitles	risk-accepted:no-grant	0.00	yes	single-source	OpenSubtitles
раздобуду	43	327	0	OpenSubtitles	risk-accepted:no-grant	0.00	yes	single-source	OpenSubtitles
сатану	43	325	0	OpenSubtitles	risk-accepted:no-grant	0.66	yes	proper-noun-evidence	cap_ratio=0.66>=0.50
вкусить	43	319	0	OpenSubtitles	risk-accepted:no-grant	0.01	yes	single-source	OpenSubtitles
учуять	43	318	0	OpenSubtitles	risk-accepted:no-grant	0.00	yes	single-source	OpenSubtitles
надерем	43	311	0	OpenSubtitles	risk-accepted:no-grant	0.01	yes	single-source	OpenSubtitles
протащить	43	304	0	OpenSubtitles	risk-accepted:no-grant	0.00	yes	single-source	OpenSubtitles
обыщу	43	287	0	OpenSubtitles	risk-accepted:no-grant	0.00	yes	single-source	OpenSubtitles
прикоснусь	43	285	0	OpenSubtitles	risk-accepted:no-grant	0.00	yes	single-source	OpenSubtitles
мальчишнике	43	277	0	OpenSubtitles	risk-accepted:no-grant	0.06	yes	single-source	OpenSubtitles
пожиратель	43	276	0	OpenSubtitles	risk-accepted:no-grant	0.34	yes	single-source	OpenSubtitles
затянет	43	273	0	OpenSubtitles	risk-accepted:no-grant	0.00	yes	single-source	OpenSubtitles
побоюсь	43	267	0	OpenSubtitles	risk-accepted:no-grant	0.00	yes	single-source	OpenSubtitles
лузеры	42	484	0	OpenSubtitles	risk-accepted:no-grant	0.05	yes	single-source	OpenSubtitles
юнец	42	479	0	OpenSubtitles	risk-accepted:no-grant	0.01	yes	single-source	OpenSubtitles
люб	42	451	1	OpenSubtitles+Tatoeba	clean:CC-BY-2.0-FR	0.64	yes	proper-noun-evidence	cap_ratio=0.64>=0.50
поросенка	42	435	0	OpenSubtitles	risk-accepted:no-grant	0.01	yes	single-source	OpenSubtitles
бедами	42	433	0	OpenSubtitles	risk-accepted:no-grant	0.23	yes	single-source	OpenSubtitles
шокер	42	423	0	OpenSubtitles	risk-accepted:no-grant	0.05	yes	single-source	OpenSubtitles
трусиков	42	415	0	OpenSubtitles	risk-accepted:no-grant	0.00	yes	single-source	OpenSubtitles
уфпн	42	407	0	OpenSubtitles	risk-accepted:no-grant	0.01	yes	single-source	OpenSubtitles
фхпют	42	391	0	OpenSubtitles	risk-accepted:no-grant	0.02	yes	single-source	OpenSubtitles
мьы	42	383	0	OpenSubtitles	risk-accepted:no-grant	0.00	yes	single-source	OpenSubtitles
вобще	42	382	0	OpenSubtitles	risk-accepted:no-grant	0.00	yes	single-source	OpenSubtitles
уно	42	377	2	OpenSubtitles+Tatoeba	clean:CC-BY-2.0-FR	0.71	yes	proper-noun-evidence	cap_ratio=0.71>=0.50
блестки	42	376	0	OpenSubtitles	risk-accepted:no-grant	0.03	yes	single-source	OpenSubtitles
сонную	42	372	0	OpenSubtitles	risk-accepted:no-grant	0.10	yes	single-source	OpenSubtitles
лишу	42	371	0	OpenSubtitles	risk-accepted:no-grant	0.01	yes	single-source	OpenSubtitles
дей	42	370	1	OpenSubtitles+Tatoeba	clean:CC-BY-2.0-FR	0.64	yes	proper-noun-evidence	cap_ratio=0.64>=0.50
фентанил	42	364	0	OpenSubtitles	risk-accepted:no-grant	0.09	yes	single-source	OpenSubtitles
уликам	42	361	0	OpenSubtitles	risk-accepted:no-grant	0.00	yes	single-source	OpenSubtitles
кажи	42	357	0	OpenSubtitles	risk-accepted:no-grant	0.00	yes	single-source	OpenSubtitles
оттянуться	42	357	0	OpenSubtitles	risk-accepted:no-grant	0.00	yes	single-source	OpenSubtitles
проткнул	42	354	0	OpenSubtitles	risk-accepted:no-grant	0.01	yes	single-source	OpenSubtitles
бизон	42	352	3	OpenSubtitles+Tatoeba	clean:CC-BY-2.0-FR	0.50	yes	proper-noun-evidence	cap_ratio=0.50>=0.50
отрежут	42	351	0	OpenSubtitles	risk-accepted:no-grant	0.00	yes	single-source	OpenSubtitles
напьемся	42	350	0	OpenSubtitles	risk-accepted:no-grant	0.01	yes	single-source	OpenSubtitles
разорвёт	42	344	0	OpenSubtitles	risk-accepted:no-grant	0.01	yes	single-source	OpenSubtitles
педиком	42	340	0	OpenSubtitles	risk-accepted:no-grant	0.01	yes	single-source	OpenSubtitles
опрашивать	42	338	0	OpenSubtitles	risk-accepted:no-grant	0.00	yes	single-source	OpenSubtitles
туже	42	337	0	OpenSubtitles	risk-accepted:no-grant	0.00	yes	single-source	OpenSubtitles
кардио	42	331	0	OpenSubtitles	risk-accepted:no-grant	0.04	yes	single-source	OpenSubtitles
вколол	42	323	0	OpenSubtitles	risk-accepted:no-grant	0.00	yes	single-source	OpenSubtitles
психанула	42	321	0	OpenSubtitles	risk-accepted:no-grant	0.01	yes	single-source	OpenSubtitles
сбегут	42	321	0	OpenSubtitles	risk-accepted:no-grant	0.00	yes	single-source	OpenSubtitles
зависнуть	42	315	0	OpenSubtitles	risk-accepted:no-grant	0.02	yes	single-source	OpenSubtitles
клиентке	42	302	0	OpenSubtitles	risk-accepted:no-grant	0.01	yes	single-source	OpenSubtitles
проглотит	42	290	0	OpenSubtitles	risk-accepted:no-grant	0.00	yes	single-source	OpenSubtitles
самаритянина	42	288	0	OpenSubtitles	risk-accepted:no-grant	0.73	yes	proper-noun-evidence	cap_ratio=0.73>=0.50
сдружились	42	283	0	OpenSubtitles	risk-accepted:no-grant	0.00	yes	single-source	OpenSubtitles
самоубийцы	42	281	0	OpenSubtitles	risk-accepted:no-grant	0.03	yes	single-source	OpenSubtitles
отрепетировать	42	280	0	OpenSubtitles	risk-accepted:no-grant	0.00	yes	single-source	OpenSubtitles
отблагодарю	42	255	0	OpenSubtitles	risk-accepted:no-grant	0.00	yes	single-source	OpenSubtitles
чумовой	42	252	0	OpenSubtitles	risk-accepted:no-grant	0.14	yes	single-source	OpenSubtitles
шланги	42	232	0	OpenSubtitles	risk-accepted:no-grant	0.01	yes	single-source	OpenSubtitles
тым	42	213	0	OpenSubtitles	risk-accepted:no-grant	0.05	yes	single-source	OpenSubtitles
няньки	41	462	0	OpenSubtitles	risk-accepted:no-grant	0.00	yes	single-source	OpenSubtitles
парнишки	41	462	0	OpenSubtitles	risk-accepted:no-grant	0.00	yes	single-source	OpenSubtitles
мессир	41	455	0	OpenSubtitles	risk-accepted:no-grant	0.07	yes	single-source	OpenSubtitles
попки	41	442	0	OpenSubtitles	risk-accepted:no-grant	0.03	yes	single-source	OpenSubtitles
спустим	41	433	0	OpenSubtitles	risk-accepted:no-grant	0.00	yes	single-source	OpenSubtitles
тужиться	41	426	0	OpenSubtitles	risk-accepted:no-grant	0.00	yes	single-source	OpenSubtitles
крепыш	41	424	0	OpenSubtitles	risk-accepted:no-grant	0.22	yes	single-source	OpenSubtitles
трясется	41	410	0	OpenSubtitles	risk-accepted:no-grant	0.00	yes	single-source	OpenSubtitles
хренью	41	400	0	OpenSubtitles	risk-accepted:no-grant	0.00	yes	single-source	OpenSubtitles
экзорцизм	41	399	0	OpenSubtitles	risk-accepted:no-grant	0.01	yes	single-source	OpenSubtitles
хайль	41	398	0	OpenSubtitles	risk-accepted:no-grant	0.53	yes	proper-noun-evidence	cap_ratio=0.53>=0.50
злобных	41	392	0	OpenSubtitles	risk-accepted:no-grant	0.02	yes	single-source	OpenSubtitles
прелюдия	41	389	0	OpenSubtitles	risk-accepted:no-grant	0.05	yes	single-source	OpenSubtitles
патер	41	386	0	OpenSubtitles	risk-accepted:no-grant	0.04	yes	single-source	OpenSubtitles
бульдог	41	384	0	OpenSubtitles	risk-accepted:no-grant	0.39	yes	single-source	OpenSubtitles
доку	41	384	0	OpenSubtitles	risk-accepted:no-grant	0.49	yes	single-source	OpenSubtitles
дбю	41	369	0	OpenSubtitles	risk-accepted:no-grant	0.38	yes	single-source	OpenSubtitles
папашей	41	353	0	OpenSubtitles	risk-accepted:no-grant	0.04	yes	single-source	OpenSubtitles
чокнутого	41	353	0	OpenSubtitles	risk-accepted:no-grant	0.09	yes	single-source	OpenSubtitles
подержишь	41	349	0	OpenSubtitles	risk-accepted:no-grant	0.00	yes	single-source	OpenSubtitles
взывает	41	348	0	OpenSubtitles	risk-accepted:no-grant	0.01	yes	single-source	OpenSubtitles
вонючих	41	346	0	OpenSubtitles	risk-accepted:no-grant	0.00	yes	single-source	OpenSubtitles
порвет	41	346	0	OpenSubtitles	risk-accepted:no-grant	0.00	yes	single-source	OpenSubtitles
егерь	41	345	0	OpenSubtitles	risk-accepted:no-grant	0.13	yes	single-source	OpenSubtitles
навредят	41	344	0	OpenSubtitles	risk-accepted:no-grant	0.01	yes	single-source	OpenSubtitles
взорвём	41	342	0	OpenSubtitles	risk-accepted:no-grant	0.00	yes	single-source	OpenSubtitles
братуха	41	337	0	OpenSubtitles	risk-accepted:no-grant	0.02	yes	single-source	OpenSubtitles
фокстрот	41	328	0	OpenSubtitles	risk-accepted:no-grant	0.50	yes	proper-noun-evidence	cap_ratio=0.50>=0.50
гребаном	41	324	0	OpenSubtitles	risk-accepted:no-grant	0.00	yes	single-source	OpenSubtitles
кам	41	323	0	OpenSubtitles	risk-accepted:no-grant	0.68	yes	proper-noun-evidence	cap_ratio=0.68>=0.50
столкнемся	41	323	0	OpenSubtitles	risk-accepted:no-grant	0.00	yes	single-source	OpenSubtitles
медотсек	41	317	0	OpenSubtitles	risk-accepted:no-grant	0.03	yes	single-source	OpenSubtitles
исповедоваться	41	314	0	OpenSubtitles	risk-accepted:no-grant	0.00	yes	single-source	OpenSubtitles
оэсейт	41	313	0	OpenSubtitles	risk-accepted:no-grant	0.01	yes	single-source	OpenSubtitles
мрпсея	41	306	0	OpenSubtitles	risk-accepted:no-grant	0.00	yes	single-source	OpenSubtitles
ало	41	301	1	OpenSubtitles+Tatoeba	clean:CC-BY-2.0-FR	0.75	yes	proper-noun-evidence	cap_ratio=0.75>=0.50
перестаралась	41	290	0	OpenSubtitles	risk-accepted:no-grant	0.00	yes	single-source	OpenSubtitles
мичман	41	284	0	OpenSubtitles	risk-accepted:no-grant	0.03	yes	single-source	OpenSubtitles
филантроп	41	284	0	OpenSubtitles	risk-accepted:no-grant	0.07	yes	single-source	OpenSubtitles
аты	41	280	0	OpenSubtitles	risk-accepted:no-grant	0.21	yes	single-source	OpenSubtitles
окси	40	423	0	OpenSubtitles	risk-accepted:no-grant	0.27	yes	single-source	OpenSubtitles
нян	40	416	0	OpenSubtitles	risk-accepted:no-grant	0.35	yes	single-source	OpenSubtitles
отослала	40	413	0	OpenSubtitles	risk-accepted:no-grant	0.01	yes	single-source	OpenSubtitles
сквайр	40	399	0	OpenSubtitles	risk-accepted:no-grant	0.35	yes	single-source	OpenSubtitles
гребанный	40	397	0	OpenSubtitles	risk-accepted:no-grant	0.00	yes	single-source	OpenSubtitles
жижи	40	396	0	OpenSubtitles	risk-accepted:no-grant	0.76	yes	proper-noun-evidence	cap_ratio=0.76>=0.50
муженек	40	388	0	OpenSubtitles	risk-accepted:no-grant	0.00	yes	single-source	OpenSubtitles
гадкая	40	379	0	OpenSubtitles	risk-accepted:no-grant	0.01	yes	single-source	OpenSubtitles
дамскую	40	379	0	OpenSubtitles	risk-accepted:no-grant	0.01	yes	single-source	OpenSubtitles
рою	40	370	4	OpenSubtitles+Tatoeba	clean:CC-BY-2.0-FR	0.71	yes	proper-noun-evidence	cap_ratio=0.71>=0.50
эдакий	40	369	0	OpenSubtitles	risk-accepted:no-grant	0.00	yes	single-source	OpenSubtitles
дебилов	40	368	0	OpenSubtitles	risk-accepted:no-grant	0.01	yes	single-source	OpenSubtitles
заведешь	40	363	0	OpenSubtitles	risk-accepted:no-grant	0.00	yes	single-source	OpenSubtitles
батька	40	362	0	OpenSubtitles	risk-accepted:no-grant	0.07	yes	single-source	OpenSubtitles
облажаюсь	40	362	0	OpenSubtitles	risk-accepted:no-grant	0.00	yes	single-source	OpenSubtitles
морфия	40	361	0	OpenSubtitles	risk-accepted:no-grant	0.00	yes	single-source	OpenSubtitles
порезов	40	359	0	OpenSubtitles	risk-accepted:no-grant	0.00	yes	single-source	OpenSubtitles
оторвемся	40	357	0	OpenSubtitles	risk-accepted:no-grant	0.02	yes	single-source	OpenSubtitles
прорвемся	40	353	0	OpenSubtitles	risk-accepted:no-grant	0.02	yes	single-source	OpenSubtitles
сексизм	40	351	0	OpenSubtitles	risk-accepted:no-grant	0.01	yes	single-source	OpenSubtitles
дружбан	40	350	0	OpenSubtitles	risk-accepted:no-grant	0.02	yes	single-source	OpenSubtitles
вонючую	40	349	0	OpenSubtitles	risk-accepted:no-grant	0.00	yes	single-source	OpenSubtitles
соскочить	40	349	0	OpenSubtitles	risk-accepted:no-grant	0.00	yes	single-source	OpenSubtitles
какашек	40	344	0	OpenSubtitles	risk-accepted:no-grant	0.01	yes	single-source	OpenSubtitles
просвети	40	344	0	OpenSubtitles	risk-accepted:no-grant	0.01	yes	single-source	OpenSubtitles
триппер	40	344	1	OpenSubtitles+Tatoeba	clean:CC-BY-2.0-FR	0.70	yes	proper-noun-evidence	cap_ratio=0.70>=0.50
малолеток	40	343	0	OpenSubtitles	risk-accepted:no-grant	0.00	yes	single-source	OpenSubtitles
мальца	40	342	0	OpenSubtitles	risk-accepted:no-grant	0.01	yes	single-source	OpenSubtitles
злобным	40	340	0	OpenSubtitles	risk-accepted:no-grant	0.01	yes	single-source	OpenSubtitles
гравитацию	40	331	0	OpenSubtitles	risk-accepted:no-grant	0.02	yes	single-source	OpenSubtitles
отсосала	40	330	0	OpenSubtitles	risk-accepted:no-grant	0.00	yes	single-source	OpenSubtitles
мамочек	40	327	0	OpenSubtitles	risk-accepted:no-grant	0.02	yes	single-source	OpenSubtitles
сдаешь	40	327	0	OpenSubtitles	risk-accepted:no-grant	0.00	yes	single-source	OpenSubtitles
отвозить	40	326	0	OpenSubtitles	risk-accepted:no-grant	0.00	yes	single-source	OpenSubtitles
нэ	40	320	0	OpenSubtitles	risk-accepted:no-grant	0.37	yes	single-source	OpenSubtitles
апачи	40	310	0	OpenSubtitles	risk-accepted:no-grant	0.70	yes	proper-noun-evidence	cap_ratio=0.70>=0.50
улет	40	306	0	OpenSubtitles	risk-accepted:no-grant	0.02	yes	single-source	OpenSubtitles
отрежет	40	304	0	OpenSubtitles	risk-accepted:no-grant	0.00	yes	single-source	OpenSubtitles
песто	40	301	0	OpenSubtitles	risk-accepted:no-grant	0.24	yes	single-source	OpenSubtitles
ьчй	40	298	0	OpenSubtitles	risk-accepted:no-grant	0.00	yes	single-source	OpenSubtitles
противной	40	297	0	OpenSubtitles	risk-accepted:no-grant	0.00	yes	single-source	OpenSubtitles
щмм	40	295	0	OpenSubtitles	risk-accepted:no-grant	0.00	yes	single-source	OpenSubtitles
мартышки	40	292	0	OpenSubtitles	risk-accepted:no-grant	0.04	yes	single-source	OpenSubtitles
флеш	40	292	0	OpenSubtitles	risk-accepted:no-grant	0.53	yes	proper-noun-evidence	cap_ratio=0.53>=0.50
заколка	40	291	0	OpenSubtitles	risk-accepted:no-grant	0.01	yes	single-source	OpenSubtitles
просканировать	40	286	0	OpenSubtitles	risk-accepted:no-grant	0.00	yes	single-source	OpenSubtitles
толстуха	40	282	0	OpenSubtitles	risk-accepted:no-grant	0.05	yes	single-source	OpenSubtitles
ась	40	272	4	OpenSubtitles+Tatoeba	clean:CC-BY-2.0-FR	0.80	yes	proper-noun-evidence	cap_ratio=0.80>=0.50
афро	40	267	0	OpenSubtitles	risk-accepted:no-grant	0.12	yes	single-source	OpenSubtitles
сперли	40	266	0	OpenSubtitles	risk-accepted:no-grant	0.00	yes	single-source	OpenSubtitles
стряхнуть	40	265	0	OpenSubtitles	risk-accepted:no-grant	0.00	yes	single-source	OpenSubtitles
бластеры	40	264	0	OpenSubtitles	risk-accepted:no-grant	0.00	yes	single-source	OpenSubtitles
гребаным	40	254	0	OpenSubtitles	risk-accepted:no-grant	0.00	yes	single-source	OpenSubtitles
прокляли	40	239	0	OpenSubtitles	risk-accepted:no-grant	0.01	yes	single-source	OpenSubtitles
киту	40	235	0	OpenSubtitles	risk-accepted:no-grant	0.75	yes	proper-noun-evidence	cap_ratio=0.75>=0.50
коротышки	40	232	0	OpenSubtitles	risk-accepted:no-grant	0.19	yes	single-source	OpenSubtitles
салуне	40	214	0	OpenSubtitles	risk-accepted:no-grant	0.02	yes	single-source	OpenSubtitles
унръ	40	201	0	OpenSubtitles	risk-accepted:no-grant	0.76	yes	proper-noun-evidence	cap_ratio=0.76>=0.50
надзирателя	39	461	0	OpenSubtitles	risk-accepted:no-grant	0.02	yes	single-source	OpenSubtitles
голую	39	451	0	OpenSubtitles	risk-accepted:no-grant	0.03	yes	single-source	OpenSubtitles
ке	39	418	1	OpenSubtitles+Tatoeba	clean:CC-BY-2.0-FR	0.62	yes	proper-noun-evidence	cap_ratio=0.62>=0.50
чиа	39	414	0	OpenSubtitles	risk-accepted:no-grant	0.80	yes	proper-noun-evidence	cap_ratio=0.80>=0.50
объятие	39	411	0	OpenSubtitles	risk-accepted:no-grant	0.01	yes	single-source	OpenSubtitles
кряхтит	39	407	0	OpenSubtitles	risk-accepted:no-grant	0.15	yes	single-source	OpenSubtitles
тихонечко	39	401	0	OpenSubtitles	risk-accepted:no-grant	0.01	yes	single-source	OpenSubtitles
дамочку	39	389	0	OpenSubtitles	risk-accepted:no-grant	0.01	yes	single-source	OpenSubtitles
грёбаное	39	388	0	OpenSubtitles	risk-accepted:no-grant	0.01	yes	single-source	OpenSubtitles
подберем	39	385	0	OpenSubtitles	risk-accepted:no-grant	0.00	yes	single-source	OpenSubtitles
затащила	39	369	0	OpenSubtitles	risk-accepted:no-grant	0.00	yes	single-source	OpenSubtitles
спайс	39	367	0	OpenSubtitles	risk-accepted:no-grant	0.65	yes	proper-noun-evidence	cap_ratio=0.65>=0.50
фру	39	361	0	OpenSubtitles	risk-accepted:no-grant	0.04	yes	single-source	OpenSubtitles
точь	39	360	0	OpenSubtitles	risk-accepted:no-grant	0.00	yes	single-source	OpenSubtitles
толь	39	357	1	OpenSubtitles+Tatoeba	clean:CC-BY-2.0-FR	0.75	yes	proper-noun-evidence	cap_ratio=0.75>=0.50
хрустящие	39	336	0	OpenSubtitles	risk-accepted:no-grant	0.03	yes	single-source	OpenSubtitles
накама	39	333	0	OpenSubtitles	risk-accepted:no-grant	0.07	yes	single-source	OpenSubtitles
дарую	39	327	0	OpenSubtitles	risk-accepted:no-grant	0.00	yes	single-source	OpenSubtitles
порвут	39	327	0	OpenSubtitles	risk-accepted:no-grant	0.00	yes	single-source	OpenSubtitles
патологоанатома	39	325	0	OpenSubtitles	risk-accepted:no-grant	0.01	yes	single-source	OpenSubtitles
выбьем	39	319	0	OpenSubtitles	risk-accepted:no-grant	0.01	yes	single-source	OpenSubtitles
заживем	39	319	0	OpenSubtitles	risk-accepted:no-grant	0.00	yes	single-source	OpenSubtitles
йа	39	314	0	OpenSubtitles	risk-accepted:no-grant	0.52	yes	proper-noun-evidence	cap_ratio=0.52>=0.50
бойскаут	39	310	0	OpenSubtitles	risk-accepted:no-grant	0.07	yes	single-source	OpenSubtitles
микрочип	39	310	0	OpenSubtitles	risk-accepted:no-grant	0.04	yes	single-source	OpenSubtitles
зажимы	39	303	0	OpenSubtitles	risk-accepted:no-grant	0.00	yes	single-source	OpenSubtitles
врядли	39	302	0	OpenSubtitles	risk-accepted:no-grant	0.00	yes	single-source	OpenSubtitles
упертый	39	302	0	OpenSubtitles	risk-accepted:no-grant	0.00	yes	single-source	OpenSubtitles
лё	39	300	0	OpenSubtitles	risk-accepted:no-grant	0.76	yes	proper-noun-evidence	cap_ratio=0.76>=0.50
ачжоши	39	293	0	OpenSubtitles	risk-accepted:no-grant	0.00	yes	single-source	OpenSubtitles
запятнать	39	293	0	OpenSubtitles	risk-accepted:no-grant	0.00	yes	single-source	OpenSubtitles
раздобыла	39	289	0	OpenSubtitles	risk-accepted:no-grant	0.00	yes	single-source	OpenSubtitles
плохиш	39	285	0	OpenSubtitles	risk-accepted:no-grant	0.15	yes	single-source	OpenSubtitles
оксиконтин	39	284	0	OpenSubtitles	risk-accepted:no-grant	0.65	yes	proper-noun-evidence	cap_ratio=0.65>=0.50
воришки	39	283	0	OpenSubtitles	risk-accepted:no-grant	0.01	yes	single-source	OpenSubtitles
отбросами	39	281	0	OpenSubtitles	risk-accepted:no-grant	0.01	yes	single-source	OpenSubtitles
гоняюсь	39	280	0	OpenSubtitles	risk-accepted:no-grant	0.00	yes	single-source	OpenSubtitles
панталоны	39	280	0	OpenSubtitles	risk-accepted:no-grant	0.03	yes	single-source	OpenSubtitles
папиного	39	280	0	OpenSubtitles	risk-accepted:no-grant	0.01	yes	single-source	OpenSubtitles
рсйн	39	267	0	OpenSubtitles	risk-accepted:no-grant	0.01	yes	single-source	OpenSubtitles
всемогущим	39	265	0	OpenSubtitles	risk-accepted:no-grant	0.32	yes	single-source	OpenSubtitles
автомастерской	39	255	0	OpenSubtitles	risk-accepted:no-grant	0.01	yes	single-source	OpenSubtitles
сатаной	39	253	0	OpenSubtitles	risk-accepted:no-grant	0.76	yes	proper-noun-evidence	cap_ratio=0.76>=0.50
переплет	39	231	0	OpenSubtitles	risk-accepted:no-grant	0.00	yes	single-source	OpenSubtitles
квартирку	38	470	0	OpenSubtitles	risk-accepted:no-grant	0.00	yes	single-source	OpenSubtitles
шишкой	38	454	0	OpenSubtitles	risk-accepted:no-grant	0.03	yes	single-source	OpenSubtitles
крекер	38	444	0	OpenSubtitles	risk-accepted:no-grant	0.44	yes	single-source	OpenSubtitles
поживем	38	427	0	OpenSubtitles	risk-accepted:no-grant	0.00	yes	single-source	OpenSubtitles
фэйри	38	427	0	OpenSubtitles	risk-accepted:no-grant	0.49	yes	single-source	OpenSubtitles
прогоним	38	415	0	OpenSubtitles	risk-accepted:no-grant	0.00	yes	single-source	OpenSubtitles
суперсила	38	415	0	OpenSubtitles	risk-accepted:no-grant	0.02	yes	single-source	OpenSubtitles
рыжик	38	393	0	OpenSubtitles	risk-accepted:no-grant	0.74	yes	proper-noun-evidence	cap_ratio=0.74>=0.50
чёртовым	38	378	0	OpenSubtitles	risk-accepted:no-grant	0.00	yes	single-source	OpenSubtitles
заполучу	38	373	0	OpenSubtitles	risk-accepted:no-grant	0.01	yes	single-source	OpenSubtitles
злобной	38	371	0	OpenSubtitles	risk-accepted:no-grant	0.04	yes	single-source	OpenSubtitles
подговорил	38	368	0	OpenSubtitles	risk-accepted:no-grant	0.00	yes	single-source	OpenSubtitles
баллистики	38	362	0	OpenSubtitles	risk-accepted:no-grant	0.00	yes	single-source	OpenSubtitles
тобы	38	355	0	OpenSubtitles	risk-accepted:no-grant	0.09	yes	single-source	OpenSubtitles
дерьмовую	38	352	0	OpenSubtitles	risk-accepted:no-grant	0.00	yes	single-source	OpenSubtitles
пудра	38	352	0	OpenSubtitles	risk-accepted:no-grant	0.04	yes	single-source	OpenSubtitles
енфьоей	38	351	0	OpenSubtitles	risk-accepted:no-grant	0.01	yes	single-source	OpenSubtitles
шиллинга	38	347	0	OpenSubtitles	risk-accepted:no-grant	0.09	yes	single-source	OpenSubtitles
глупенький	38	335	0	OpenSubtitles	risk-accepted:no-grant	0.02	yes	single-source	OpenSubtitles
капельницы	38	334	0	OpenSubtitles	risk-accepted:no-grant	0.00	yes	single-source	OpenSubtitles
милашкой	38	332	0	OpenSubtitles	risk-accepted:no-grant	0.06	yes	single-source	OpenSubtitles
каталку	38	329	0	OpenSubtitles	risk-accepted:no-grant	0.00	yes	single-source	OpenSubtitles
провидец	38	329	0	OpenSubtitles	risk-accepted:no-grant	0.15	yes	single-source	OpenSubtitles
уснешь	38	325	0	OpenSubtitles	risk-accepted:no-grant	0.00	yes	single-source	OpenSubtitles
соцработник	38	324	0	OpenSubtitles	risk-accepted:no-grant	0.03	yes	single-source	OpenSubtitles
отдохнет	38	323	0	OpenSubtitles	risk-accepted:no-grant	0.00	yes	single-source	OpenSubtitles
присядешь	38	323	0	OpenSubtitles	risk-accepted:no-grant	0.01	yes	single-source	OpenSubtitles
гетеро	38	322	0	OpenSubtitles	risk-accepted:no-grant	0.02	yes	single-source	OpenSubtitles
высочеству	38	320	0	OpenSubtitles	risk-accepted:no-grant	0.68	yes	proper-noun-evidence	cap_ratio=0.68>=0.50
кишку	38	312	0	OpenSubtitles	risk-accepted:no-grant	0.00	yes	single-source	OpenSubtitles
проследит	38	312	0	OpenSubtitles	risk-accepted:no-grant	0.00	yes	single-source	OpenSubtitles
тёлку	38	312	0	OpenSubtitles	risk-accepted:no-grant	0.00	yes	single-source	OpenSubtitles
кхм	38	310	0	OpenSubtitles	risk-accepted:no-grant	0.04	yes	single-source	OpenSubtitles
йсдю	38	309	0	OpenSubtitles	risk-accepted:no-grant	0.76	yes	proper-noun-evidence	cap_ratio=0.76>=0.50
рванет	38	304	0	OpenSubtitles	risk-accepted:no-grant	0.00	yes	single-source	OpenSubtitles
забегаловки	38	302	0	OpenSubtitles	risk-accepted:no-grant	0.00	yes	single-source	OpenSubtitles
бнглнфмн	38	301	0	OpenSubtitles	risk-accepted:no-grant	0.68	yes	proper-noun-evidence	cap_ratio=0.68>=0.50
фургончик	38	301	0	OpenSubtitles	risk-accepted:no-grant	0.06	yes	single-source	OpenSubtitles
самовлюбленный	38	297	0	OpenSubtitles	risk-accepted:no-grant	0.00	yes	single-source	OpenSubtitles
вагине	38	295	0	OpenSubtitles	risk-accepted:no-grant	0.01	yes	single-source	OpenSubtitles
вырублю	38	294	0	OpenSubtitles	risk-accepted:no-grant	0.00	yes	single-source	OpenSubtitles
рулят	38	286	0	OpenSubtitles	risk-accepted:no-grant	0.03	yes	single-source	OpenSubtitles
шулер	38	286	0	OpenSubtitles	risk-accepted:no-grant	0.20	yes	single-source	OpenSubtitles
нагрянет	38	285	0	OpenSubtitles	risk-accepted:no-grant	0.00	yes	single-source	OpenSubtitles
раздавлена	38	279	0	OpenSubtitles	risk-accepted:no-grant	0.00	yes	single-source	OpenSubtitles
мэуб	38	273	0	OpenSubtitles	risk-accepted:no-grant	0.00	yes	single-source	OpenSubtitles
сатане	38	268	2	OpenSubtitles+Tatoeba	clean:CC-BY-2.0-FR	0.73	yes	proper-noun-evidence	cap_ratio=0.73>=0.50
выпишет	38	261	0	OpenSubtitles	risk-accepted:no-grant	0.00	yes	single-source	OpenSubtitles
порвешь	38	258	0	OpenSubtitles	risk-accepted:no-grant	0.00	yes	single-source	OpenSubtitles
сволочей	38	255	0	OpenSubtitles	risk-accepted:no-grant	0.00	yes	single-source	OpenSubtitles
нищими	38	197	0	OpenSubtitles	risk-accepted:no-grant	0.01	yes	single-source	OpenSubtitles
сосет	37	442	0	OpenSubtitles	risk-accepted:no-grant	0.03	yes	single-source	OpenSubtitles
охон	37	411	0	OpenSubtitles	risk-accepted:no-grant	0.38	yes	single-source	OpenSubtitles
папаня	37	397	0	OpenSubtitles	risk-accepted:no-grant	0.09	yes	single-source	OpenSubtitles
взорвут	37	395	0	OpenSubtitles	risk-accepted:no-grant	0.00	yes	single-source	OpenSubtitles
увак	37	393	0	OpenSubtitles	risk-accepted:no-grant	0.00	yes	single-source	OpenSubtitles
милок	37	387	0	OpenSubtitles	risk-accepted:no-grant	0.03	yes	single-source	OpenSubtitles
имбирный	37	381	0	OpenSubtitles	risk-accepted:no-grant	0.02	yes	single-source	OpenSubtitles
сечешь	37	380	0	OpenSubtitles	risk-accepted:no-grant	0.01	yes	single-source	OpenSubtitles
распечатки	37	375	0	OpenSubtitles	risk-accepted:no-grant	0.00	yes	single-source	OpenSubtitles
отморозки	37	372	0	OpenSubtitles	risk-accepted:no-grant	0.01	yes	single-source	OpenSubtitles
стрёме	37	372	0	OpenSubtitles	risk-accepted:no-grant	0.00	yes	single-source	OpenSubtitles
помрет	37	368	0	OpenSubtitles	risk-accepted:no-grant	0.00	yes	single-source	OpenSubtitles
завербовал	37	365	0	OpenSubtitles	risk-accepted:no-grant	0.00	yes	single-source	OpenSubtitles
придурку	37	365	0	OpenSubtitles	risk-accepted:no-grant	0.01	yes	single-source	OpenSubtitles
почище	37	357	0	OpenSubtitles	risk-accepted:no-grant	0.00	yes	single-source	OpenSubtitles
синигами	37	349	0	OpenSubtitles	risk-accepted:no-grant	0.22	yes	single-source	OpenSubtitles
дрэга	37	342	0	OpenSubtitles	risk-accepted:no-grant	0.01	yes	single-source	OpenSubtitles
накидку	37	340	0	OpenSubtitles	risk-accepted:no-grant	0.00	yes	single-source	OpenSubtitles
прогон	37	339	0	OpenSubtitles	risk-accepted:no-grant	0.02	yes	single-source	OpenSubtitles
убийственный	37	337	0	OpenSubtitles	risk-accepted:no-grant	0.06	yes	single-source	OpenSubtitles
брэнда	37	335	0	OpenSubtitles	risk-accepted:no-grant	0.61	yes	proper-noun-evidence	cap_ratio=0.61>=0.50
вышибить	37	332	0	OpenSubtitles	risk-accepted:no-grant	0.00	yes	single-source	OpenSubtitles
пропадешь	37	328	0	OpenSubtitles	risk-accepted:no-grant	0.00	yes	single-source	OpenSubtitles
дрэге	37	322	0	OpenSubtitles	risk-accepted:no-grant	0.01	yes	single-source	OpenSubtitles
салун	37	320	0	OpenSubtitles	risk-accepted:no-grant	0.07	yes	single-source	OpenSubtitles
подставляешь	37	319	0	OpenSubtitles	risk-accepted:no-grant	0.00	yes	single-source	OpenSubtitles
пуки	37	319	5	OpenSubtitles+Tatoeba	clean:CC-BY-2.0-FR	0.75	yes	proper-noun-evidence	cap_ratio=0.75>=0.50
разобьешь	37	314	0	OpenSubtitles	risk-accepted:no-grant	0.00	yes	single-source	OpenSubtitles
хрустящей	37	314	0	OpenSubtitles	risk-accepted:no-grant	0.01	yes	single-source	OpenSubtitles
подношение	37	313	0	OpenSubtitles	risk-accepted:no-grant	0.01	yes	single-source	OpenSubtitles
проваливать	37	312	0	OpenSubtitles	risk-accepted:no-grant	0.00	yes	single-source	OpenSubtitles
здоровяка	37	308	0	OpenSubtitles	risk-accepted:no-grant	0.14	yes	single-source	OpenSubtitles
утащили	37	308	0	OpenSubtitles	risk-accepted:no-grant	0.00	yes	single-source	OpenSubtitles
отморозков	37	307	0	OpenSubtitles	risk-accepted:no-grant	0.01	yes	single-source	OpenSubtitles
медэксперт	37	305	0	OpenSubtitles	risk-accepted:no-grant	0.01	yes	single-source	OpenSubtitles
завещаю	37	303	0	OpenSubtitles	risk-accepted:no-grant	0.01	yes	single-source	OpenSubtitles
заделался	37	296	0	OpenSubtitles	risk-accepted:no-grant	0.00	yes	single-source	OpenSubtitles
айгу	37	287	0	OpenSubtitles	risk-accepted:no-grant	0.31	yes	single-source	OpenSubtitles
ухажер	37	286	0	OpenSubtitles	risk-accepted:no-grant	0.01	yes	single-source	OpenSubtitles
мультивселенной	37	282	0	OpenSubtitles	risk-accepted:no-grant	0.36	yes	single-source	OpenSubtitles
надумали	37	281	0	OpenSubtitles	risk-accepted:no-grant	0.00	yes	single-source	OpenSubtitles
низа	37	276	0	OpenSubtitles	risk-accepted:no-grant	0.02	yes	single-source	OpenSubtitles
поется	37	274	0	OpenSubtitles	risk-accepted:no-grant	0.00	yes	single-source	OpenSubtitles
выследим	37	273	0	OpenSubtitles	risk-accepted:no-grant	0.00	yes	single-source	OpenSubtitles
выгоним	37	265	0	OpenSubtitles	risk-accepted:no-grant	0.00	yes	single-source	OpenSubtitles
отследите	37	265	0	OpenSubtitles	risk-accepted:no-grant	0.02	yes	single-source	OpenSubtitles
блестками	37	260	0	OpenSubtitles	risk-accepted:no-grant	0.01	yes	single-source	OpenSubtitles
бэйби	37	254	0	OpenSubtitles	risk-accepted:no-grant	0.70	yes	proper-noun-evidence	cap_ratio=0.70>=0.50
избавитесь	37	254	0	OpenSubtitles	risk-accepted:no-grant	0.00	yes	single-source	OpenSubtitles
натуралы	37	253	0	OpenSubtitles	risk-accepted:no-grant	0.00	yes	single-source	OpenSubtitles
покричать	37	250	0	OpenSubtitles	risk-accepted:no-grant	0.00	yes	single-source	OpenSubtitles
люке	37	247	0	OpenSubtitles	risk-accepted:no-grant	0.57	yes	proper-noun-evidence	cap_ratio=0.57>=0.50
червоточины	37	247	0	OpenSubtitles	risk-accepted:no-grant	0.03	yes	single-source	OpenSubtitles
бормотание	37	246	0	OpenSubtitles	risk-accepted:no-grant	0.03	yes	single-source	OpenSubtitles
лепрекон	37	245	0	OpenSubtitles	risk-accepted:no-grant	0.18	yes	single-source	OpenSubtitles
невовремя	37	239	0	OpenSubtitles	risk-accepted:no-grant	0.00	yes	single-source	OpenSubtitles
эпинефрина	37	228	0	OpenSubtitles	risk-accepted:no-grant	0.02	yes	single-source	OpenSubtitles
лошара	37	215	0	OpenSubtitles	risk-accepted:no-grant	0.05	yes	single-source	OpenSubtitles
проглотишь	37	187	0	OpenSubtitles	risk-accepted:no-grant	0.00	yes	single-source	OpenSubtitles
торчок	36	408	0	OpenSubtitles	risk-accepted:no-grant	0.03	yes	single-source	OpenSubtitles
азве	36	390	0	OpenSubtitles	risk-accepted:no-grant	0.00	yes	single-source	OpenSubtitles
мбжя	36	390	0	OpenSubtitles	risk-accepted:no-grant	0.00	yes	single-source	OpenSubtitles
поживешь	36	387	0	OpenSubtitles	risk-accepted:no-grant	0.00	yes	single-source	OpenSubtitles
содрать	36	387	0	OpenSubtitles	risk-accepted:no-grant	0.00	yes	single-source	OpenSubtitles
вытащат	36	385	0	OpenSubtitles	risk-accepted:no-grant	0.00	yes	single-source	OpenSubtitles
ачем	36	380	0	OpenSubtitles	risk-accepted:no-grant	0.00	yes	single-source	OpenSubtitles
екея	36	369	0	OpenSubtitles	risk-accepted:no-grant	0.00	yes	single-source	OpenSubtitles
лхм	36	368	0	OpenSubtitles	risk-accepted:no-grant	0.01	yes	single-source	OpenSubtitles
разыщу	36	368	0	OpenSubtitles	risk-accepted:no-grant	0.00	yes	single-source	OpenSubtitles
душечка	36	365	0	OpenSubtitles	risk-accepted:no-grant	0.28	yes	single-source	OpenSubtitles
уу	36	365	0	OpenSubtitles	risk-accepted:no-grant	0.23	yes	single-source	OpenSubtitles
отследим	36	359	0	OpenSubtitles	risk-accepted:no-grant	0.00	yes	single-source	OpenSubtitles
шабаш	36	357	0	OpenSubtitles	risk-accepted:no-grant	0.09	yes	single-source	OpenSubtitles
утенок	36	354	0	OpenSubtitles	risk-accepted:no-grant	0.28	yes	single-source	OpenSubtitles
вышибала	36	350	0	OpenSubtitles	risk-accepted:no-grant	0.06	yes	single-source	OpenSubtitles
порки	36	346	0	OpenSubtitles	risk-accepted:no-grant	0.45	yes	single-source	OpenSubtitles
заскочила	36	342	0	OpenSubtitles	risk-accepted:no-grant	0.00	yes	single-source	OpenSubtitles
оргию	36	337	0	OpenSubtitles	risk-accepted:no-grant	0.02	yes	single-source	OpenSubtitles
паскуда	36	334	0	OpenSubtitles	risk-accepted:no-grant	0.01	yes	single-source	OpenSubtitles
пенисы	36	331	0	OpenSubtitles	risk-accepted:no-grant	0.01	yes	single-source	OpenSubtitles
повелители	36	324	0	OpenSubtitles	risk-accepted:no-grant	0.64	yes	proper-noun-evidence	cap_ratio=0.64>=0.50
экзорцизма	36	324	0	OpenSubtitles	risk-accepted:no-grant	0.02	yes	single-source	OpenSubtitles
мня	36	323	0	OpenSubtitles	risk-accepted:no-grant	0.07	yes	single-source	OpenSubtitles
акой	36	321	0	OpenSubtitles	risk-accepted:no-grant	0.00	yes	single-source	OpenSubtitles
старушкой	36	321	0	OpenSubtitles	risk-accepted:no-grant	0.01	yes	single-source	OpenSubtitles
сёгуна	36	313	0	OpenSubtitles	risk-accepted:no-grant	0.30	yes	single-source	OpenSubtitles
питчер	36	310	0	OpenSubtitles	risk-accepted:no-grant	0.04	yes	single-source	OpenSubtitles
грубовато	36	296	0	OpenSubtitles	risk-accepted:no-grant	0.00	yes	single-source	OpenSubtitles
паршивых	36	296	0	OpenSubtitles	risk-accepted:no-grant	0.00	yes	single-source	OpenSubtitles
пяепеи	36	295	0	OpenSubtitles	risk-accepted:no-grant	0.00	yes	single-source	OpenSubtitles
заснешь	36	291	0	OpenSubtitles	risk-accepted:no-grant	0.00	yes	single-source	OpenSubtitles
чепухой	36	290	0	OpenSubtitles	risk-accepted:no-grant	0.00	yes	single-source	OpenSubtitles
зависал	36	289	0	OpenSubtitles	risk-accepted:no-grant	0.00	yes	single-source	OpenSubtitles
украдём	36	289	0	OpenSubtitles	risk-accepted:no-grant	0.00	yes	single-source	OpenSubtitles
кайдзю	36	285	0	OpenSubtitles	risk-accepted:no-grant	0.16	yes	single-source	OpenSubtitles
облажается	36	285	0	OpenSubtitles	risk-accepted:no-grant	0.00	yes	single-source	OpenSubtitles
импульсивно	36	284	0	OpenSubtitles	risk-accepted:no-grant	0.00	yes	single-source	OpenSubtitles
прострелить	36	283	0	OpenSubtitles	risk-accepted:no-grant	0.00	yes	single-source	OpenSubtitles
ступней	36	283	0	OpenSubtitles	risk-accepted:no-grant	0.00	yes	single-source	OpenSubtitles
ручонки	36	281	0	OpenSubtitles	risk-accepted:no-grant	0.00	yes	single-source	OpenSubtitles
йюм	36	279	0	OpenSubtitles	risk-accepted:no-grant	0.00	yes	single-source	OpenSubtitles
сутенера	36	279	0	OpenSubtitles	risk-accepted:no-grant	0.01	yes	single-source	OpenSubtitles
снами	36	270	0	OpenSubtitles	risk-accepted:no-grant	0.00	yes	single-source	OpenSubtitles
нркхвмн	36	267	0	OpenSubtitles	risk-accepted:no-grant	0.46	yes	single-source	OpenSubtitles
мстительный	36	265	0	OpenSubtitles	risk-accepted:no-grant	0.03	yes	single-source	OpenSubtitles
ларец	36	264	0	OpenSubtitles	risk-accepted:no-grant	0.10	yes	single-source	OpenSubtitles
хрустящая	36	258	0	OpenSubtitles	risk-accepted:no-grant	0.06	yes	single-source	OpenSubtitles
вдыхает	36	255	0	OpenSubtitles	risk-accepted:no-grant	0.08	yes	single-source	OpenSubtitles
сосредоточусь	36	248	0	OpenSubtitles	risk-accepted:no-grant	0.00	yes	single-source	OpenSubtitles
ранимая	36	236	0	OpenSubtitles	risk-accepted:no-grant	0.00	yes	single-source	OpenSubtitles
пенисе	36	227	0	OpenSubtitles	risk-accepted:no-grant	0.01	yes	single-source	OpenSubtitles
изнасилуют	36	226	0	OpenSubtitles	risk-accepted:no-grant	0.00	yes	single-source	OpenSubtitles
кабуки	36	224	8	OpenSubtitles+Tatoeba	clean:CC-BY-2.0-FR	0.67	yes	proper-noun-evidence	cap_ratio=0.67>=0.50
пику	36	216	0	OpenSubtitles	risk-accepted:no-grant	0.30	yes	single-source	OpenSubtitles
игрушечные	36	201	0	OpenSubtitles	risk-accepted:no-grant	0.01	yes	single-source	OpenSubtitles
поганец	35	381	0	OpenSubtitles	risk-accepted:no-grant	0.01	yes	single-source	OpenSubtitles
съезжает	35	376	0	OpenSubtitles	risk-accepted:no-grant	0.00	yes	single-source	OpenSubtitles
мюгюд	35	375	0	OpenSubtitles	risk-accepted:no-grant	0.52	yes	proper-noun-evidence	cap_ratio=0.52>=0.50
стервятник	35	375	0	OpenSubtitles	risk-accepted:no-grant	0.36	yes	single-source	OpenSubtitles
зо	35	366	0	OpenSubtitles	risk-accepted:no-grant	0.79	yes	proper-noun-evidence	cap_ratio=0.79>=0.50
суешь	35	362	0	OpenSubtitles	risk-accepted:no-grant	0.00	yes	single-source	OpenSubtitles
изволили	35	353	0	OpenSubtitles	risk-accepted:no-grant	0.00	yes	single-source	OpenSubtitles
эрекции	35	353	0	OpenSubtitles	risk-accepted:no-grant	0.01	yes	single-source	OpenSubtitles
хумус	35	346	0	OpenSubtitles	risk-accepted:no-grant	0.02	yes	single-source	OpenSubtitles
бутон	35	345	0	OpenSubtitles	risk-accepted:no-grant	0.14	yes	single-source	OpenSubtitles
всажу	35	343	0	OpenSubtitles	risk-accepted:no-grant	0.00	yes	single-source	OpenSubtitles
трастовый	35	343	0	OpenSubtitles	risk-accepted:no-grant	0.01	yes	single-source	OpenSubtitles
поручу	35	342	0	OpenSubtitles	risk-accepted:no-grant	0.00	yes	single-source	OpenSubtitles
транквилизатор	35	336	0	OpenSubtitles	risk-accepted:no-grant	0.01	yes	single-source	OpenSubtitles
оденьте	35	333	0	OpenSubtitles	risk-accepted:no-grant	0.01	yes	single-source	OpenSubtitles
буги	35	328	0	OpenSubtitles	risk-accepted:no-grant	0.37	yes	single-source	OpenSubtitles
стикер	35	325	0	OpenSubtitles	risk-accepted:no-grant	0.01	yes	single-source	OpenSubtitles
чуде	35	325	0	OpenSubtitles	risk-accepted:no-grant	0.03	yes	single-source	OpenSubtitles
шлюшки	35	325	0	OpenSubtitles	risk-accepted:no-grant	0.04	yes	single-source	OpenSubtitles
сендвич	35	323	0	OpenSubtitles	risk-accepted:no-grant	0.03	yes	single-source	OpenSubtitles
вскрикивает	35	322	0	OpenSubtitles	risk-accepted:no-grant	0.18	yes	single-source	OpenSubtitles
стриптизерши	35	322	0	OpenSubtitles	risk-accepted:no-grant	0.01	yes	single-source	OpenSubtitles
кретинов	35	308	0	OpenSubtitles	risk-accepted:no-grant	0.01	yes	single-source	OpenSubtitles
брль	35	306	0	OpenSubtitles	risk-accepted:no-grant	0.01	yes	single-source	OpenSubtitles
повелеваю	35	306	0	OpenSubtitles	risk-accepted:no-grant	0.01	yes	single-source	OpenSubtitles
нестрашно	35	305	0	OpenSubtitles	risk-accepted:no-grant	0.00	yes	single-source	OpenSubtitles
оксикодон	35	305	0	OpenSubtitles	risk-accepted:no-grant	0.14	yes	single-source	OpenSubtitles
доверюсь	35	302	0	OpenSubtitles	risk-accepted:no-grant	0.00	yes	single-source	OpenSubtitles
разъезжать	35	300	0	OpenSubtitles	risk-accepted:no-grant	0.00	yes	single-source	OpenSubtitles
сиську	35	298	0	OpenSubtitles	risk-accepted:no-grant	0.00	yes	single-source	OpenSubtitles
синьору	35	297	0	OpenSubtitles	risk-accepted:no-grant	0.01	yes	single-source	OpenSubtitles
отвертка	35	296	0	OpenSubtitles	risk-accepted:no-grant	0.04	yes	single-source	OpenSubtitles
простынях	35	295	0	OpenSubtitles	risk-accepted:no-grant	0.01	yes	single-source	OpenSubtitles
пилатес	35	294	0	OpenSubtitles	risk-accepted:no-grant	0.07	yes	single-source	OpenSubtitles
отследи	35	293	0	OpenSubtitles	risk-accepted:no-grant	0.01	yes	single-source	OpenSubtitles
дюжин	35	292	0	OpenSubtitles	risk-accepted:no-grant	0.01	yes	single-source	OpenSubtitles
ирод	35	287	0	OpenSubtitles	risk-accepted:no-grant	0.64	yes	proper-noun-evidence	cap_ratio=0.64>=0.50
содовая	35	287	0	OpenSubtitles	risk-accepted:no-grant	0.02	yes	single-source	OpenSubtitles
телепортировать	35	287	0	OpenSubtitles	risk-accepted:no-grant	0.00	yes	single-source	OpenSubtitles
помянем	35	280	0	OpenSubtitles	risk-accepted:no-grant	0.01	yes	single-source	OpenSubtitles
потолкуем	35	278	0	OpenSubtitles	risk-accepted:no-grant	0.00	yes	single-source	OpenSubtitles
мочился	35	275	0	OpenSubtitles	risk-accepted:no-grant	0.00	yes	single-source	OpenSubtitles
псйх	35	272	0	OpenSubtitles	risk-accepted:no-grant	0.51	yes	proper-noun-evidence	cap_ratio=0.51>=0.50
букмекер	35	271	0	OpenSubtitles	risk-accepted:no-grant	0.02	yes	single-source	OpenSubtitles
друид	35	271	0	OpenSubtitles	risk-accepted:no-grant	0.35	yes	single-source	OpenSubtitles
влезу	35	267	0	OpenSubtitles	risk-accepted:no-grant	0.00	yes	single-source	OpenSubtitles
топлесс	35	262	0	OpenSubtitles	risk-accepted:no-grant	0.02	yes	single-source	OpenSubtitles
флик	35	262	0	OpenSubtitles	risk-accepted:no-grant	0.67	yes	proper-noun-evidence	cap_ratio=0.67>=0.50
психами	35	258	0	OpenSubtitles	risk-accepted:no-grant	0.00	yes	single-source	OpenSubtitles
бабоньки	35	251	0	OpenSubtitles	risk-accepted:no-grant	0.00	yes	single-source	OpenSubtitles
утех	35	246	0	OpenSubtitles	risk-accepted:no-grant	0.01	yes	single-source	OpenSubtitles
поснимать	35	245	0	OpenSubtitles	risk-accepted:no-grant	0.00	yes	single-source	OpenSubtitles
фигурально	35	240	0	OpenSubtitles	risk-accepted:no-grant	0.00	yes	single-source	OpenSubtitles
тамале	35	236	0	OpenSubtitles	risk-accepted:no-grant	0.10	yes	single-source	OpenSubtitles
ганаш	35	232	0	OpenSubtitles	risk-accepted:no-grant	0.40	yes	single-source	OpenSubtitles
билась	35	231	0	OpenSubtitles	risk-accepted:no-grant	0.00	yes	single-source	OpenSubtitles
волчонок	35	231	0	OpenSubtitles	risk-accepted:no-grant	0.17	yes	single-source	OpenSubtitles
дуреха	35	231	0	OpenSubtitles	risk-accepted:no-grant	0.01	yes	single-source	OpenSubtitles
жрал	35	229	0	OpenSubtitles	risk-accepted:no-grant	0.00	yes	single-source	OpenSubtitles
звини	35	227	0	OpenSubtitles	risk-accepted:no-grant	0.00	yes	single-source	OpenSubtitles
силь	35	223	2	OpenSubtitles+Tatoeba	clean:CC-BY-2.0-FR	0.66	yes	proper-noun-evidence	cap_ratio=0.66>=0.50
мисье	35	222	0	OpenSubtitles	risk-accepted:no-grant	0.16	yes	single-source	OpenSubtitles
дегенерат	35	218	0	OpenSubtitles	risk-accepted:no-grant	0.01	yes	single-source	OpenSubtitles
укольчик	35	217	0	OpenSubtitles	risk-accepted:no-grant	0.01	yes	single-source	OpenSubtitles
прижму	35	216	0	OpenSubtitles	risk-accepted:no-grant	0.00	yes	single-source	OpenSubtitles
подставит	35	212	0	OpenSubtitles	risk-accepted:no-grant	0.00	yes	single-source	OpenSubtitles
укромном	35	209	0	OpenSubtitles	risk-accepted:no-grant	0.01	yes	single-source	OpenSubtitles
натворит	35	200	0	OpenSubtitles	risk-accepted:no-grant	0.00	yes	single-source	OpenSubtitles
гримёрке	35	199	0	OpenSubtitles	risk-accepted:no-grant	0.00	yes	single-source	OpenSubtitles
споет	34	458	0	OpenSubtitles	risk-accepted:no-grant	0.01	yes	single-source	OpenSubtitles
жиголо	34	426	0	OpenSubtitles	risk-accepted:no-grant	0.01	yes	single-source	OpenSubtitles
аневризма	34	416	0	OpenSubtitles	risk-accepted:no-grant	0.01	yes	single-source	OpenSubtitles
изгой	34	397	0	OpenSubtitles	risk-accepted:no-grant	0.08	yes	single-source	OpenSubtitles
гниет	34	380	0	OpenSubtitles	risk-accepted:no-grant	0.00	yes	single-source	OpenSubtitles
запястьях	34	376	0	OpenSubtitles	risk-accepted:no-grant	0.00	yes	single-source	OpenSubtitles
метамфетамин	34	374	0	OpenSubtitles	risk-accepted:no-grant	0.02	yes	single-source	OpenSubtitles
онунфе	34	374	0	OpenSubtitles	risk-accepted:no-grant	0.78	yes	proper-noun-evidence	cap_ratio=0.78>=0.50
гувернантка	34	361	0	OpenSubtitles	risk-accepted:no-grant	0.01	yes	single-source	OpenSubtitles
пробью	34	358	0	OpenSubtitles	risk-accepted:no-grant	0.00	yes	single-source	OpenSubtitles
дааа	34	356	0	OpenSubtitles	risk-accepted:no-grant	0.20	yes	single-source	OpenSubtitles
подрывник	34	348	0	OpenSubtitles	risk-accepted:no-grant	0.05	yes	single-source	OpenSubtitles
сфокусируйся	34	344	0	OpenSubtitles	risk-accepted:no-grant	0.02	yes	single-source	OpenSubtitles
мужественность	34	338	0	OpenSubtitles	risk-accepted:no-grant	0.00	yes	single-source	OpenSubtitles
отрублю	34	333	0	OpenSubtitles	risk-accepted:no-grant	0.00	yes	single-source	OpenSubtitles
отступим	34	329	0	OpenSubtitles	risk-accepted:no-grant	0.00	yes	single-source	OpenSubtitles
узреть	34	325	0	OpenSubtitles	risk-accepted:no-grant	0.01	yes	single-source	OpenSubtitles
фора	34	322	0	OpenSubtitles	risk-accepted:no-grant	0.10	yes	single-source	OpenSubtitles
сучий	34	318	0	OpenSubtitles	risk-accepted:no-grant	0.02	yes	single-source	OpenSubtitles
воротнички	34	317	1	OpenSubtitles+Tatoeba	clean:CC-BY-2.0-FR	0.53	yes	proper-noun-evidence	cap_ratio=0.53>=0.50
пеленки	34	316	0	OpenSubtitles	risk-accepted:no-grant	0.00	yes	single-source	OpenSubtitles
заправлял	34	312	0	OpenSubtitles	risk-accepted:no-grant	0.01	yes	single-source	OpenSubtitles
торчала	34	310	0	OpenSubtitles	risk-accepted:no-grant	0.00	yes	single-source	OpenSubtitles
улетишь	34	308	0	OpenSubtitles	risk-accepted:no-grant	0.00	yes	single-source	OpenSubtitles
велите	34	306	0	OpenSubtitles	risk-accepted:no-grant	0.00	yes	single-source	OpenSubtitles
ачжумма	34	301	0	OpenSubtitles	risk-accepted:no-grant	0.06	yes	single-source	OpenSubtitles
выследила	34	300	0	OpenSubtitles	risk-accepted:no-grant	0.00	yes	single-source	OpenSubtitles
рейнджера	34	298	0	OpenSubtitles	risk-accepted:no-grant	0.34	yes	single-source	OpenSubtitles
натравил	34	296	0	OpenSubtitles	risk-accepted:no-grant	0.00	yes	single-source	OpenSubtitles
феромоны	34	294	0	OpenSubtitles	risk-accepted:no-grant	0.00	yes	single-source	OpenSubtitles
обыщут	34	293	0	OpenSubtitles	risk-accepted:no-grant	0.00	yes	single-source	OpenSubtitles
дас	34	292	0	OpenSubtitles	risk-accepted:no-grant	0.63	yes	proper-noun-evidence	cap_ratio=0.63>=0.50
кибер	34	291	0	OpenSubtitles	risk-accepted:no-grant	0.32	yes	single-source	OpenSubtitles
мошонку	34	291	0	OpenSubtitles	risk-accepted:no-grant	0.01	yes	single-source	OpenSubtitles
подготовьтесь	34	290	0	OpenSubtitles	risk-accepted:no-grant	0.01	yes	single-source	OpenSubtitles
пилигрим	34	288	0	OpenSubtitles	risk-accepted:no-grant	0.43	yes	single-source	OpenSubtitles
матушкой	34	284	0	OpenSubtitles	risk-accepted:no-grant	0.05	yes	single-source	OpenSubtitles
упекут	34	284	0	OpenSubtitles	risk-accepted:no-grant	0.00	yes	single-source	OpenSubtitles
херам	34	281	0	OpenSubtitles	risk-accepted:no-grant	0.01	yes	single-source	OpenSubtitles
смылись	34	279	0	OpenSubtitles	risk-accepted:no-grant	0.00	yes	single-source	OpenSubtitles
хрьсчей	34	279	0	OpenSubtitles	risk-accepted:no-grant	0.00	yes	single-source	OpenSubtitles
инцест	34	275	0	OpenSubtitles	risk-accepted:no-grant	0.02	yes	single-source	OpenSubtitles
снесёт	34	275	0	OpenSubtitles	risk-accepted:no-grant	0.00	yes	single-source	OpenSubtitles
мятные	34	274	0	OpenSubtitles	risk-accepted:no-grant	0.02	yes	single-source	OpenSubtitles
румпель	34	274	0	OpenSubtitles	risk-accepted:no-grant	0.78	yes	proper-noun-evidence	cap_ratio=0.78>=0.50
хорек	34	273	0	OpenSubtitles	risk-accepted:no-grant	0.11	yes	single-source	OpenSubtitles
музой	34	271	0	OpenSubtitles	risk-accepted:no-grant	0.07	yes	single-source	OpenSubtitles
клевое	34	267	0	OpenSubtitles	risk-accepted:no-grant	0.01	yes	single-source	OpenSubtitles
мейл	34	265	0	OpenSubtitles	risk-accepted:no-grant	0.24	yes	single-source	OpenSubtitles
выпишем	34	261	0	OpenSubtitles	risk-accepted:no-grant	0.00	yes	single-source	OpenSubtitles
яйце	34	257	0	OpenSubtitles	risk-accepted:no-grant	0.02	yes	single-source	OpenSubtitles
купидона	34	255	2	OpenSubtitles+Tatoeba	clean:CC-BY-2.0-FR	0.80	yes	proper-noun-evidence	cap_ratio=0.80>=0.50
конклав	34	254	0	OpenSubtitles	risk-accepted:no-grant	0.56	yes	proper-noun-evidence	cap_ratio=0.56>=0.50
растоптать	34	254	0	OpenSubtitles	risk-accepted:no-grant	0.00	yes	single-source	OpenSubtitles
пирсу	34	253	1	OpenSubtitles+Tatoeba	clean:CC-BY-2.0-FR	0.62	yes	proper-noun-evidence	cap_ratio=0.62>=0.50
роме	34	252	1	OpenSubtitles+Tatoeba	clean:CC-BY-2.0-FR	0.60	yes	proper-noun-evidence	cap_ratio=0.60>=0.50
укротить	34	252	0	OpenSubtitles	risk-accepted:no-grant	0.00	yes	single-source	OpenSubtitles
накачала	34	250	0	OpenSubtitles	risk-accepted:no-grant	0.00	yes	single-source	OpenSubtitles
утонем	34	250	0	OpenSubtitles	risk-accepted:no-grant	0.01	yes	single-source	OpenSubtitles
сценку	34	249	0	OpenSubtitles	risk-accepted:no-grant	0.00	yes	single-source	OpenSubtitles
фата	34	248	0	OpenSubtitles	risk-accepted:no-grant	0.40	yes	single-source	OpenSubtitles
картели	34	246	0	OpenSubtitles	risk-accepted:no-grant	0.03	yes	single-source	OpenSubtitles
взбредет	34	235	0	OpenSubtitles	risk-accepted:no-grant	0.00	yes	single-source	OpenSubtitles
поджарили	34	233	0	OpenSubtitles	risk-accepted:no-grant	0.00	yes	single-source	OpenSubtitles
фак	34	230	0	OpenSubtitles	risk-accepted:no-grant	0.35	yes	single-source	OpenSubtitles
виагру	34	226	0	OpenSubtitles	risk-accepted:no-grant	0.35	yes	single-source	OpenSubtitles
нарекаю	34	218	0	OpenSubtitles	risk-accepted:no-grant	0.00	yes	single-source	OpenSubtitles
переоденешься	34	218	0	OpenSubtitles	risk-accepted:no-grant	0.00	yes	single-source	OpenSubtitles
напьется	34	207	0	OpenSubtitles	risk-accepted:no-grant	0.00	yes	single-source	OpenSubtitles
влезешь	34	206	0	OpenSubtitles	risk-accepted:no-grant	0.00	yes	single-source	OpenSubtitles
оксиконтина	34	206	0	OpenSubtitles	risk-accepted:no-grant	0.70	yes	proper-noun-evidence	cap_ratio=0.70>=0.50
фантома	34	204	0	OpenSubtitles	risk-accepted:no-grant	0.79	yes	proper-noun-evidence	cap_ratio=0.79>=0.50
пеленок	34	196	0	OpenSubtitles	risk-accepted:no-grant	0.00	yes	single-source	OpenSubtitles
харам	34	182	4	OpenSubtitles+Tatoeba	clean:CC-BY-2.0-FR	0.54	yes	proper-noun-evidence	cap_ratio=0.54>=0.50
бандитские	34	171	0	OpenSubtitles	risk-accepted:no-grant	0.01	yes	single-source	OpenSubtitles
валиум	33	455	0	OpenSubtitles	risk-accepted:no-grant	0.29	yes	single-source	OpenSubtitles
потрясная	33	453	0	OpenSubtitles	risk-accepted:no-grant	0.01	yes	single-source	OpenSubtitles
проникнет	33	433	0	OpenSubtitles	risk-accepted:no-grant	0.00	yes	single-source	OpenSubtitles
отрежем	33	381	0	OpenSubtitles	risk-accepted:no-grant	0.00	yes	single-source	OpenSubtitles
сальса	33	374	0	OpenSubtitles	risk-accepted:no-grant	0.15	yes	single-source	OpenSubtitles
господни	33	367	3	OpenSubtitles+Tatoeba	clean:CC-BY-2.0-FR	0.74	yes	proper-noun-evidence	cap_ratio=0.74>=0.50
толстячок	33	365	0	OpenSubtitles	risk-accepted:no-grant	0.29	yes	single-source	OpenSubtitles
спустите	33	358	0	OpenSubtitles	risk-accepted:no-grant	0.01	yes	single-source	OpenSubtitles
лесби	33	356	0	OpenSubtitles	risk-accepted:no-grant	0.02	yes	single-source	OpenSubtitles
бластер	33	355	0	OpenSubtitles	risk-accepted:no-grant	0.18	yes	single-source	OpenSubtitles
соска	33	352	0	OpenSubtitles	risk-accepted:no-grant	0.02	yes	single-source	OpenSubtitles
гадить	33	340	0	OpenSubtitles	risk-accepted:no-grant	0.00	yes	single-source	OpenSubtitles
кроличью	33	338	0	OpenSubtitles	risk-accepted:no-grant	0.04	yes	single-source	OpenSubtitles
кои	33	336	0	OpenSubtitles	risk-accepted:no-grant	0.25	yes	single-source	OpenSubtitles
распростертыми	33	333	0	OpenSubtitles	risk-accepted:no-grant	0.00	yes	single-source	OpenSubtitles
сережку	33	325	0	OpenSubtitles	risk-accepted:no-grant	0.14	yes	single-source	OpenSubtitles
вступлю	33	323	0	OpenSubtitles	risk-accepted:no-grant	0.00	yes	single-source	OpenSubtitles
натравить	33	320	0	OpenSubtitles	risk-accepted:no-grant	0.00	yes	single-source	OpenSubtitles
шайку	33	320	0	OpenSubtitles	risk-accepted:no-grant	0.00	yes	single-source	OpenSubtitles
обалденная	33	314	0	OpenSubtitles	risk-accepted:no-grant	0.01	yes	single-source	OpenSubtitles
коммуникатор	33	310	0	OpenSubtitles	risk-accepted:no-grant	0.01	yes	single-source	OpenSubtitles
втюрилась	33	305	0	OpenSubtitles	risk-accepted:no-grant	0.00	yes	single-source	OpenSubtitles
подгоню	33	303	0	OpenSubtitles	risk-accepted:no-grant	0.01	yes	single-source	OpenSubtitles
исцелит	33	299	0	OpenSubtitles	risk-accepted:no-grant	0.00	yes	single-source	OpenSubtitles
кисок	33	299	0	OpenSubtitles	risk-accepted:no-grant	0.04	yes	single-source	OpenSubtitles
вписываюсь	33	293	0	OpenSubtitles	risk-accepted:no-grant	0.00	yes	single-source	OpenSubtitles
лимбо	33	293	0	OpenSubtitles	risk-accepted:no-grant	0.49	yes	single-source	OpenSubtitles
опустишь	33	292	0	OpenSubtitles	risk-accepted:no-grant	0.00	yes	single-source	OpenSubtitles
биопсии	33	291	0	OpenSubtitles	risk-accepted:no-grant	0.00	yes	single-source	OpenSubtitles
гоблинов	33	291	0	OpenSubtitles	risk-accepted:no-grant	0.18	yes	single-source	OpenSubtitles
воткну	33	288	0	OpenSubtitles	risk-accepted:no-grant	0.00	yes	single-source	OpenSubtitles
накидка	33	288	0	OpenSubtitles	risk-accepted:no-grant	0.01	yes	single-source	OpenSubtitles
подставной	33	288	0	OpenSubtitles	risk-accepted:no-grant	0.00	yes	single-source	OpenSubtitles
убюрхр	33	287	0	OpenSubtitles	risk-accepted:no-grant	0.76	yes	proper-noun-evidence	cap_ratio=0.76>=0.50
вонючее	33	286	0	OpenSubtitles	risk-accepted:no-grant	0.00	yes	single-source	OpenSubtitles
анфе	33	284	0	OpenSubtitles	risk-accepted:no-grant	0.46	yes	single-source	OpenSubtitles
оплакать	33	283	0	OpenSubtitles	risk-accepted:no-grant	0.01	yes	single-source	OpenSubtitles
прослушивали	33	283	0	OpenSubtitles	risk-accepted:no-grant	0.00	yes	single-source	OpenSubtitles
здрасти	33	280	0	OpenSubtitles	risk-accepted:no-grant	0.08	yes	single-source	OpenSubtitles
аорту	33	278	0	OpenSubtitles	risk-accepted:no-grant	0.00	yes	single-source	OpenSubtitles
кули	33	278	0	OpenSubtitles	risk-accepted:no-grant	0.78	yes	proper-noun-evidence	cap_ratio=0.78>=0.50
трахнешь	33	278	0	OpenSubtitles	risk-accepted:no-grant	0.00	yes	single-source	OpenSubtitles
наркоторговца	33	273	0	OpenSubtitles	risk-accepted:no-grant	0.01	yes	single-source	OpenSubtitles
бабками	33	271	0	OpenSubtitles	risk-accepted:no-grant	0.00	yes	single-source	OpenSubtitles
крысолов	33	270	0	OpenSubtitles	risk-accepted:no-grant	0.71	yes	proper-noun-evidence	cap_ratio=0.71>=0.50
пробьют	33	269	0	OpenSubtitles	risk-accepted:no-grant	0.00	yes	single-source	OpenSubtitles
вышвырнет	33	267	0	OpenSubtitles	risk-accepted:no-grant	0.00	yes	single-source	OpenSubtitles
обронила	33	266	0	OpenSubtitles	risk-accepted:no-grant	0.00	yes	single-source	OpenSubtitles
сестрички	33	265	0	OpenSubtitles	risk-accepted:no-grant	0.06	yes	single-source	OpenSubtitles
шика	33	265	0	OpenSubtitles	risk-accepted:no-grant	0.37	yes	single-source	OpenSubtitles
ребус	33	264	0	OpenSubtitles	risk-accepted:no-grant	0.59	yes	proper-noun-evidence	cap_ratio=0.59>=0.50
братишки	33	262	0	OpenSubtitles	risk-accepted:no-grant	0.02	yes	single-source	OpenSubtitles
зачали	33	261	0	OpenSubtitles	risk-accepted:no-grant	0.00	yes	single-source	OpenSubtitles
повернем	33	259	0	OpenSubtitles	risk-accepted:no-grant	0.00	yes	single-source	OpenSubtitles
имейлы	33	256	0	OpenSubtitles	risk-accepted:no-grant	0.01	yes	single-source	OpenSubtitles
най	33	253	2	OpenSubtitles+Tatoeba	clean:CC-BY-2.0-FR	0.80	yes	proper-noun-evidence	cap_ratio=0.80>=0.50
портсигар	33	253	0	OpenSubtitles	risk-accepted:no-grant	0.00	yes	single-source	OpenSubtitles
променять	33	253	0	OpenSubtitles	risk-accepted:no-grant	0.00	yes	single-source	OpenSubtitles
караулить	33	250	0	OpenSubtitles	risk-accepted:no-grant	0.00	yes	single-source	OpenSubtitles
гробовщик	33	247	0	OpenSubtitles	risk-accepted:no-grant	0.09	yes	single-source	OpenSubtitles
фамильный	33	242	0	OpenSubtitles	risk-accepted:no-grant	0.00	yes	single-source	OpenSubtitles
перевернем	33	236	0	OpenSubtitles	risk-accepted:no-grant	0.00	yes	single-source	OpenSubtitles
сынишка	33	235	0	OpenSubtitles	risk-accepted:no-grant	0.01	yes	single-source	OpenSubtitles
червоточина	33	235	0	OpenSubtitles	risk-accepted:no-grant	0.02	yes	single-source	OpenSubtitles
шш	33	235	0	OpenSubtitles	risk-accepted:no-grant	0.08	yes	single-source	OpenSubtitles
эммм	33	231	0	OpenSubtitles	risk-accepted:no-grant	0.01	yes	single-source	OpenSubtitles
спрайт	33	227	0	OpenSubtitles	risk-accepted:no-grant	0.68	yes	proper-noun-evidence	cap_ratio=0.68>=0.50
чувачок	33	227	0	OpenSubtitles	risk-accepted:no-grant	0.00	yes	single-source	OpenSubtitles
размяк	33	226	0	OpenSubtitles	risk-accepted:no-grant	0.00	yes	single-source	OpenSubtitles
увозить	33	226	0	OpenSubtitles	risk-accepted:no-grant	0.00	yes	single-source	OpenSubtitles
мекка	33	225	4	OpenSubtitles+Tatoeba	clean:CC-BY-2.0-FR	0.79	yes	proper-noun-evidence	cap_ratio=0.79>=0.50
вскроем	33	224	0	OpenSubtitles	risk-accepted:no-grant	0.01	yes	single-source	OpenSubtitles
отыщи	33	224	0	OpenSubtitles	risk-accepted:no-grant	0.08	yes	single-source	OpenSubtitles
грёбаным	33	220	0	OpenSubtitles	risk-accepted:no-grant	0.00	yes	single-source	OpenSubtitles
обвел	33	218	0	OpenSubtitles	risk-accepted:no-grant	0.00	yes	single-source	OpenSubtitles
постелю	33	215	0	OpenSubtitles	risk-accepted:no-grant	0.00	yes	single-source	OpenSubtitles
наете	33	214	0	OpenSubtitles	risk-accepted:no-grant	0.00	yes	single-source	OpenSubtitles
оцепите	33	214	0	OpenSubtitles	risk-accepted:no-grant	0.01	yes	single-source	OpenSubtitles
ьлб	33	212	0	OpenSubtitles	risk-accepted:no-grant	0.00	yes	single-source	OpenSubtitles
пареньком	33	209	0	OpenSubtitles	risk-accepted:no-grant	0.00	yes	single-source	OpenSubtitles
эвакуируем	33	201	0	OpenSubtitles	risk-accepted:no-grant	0.00	yes	single-source	OpenSubtitles
долбанную	33	198	0	OpenSubtitles	risk-accepted:no-grant	0.01	yes	single-source	OpenSubtitles
уединенное	33	192	0	OpenSubtitles	risk-accepted:no-grant	0.00	yes	single-source	OpenSubtitles
бессонные	33	189	0	OpenSubtitles	risk-accepted:no-grant	0.00	yes	single-source	OpenSubtitles
ужасающее	33	181	0	OpenSubtitles	risk-accepted:no-grant	0.01	yes	single-source	OpenSubtitles
уберемся	32	424	0	OpenSubtitles	risk-accepted:no-grant	0.00	yes	single-source	OpenSubtitles
риэлтор	32	390	0	OpenSubtitles	risk-accepted:no-grant	0.02	yes	single-source	OpenSubtitles
сосков	32	370	0	OpenSubtitles	risk-accepted:no-grant	0.01	yes	single-source	OpenSubtitles
шататься	32	367	0	OpenSubtitles	risk-accepted:no-grant	0.00	yes	single-source	OpenSubtitles
электрошок	32	360	0	OpenSubtitles	risk-accepted:no-grant	0.03	yes	single-source	OpenSubtitles
возненавидишь	32	354	0	OpenSubtitles	risk-accepted:no-grant	0.00	yes	single-source	OpenSubtitles
тов	32	353	0	OpenSubtitles	risk-accepted:no-grant	0.18	yes	single-source	OpenSubtitles
прольется	32	348	0	OpenSubtitles	risk-accepted:no-grant	0.01	yes	single-source	OpenSubtitles
неподчинение	32	342	0	OpenSubtitles	risk-accepted:no-grant	0.00	yes	single-source	OpenSubtitles
перепихон	32	341	0	OpenSubtitles	risk-accepted:no-grant	0.03	yes	single-source	OpenSubtitles
засовывать	32	340	0	OpenSubtitles	risk-accepted:no-grant	0.00	yes	single-source	OpenSubtitles
манила	32	335	6	OpenSubtitles+Tatoeba	clean:CC-BY-2.0-FR	0.73	yes	proper-noun-evidence	cap_ratio=0.73>=0.50
подстраховаться	32	329	0	OpenSubtitles	risk-accepted:no-grant	0.00	yes	single-source	OpenSubtitles
божьем	32	327	1	OpenSubtitles+Tatoeba	clean:CC-BY-2.0-FR	0.75	yes	proper-noun-evidence	cap_ratio=0.75>=0.50
мерло	32	325	0	OpenSubtitles	risk-accepted:no-grant	0.62	yes	proper-noun-evidence	cap_ratio=0.62>=0.50
пришили	32	325	0	OpenSubtitles	risk-accepted:no-grant	0.00	yes	single-source	OpenSubtitles
разнесет	32	321	0	OpenSubtitles	risk-accepted:no-grant	0.00	yes	single-source	OpenSubtitles
стендап	32	314	0	OpenSubtitles	risk-accepted:no-grant	0.01	yes	single-source	OpenSubtitles
щелкает	32	313	0	OpenSubtitles	risk-accepted:no-grant	0.03	yes	single-source	OpenSubtitles
ажуре	32	311	0	OpenSubtitles	risk-accepted:no-grant	0.01	yes	single-source	OpenSubtitles
заждалась	32	311	0	OpenSubtitles	risk-accepted:no-grant	0.00	yes	single-source	OpenSubtitles
воротничков	32	309	0	OpenSubtitles	risk-accepted:no-grant	0.45	yes	single-source	OpenSubtitles
папаше	32	308	0	OpenSubtitles	risk-accepted:no-grant	0.04	yes	single-source	OpenSubtitles
ббепу	32	303	0	OpenSubtitles	risk-accepted:no-grant	0.07	yes	single-source	OpenSubtitles
вю	32	302	0	OpenSubtitles	risk-accepted:no-grant	0.07	yes	single-source	OpenSubtitles
наслышана	32	302	0	OpenSubtitles	risk-accepted:no-grant	0.00	yes	single-source	OpenSubtitles
утоплю	32	295	0	OpenSubtitles	risk-accepted:no-grant	0.00	yes	single-source	OpenSubtitles
девками	32	289	0	OpenSubtitles	risk-accepted:no-grant	0.00	yes	single-source	OpenSubtitles
впутал	32	287	0	OpenSubtitles	risk-accepted:no-grant	0.00	yes	single-source	OpenSubtitles
фюреру	32	287	0	OpenSubtitles	risk-accepted:no-grant	0.28	yes	single-source	OpenSubtitles
спалила	32	285	0	OpenSubtitles	risk-accepted:no-grant	0.01	yes	single-source	OpenSubtitles
флюиды	32	285	0	OpenSubtitles	risk-accepted:no-grant	0.00	yes	single-source	OpenSubtitles
хдх	32	285	0	OpenSubtitles	risk-accepted:no-grant	0.77	yes	proper-noun-evidence	cap_ratio=0.77>=0.50
замочу	32	278	0	OpenSubtitles	risk-accepted:no-grant	0.01	yes	single-source	OpenSubtitles
прольётся	32	276	0	OpenSubtitles	risk-accepted:no-grant	0.00	yes	single-source	OpenSubtitles
щечки	32	276	0	OpenSubtitles	risk-accepted:no-grant	0.02	yes	single-source	OpenSubtitles
гостинной	32	274	0	OpenSubtitles	risk-accepted:no-grant	0.00	yes	single-source	OpenSubtitles
дворецким	32	274	0	OpenSubtitles	risk-accepted:no-grant	0.01	yes	single-source	OpenSubtitles
провернула	32	274	0	OpenSubtitles	risk-accepted:no-grant	0.00	yes	single-source	OpenSubtitles
якудзы	32	274	0	OpenSubtitles	risk-accepted:no-grant	0.37	yes	single-source	OpenSubtitles
сорвет	32	271	0	OpenSubtitles	risk-accepted:no-grant	0.00	yes	single-source	OpenSubtitles
дамской	32	268	0	OpenSubtitles	risk-accepted:no-grant	0.02	yes	single-source	OpenSubtitles
ням	32	268	0	OpenSubtitles	risk-accepted:no-grant	0.16	yes	single-source	OpenSubtitles
флаер	32	268	0	OpenSubtitles	risk-accepted:no-grant	0.01	yes	single-source	OpenSubtitles
скрижаль	32	265	0	OpenSubtitles	risk-accepted:no-grant	0.12	yes	single-source	OpenSubtitles
звините	32	264	0	OpenSubtitles	risk-accepted:no-grant	0.00	yes	single-source	OpenSubtitles
надери	32	264	0	OpenSubtitles	risk-accepted:no-grant	0.10	yes	single-source	OpenSubtitles
пом	32	264	0	OpenSubtitles	risk-accepted:no-grant	0.79	yes	proper-noun-evidence	cap_ratio=0.79>=0.50
поку	32	258	0	OpenSubtitles	risk-accepted:no-grant	0.02	yes	single-source	OpenSubtitles
безжалостным	32	257	0	OpenSubtitles	risk-accepted:no-grant	0.01	yes	single-source	OpenSubtitles
еилаи	32	257	0	OpenSubtitles	risk-accepted:no-grant	0.00	yes	single-source	OpenSubtitles
консьержа	32	253	0	OpenSubtitles	risk-accepted:no-grant	0.02	yes	single-source	OpenSubtitles
подбросит	32	253	0	OpenSubtitles	risk-accepted:no-grant	0.00	yes	single-source	OpenSubtitles
бисквиты	32	251	0	OpenSubtitles	risk-accepted:no-grant	0.00	yes	single-source	OpenSubtitles
делишек	32	251	0	OpenSubtitles	risk-accepted:no-grant	0.00	yes	single-source	OpenSubtitles
перережет	32	251	0	OpenSubtitles	risk-accepted:no-grant	0.00	yes	single-source	OpenSubtitles
трахали	32	251	0	OpenSubtitles	risk-accepted:no-grant	0.00	yes	single-source	OpenSubtitles
пристрелим	32	250	0	OpenSubtitles	risk-accepted:no-grant	0.00	yes	single-source	OpenSubtitles
треп	32	250	0	OpenSubtitles	risk-accepted:no-grant	0.01	yes	single-source	OpenSubtitles
паршивым	32	249	0	OpenSubtitles	risk-accepted:no-grant	0.00	yes	single-source	OpenSubtitles
прикольное	32	248	0	OpenSubtitles	risk-accepted:no-grant	0.00	yes	single-source	OpenSubtitles
вздумали	32	247	0	OpenSubtitles	risk-accepted:no-grant	0.00	yes	single-source	OpenSubtitles
кэдди	32	247	0	OpenSubtitles	risk-accepted:no-grant	0.43	yes	single-source	OpenSubtitles
слетит	32	247	0	OpenSubtitles	risk-accepted:no-grant	0.00	yes	single-source	OpenSubtitles
гарсон	32	243	0	OpenSubtitles	risk-accepted:no-grant	0.74	yes	proper-noun-evidence	cap_ratio=0.74>=0.50
каберне	32	242	0	OpenSubtitles	risk-accepted:no-grant	0.45	yes	single-source	OpenSubtitles
солдатики	32	236	0	OpenSubtitles	risk-accepted:no-grant	0.03	yes	single-source	OpenSubtitles
помираю	32	235	0	OpenSubtitles	risk-accepted:no-grant	0.01	yes	single-source	OpenSubtitles
вырубит	32	230	0	OpenSubtitles	risk-accepted:no-grant	0.00	yes	single-source	OpenSubtitles
осмелишься	32	228	0	OpenSubtitles	risk-accepted:no-grant	0.00	yes	single-source	OpenSubtitles
ляпнула	32	227	0	OpenSubtitles	risk-accepted:no-grant	0.00	yes	single-source	OpenSubtitles
подлатать	32	223	0	OpenSubtitles	risk-accepted:no-grant	0.00	yes	single-source	OpenSubtitles
размазать	32	223	0	OpenSubtitles	risk-accepted:no-grant	0.00	yes	single-source	OpenSubtitles
поджарим	32	222	0	OpenSubtitles	risk-accepted:no-grant	0.01	yes	single-source	OpenSubtitles
беспомощная	32	220	0	OpenSubtitles	risk-accepted:no-grant	0.01	yes	single-source	OpenSubtitles
перевязку	32	219	0	OpenSubtitles	risk-accepted:no-grant	0.00	yes	single-source	OpenSubtitles
дьявольской	32	217	0	OpenSubtitles	risk-accepted:no-grant	0.13	yes	single-source	OpenSubtitles
кчдеи	32	211	0	OpenSubtitles	risk-accepted:no-grant	0.80	yes	proper-noun-evidence	cap_ratio=0.80>=0.50
выстоит	32	205	0	OpenSubtitles	risk-accepted:no-grant	0.00	yes	single-source	OpenSubtitles
подставу	32	205	0	OpenSubtitles	risk-accepted:no-grant	0.00	yes	single-source	OpenSubtitles
позориться	32	205	0	OpenSubtitles	risk-accepted:no-grant	0.00	yes	single-source	OpenSubtitles
рыдаю	32	197	0	OpenSubtitles	risk-accepted:no-grant	0.02	yes	single-source	OpenSubtitles
милашку	32	193	0	OpenSubtitles	risk-accepted:no-grant	0.16	yes	single-source	OpenSubtitles
уделали	32	191	0	OpenSubtitles	risk-accepted:no-grant	0.01	yes	single-source	OpenSubtitles
пулевые	32	185	0	OpenSubtitles	risk-accepted:no-grant	0.00	yes	single-source	OpenSubtitles
стеклышко	32	177	0	OpenSubtitles	risk-accepted:no-grant	0.00	yes	single-source	OpenSubtitles
сынуля	32	175	0	OpenSubtitles	risk-accepted:no-grant	0.03	yes	single-source	OpenSubtitles
раздавлены	32	173	0	OpenSubtitles	risk-accepted:no-grant	0.00	yes	single-source	OpenSubtitles
подготовься	32	172	0	OpenSubtitles	risk-accepted:no-grant	0.01	yes	single-source	OpenSubtitles
амфетамины	32	171	0	OpenSubtitles	risk-accepted:no-grant	0.01	yes	single-source	OpenSubtitles
споешь	31	421	0	OpenSubtitles	risk-accepted:no-grant	0.00	yes	single-source	OpenSubtitles
приставить	31	377	0	OpenSubtitles	risk-accepted:no-grant	0.00	yes	single-source	OpenSubtitles
словить	31	375	0	OpenSubtitles	risk-accepted:no-grant	0.00	yes	single-source	OpenSubtitles
викодин	31	347	0	OpenSubtitles	risk-accepted:no-grant	0.40	yes	single-source	OpenSubtitles
калечить	31	342	0	OpenSubtitles	risk-accepted:no-grant	0.00	yes	single-source	OpenSubtitles
манда	31	342	0	OpenSubtitles	risk-accepted:no-grant	0.16	yes	single-source	OpenSubtitles
насладитесь	31	329	0	OpenSubtitles	risk-accepted:no-grant	0.00	yes	single-source	OpenSubtitles
може	31	327	0	OpenSubtitles	risk-accepted:no-grant	0.01	yes	single-source	OpenSubtitles
ксанакс	31	320	0	OpenSubtitles	risk-accepted:no-grant	0.66	yes	proper-noun-evidence	cap_ratio=0.66>=0.50
попой	31	317	0	OpenSubtitles	risk-accepted:no-grant	0.01	yes	single-source	OpenSubtitles
девственниц	31	303	0	OpenSubtitles	risk-accepted:no-grant	0.02	yes	single-source	OpenSubtitles
капельница	31	303	0	OpenSubtitles	risk-accepted:no-grant	0.01	yes	single-source	OpenSubtitles
богатеньких	31	302	0	OpenSubtitles	risk-accepted:no-grant	0.00	yes	single-source	OpenSubtitles
разогрею	31	302	0	OpenSubtitles	risk-accepted:no-grant	0.00	yes	single-source	OpenSubtitles
гримерку	31	298	0	OpenSubtitles	risk-accepted:no-grant	0.00	yes	single-source	OpenSubtitles
криминалистам	31	297	0	OpenSubtitles	risk-accepted:no-grant	0.00	yes	single-source	OpenSubtitles
потаскушка	31	294	0	OpenSubtitles	risk-accepted:no-grant	0.01	yes	single-source	OpenSubtitles
донг	31	293	1	OpenSubtitles+Tatoeba	clean:CC-BY-2.0-FR	0.79	yes	proper-noun-evidence	cap_ratio=0.79>=0.50
гравий	31	284	0	OpenSubtitles	risk-accepted:no-grant	0.02	yes	single-source	OpenSubtitles
поджарю	31	283	0	OpenSubtitles	risk-accepted:no-grant	0.00	yes	single-source	OpenSubtitles
развлечемся	31	283	0	OpenSubtitles	risk-accepted:no-grant	0.00	yes	single-source	OpenSubtitles
ищейки	31	282	0	OpenSubtitles	risk-accepted:no-grant	0.07	yes	single-source	OpenSubtitles
рестлинг	31	282	0	OpenSubtitles	risk-accepted:no-grant	0.02	yes	single-source	OpenSubtitles
клаб	31	280	1	OpenSubtitles+Tatoeba	clean:CC-BY-2.0-FR	0.73	yes	proper-noun-evidence	cap_ratio=0.73>=0.50
чистильщик	31	279	0	OpenSubtitles	risk-accepted:no-grant	0.07	yes	single-source	OpenSubtitles
пробьет	31	277	0	OpenSubtitles	risk-accepted:no-grant	0.00	yes	single-source	OpenSubtitles
цикады	31	276	6	OpenSubtitles+Tatoeba	clean:CC-BY-2.0-FR	0.57	yes	proper-noun-evidence	cap_ratio=0.57>=0.50
доком	31	274	0	OpenSubtitles	risk-accepted:no-grant	0.58	yes	proper-noun-evidence	cap_ratio=0.58>=0.50
солярий	31	274	0	OpenSubtitles	risk-accepted:no-grant	0.01	yes	single-source	OpenSubtitles
милорды	31	273	0	OpenSubtitles	risk-accepted:no-grant	0.06	yes	single-source	OpenSubtitles
траха	31	272	0	OpenSubtitles	risk-accepted:no-grant	0.06	yes	single-source	OpenSubtitles
минета	31	266	0	OpenSubtitles	risk-accepted:no-grant	0.07	yes	single-source	OpenSubtitles
ярл	31	266	0	OpenSubtitles	risk-accepted:no-grant	0.16	yes	single-source	OpenSubtitles
интрижке	31	263	0	OpenSubtitles	risk-accepted:no-grant	0.00	yes	single-source	OpenSubtitles
анал	31	262	0	OpenSubtitles	risk-accepted:no-grant	0.06	yes	single-source	OpenSubtitles
вынюхивать	31	261	0	OpenSubtitles	risk-accepted:no-grant	0.00	yes	single-source	OpenSubtitles
иммиграционная	31	260	0	OpenSubtitles	risk-accepted:no-grant	0.13	yes	single-source	OpenSubtitles
миллиграмма	31	259	0	OpenSubtitles	risk-accepted:no-grant	0.01	yes	single-source	OpenSubtitles
дилетанты	31	258	0	OpenSubtitles	risk-accepted:no-grant	0.01	yes	single-source	OpenSubtitles
воюешь	31	257	0	OpenSubtitles	risk-accepted:no-grant	0.00	yes	single-source	OpenSubtitles
штучками	31	257	0	OpenSubtitles	risk-accepted:no-grant	0.01	yes	single-source	OpenSubtitles
деньжата	31	254	0	OpenSubtitles	risk-accepted:no-grant	0.01	yes	single-source	OpenSubtitles
мисо	31	254	0	OpenSubtitles	risk-accepted:no-grant	0.14	yes	single-source	OpenSubtitles
пинг	31	251	0	OpenSubtitles	risk-accepted:no-grant	0.74	yes	proper-noun-evidence	cap_ratio=0.74>=0.50
предохранители	31	250	0	OpenSubtitles	risk-accepted:no-grant	0.00	yes	single-source	OpenSubtitles
уряфй	31	250	0	OpenSubtitles	risk-accepted:no-grant	0.00	yes	single-source	OpenSubtitles
введём	31	248	0	OpenSubtitles	risk-accepted:no-grant	0.00	yes	single-source	OpenSubtitles
мальчишника	31	248	0	OpenSubtitles	risk-accepted:no-grant	0.10	yes	single-source	OpenSubtitles
еисаи	31	247	0	OpenSubtitles	risk-accepted:no-grant	0.00	yes	single-source	OpenSubtitles
рйп	31	244	0	OpenSubtitles	risk-accepted:no-grant	0.00	yes	single-source	OpenSubtitles
охренели	31	243	0	OpenSubtitles	risk-accepted:no-grant	0.00	yes	single-source	OpenSubtitles
сестренки	31	242	0	OpenSubtitles	risk-accepted:no-grant	0.04	yes	single-source	OpenSubtitles
отгадай	31	241	0	OpenSubtitles	risk-accepted:no-grant	0.02	yes	single-source	OpenSubtitles
угонять	31	241	0	OpenSubtitles	risk-accepted:no-grant	0.00	yes	single-source	OpenSubtitles
шокером	31	241	0	OpenSubtitles	risk-accepted:no-grant	0.02	yes	single-source	OpenSubtitles
уау	31	239	0	OpenSubtitles	risk-accepted:no-grant	0.18	yes	single-source	OpenSubtitles
морпеха	31	238	0	OpenSubtitles	risk-accepted:no-grant	0.05	yes	single-source	OpenSubtitles
восьмерка	31	237	0	OpenSubtitles	risk-accepted:no-grant	0.11	yes	single-source	OpenSubtitles
волчья	31	236	0	OpenSubtitles	risk-accepted:no-grant	0.13	yes	single-source	OpenSubtitles
наймём	31	236	0	OpenSubtitles	risk-accepted:no-grant	0.00	yes	single-source	OpenSubtitles
отсидела	31	235	0	OpenSubtitles	risk-accepted:no-grant	0.01	yes	single-source	OpenSubtitles
накинулся	31	234	0	OpenSubtitles	risk-accepted:no-grant	0.00	yes	single-source	OpenSubtitles
лососем	31	232	0	OpenSubtitles	risk-accepted:no-grant	0.01	yes	single-source	OpenSubtitles
подвернулась	31	231	0	OpenSubtitles	risk-accepted:no-grant	0.00	yes	single-source	OpenSubtitles
подпущу	31	231	0	OpenSubtitles	risk-accepted:no-grant	0.00	yes	single-source	OpenSubtitles
просветление	31	231	0	OpenSubtitles	risk-accepted:no-grant	0.02	yes	single-source	OpenSubtitles
оруженосец	31	230	0	OpenSubtitles	risk-accepted:no-grant	0.02	yes	single-source	OpenSubtitles
еб	31	225	0	OpenSubtitles	risk-accepted:no-grant	0.01	yes	single-source	OpenSubtitles
ерейдю	31	225	0	OpenSubtitles	risk-accepted:no-grant	0.00	yes	single-source	OpenSubtitles
сиянии	31	223	0	OpenSubtitles	risk-accepted:no-grant	0.21	yes	single-source	OpenSubtitles
продажным	31	222	0	OpenSubtitles	risk-accepted:no-grant	0.00	yes	single-source	OpenSubtitles
слушок	31	221	0	OpenSubtitles	risk-accepted:no-grant	0.00	yes	single-source	OpenSubtitles
бургомистр	31	220	0	OpenSubtitles	risk-accepted:no-grant	0.06	yes	single-source	OpenSubtitles
диафрагму	31	220	0	OpenSubtitles	risk-accepted:no-grant	0.00	yes	single-source	OpenSubtitles
мамином	31	216	0	OpenSubtitles	risk-accepted:no-grant	0.00	yes	single-source	OpenSubtitles
морковкой	31	216	0	OpenSubtitles	risk-accepted:no-grant	0.02	yes	single-source	OpenSubtitles
накажите	31	216	0	OpenSubtitles	risk-accepted:no-grant	0.00	yes	single-source	OpenSubtitles
перчик	31	215	0	OpenSubtitles	risk-accepted:no-grant	0.24	yes	single-source	OpenSubtitles
суматохи	31	213	0	OpenSubtitles	risk-accepted:no-grant	0.00	yes	single-source	OpenSubtitles
еяре	31	211	0	OpenSubtitles	risk-accepted:no-grant	0.00	yes	single-source	OpenSubtitles
съезжаю	31	210	0	OpenSubtitles	risk-accepted:no-grant	0.01	yes	single-source	OpenSubtitles
тупы	31	210	0	OpenSubtitles	risk-accepted:no-grant	0.00	yes	single-source	OpenSubtitles
закадрить	31	209	0	OpenSubtitles	risk-accepted:no-grant	0.01	yes	single-source	OpenSubtitles
барменша	31	203	0	OpenSubtitles	risk-accepted:no-grant	0.01	yes	single-source	OpenSubtitles
зверинец	31	202	0	OpenSubtitles	risk-accepted:no-grant	0.25	yes	single-source	OpenSubtitles
пого	31	200	0	OpenSubtitles	risk-accepted:no-grant	0.69	yes	proper-noun-evidence	cap_ratio=0.69>=0.50
возглавишь	31	199	0	OpenSubtitles	risk-accepted:no-grant	0.01	yes	single-source	OpenSubtitles
чудака	31	197	0	OpenSubtitles	risk-accepted:no-grant	0.04	yes	single-source	OpenSubtitles
разбежимся	31	196	0	OpenSubtitles	risk-accepted:no-grant	0.00	yes	single-source	OpenSubtitles
бумажники	31	193	0	OpenSubtitles	risk-accepted:no-grant	0.00	yes	single-source	OpenSubtitles
деремся	31	192	0	OpenSubtitles	risk-accepted:no-grant	0.01	yes	single-source	OpenSubtitles
надутый	31	186	0	OpenSubtitles	risk-accepted:no-grant	0.01	yes	single-source	OpenSubtitles
выкрикивать	31	184	0	OpenSubtitles	risk-accepted:no-grant	0.00	yes	single-source	OpenSubtitles
перевернет	31	183	0	OpenSubtitles	risk-accepted:no-grant	0.01	yes	single-source	OpenSubtitles
сестринство	31	183	0	OpenSubtitles	risk-accepted:no-grant	0.19	yes	single-source	OpenSubtitles
излучать	31	181	0	OpenSubtitles	risk-accepted:no-grant	0.00	yes	single-source	OpenSubtitles
сушилка	31	170	0	OpenSubtitles	risk-accepted:no-grant	0.00	yes	single-source	OpenSubtitles
игрушечного	31	120	0	OpenSubtitles	risk-accepted:no-grant	0.03	yes	single-source	OpenSubtitles
провидение	30	378	0	OpenSubtitles	risk-accepted:no-grant	0.21	yes	single-source	OpenSubtitles
зум	30	377	1	OpenSubtitles+Tatoeba	clean:CC-BY-2.0-FR	0.64	yes	proper-noun-evidence	cap_ratio=0.64>=0.50
зануды	30	367	0	OpenSubtitles	risk-accepted:no-grant	0.02	yes	single-source	OpenSubtitles
оцепить	30	342	0	OpenSubtitles	risk-accepted:no-grant	0.00	yes	single-source	OpenSubtitles
долбанная	30	336	0	OpenSubtitles	risk-accepted:no-grant	0.01	yes	single-source	OpenSubtitles
отыщу	30	335	0	OpenSubtitles	risk-accepted:no-grant	0.00	yes	single-source	OpenSubtitles
тгс	30	334	0	OpenSubtitles	risk-accepted:no-grant	0.00	yes	single-source	OpenSubtitles
шваль	30	333	0	OpenSubtitles	risk-accepted:no-grant	0.03	yes	single-source	OpenSubtitles
обчистил	30	330	0	OpenSubtitles	risk-accepted:no-grant	0.00	yes	single-source	OpenSubtitles
стероидов	30	330	0	OpenSubtitles	risk-accepted:no-grant	0.00	yes	single-source	OpenSubtitles
бело	30	327	4	OpenSubtitles+Tatoeba	clean:CC-BY-2.0-FR	0.68	yes	proper-noun-evidence	cap_ratio=0.68>=0.50
бабку	30	326	0	OpenSubtitles	risk-accepted:no-grant	0.02	yes	single-source	OpenSubtitles
запрограммировал	30	321	0	OpenSubtitles	risk-accepted:no-grant	0.00	yes	single-source	OpenSubtitles
сумашедший	30	319	0	OpenSubtitles	risk-accepted:no-grant	0.00	yes	single-source	OpenSubtitles
покалечить	30	315	0	OpenSubtitles	risk-accepted:no-grant	0.01	yes	single-source	OpenSubtitles
фрак	30	315	0	OpenSubtitles	risk-accepted:no-grant	0.03	yes	single-source	OpenSubtitles
воттак	30	313	0	OpenSubtitles	risk-accepted:no-grant	0.01	yes	single-source	OpenSubtitles
пуф	30	312	0	OpenSubtitles	risk-accepted:no-grant	0.15	yes	single-source	OpenSubtitles
борг	30	311	0	OpenSubtitles	risk-accepted:no-grant	0.69	yes	proper-noun-evidence	cap_ratio=0.69>=0.50
амбара	30	308	0	OpenSubtitles	risk-accepted:no-grant	0.06	yes	single-source	OpenSubtitles
кайфа	30	302	0	OpenSubtitles	risk-accepted:no-grant	0.03	yes	single-source	OpenSubtitles
шейка	30	300	0	OpenSubtitles	risk-accepted:no-grant	0.09	yes	single-source	OpenSubtitles
отброс	30	299	0	OpenSubtitles	risk-accepted:no-grant	0.03	yes	single-source	OpenSubtitles
грёбанный	30	296	0	OpenSubtitles	risk-accepted:no-grant	0.01	yes	single-source	OpenSubtitles
подстрекательство	30	293	0	OpenSubtitles	risk-accepted:no-grant	0.00	yes	single-source	OpenSubtitles
ночевкой	30	292	0	OpenSubtitles	risk-accepted:no-grant	0.01	yes	single-source	OpenSubtitles
коку	30	289	0	OpenSubtitles	risk-accepted:no-grant	0.34	yes	single-source	OpenSubtitles
кри	30	288	0	OpenSubtitles	risk-accepted:no-grant	0.70	yes	proper-noun-evidence	cap_ratio=0.70>=0.50
опълн	30	286	0	OpenSubtitles	risk-accepted:no-grant	0.60	yes	proper-noun-evidence	cap_ratio=0.60>=0.50
женьшень	30	282	0	OpenSubtitles	risk-accepted:no-grant	0.02	yes	single-source	OpenSubtitles
недостойны	30	281	0	OpenSubtitles	risk-accepted:no-grant	0.00	yes	single-source	OpenSubtitles
попкой	30	281	0	OpenSubtitles	risk-accepted:no-grant	0.00	yes	single-source	OpenSubtitles
тестостерон	30	281	0	OpenSubtitles	risk-accepted:no-grant	0.03	yes	single-source	OpenSubtitles
оденем	30	278	0	OpenSubtitles	risk-accepted:no-grant	0.01	yes	single-source	OpenSubtitles
аллё	30	277	0	OpenSubtitles	risk-accepted:no-grant	0.12	yes	single-source	OpenSubtitles
утебя	30	277	0	OpenSubtitles	risk-accepted:no-grant	0.01	yes	single-source	OpenSubtitles
легавым	30	275	0	OpenSubtitles	risk-accepted:no-grant	0.01	yes	single-source	OpenSubtitles
тетенька	30	275	0	OpenSubtitles	risk-accepted:no-grant	0.02	yes	single-source	OpenSubtitles
вышибалы	30	271	0	OpenSubtitles	risk-accepted:no-grant	0.06	yes	single-source	OpenSubtitles
фярпфб	30	271	0	OpenSubtitles	risk-accepted:no-grant	0.00	yes	single-source	OpenSubtitles
затеряться	30	270	0	OpenSubtitles	risk-accepted:no-grant	0.00	yes	single-source	OpenSubtitles
стейком	30	270	0	OpenSubtitles	risk-accepted:no-grant	0.02	yes	single-source	OpenSubtitles
наркодилера	30	269	0	OpenSubtitles	risk-accepted:no-grant	0.00	yes	single-source	OpenSubtitles
чудики	30	269	0	OpenSubtitles	risk-accepted:no-grant	0.00	yes	single-source	OpenSubtitles
адского	30	265	0	OpenSubtitles	risk-accepted:no-grant	0.23	yes	single-source	OpenSubtitles
детонаторы	30	264	0	OpenSubtitles	risk-accepted:no-grant	0.00	yes	single-source	OpenSubtitles
кунг	30	264	0	OpenSubtitles	risk-accepted:no-grant	0.58	yes	proper-noun-evidence	cap_ratio=0.58>=0.50
привяжу	30	264	0	OpenSubtitles	risk-accepted:no-grant	0.00	yes	single-source	OpenSubtitles
зачарованные	30	262	0	OpenSubtitles	risk-accepted:no-grant	0.77	yes	proper-noun-evidence	cap_ratio=0.77>=0.50
предвкушаю	30	262	0	OpenSubtitles	risk-accepted:no-grant	0.00	yes	single-source	OpenSubtitles
мамбо	30	261	0	OpenSubtitles	risk-accepted:no-grant	0.41	yes	single-source	OpenSubtitles
раздавят	30	258	0	OpenSubtitles	risk-accepted:no-grant	0.00	yes	single-source	OpenSubtitles
родненький	30	257	0	OpenSubtitles	risk-accepted:no-grant	0.00	yes	single-source	OpenSubtitles
ассорти	30	256	0	OpenSubtitles	risk-accepted:no-grant	0.07	yes	single-source	OpenSubtitles
баблом	30	255	0	OpenSubtitles	risk-accepted:no-grant	0.02	yes	single-source	OpenSubtitles
явись	30	255	0	OpenSubtitles	risk-accepted:no-grant	0.04	yes	single-source	OpenSubtitles
подкрасться	30	254	0	OpenSubtitles	risk-accepted:no-grant	0.00	yes	single-source	OpenSubtitles
лапушка	30	252	0	OpenSubtitles	risk-accepted:no-grant	0.04	yes	single-source	OpenSubtitles
отсылать	30	252	0	OpenSubtitles	risk-accepted:no-grant	0.00	yes	single-source	OpenSubtitles
проснетесь	30	249	0	OpenSubtitles	risk-accepted:no-grant	0.00	yes	single-source	OpenSubtitles
слайд	30	249	0	OpenSubtitles	risk-accepted:no-grant	0.21	yes	single-source	OpenSubtitles
кузенами	30	248	0	OpenSubtitles	risk-accepted:no-grant	0.00	yes	single-source	OpenSubtitles
слинять	30	248	0	OpenSubtitles	risk-accepted:no-grant	0.01	yes	single-source	OpenSubtitles
фентанила	30	247	0	OpenSubtitles	risk-accepted:no-grant	0.05	yes	single-source	OpenSubtitles
котя	30	245	0	OpenSubtitles	risk-accepted:no-grant	0.47	yes	single-source	OpenSubtitles
поздороваешься	30	245	0	OpenSubtitles	risk-accepted:no-grant	0.01	yes	single-source	OpenSubtitles
нитроглицерин	30	244	0	OpenSubtitles	risk-accepted:no-grant	0.02	yes	single-source	OpenSubtitles
делишках	30	242	0	OpenSubtitles	risk-accepted:no-grant	0.00	yes	single-source	OpenSubtitles
поплатится	30	242	0	OpenSubtitles	risk-accepted:no-grant	0.00	yes	single-source	OpenSubtitles
трахаетесь	30	242	0	OpenSubtitles	risk-accepted:no-grant	0.00	yes	single-source	OpenSubtitles
запугали	30	241	0	OpenSubtitles	risk-accepted:no-grant	0.00	yes	single-source	OpenSubtitles
пану	30	241	0	OpenSubtitles	risk-accepted:no-grant	0.11	yes	single-source	OpenSubtitles
домработницы	30	240	0	OpenSubtitles	risk-accepted:no-grant	0.01	yes	single-source	OpenSubtitles
цикада	30	238	5	OpenSubtitles+Tatoeba	clean:CC-BY-2.0-FR	0.78	yes	proper-noun-evidence	cap_ratio=0.78>=0.50
уродцев	30	233	0	OpenSubtitles	risk-accepted:no-grant	0.02	yes	single-source	OpenSubtitles
шрапнель	30	233	0	OpenSubtitles	risk-accepted:no-grant	0.01	yes	single-source	OpenSubtitles
накину	30	232	0	OpenSubtitles	risk-accepted:no-grant	0.00	yes	single-source	OpenSubtitles
бос	30	231	0	OpenSubtitles	risk-accepted:no-grant	0.39	yes	single-source	OpenSubtitles
гандон	30	231	0	OpenSubtitles	risk-accepted:no-grant	0.05	yes	single-source	OpenSubtitles
громил	30	229	0	OpenSubtitles	risk-accepted:no-grant	0.04	yes	single-source	OpenSubtitles
биде	30	228	0	OpenSubtitles	risk-accepted:no-grant	0.02	yes	single-source	OpenSubtitles
вознаградить	30	227	0	OpenSubtitles	risk-accepted:no-grant	0.00	yes	single-source	OpenSubtitles
ве	30	226	0	OpenSubtitles	risk-accepted:no-grant	0.34	yes	single-source	OpenSubtitles
заначки	30	226	0	OpenSubtitles	risk-accepted:no-grant	0.01	yes	single-source	OpenSubtitles
аута	30	224	0	OpenSubtitles	risk-accepted:no-grant	0.01	yes	single-source	OpenSubtitles
лема	30	224	1	OpenSubtitles+Tatoeba	clean:CC-BY-2.0-FR	0.73	yes	proper-noun-evidence	cap_ratio=0.73>=0.50
рщ	30	222	0	OpenSubtitles	risk-accepted:no-grant	0.00	yes	single-source	OpenSubtitles
навязчивые	30	218	0	OpenSubtitles	risk-accepted:no-grant	0.01	yes	single-source	OpenSubtitles
кукловод	30	213	0	OpenSubtitles	risk-accepted:no-grant	0.13	yes	single-source	OpenSubtitles
сентиментальность	30	212	0	OpenSubtitles	risk-accepted:no-grant	0.01	yes	single-source	OpenSubtitles
тарт	30	212	0	OpenSubtitles	risk-accepted:no-grant	0.51	yes	proper-noun-evidence	cap_ratio=0.51>=0.50
мудило	30	208	0	OpenSubtitles	risk-accepted:no-grant	0.01	yes	single-source	OpenSubtitles
скрытная	30	207	0	OpenSubtitles	risk-accepted:no-grant	0.01	yes	single-source	OpenSubtitles
подставляют	30	205	0	OpenSubtitles	risk-accepted:no-grant	0.00	yes	single-source	OpenSubtitles
прыг	30	204	0	OpenSubtitles	risk-accepted:no-grant	0.07	yes	single-source	OpenSubtitles
сёгун	30	204	0	OpenSubtitles	risk-accepted:no-grant	0.42	yes	single-source	OpenSubtitles
гончая	30	203	0	OpenSubtitles	risk-accepted:no-grant	0.18	yes	single-source	OpenSubtitles
оформите	30	202	0	OpenSubtitles	risk-accepted:no-grant	0.01	yes	single-source	OpenSubtitles
оттебя	30	200	0	OpenSubtitles	risk-accepted:no-grant	0.01	yes	single-source	OpenSubtitles
квотербеком	30	198	0	OpenSubtitles	risk-accepted:no-grant	0.01	yes	single-source	OpenSubtitles
предсмертные	30	197	0	OpenSubtitles	risk-accepted:no-grant	0.01	yes	single-source	OpenSubtitles
подговорила	30	193	0	OpenSubtitles	risk-accepted:no-grant	0.00	yes	single-source	OpenSubtitles
надирать	30	188	0	OpenSubtitles	risk-accepted:no-grant	0.00	yes	single-source	OpenSubtitles
кишками	30	187	0	OpenSubtitles	risk-accepted:no-grant	0.01	yes	single-source	OpenSubtitles
криминалом	30	187	0	OpenSubtitles	risk-accepted:no-grant	0.01	yes	single-source	OpenSubtitles
выколоть	30	185	0	OpenSubtitles	risk-accepted:no-grant	0.01	yes	single-source	OpenSubtitles
потекут	30	182	0	OpenSubtitles	risk-accepted:no-grant	0.02	yes	single-source	OpenSubtitles
вкусняшку	30	181	0	OpenSubtitles	risk-accepted:no-grant	0.02	yes	single-source	OpenSubtitles
бэм	30	175	0	OpenSubtitles	risk-accepted:no-grant	0.70	yes	proper-noun-evidence	cap_ratio=0.70>=0.50
кремировать	30	165	0	OpenSubtitles	risk-accepted:no-grant	0.00	yes	single-source	OpenSubtitles
чьего	29	372	0	OpenSubtitles	risk-accepted:no-grant	0.00	yes	single-source	OpenSubtitles
разрежу	29	351	0	OpenSubtitles	risk-accepted:no-grant	0.00	yes	single-source	OpenSubtitles
любимчиком	29	344	0	OpenSubtitles	risk-accepted:no-grant	0.00	yes	single-source	OpenSubtitles
выдадим	29	335	0	OpenSubtitles	risk-accepted:no-grant	0.00	yes	single-source	OpenSubtitles
анестезия	29	331	0	OpenSubtitles	risk-accepted:no-grant	0.01	yes	single-source	OpenSubtitles
святоша	29	330	0	OpenSubtitles	risk-accepted:no-grant	0.06	yes	single-source	OpenSubtitles
фотке	29	330	0	OpenSubtitles	risk-accepted:no-grant	0.00	yes	single-source	OpenSubtitles
ребеночек	29	327	0	OpenSubtitles	risk-accepted:no-grant	0.00	yes	single-source	OpenSubtitles
удвою	29	318	0	OpenSubtitles	risk-accepted:no-grant	0.00	yes	single-source	OpenSubtitles
ублажать	29	317	0	OpenSubtitles	risk-accepted:no-grant	0.00	yes	single-source	OpenSubtitles
стерты	29	315	0	OpenSubtitles	risk-accepted:no-grant	0.01	yes	single-source	OpenSubtitles
лохи	29	314	0	OpenSubtitles	risk-accepted:no-grant	0.02	yes	single-source	OpenSubtitles
сгоняю	29	312	0	OpenSubtitles	risk-accepted:no-grant	0.00	yes	single-source	OpenSubtitles
боа	29	307	0	OpenSubtitles	risk-accepted:no-grant	0.48	yes	single-source	OpenSubtitles
ботокс	29	307	0	OpenSubtitles	risk-accepted:no-grant	0.09	yes	single-source	OpenSubtitles
суперзвездой	29	304	0	OpenSubtitles	risk-accepted:no-grant	0.01	yes	single-source	OpenSubtitles
любовничек	29	302	0	OpenSubtitles	risk-accepted:no-grant	0.02	yes	single-source	OpenSubtitles
наркодилеров	29	300	0	OpenSubtitles	risk-accepted:no-grant	0.01	yes	single-source	OpenSubtitles
ома	29	299	1	OpenSubtitles+Tatoeba	clean:CC-BY-2.0-FR	0.77	yes	proper-noun-evidence	cap_ratio=0.77>=0.50
кьнщ	29	293	0	OpenSubtitles	risk-accepted:no-grant	0.00	yes	single-source	OpenSubtitles
ревет	29	285	0	OpenSubtitles	risk-accepted:no-grant	0.05	yes	single-source	OpenSubtitles
хммм	29	284	0	OpenSubtitles	risk-accepted:no-grant	0.18	yes	single-source	OpenSubtitles
яйцеклеток	29	284	0	OpenSubtitles	risk-accepted:no-grant	0.01	yes	single-source	OpenSubtitles
рют	29	283	0	OpenSubtitles	risk-accepted:no-grant	0.03	yes	single-source	OpenSubtitles
отчаянье	29	281	0	OpenSubtitles	risk-accepted:no-grant	0.02	yes	single-source	OpenSubtitles
кьнейт	29	279	0	OpenSubtitles	risk-accepted:no-grant	0.00	yes	single-source	OpenSubtitles
потомучто	29	279	0	OpenSubtitles	risk-accepted:no-grant	0.00	yes	single-source	OpenSubtitles
гмюере	29	278	0	OpenSubtitles	risk-accepted:no-grant	0.76	yes	proper-noun-evidence	cap_ratio=0.76>=0.50
шлюхам	29	278	0	OpenSubtitles	risk-accepted:no-grant	0.00	yes	single-source	OpenSubtitles
дроиды	29	277	0	OpenSubtitles	risk-accepted:no-grant	0.01	yes	single-source	OpenSubtitles
успокоение	29	275	0	OpenSubtitles	risk-accepted:no-grant	0.01	yes	single-source	OpenSubtitles
дружкам	29	274	0	OpenSubtitles	risk-accepted:no-grant	0.00	yes	single-source	OpenSubtitles
пообщаюсь	29	274	0	OpenSubtitles	risk-accepted:no-grant	0.00	yes	single-source	OpenSubtitles
промежности	29	273	0	OpenSubtitles	risk-accepted:no-grant	0.00	yes	single-source	OpenSubtitles
визжать	29	272	0	OpenSubtitles	risk-accepted:no-grant	0.00	yes	single-source	OpenSubtitles
коленями	29	272	0	OpenSubtitles	risk-accepted:no-grant	0.00	yes	single-source	OpenSubtitles
заклятия	29	266	0	OpenSubtitles	risk-accepted:no-grant	0.02	yes	single-source	OpenSubtitles
поплатиться	29	266	0	OpenSubtitles	risk-accepted:no-grant	0.00	yes	single-source	OpenSubtitles
драить	29	263	0	OpenSubtitles	risk-accepted:no-grant	0.00	yes	single-source	OpenSubtitles
затопит	29	262	0	OpenSubtitles	risk-accepted:no-grant	0.00	yes	single-source	OpenSubtitles
наркобарон	29	262	0	OpenSubtitles	risk-accepted:no-grant	0.04	yes	single-source	OpenSubtitles
неделька	29	262	0	OpenSubtitles	risk-accepted:no-grant	0.00	yes	single-source	OpenSubtitles
очаровательных	29	262	0	OpenSubtitles	risk-accepted:no-grant	0.00	yes	single-source	OpenSubtitles
приветики	29	262	0	OpenSubtitles	risk-accepted:no-grant	0.12	yes	single-source	OpenSubtitles
свершить	29	260	0	OpenSubtitles	risk-accepted:no-grant	0.00	yes	single-source	OpenSubtitles
медиума	29	259	0	OpenSubtitles	risk-accepted:no-grant	0.02	yes	single-source	OpenSubtitles
морпехом	29	259	0	OpenSubtitles	risk-accepted:no-grant	0.05	yes	single-source	OpenSubtitles
даймё	29	255	0	OpenSubtitles	risk-accepted:no-grant	0.18	yes	single-source	OpenSubtitles
мультика	29	255	0	OpenSubtitles	risk-accepted:no-grant	0.02	yes	single-source	OpenSubtitles
ови	29	255	0	OpenSubtitles	risk-accepted:no-grant	0.12	yes	single-source	OpenSubtitles
засунет	29	254	0	OpenSubtitles	risk-accepted:no-grant	0.00	yes	single-source	OpenSubtitles
причуда	29	252	0	OpenSubtitles	risk-accepted:no-grant	0.02	yes	single-source	OpenSubtitles
инсте	29	250	0	OpenSubtitles	risk-accepted:no-grant	0.47	yes	single-source	OpenSubtitles
отмазаться	29	249	0	OpenSubtitles	risk-accepted:no-grant	0.00	yes	single-source	OpenSubtitles
нераскрытые	29	248	0	OpenSubtitles	risk-accepted:no-grant	0.05	yes	single-source	OpenSubtitles
сальсы	29	247	0	OpenSubtitles	risk-accepted:no-grant	0.05	yes	single-source	OpenSubtitles
твистер	29	247	0	OpenSubtitles	risk-accepted:no-grant	0.73	yes	proper-noun-evidence	cap_ratio=0.73>=0.50
аде	29	245	0	OpenSubtitles	risk-accepted:no-grant	0.59	yes	proper-noun-evidence	cap_ratio=0.59>=0.50
мит	29	244	0	OpenSubtitles	risk-accepted:no-grant	0.65	yes	proper-noun-evidence	cap_ratio=0.65>=0.50
властвовать	29	241	0	OpenSubtitles	risk-accepted:no-grant	0.00	yes	single-source	OpenSubtitles
патрулям	29	241	0	OpenSubtitles	risk-accepted:no-grant	0.00	yes	single-source	OpenSubtitles
красотке	29	240	0	OpenSubtitles	risk-accepted:no-grant	0.22	yes	single-source	OpenSubtitles
заварушку	29	235	0	OpenSubtitles	risk-accepted:no-grant	0.00	yes	single-source	OpenSubtitles
натяну	29	233	0	OpenSubtitles	risk-accepted:no-grant	0.01	yes	single-source	OpenSubtitles
убиться	29	233	0	OpenSubtitles	risk-accepted:no-grant	0.00	yes	single-source	OpenSubtitles
шатался	29	233	0	OpenSubtitles	risk-accepted:no-grant	0.00	yes	single-source	OpenSubtitles
задолбало	29	232	0	OpenSubtitles	risk-accepted:no-grant	0.01	yes	single-source	OpenSubtitles
колотые	29	231	0	OpenSubtitles	risk-accepted:no-grant	0.00	yes	single-source	OpenSubtitles
расслышали	29	227	0	OpenSubtitles	risk-accepted:no-grant	0.00	yes	single-source	OpenSubtitles
бьем	29	226	0	OpenSubtitles	risk-accepted:no-grant	0.04	yes	single-source	OpenSubtitles
бкьмб	29	225	0	OpenSubtitles	risk-accepted:no-grant	0.00	yes	single-source	OpenSubtitles
аппетитная	29	224	0	OpenSubtitles	risk-accepted:no-grant	0.01	yes	single-source	OpenSubtitles
овуляция	29	224	0	OpenSubtitles	risk-accepted:no-grant	0.01	yes	single-source	OpenSubtitles
штуковине	29	224	0	OpenSubtitles	risk-accepted:no-grant	0.00	yes	single-source	OpenSubtitles
монашкой	29	223	0	OpenSubtitles	risk-accepted:no-grant	0.00	yes	single-source	OpenSubtitles
познали	29	219	0	OpenSubtitles	risk-accepted:no-grant	0.01	yes	single-source	OpenSubtitles
кина	29	218	1	OpenSubtitles+Tatoeba	clean:CC-BY-2.0-FR	0.77	yes	proper-noun-evidence	cap_ratio=0.77>=0.50
тама	29	218	2	OpenSubtitles+Tatoeba	clean:CC-BY-2.0-FR	0.76	yes	proper-noun-evidence	cap_ratio=0.76>=0.50
лизун	29	212	0	OpenSubtitles	risk-accepted:no-grant	0.69	yes	proper-noun-evidence	cap_ratio=0.69>=0.50
тра	29	212	0	OpenSubtitles	risk-accepted:no-grant	0.74	yes	proper-noun-evidence	cap_ratio=0.74>=0.50
подбадривать	29	211	0	OpenSubtitles	risk-accepted:no-grant	0.00	yes	single-source	OpenSubtitles
криз	29	210	0	OpenSubtitles	risk-accepted:no-grant	0.48	yes	single-source	OpenSubtitles
скрутить	29	209	0	OpenSubtitles	risk-accepted:no-grant	0.01	yes	single-source	OpenSubtitles
мужичок	29	208	0	OpenSubtitles	risk-accepted:no-grant	0.01	yes	single-source	OpenSubtitles
познала	29	208	0	OpenSubtitles	risk-accepted:no-grant	0.01	yes	single-source	OpenSubtitles
проеду	29	207	0	OpenSubtitles	risk-accepted:no-grant	0.01	yes	single-source	OpenSubtitles
заведется	29	204	0	OpenSubtitles	risk-accepted:no-grant	0.00	yes	single-source	OpenSubtitles
пок	29	202	0	OpenSubtitles	risk-accepted:no-grant	0.57	yes	proper-noun-evidence	cap_ratio=0.57>=0.50
настучала	29	201	0	OpenSubtitles	risk-accepted:no-grant	0.01	yes	single-source	OpenSubtitles
работёнку	29	201	0	OpenSubtitles	risk-accepted:no-grant	0.00	yes	single-source	OpenSubtitles
шота	29	201	0	OpenSubtitles	risk-accepted:no-grant	0.32	yes	single-source	OpenSubtitles
киске	29	197	0	OpenSubtitles	risk-accepted:no-grant	0.16	yes	single-source	OpenSubtitles
приор	29	197	0	OpenSubtitles	risk-accepted:no-grant	0.35	yes	single-source	OpenSubtitles
поимела	29	194	0	OpenSubtitles	risk-accepted:no-grant	0.01	yes	single-source	OpenSubtitles
подставляться	29	191	0	OpenSubtitles	risk-accepted:no-grant	0.01	yes	single-source	OpenSubtitles
цербер	29	191	0	OpenSubtitles	risk-accepted:no-grant	0.78	yes	proper-noun-evidence	cap_ratio=0.78>=0.50
окунуть	29	188	0	OpenSubtitles	risk-accepted:no-grant	0.00	yes	single-source	OpenSubtitles
остроумная	29	186	0	OpenSubtitles	risk-accepted:no-grant	0.00	yes	single-source	OpenSubtitles
залёг	29	183	0	OpenSubtitles	risk-accepted:no-grant	0.01	yes	single-source	OpenSubtitles
агасси	29	181	0	OpenSubtitles	risk-accepted:no-grant	0.27	yes	single-source	OpenSubtitles
поднапрячься	29	181	0	OpenSubtitles	risk-accepted:no-grant	0.00	yes	single-source	OpenSubtitles
изысканным	29	175	0	OpenSubtitles	risk-accepted:no-grant	0.00	yes	single-source	OpenSubtitles
недостойный	29	175	0	OpenSubtitles	risk-accepted:no-grant	0.00	yes	single-source	OpenSubtitles
шороху	29	175	0	OpenSubtitles	risk-accepted:no-grant	0.00	yes	single-source	OpenSubtitles
пашешь	29	173	0	OpenSubtitles	risk-accepted:no-grant	0.01	yes	single-source	OpenSubtitles
вынашивать	29	164	0	OpenSubtitles	risk-accepted:no-grant	0.00	yes	single-source	OpenSubtitles
утащит	29	164	0	OpenSubtitles	risk-accepted:no-grant	0.00	yes	single-source	OpenSubtitles
баронессы	29	160	0	OpenSubtitles	risk-accepted:no-grant	0.22	yes	single-source	OpenSubtitles
оттрахать	29	146	0	OpenSubtitles	risk-accepted:no-grant	0.00	yes	single-source	OpenSubtitles
мсфем	29	132	0	OpenSubtitles	risk-accepted:no-grant	0.80	yes	proper-noun-evidence	cap_ratio=0.80>=0.50
отрекусь	29	129	0	OpenSubtitles	risk-accepted:no-grant	0.00	yes	single-source	OpenSubtitles
факелы	28	377	0	OpenSubtitles	risk-accepted:no-grant	0.01	yes	single-source	OpenSubtitles
бур	28	366	0	OpenSubtitles	risk-accepted:no-grant	0.19	yes	single-source	OpenSubtitles
жо	28	338	0	OpenSubtitles	risk-accepted:no-grant	0.77	yes	proper-noun-evidence	cap_ratio=0.77>=0.50
стгм	28	338	0	OpenSubtitles	risk-accepted:no-grant	0.06	yes	single-source	OpenSubtitles
внушать	28	334	0	OpenSubtitles	risk-accepted:no-grant	0.00	yes	single-source	OpenSubtitles
ранах	28	332	0	OpenSubtitles	risk-accepted:no-grant	0.04	yes	single-source	OpenSubtitles
уснет	28	331	0	OpenSubtitles	risk-accepted:no-grant	0.00	yes	single-source	OpenSubtitles
метеоритный	28	321	0	OpenSubtitles	risk-accepted:no-grant	0.02	yes	single-source	OpenSubtitles
молоденьких	28	320	0	OpenSubtitles	risk-accepted:no-grant	0.00	yes	single-source	OpenSubtitles
наркоторговцы	28	319	0	OpenSubtitles	risk-accepted:no-grant	0.01	yes	single-source	OpenSubtitles
пометить	28	306	0	OpenSubtitles	risk-accepted:no-grant	0.00	yes	single-source	OpenSubtitles
сиськах	28	304	0	OpenSubtitles	risk-accepted:no-grant	0.01	yes	single-source	OpenSubtitles
табель	28	304	0	OpenSubtitles	risk-accepted:no-grant	0.02	yes	single-source	OpenSubtitles
сотрет	28	302	0	OpenSubtitles	risk-accepted:no-grant	0.00	yes	single-source	OpenSubtitles
выкрали	28	298	0	OpenSubtitles	risk-accepted:no-grant	0.00	yes	single-source	OpenSubtitles
поднажать	28	296	0	OpenSubtitles	risk-accepted:no-grant	0.00	yes	single-source	OpenSubtitles
птаха	28	296	0	OpenSubtitles	risk-accepted:no-grant	0.74	yes	proper-noun-evidence	cap_ratio=0.74>=0.50
квотербека	28	293	0	OpenSubtitles	risk-accepted:no-grant	0.00	yes	single-source	OpenSubtitles
предъявим	28	293	0	OpenSubtitles	risk-accepted:no-grant	0.00	yes	single-source	OpenSubtitles
чистилища	28	291	0	OpenSubtitles	risk-accepted:no-grant	0.42	yes	single-source	OpenSubtitles
эпинефрин	28	291	0	OpenSubtitles	risk-accepted:no-grant	0.02	yes	single-source	OpenSubtitles
наставница	28	289	0	OpenSubtitles	risk-accepted:no-grant	0.02	yes	single-source	OpenSubtitles
шоты	28	288	0	OpenSubtitles	risk-accepted:no-grant	0.05	yes	single-source	OpenSubtitles
рбйдйь	28	287	0	OpenSubtitles	risk-accepted:no-grant	0.00	yes	single-source	OpenSubtitles
паршивую	28	283	0	OpenSubtitles	risk-accepted:no-grant	0.01	yes	single-source	OpenSubtitles
квадранте	28	280	0	OpenSubtitles	risk-accepted:no-grant	0.06	yes	single-source	OpenSubtitles
порвем	28	279	0	OpenSubtitles	risk-accepted:no-grant	0.01	yes	single-source	OpenSubtitles
издеваюсь	28	276	0	OpenSubtitles	risk-accepted:no-grant	0.00	yes	single-source	OpenSubtitles
розочка	28	276	0	OpenSubtitles	risk-accepted:no-grant	0.77	yes	proper-noun-evidence	cap_ratio=0.77>=0.50
сунется	28	275	0	OpenSubtitles	risk-accepted:no-grant	0.00	yes	single-source	OpenSubtitles
задушена	28	274	0	OpenSubtitles	risk-accepted:no-grant	0.02	yes	single-source	OpenSubtitles
сема	28	274	0	OpenSubtitles	risk-accepted:no-grant	0.69	yes	proper-noun-evidence	cap_ratio=0.69>=0.50
подожгу	28	272	0	OpenSubtitles	risk-accepted:no-grant	0.00	yes	single-source	OpenSubtitles
деревенщины	28	271	0	OpenSubtitles	risk-accepted:no-grant	0.02	yes	single-source	OpenSubtitles
испортим	28	271	0	OpenSubtitles	risk-accepted:no-grant	0.00	yes	single-source	OpenSubtitles
парнишкой	28	271	0	OpenSubtitles	risk-accepted:no-grant	0.00	yes	single-source	OpenSubtitles
омаром	28	270	2	OpenSubtitles+Tatoeba	clean:CC-BY-2.0-FR	0.67	yes	proper-noun-evidence	cap_ratio=0.67>=0.50
прийду	28	270	0	OpenSubtitles	risk-accepted:no-grant	0.03	yes	single-source	OpenSubtitles
редактура	28	269	0	OpenSubtitles	risk-accepted:no-grant	0.66	yes	proper-noun-evidence	cap_ratio=0.66>=0.50
видете	28	268	0	OpenSubtitles	risk-accepted:no-grant	0.00	yes	single-source	OpenSubtitles
звездном	28	268	1	OpenSubtitles+Tatoeba	clean:CC-BY-2.0-FR	0.69	yes	proper-noun-evidence	cap_ratio=0.69>=0.50
мишкой	28	268	3	OpenSubtitles+Tatoeba	clean:CC-BY-2.0-FR	0.50	yes	proper-noun-evidence	cap_ratio=0.50>=0.50
дергай	28	266	0	OpenSubtitles	risk-accepted:no-grant	0.01	yes	single-source	OpenSubtitles
обручиться	28	264	0	OpenSubtitles	risk-accepted:no-grant	0.00	yes	single-source	OpenSubtitles
беднякам	28	263	0	OpenSubtitles	risk-accepted:no-grant	0.01	yes	single-source	OpenSubtitles
обоссался	28	263	0	OpenSubtitles	risk-accepted:no-grant	0.00	yes	single-source	OpenSubtitles
репетирую	28	263	0	OpenSubtitles	risk-accepted:no-grant	0.00	yes	single-source	OpenSubtitles
проследуйте	28	262	0	OpenSubtitles	risk-accepted:no-grant	0.00	yes	single-source	OpenSubtitles
утереть	28	262	0	OpenSubtitles	risk-accepted:no-grant	0.00	yes	single-source	OpenSubtitles
безобидно	28	261	0	OpenSubtitles	risk-accepted:no-grant	0.00	yes	single-source	OpenSubtitles
гориллу	28	260	0	OpenSubtitles	risk-accepted:no-grant	0.06	yes	single-source	OpenSubtitles
опегхдемр	28	259	0	OpenSubtitles	risk-accepted:no-grant	0.55	yes	proper-noun-evidence	cap_ratio=0.55>=0.50
бобер	28	256	0	OpenSubtitles	risk-accepted:no-grant	0.49	yes	single-source	OpenSubtitles
впишется	28	256	0	OpenSubtitles	risk-accepted:no-grant	0.00	yes	single-source	OpenSubtitles
прижмем	28	256	0	OpenSubtitles	risk-accepted:no-grant	0.00	yes	single-source	OpenSubtitles
убогой	28	254	0	OpenSubtitles	risk-accepted:no-grant	0.02	yes	single-source	OpenSubtitles
наебать	28	253	0	OpenSubtitles	risk-accepted:no-grant	0.00	yes	single-source	OpenSubtitles
шоб	28	252	0	OpenSubtitles	risk-accepted:no-grant	0.00	yes	single-source	OpenSubtitles
разлетится	28	250	0	OpenSubtitles	risk-accepted:no-grant	0.00	yes	single-source	OpenSubtitles
хрусталь	28	250	0	OpenSubtitles	risk-accepted:no-grant	0.02	yes	single-source	OpenSubtitles
индус	28	247	0	OpenSubtitles	risk-accepted:no-grant	0.09	yes	single-source	OpenSubtitles
переспишь	28	245	0	OpenSubtitles	risk-accepted:no-grant	0.00	yes	single-source	OpenSubtitles
спрыгну	28	245	0	OpenSubtitles	risk-accepted:no-grant	0.00	yes	single-source	OpenSubtitles
деньков	28	244	0	OpenSubtitles	risk-accepted:no-grant	0.02	yes	single-source	OpenSubtitles
преподобие	28	243	0	OpenSubtitles	risk-accepted:no-grant	0.29	yes	single-source	OpenSubtitles
помет	28	242	0	OpenSubtitles	risk-accepted:no-grant	0.01	yes	single-source	OpenSubtitles
притворятся	28	242	0	OpenSubtitles	risk-accepted:no-grant	0.00	yes	single-source	OpenSubtitles
налом	28	241	0	OpenSubtitles	risk-accepted:no-grant	0.02	yes	single-source	OpenSubtitles
фьфе	28	241	0	OpenSubtitles	risk-accepted:no-grant	0.00	yes	single-source	OpenSubtitles
вояка	28	240	0	OpenSubtitles	risk-accepted:no-grant	0.09	yes	single-source	OpenSubtitles
уёбки	28	240	0	OpenSubtitles	risk-accepted:no-grant	0.00	yes	single-source	OpenSubtitles
нетерпении	28	238	0	OpenSubtitles	risk-accepted:no-grant	0.00	yes	single-source	OpenSubtitles
решитесь	28	238	0	OpenSubtitles	risk-accepted:no-grant	0.00	yes	single-source	OpenSubtitles
унылые	28	237	0	OpenSubtitles	risk-accepted:no-grant	0.00	yes	single-source	OpenSubtitles
голем	28	236	0	OpenSubtitles	risk-accepted:no-grant	0.52	yes	proper-noun-evidence	cap_ratio=0.52>=0.50
трусиках	28	235	0	OpenSubtitles	risk-accepted:no-grant	0.00	yes	single-source	OpenSubtitles
прихватили	28	232	0	OpenSubtitles	risk-accepted:no-grant	0.00	yes	single-source	OpenSubtitles
ведерко	28	231	0	OpenSubtitles	risk-accepted:no-grant	0.03	yes	single-source	OpenSubtitles
забияка	28	231	0	OpenSubtitles	risk-accepted:no-grant	0.40	yes	single-source	OpenSubtitles
рушиться	28	230	0	OpenSubtitles	risk-accepted:no-grant	0.00	yes	single-source	OpenSubtitles
шустрая	28	230	0	OpenSubtitles	risk-accepted:no-grant	0.02	yes	single-source	OpenSubtitles
запретительный	28	228	0	OpenSubtitles	risk-accepted:no-grant	0.00	yes	single-source	OpenSubtitles
ординаторов	28	227	0	OpenSubtitles	risk-accepted:no-grant	0.00	yes	single-source	OpenSubtitles
беспомощна	28	225	0	OpenSubtitles	risk-accepted:no-grant	0.00	yes	single-source	OpenSubtitles
мускулов	28	223	0	OpenSubtitles	risk-accepted:no-grant	0.02	yes	single-source	OpenSubtitles
стриптизерш	28	223	0	OpenSubtitles	risk-accepted:no-grant	0.05	yes	single-source	OpenSubtitles
чпок	28	223	0	OpenSubtitles	risk-accepted:no-grant	0.73	yes	proper-noun-evidence	cap_ratio=0.73>=0.50
блефовать	28	221	0	OpenSubtitles	risk-accepted:no-grant	0.00	yes	single-source	OpenSubtitles
напутствие	28	221	0	OpenSubtitles	risk-accepted:no-grant	0.00	yes	single-source	OpenSubtitles
рпэ	28	220	0	OpenSubtitles	risk-accepted:no-grant	0.00	yes	single-source	OpenSubtitles
рухнут	28	219	0	OpenSubtitles	risk-accepted:no-grant	0.00	yes	single-source	OpenSubtitles
забеременеет	28	218	0	OpenSubtitles	risk-accepted:no-grant	0.00	yes	single-source	OpenSubtitles
кажеться	28	217	0	OpenSubtitles	risk-accepted:no-grant	0.01	yes	single-source	OpenSubtitles
прелюдии	28	217	0	OpenSubtitles	risk-accepted:no-grant	0.02	yes	single-source	OpenSubtitles
яюм	28	217	0	OpenSubtitles	risk-accepted:no-grant	0.00	yes	single-source	OpenSubtitles
лгм	28	215	0	OpenSubtitles	risk-accepted:no-grant	0.07	yes	single-source	OpenSubtitles
прослушивал	28	215	0	OpenSubtitles	risk-accepted:no-grant	0.00	yes	single-source	OpenSubtitles
рогоносец	28	215	0	OpenSubtitles	risk-accepted:no-grant	0.01	yes	single-source	OpenSubtitles
токсикологии	28	214	0	OpenSubtitles	risk-accepted:no-grant	0.01	yes	single-source	OpenSubtitles
малютку	28	211	0	OpenSubtitles	risk-accepted:no-grant	0.10	yes	single-source	OpenSubtitles
хорошеньких	28	211	0	OpenSubtitles	risk-accepted:no-grant	0.00	yes	single-source	OpenSubtitles
ордеров	28	209	0	OpenSubtitles	risk-accepted:no-grant	0.00	yes	single-source	OpenSubtitles
замес	28	207	0	OpenSubtitles	risk-accepted:no-grant	0.01	yes	single-source	OpenSubtitles
здоровенные	28	206	0	OpenSubtitles	risk-accepted:no-grant	0.02	yes	single-source	OpenSubtitles
умирающие	28	205	0	OpenSubtitles	risk-accepted:no-grant	0.02	yes	single-source	OpenSubtitles
кроличья	28	204	0	OpenSubtitles	risk-accepted:no-grant	0.11	yes	single-source	OpenSubtitles
незрелый	28	203	0	OpenSubtitles	risk-accepted:no-grant	0.00	yes	single-source	OpenSubtitles
гал	28	199	0	OpenSubtitles	risk-accepted:no-grant	0.62	yes	proper-noun-evidence	cap_ratio=0.62>=0.50
подсели	28	199	0	OpenSubtitles	risk-accepted:no-grant	0.01	yes	single-source	OpenSubtitles
днм	28	196	0	OpenSubtitles	risk-accepted:no-grant	0.00	yes	single-source	OpenSubtitles
мерзкими	28	196	0	OpenSubtitles	risk-accepted:no-grant	0.00	yes	single-source	OpenSubtitles
силикон	28	196	0	OpenSubtitles	risk-accepted:no-grant	0.11	yes	single-source	OpenSubtitles
латиносы	28	195	0	OpenSubtitles	risk-accepted:no-grant	0.02	yes	single-source	OpenSubtitles
циати	28	193	0	OpenSubtitles	risk-accepted:no-grant	0.00	yes	single-source	OpenSubtitles
мечников	28	191	0	OpenSubtitles	risk-accepted:no-grant	0.77	yes	proper-noun-evidence	cap_ratio=0.77>=0.50
упрятал	28	190	0	OpenSubtitles	risk-accepted:no-grant	0.00	yes	single-source	OpenSubtitles
падший	28	188	0	OpenSubtitles	risk-accepted:no-grant	0.17	yes	single-source	OpenSubtitles
пентхауса	28	187	0	OpenSubtitles	risk-accepted:no-grant	0.16	yes	single-source	OpenSubtitles
спрячется	28	185	0	OpenSubtitles	risk-accepted:no-grant	0.00	yes	single-source	OpenSubtitles
алая	28	182	1	OpenSubtitles+Tatoeba	clean:CC-BY-2.0-FR	0.53	yes	proper-noun-evidence	cap_ratio=0.53>=0.50
уперся	28	181	0	OpenSubtitles	risk-accepted:no-grant	0.00	yes	single-source	OpenSubtitles
вояки	28	179	0	OpenSubtitles	risk-accepted:no-grant	0.04	yes	single-source	OpenSubtitles
прихлопнуть	28	178	0	OpenSubtitles	risk-accepted:no-grant	0.00	yes	single-source	OpenSubtitles
ронять	28	178	0	OpenSubtitles	risk-accepted:no-grant	0.00	yes	single-source	OpenSubtitles
обаятельная	28	175	0	OpenSubtitles	risk-accepted:no-grant	0.01	yes	single-source	OpenSubtitles
лемур	28	165	0	OpenSubtitles	risk-accepted:no-grant	0.08	yes	single-source	OpenSubtitles
тянись	28	164	0	OpenSubtitles	risk-accepted:no-grant	0.04	yes	single-source	OpenSubtitles
натерпелись	28	159	0	OpenSubtitles	risk-accepted:no-grant	0.00	yes	single-source	OpenSubtitles
уяснили	28	156	0	OpenSubtitles	risk-accepted:no-grant	0.01	yes	single-source	OpenSubtitles
надавим	28	155	0	OpenSubtitles	risk-accepted:no-grant	0.00	yes	single-source	OpenSubtitles
притворится	28	148	0	OpenSubtitles	risk-accepted:no-grant	0.00	yes	single-source	OpenSubtitles
синьоре	28	146	0	OpenSubtitles	risk-accepted:no-grant	0.10	yes	single-source	OpenSubtitles
отстанете	28	143	0	OpenSubtitles	risk-accepted:no-grant	0.00	yes	single-source	OpenSubtitles
убого	27	321	0	OpenSubtitles	risk-accepted:no-grant	0.00	yes	single-source	OpenSubtitles
чеддер	27	307	0	OpenSubtitles	risk-accepted:no-grant	0.42	yes	single-source	OpenSubtitles
придержу	27	306	0	OpenSubtitles	risk-accepted:no-grant	0.01	yes	single-source	OpenSubtitles
прихватила	27	306	0	OpenSubtitles	risk-accepted:no-grant	0.00	yes	single-source	OpenSubtitles
кексики	27	302	0	OpenSubtitles	risk-accepted:no-grant	0.01	yes	single-source	OpenSubtitles
общагу	27	302	0	OpenSubtitles	risk-accepted:no-grant	0.00	yes	single-source	OpenSubtitles
женю	27	301	0	OpenSubtitles	risk-accepted:no-grant	0.65	yes	proper-noun-evidence	cap_ratio=0.65>=0.50
канапе	27	298	0	OpenSubtitles	risk-accepted:no-grant	0.00	yes	single-source	OpenSubtitles
кимбап	27	294	0	OpenSubtitles	risk-accepted:no-grant	0.02	yes	single-source	OpenSubtitles
заснет	27	286	0	OpenSubtitles	risk-accepted:no-grant	0.00	yes	single-source	OpenSubtitles
рпфэ	27	285	0	OpenSubtitles	risk-accepted:no-grant	0.00	yes	single-source	OpenSubtitles
чтобь	27	285	0	OpenSubtitles	risk-accepted:no-grant	0.00	yes	single-source	OpenSubtitles
мастурбировал	27	281	0	OpenSubtitles	risk-accepted:no-grant	0.00	yes	single-source	OpenSubtitles
разнесут	27	278	0	OpenSubtitles	risk-accepted:no-grant	0.00	yes	single-source	OpenSubtitles
засунем	27	276	0	OpenSubtitles	risk-accepted:no-grant	0.01	yes	single-source	OpenSubtitles
отшлепать	27	276	0	OpenSubtitles	risk-accepted:no-grant	0.01	yes	single-source	OpenSubtitles
отсосал	27	274	0	OpenSubtitles	risk-accepted:no-grant	0.00	yes	single-source	OpenSubtitles
предсмертная	27	274	0	OpenSubtitles	risk-accepted:no-grant	0.00	yes	single-source	OpenSubtitles
кардиган	27	267	0	OpenSubtitles	risk-accepted:no-grant	0.06	yes	single-source	OpenSubtitles
уделать	27	267	0	OpenSubtitles	risk-accepted:no-grant	0.00	yes	single-source	OpenSubtitles
ублажить	27	265	0	OpenSubtitles	risk-accepted:no-grant	0.00	yes	single-source	OpenSubtitles
взорвёт	27	264	0	OpenSubtitles	risk-accepted:no-grant	0.00	yes	single-source	OpenSubtitles
мерседесе	27	261	0	OpenSubtitles	risk-accepted:no-grant	0.62	yes	proper-noun-evidence	cap_ratio=0.62>=0.50
выслежу	27	258	0	OpenSubtitles	risk-accepted:no-grant	0.00	yes	single-source	OpenSubtitles
малу	27	258	0	OpenSubtitles	risk-accepted:no-grant	0.76	yes	proper-noun-evidence	cap_ratio=0.76>=0.50
оооо	27	257	0	OpenSubtitles	risk-accepted:no-grant	0.38	yes	single-source	OpenSubtitles
бра	27	255	0	OpenSubtitles	risk-accepted:no-grant	0.17	yes	single-source	OpenSubtitles
надерет	27	254	0	OpenSubtitles	risk-accepted:no-grant	0.00	yes	single-source	OpenSubtitles
ликера	27	251	0	OpenSubtitles	risk-accepted:no-grant	0.00	yes	single-source	OpenSubtitles
работенку	27	250	0	OpenSubtitles	risk-accepted:no-grant	0.00	yes	single-source	OpenSubtitles
беглянка	27	249	0	OpenSubtitles	risk-accepted:no-grant	0.22	yes	single-source	OpenSubtitles
борги	27	249	0	OpenSubtitles	risk-accepted:no-grant	0.14	yes	single-source	OpenSubtitles
всплывут	27	249	0	OpenSubtitles	risk-accepted:no-grant	0.00	yes	single-source	OpenSubtitles
бошки	27	247	0	OpenSubtitles	risk-accepted:no-grant	0.01	yes	single-source	OpenSubtitles
родинку	27	247	0	OpenSubtitles	risk-accepted:no-grant	0.01	yes	single-source	OpenSubtitles
общаги	27	246	0	OpenSubtitles	risk-accepted:no-grant	0.00	yes	single-source	OpenSubtitles
сваливаешь	27	246	0	OpenSubtitles	risk-accepted:no-grant	0.00	yes	single-source	OpenSubtitles
динамитом	27	245	0	OpenSubtitles	risk-accepted:no-grant	0.02	yes	single-source	OpenSubtitles
уберете	27	244	0	OpenSubtitles	risk-accepted:no-grant	0.00	yes	single-source	OpenSubtitles
кэб	27	242	0	OpenSubtitles	risk-accepted:no-grant	0.21	yes	single-source	OpenSubtitles
байку	27	240	0	OpenSubtitles	risk-accepted:no-grant	0.02	yes	single-source	OpenSubtitles
конченный	27	240	0	OpenSubtitles	risk-accepted:no-grant	0.02	yes	single-source	OpenSubtitles
поцелуйчик	27	240	0	OpenSubtitles	risk-accepted:no-grant	0.03	yes	single-source	OpenSubtitles
тики	27	240	2	OpenSubtitles+Tatoeba	clean:CC-BY-2.0-FR	0.51	yes	proper-noun-evidence	cap_ratio=0.51>=0.50
психуешь	27	239	0	OpenSubtitles	risk-accepted:no-grant	0.00	yes	single-source	OpenSubtitles
рае	27	236	0	OpenSubtitles	risk-accepted:no-grant	0.41	yes	single-source	OpenSubtitles
фазеры	27	236	0	OpenSubtitles	risk-accepted:no-grant	0.01	yes	single-source	OpenSubtitles
грёбаном	27	235	0	OpenSubtitles	risk-accepted:no-grant	0.00	yes	single-source	OpenSubtitles
мордашку	27	235	0	OpenSubtitles	risk-accepted:no-grant	0.02	yes	single-source	OpenSubtitles
отымел	27	230	0	OpenSubtitles	risk-accepted:no-grant	0.00	yes	single-source	OpenSubtitles
форы	27	230	0	OpenSubtitles	risk-accepted:no-grant	0.00	yes	single-source	OpenSubtitles
отшить	27	229	0	OpenSubtitles	risk-accepted:no-grant	0.00	yes	single-source	OpenSubtitles
стервятников	27	229	0	OpenSubtitles	risk-accepted:no-grant	0.09	yes	single-source	OpenSubtitles
пио	27	227	0	OpenSubtitles	risk-accepted:no-grant	0.52	yes	proper-noun-evidence	cap_ratio=0.52>=0.50
шайкой	27	227	0	OpenSubtitles	risk-accepted:no-grant	0.00	yes	single-source	OpenSubtitles
машешь	27	226	0	OpenSubtitles	risk-accepted:no-grant	0.00	yes	single-source	OpenSubtitles
уравновесить	27	225	0	OpenSubtitles	risk-accepted:no-grant	0.00	yes	single-source	OpenSubtitles
зинди	27	223	0	OpenSubtitles	risk-accepted:no-grant	0.00	yes	single-source	OpenSubtitles
псалом	27	223	0	OpenSubtitles	risk-accepted:no-grant	0.26	yes	single-source	OpenSubtitles
слал	27	222	0	OpenSubtitles	risk-accepted:no-grant	0.00	yes	single-source	OpenSubtitles
затмит	27	214	0	OpenSubtitles	risk-accepted:no-grant	0.00	yes	single-source	OpenSubtitles
лазаньи	27	214	0	OpenSubtitles	risk-accepted:no-grant	0.01	yes	single-source	OpenSubtitles
бисквита	27	213	0	OpenSubtitles	risk-accepted:no-grant	0.11	yes	single-source	OpenSubtitles
ночку	27	213	0	OpenSubtitles	risk-accepted:no-grant	0.03	yes	single-source	OpenSubtitles
пасут	27	213	0	OpenSubtitles	risk-accepted:no-grant	0.00	yes	single-source	OpenSubtitles
антиквариатом	27	212	0	OpenSubtitles	risk-accepted:no-grant	0.00	yes	single-source	OpenSubtitles
доносчик	27	211	0	OpenSubtitles	risk-accepted:no-grant	0.00	yes	single-source	OpenSubtitles
избавим	27	211	0	OpenSubtitles	risk-accepted:no-grant	0.00	yes	single-source	OpenSubtitles
фройлен	27	210	0	OpenSubtitles	risk-accepted:no-grant	0.02	yes	single-source	OpenSubtitles
пикколо	27	208	0	OpenSubtitles	risk-accepted:no-grant	0.69	yes	proper-noun-evidence	cap_ratio=0.69>=0.50
ночевки	27	206	0	OpenSubtitles	risk-accepted:no-grant	0.01	yes	single-source	OpenSubtitles
отмщение	27	206	0	OpenSubtitles	risk-accepted:no-grant	0.06	yes	single-source	OpenSubtitles
порнуха	27	205	0	OpenSubtitles	risk-accepted:no-grant	0.00	yes	single-source	OpenSubtitles
детку	27	204	0	OpenSubtitles	risk-accepted:no-grant	0.06	yes	single-source	OpenSubtitles
шкет	27	204	0	OpenSubtitles	risk-accepted:no-grant	0.04	yes	single-source	OpenSubtitles
кес	27	203	0	OpenSubtitles	risk-accepted:no-grant	0.68	yes	proper-noun-evidence	cap_ratio=0.68>=0.50
кушаешь	27	203	0	OpenSubtitles	risk-accepted:no-grant	0.00	yes	single-source	OpenSubtitles
разденусь	27	203	0	OpenSubtitles	risk-accepted:no-grant	0.00	yes	single-source	OpenSubtitles
угробили	27	203	0	OpenSubtitles	risk-accepted:no-grant	0.00	yes	single-source	OpenSubtitles
ядов	27	203	0	OpenSubtitles	risk-accepted:no-grant	0.03	yes	single-source	OpenSubtitles
соврешь	27	202	0	OpenSubtitles	risk-accepted:no-grant	0.01	yes	single-source	OpenSubtitles
сора	27	200	2	OpenSubtitles+Tatoeba	clean:CC-BY-2.0-FR	0.72	yes	proper-noun-evidence	cap_ratio=0.72>=0.50
властитель	27	198	0	OpenSubtitles	risk-accepted:no-grant	0.21	yes	single-source	OpenSubtitles
взывать	27	195	0	OpenSubtitles	risk-accepted:no-grant	0.01	yes	single-source	OpenSubtitles
калек	27	195	0	OpenSubtitles	risk-accepted:no-grant	0.22	yes	single-source	OpenSubtitles
троньте	27	195	0	OpenSubtitles	risk-accepted:no-grant	0.01	yes	single-source	OpenSubtitles
шунт	27	195	0	OpenSubtitles	risk-accepted:no-grant	0.01	yes	single-source	OpenSubtitles
эсквайр	27	194	0	OpenSubtitles	risk-accepted:no-grant	0.41	yes	single-source	OpenSubtitles
жандарм	27	193	0	OpenSubtitles	risk-accepted:no-grant	0.03	yes	single-source	OpenSubtitles
почет	27	192	0	OpenSubtitles	risk-accepted:no-grant	0.00	yes	single-source	OpenSubtitles
французик	27	192	0	OpenSubtitles	risk-accepted:no-grant	0.40	yes	single-source	OpenSubtitles
чековая	27	190	0	OpenSubtitles	risk-accepted:no-grant	0.00	yes	single-source	OpenSubtitles
волнующее	27	189	0	OpenSubtitles	risk-accepted:no-grant	0.00	yes	single-source	OpenSubtitles
кишке	27	189	0	OpenSubtitles	risk-accepted:no-grant	0.00	yes	single-source	OpenSubtitles
подвергну	27	188	0	OpenSubtitles	risk-accepted:no-grant	0.00	yes	single-source	OpenSubtitles
сникерс	27	188	0	OpenSubtitles	risk-accepted:no-grant	0.78	yes	proper-noun-evidence	cap_ratio=0.78>=0.50
перебежчик	27	187	0	OpenSubtitles	risk-accepted:no-grant	0.02	yes	single-source	OpenSubtitles
прикончишь	27	186	0	OpenSubtitles	risk-accepted:no-grant	0.00	yes	single-source	OpenSubtitles
воскреснуть	27	185	0	OpenSubtitles	risk-accepted:no-grant	0.01	yes	single-source	OpenSubtitles
психую	27	185	0	OpenSubtitles	risk-accepted:no-grant	0.00	yes	single-source	OpenSubtitles
консьержка	27	182	0	OpenSubtitles	risk-accepted:no-grant	0.02	yes	single-source	OpenSubtitles
утроить	27	181	0	OpenSubtitles	risk-accepted:no-grant	0.00	yes	single-source	OpenSubtitles
погружаюсь	27	179	0	OpenSubtitles	risk-accepted:no-grant	0.01	yes	single-source	OpenSubtitles
ангелочки	27	178	0	OpenSubtitles	risk-accepted:no-grant	0.01	yes	single-source	OpenSubtitles
оденет	27	177	0	OpenSubtitles	risk-accepted:no-grant	0.01	yes	single-source	OpenSubtitles
сдаетесь	27	174	0	OpenSubtitles	risk-accepted:no-grant	0.00	yes	single-source	OpenSubtitles
унюхал	27	174	0	OpenSubtitles	risk-accepted:no-grant	0.00	yes	single-source	OpenSubtitles
изгои	27	173	0	OpenSubtitles	risk-accepted:no-grant	0.06	yes	single-source	OpenSubtitles
запудрить	27	171	0	OpenSubtitles	risk-accepted:no-grant	0.00	yes	single-source	OpenSubtitles
миленькой	27	167	0	OpenSubtitles	risk-accepted:no-grant	0.00	yes	single-source	OpenSubtitles
сотрем	27	167	0	OpenSubtitles	risk-accepted:no-grant	0.00	yes	single-source	OpenSubtitles
вышвырни	27	166	0	OpenSubtitles	risk-accepted:no-grant	0.02	yes	single-source	OpenSubtitles
неандерталец	27	166	0	OpenSubtitles	risk-accepted:no-grant	0.05	yes	single-source	OpenSubtitles
просверлить	27	166	0	OpenSubtitles	risk-accepted:no-grant	0.00	yes	single-source	OpenSubtitles
уродка	27	163	0	OpenSubtitles	risk-accepted:no-grant	0.01	yes	single-source	OpenSubtitles
тпру	27	160	0	OpenSubtitles	risk-accepted:no-grant	0.22	yes	single-source	OpenSubtitles
крысиной	27	157	0	OpenSubtitles	risk-accepted:no-grant	0.10	yes	single-source	OpenSubtitles
предадим	27	156	0	OpenSubtitles	risk-accepted:no-grant	0.01	yes	single-source	OpenSubtitles
перышки	27	149	0	OpenSubtitles	risk-accepted:no-grant	0.05	yes	single-source	OpenSubtitles
примочки	27	143	0	OpenSubtitles	risk-accepted:no-grant	0.00	yes	single-source	OpenSubtitles
поз	27	139	0	OpenSubtitles	risk-accepted:no-grant	0.03	yes	single-source	OpenSubtitles
бублики	26	312	0	OpenSubtitles	risk-accepted:no-grant	0.03	yes	single-source	OpenSubtitles
пососать	26	309	0	OpenSubtitles	risk-accepted:no-grant	0.00	yes	single-source	OpenSubtitles
запихнули	26	303	0	OpenSubtitles	risk-accepted:no-grant	0.00	yes	single-source	OpenSubtitles
расчитывать	26	299	0	OpenSubtitles	risk-accepted:no-grant	0.00	yes	single-source	OpenSubtitles
хёном	26	299	0	OpenSubtitles	risk-accepted:no-grant	0.77	yes	proper-noun-evidence	cap_ratio=0.77>=0.50
мейстер	26	298	0	OpenSubtitles	risk-accepted:no-grant	0.18	yes	single-source	OpenSubtitles
латина	26	297	0	OpenSubtitles	risk-accepted:no-grant	0.71	yes	proper-noun-evidence	cap_ratio=0.71>=0.50
стероидах	26	297	0	OpenSubtitles	risk-accepted:no-grant	0.00	yes	single-source	OpenSubtitles
шафера	26	297	0	OpenSubtitles	risk-accepted:no-grant	0.03	yes	single-source	OpenSubtitles
первоклассные	26	296	0	OpenSubtitles	risk-accepted:no-grant	0.02	yes	single-source	OpenSubtitles
бейби	26	294	0	OpenSubtitles	risk-accepted:no-grant	0.37	yes	single-source	OpenSubtitles
коксом	26	293	0	OpenSubtitles	risk-accepted:no-grant	0.07	yes	single-source	OpenSubtitles
бонг	26	291	0	OpenSubtitles	risk-accepted:no-grant	0.24	yes	single-source	OpenSubtitles
кабаке	26	290	0	OpenSubtitles	risk-accepted:no-grant	0.01	yes	single-source	OpenSubtitles
запрошу	26	288	0	OpenSubtitles	risk-accepted:no-grant	0.00	yes	single-source	OpenSubtitles
подыщу	26	286	0	OpenSubtitles	risk-accepted:no-grant	0.00	yes	single-source	OpenSubtitles
оттащить	26	284	0	OpenSubtitles	risk-accepted:no-grant	0.00	yes	single-source	OpenSubtitles
тусу	26	283	0	OpenSubtitles	risk-accepted:no-grant	0.02	yes	single-source	OpenSubtitles
херов	26	282	0	OpenSubtitles	risk-accepted:no-grant	0.01	yes	single-source	OpenSubtitles
ныряй	26	280	0	OpenSubtitles	risk-accepted:no-grant	0.04	yes	single-source	OpenSubtitles
психоаналитик	26	279	0	OpenSubtitles	risk-accepted:no-grant	0.03	yes	single-source	OpenSubtitles
дергается	26	276	0	OpenSubtitles	risk-accepted:no-grant	0.00	yes	single-source	OpenSubtitles
подкатывал	26	276	0	OpenSubtitles	risk-accepted:no-grant	0.00	yes	single-source	OpenSubtitles
фрёкен	26	276	0	OpenSubtitles	risk-accepted:no-grant	0.10	yes	single-source	OpenSubtitles
еямбуфе	26	275	0	OpenSubtitles	risk-accepted:no-grant	0.01	yes	single-source	OpenSubtitles
обчистить	26	275	0	OpenSubtitles	risk-accepted:no-grant	0.00	yes	single-source	OpenSubtitles
подсунуть	26	274	0	OpenSubtitles	risk-accepted:no-grant	0.00	yes	single-source	OpenSubtitles
фбн	26	269	0	OpenSubtitles	risk-accepted:no-grant	0.62	yes	proper-noun-evidence	cap_ratio=0.62>=0.50
ботанов	26	265	0	OpenSubtitles	risk-accepted:no-grant	0.02	yes	single-source	OpenSubtitles
божьему	26	263	7	OpenSubtitles+Tatoeba	clean:CC-BY-2.0-FR	0.73	yes	proper-noun-evidence	cap_ratio=0.73>=0.50
тощие	26	262	0	OpenSubtitles	risk-accepted:no-grant	0.03	yes	single-source	OpenSubtitles
ампулы	26	260	0	OpenSubtitles	risk-accepted:no-grant	0.00	yes	single-source	OpenSubtitles
остыли	26	257	0	OpenSubtitles	risk-accepted:no-grant	0.00	yes	single-source	OpenSubtitles
предсмертное	26	256	0	OpenSubtitles	risk-accepted:no-grant	0.00	yes	single-source	OpenSubtitles
пирожочек	26	253	0	OpenSubtitles	risk-accepted:no-grant	0.15	yes	single-source	OpenSubtitles
прешь	26	253	0	OpenSubtitles	risk-accepted:no-grant	0.00	yes	single-source	OpenSubtitles
синтезатор	26	253	0	OpenSubtitles	risk-accepted:no-grant	0.01	yes	single-source	OpenSubtitles
сухожилие	26	253	0	OpenSubtitles	risk-accepted:no-grant	0.01	yes	single-source	OpenSubtitles
нал	26	252	0	OpenSubtitles	risk-accepted:no-grant	0.16	yes	single-source	OpenSubtitles
обеденным	26	251	0	OpenSubtitles	risk-accepted:no-grant	0.01	yes	single-source	OpenSubtitles
вфх	26	247	0	OpenSubtitles	risk-accepted:no-grant	0.00	yes	single-source	OpenSubtitles
лопнут	26	246	0	OpenSubtitles	risk-accepted:no-grant	0.00	yes	single-source	OpenSubtitles
хлороформ	26	246	0	OpenSubtitles	risk-accepted:no-grant	0.03	yes	single-source	OpenSubtitles
амер	26	245	0	OpenSubtitles	risk-accepted:no-grant	0.33	yes	single-source	OpenSubtitles
заманим	26	245	0	OpenSubtitles	risk-accepted:no-grant	0.00	yes	single-source	OpenSubtitles
ды	26	242	0	OpenSubtitles	risk-accepted:no-grant	0.11	yes	single-source	OpenSubtitles
просочится	26	239	0	OpenSubtitles	risk-accepted:no-grant	0.00	yes	single-source	OpenSubtitles
вепег	26	238	0	OpenSubtitles	risk-accepted:no-grant	0.66	yes	proper-noun-evidence	cap_ratio=0.66>=0.50
растяжка	26	236	0	OpenSubtitles	risk-accepted:no-grant	0.06	yes	single-source	OpenSubtitles
долбаное	26	235	0	OpenSubtitles	risk-accepted:no-grant	0.01	yes	single-source	OpenSubtitles
рыпайся	26	235	0	OpenSubtitles	risk-accepted:no-grant	0.00	yes	single-source	OpenSubtitles
гейский	26	234	0	OpenSubtitles	risk-accepted:no-grant	0.03	yes	single-source	OpenSubtitles
отсидки	26	234	0	OpenSubtitles	risk-accepted:no-grant	0.01	yes	single-source	OpenSubtitles
чумовая	26	234	0	OpenSubtitles	risk-accepted:no-grant	0.19	yes	single-source	OpenSubtitles
гриля	26	233	0	OpenSubtitles	risk-accepted:no-grant	0.04	yes	single-source	OpenSubtitles
замах	26	232	0	OpenSubtitles	risk-accepted:no-grant	0.01	yes	single-source	OpenSubtitles
осведомителем	26	231	0	OpenSubtitles	risk-accepted:no-grant	0.00	yes	single-source	OpenSubtitles
буэнос	26	230	1	OpenSubtitles+Tatoeba	clean:CC-BY-2.0-FR	0.75	yes	proper-noun-evidence	cap_ratio=0.75>=0.50
глотни	26	230	0	OpenSubtitles	risk-accepted:no-grant	0.00	yes	single-source	OpenSubtitles
маманя	26	230	0	OpenSubtitles	risk-accepted:no-grant	0.00	yes	single-source	OpenSubtitles
соскочил	26	228	0	OpenSubtitles	risk-accepted:no-grant	0.00	yes	single-source	OpenSubtitles
досуха	26	227	0	OpenSubtitles	risk-accepted:no-grant	0.00	yes	single-source	OpenSubtitles
пейнтбол	26	226	0	OpenSubtitles	risk-accepted:no-grant	0.02	yes	single-source	OpenSubtitles
сфоткаться	26	226	0	OpenSubtitles	risk-accepted:no-grant	0.00	yes	single-source	OpenSubtitles
цацки	26	226	0	OpenSubtitles	risk-accepted:no-grant	0.05	yes	single-source	OpenSubtitles
проткну	26	225	0	OpenSubtitles	risk-accepted:no-grant	0.01	yes	single-source	OpenSubtitles
ощутите	26	224	0	OpenSubtitles	risk-accepted:no-grant	0.01	yes	single-source	OpenSubtitles
взирая	26	223	0	OpenSubtitles	risk-accepted:no-grant	0.00	yes	single-source	OpenSubtitles
поинтересней	26	223	0	OpenSubtitles	risk-accepted:no-grant	0.00	yes	single-source	OpenSubtitles
переспит	26	222	0	OpenSubtitles	risk-accepted:no-grant	0.00	yes	single-source	OpenSubtitles
разобьемся	26	222	0	OpenSubtitles	risk-accepted:no-grant	0.01	yes	single-source	OpenSubtitles
гтам	26	221	0	OpenSubtitles	risk-accepted:no-grant	0.00	yes	single-source	OpenSubtitles
плывешь	26	220	0	OpenSubtitles	risk-accepted:no-grant	0.01	yes	single-source	OpenSubtitles
яз	26	220	0	OpenSubtitles	risk-accepted:no-grant	0.79	yes	proper-noun-evidence	cap_ratio=0.79>=0.50
коро	26	219	0	OpenSubtitles	risk-accepted:no-grant	0.50	yes	proper-noun-evidence	cap_ratio=0.50>=0.50
йхл	26	217	0	OpenSubtitles	risk-accepted:no-grant	0.00	yes	single-source	OpenSubtitles
фщн	26	217	0	OpenSubtitles	risk-accepted:no-grant	0.01	yes	single-source	OpenSubtitles
лижи	26	216	0	OpenSubtitles	risk-accepted:no-grant	0.06	yes	single-source	OpenSubtitles
малолетки	26	216	0	OpenSubtitles	risk-accepted:no-grant	0.04	yes	single-source	OpenSubtitles
солому	26	216	0	OpenSubtitles	risk-accepted:no-grant	0.04	yes	single-source	OpenSubtitles
лхяреп	26	214	0	OpenSubtitles	risk-accepted:no-grant	0.53	yes	proper-noun-evidence	cap_ratio=0.53>=0.50
избавятся	26	211	0	OpenSubtitles	risk-accepted:no-grant	0.00	yes	single-source	OpenSubtitles
инглиш	26	210	0	OpenSubtitles	risk-accepted:no-grant	0.70	yes	proper-noun-evidence	cap_ratio=0.70>=0.50
ляпнуть	26	207	0	OpenSubtitles	risk-accepted:no-grant	0.00	yes	single-source	OpenSubtitles
дробовиком	26	206	0	OpenSubtitles	risk-accepted:no-grant	0.00	yes	single-source	OpenSubtitles
заглажу	26	206	0	OpenSubtitles	risk-accepted:no-grant	0.00	yes	single-source	OpenSubtitles
красоваться	26	206	0	OpenSubtitles	risk-accepted:no-grant	0.00	yes	single-source	OpenSubtitles
помянуть	26	206	0	OpenSubtitles	risk-accepted:no-grant	0.00	yes	single-source	OpenSubtitles
сайлон	26	206	0	OpenSubtitles	risk-accepted:no-grant	0.35	yes	single-source	OpenSubtitles
заигрывал	26	205	0	OpenSubtitles	risk-accepted:no-grant	0.00	yes	single-source	OpenSubtitles
похотливая	26	205	0	OpenSubtitles	risk-accepted:no-grant	0.04	yes	single-source	OpenSubtitles
чрево	26	205	0	OpenSubtitles	risk-accepted:no-grant	0.02	yes	single-source	OpenSubtitles
девкам	26	204	0	OpenSubtitles	risk-accepted:no-grant	0.00	yes	single-source	OpenSubtitles
охает	26	203	0	OpenSubtitles	risk-accepted:no-grant	0.13	yes	single-source	OpenSubtitles
сопляка	26	203	0	OpenSubtitles	risk-accepted:no-grant	0.01	yes	single-source	OpenSubtitles
четвертаки	26	202	0	OpenSubtitles	risk-accepted:no-grant	0.02	yes	single-source	OpenSubtitles
селезенку	26	200	0	OpenSubtitles	risk-accepted:no-grant	0.00	yes	single-source	OpenSubtitles
пузом	26	199	0	OpenSubtitles	risk-accepted:no-grant	0.01	yes	single-source	OpenSubtitles
вожаком	26	197	0	OpenSubtitles	risk-accepted:no-grant	0.02	yes	single-source	OpenSubtitles
увозите	26	196	0	OpenSubtitles	risk-accepted:no-grant	0.00	yes	single-source	OpenSubtitles
врежемся	26	195	0	OpenSubtitles	risk-accepted:no-grant	0.01	yes	single-source	OpenSubtitles
призрачного	26	195	0	OpenSubtitles	risk-accepted:no-grant	0.53	yes	proper-noun-evidence	cap_ratio=0.53>=0.50
создадите	26	195	0	OpenSubtitles	risk-accepted:no-grant	0.00	yes	single-source	OpenSubtitles
лнлнйн	26	194	0	OpenSubtitles	risk-accepted:no-grant	0.00	yes	single-source	OpenSubtitles
шарам	26	194	0	OpenSubtitles	risk-accepted:no-grant	0.03	yes	single-source	OpenSubtitles
вишенку	26	193	0	OpenSubtitles	risk-accepted:no-grant	0.03	yes	single-source	OpenSubtitles
панихиду	26	193	0	OpenSubtitles	risk-accepted:no-grant	0.01	yes	single-source	OpenSubtitles
вылазка	26	191	0	OpenSubtitles	risk-accepted:no-grant	0.01	yes	single-source	OpenSubtitles
задроты	26	191	0	OpenSubtitles	risk-accepted:no-grant	0.01	yes	single-source	OpenSubtitles
отравленный	26	190	0	OpenSubtitles	risk-accepted:no-grant	0.03	yes	single-source	OpenSubtitles
предъявит	26	189	0	OpenSubtitles	risk-accepted:no-grant	0.00	yes	single-source	OpenSubtitles
шажок	26	187	0	OpenSubtitles	risk-accepted:no-grant	0.01	yes	single-source	OpenSubtitles
рыбачили	26	185	0	OpenSubtitles	risk-accepted:no-grant	0.00	yes	single-source	OpenSubtitles
законник	26	184	0	OpenSubtitles	risk-accepted:no-grant	0.05	yes	single-source	OpenSubtitles
дикарка	26	183	0	OpenSubtitles	risk-accepted:no-grant	0.08	yes	single-source	OpenSubtitles
папином	26	183	0	OpenSubtitles	risk-accepted:no-grant	0.01	yes	single-source	OpenSubtitles
салаги	26	181	0	OpenSubtitles	risk-accepted:no-grant	0.03	yes	single-source	OpenSubtitles
телепатически	26	179	0	OpenSubtitles	risk-accepted:no-grant	0.01	yes	single-source	OpenSubtitles
колотая	26	178	0	OpenSubtitles	risk-accepted:no-grant	0.00	yes	single-source	OpenSubtitles
огнемет	26	178	0	OpenSubtitles	risk-accepted:no-grant	0.01	yes	single-source	OpenSubtitles
выследит	26	177	0	OpenSubtitles	risk-accepted:no-grant	0.00	yes	single-source	OpenSubtitles
грубиянка	26	177	0	OpenSubtitles	risk-accepted:no-grant	0.01	yes	single-source	OpenSubtitles
виагры	26	175	0	OpenSubtitles	risk-accepted:no-grant	0.39	yes	single-source	OpenSubtitles
загонит	26	175	0	OpenSubtitles	risk-accepted:no-grant	0.00	yes	single-source	OpenSubtitles
бросаюсь	26	174	0	OpenSubtitles	risk-accepted:no-grant	0.00	yes	single-source	OpenSubtitles
соплячка	26	174	0	OpenSubtitles	risk-accepted:no-grant	0.01	yes	single-source	OpenSubtitles
валиума	26	172	0	OpenSubtitles	risk-accepted:no-grant	0.32	yes	single-source	OpenSubtitles
цепляюсь	26	172	0	OpenSubtitles	risk-accepted:no-grant	0.00	yes	single-source	OpenSubtitles
демонической	26	171	0	OpenSubtitles	risk-accepted:no-grant	0.07	yes	single-source	OpenSubtitles
сфоткаемся	26	171	0	OpenSubtitles	risk-accepted:no-grant	0.01	yes	single-source	OpenSubtitles
сэмпай	26	171	0	OpenSubtitles	risk-accepted:no-grant	0.02	yes	single-source	OpenSubtitles
облажаемся	26	170	0	OpenSubtitles	risk-accepted:no-grant	0.00	yes	single-source	OpenSubtitles
резвый	26	169	0	OpenSubtitles	risk-accepted:no-grant	0.09	yes	single-source	OpenSubtitles
старичков	26	167	0	OpenSubtitles	risk-accepted:no-grant	0.01	yes	single-source	OpenSubtitles
наколоть	26	166	0	OpenSubtitles	risk-accepted:no-grant	0.01	yes	single-source	OpenSubtitles
гы	26	161	0	OpenSubtitles	risk-accepted:no-grant	0.74	yes	proper-noun-evidence	cap_ratio=0.74>=0.50
очнёшься	26	160	0	OpenSubtitles	risk-accepted:no-grant	0.00	yes	single-source	OpenSubtitles
высылают	26	159	0	OpenSubtitles	risk-accepted:no-grant	0.00	yes	single-source	OpenSubtitles
коммандеру	26	159	0	OpenSubtitles	risk-accepted:no-grant	0.02	yes	single-source	OpenSubtitles
мошонки	26	159	0	OpenSubtitles	risk-accepted:no-grant	0.00	yes	single-source	OpenSubtitles
дотронется	26	155	0	OpenSubtitles	risk-accepted:no-grant	0.00	yes	single-source	OpenSubtitles
выдумывают	26	153	0	OpenSubtitles	risk-accepted:no-grant	0.01	yes	single-source	OpenSubtitles
расширитель	26	152	0	OpenSubtitles	risk-accepted:no-grant	0.01	yes	single-source	OpenSubtitles
осярэ	26	150	0	OpenSubtitles	risk-accepted:no-grant	0.76	yes	proper-noun-evidence	cap_ratio=0.76>=0.50
квадранта	26	149	0	OpenSubtitles	risk-accepted:no-grant	0.18	yes	single-source	OpenSubtitles
жщю	26	148	0	OpenSubtitles	risk-accepted:no-grant	0.01	yes	single-source	OpenSubtitles
нагоним	26	148	0	OpenSubtitles	risk-accepted:no-grant	0.00	yes	single-source	OpenSubtitles
задирают	26	142	0	OpenSubtitles	risk-accepted:no-grant	0.00	yes	single-source	OpenSubtitles
эйн	26	142	0	OpenSubtitles	risk-accepted:no-grant	0.63	yes	proper-noun-evidence	cap_ratio=0.63>=0.50
злодейкой	26	139	0	OpenSubtitles	risk-accepted:no-grant	0.01	yes	single-source	OpenSubtitles
делюкс	26	136	0	OpenSubtitles	risk-accepted:no-grant	0.73	yes	proper-noun-evidence	cap_ratio=0.73>=0.50
безрассудное	26	130	0	OpenSubtitles	risk-accepted:no-grant	0.00	yes	single-source	OpenSubtitles
унизительное	26	122	0	OpenSubtitles	risk-accepted:no-grant	0.01	yes	single-source	OpenSubtitles
покажусь	25	336	0	OpenSubtitles	risk-accepted:no-grant	0.00	yes	single-source	OpenSubtitles
бостонский	25	330	9	OpenSubtitles+Tatoeba	clean:CC-BY-2.0-FR	0.54	yes	proper-noun-evidence	cap_ratio=0.54>=0.50
капкейки	25	320	0	OpenSubtitles	risk-accepted:no-grant	0.06	yes	single-source	OpenSubtitles
автострады	25	317	0	OpenSubtitles	risk-accepted:no-grant	0.03	yes	single-source	OpenSubtitles
липкая	25	317	0	OpenSubtitles	risk-accepted:no-grant	0.03	yes	single-source	OpenSubtitles
вколоть	25	311	0	OpenSubtitles	risk-accepted:no-grant	0.00	yes	single-source	OpenSubtitles
вырежем	25	309	0	OpenSubtitles	risk-accepted:no-grant	0.00	yes	single-source	OpenSubtitles
зажить	25	295	0	OpenSubtitles	risk-accepted:no-grant	0.00	yes	single-source	OpenSubtitles
тек	25	294	1	OpenSubtitles+Tatoeba	clean:CC-BY-2.0-FR	0.75	yes	proper-noun-evidence	cap_ratio=0.75>=0.50
подстрелят	25	285	0	OpenSubtitles	risk-accepted:no-grant	0.00	yes	single-source	OpenSubtitles
латинос	25	284	0	OpenSubtitles	risk-accepted:no-grant	0.02	yes	single-source	OpenSubtitles
штучкой	25	280	0	OpenSubtitles	risk-accepted:no-grant	0.01	yes	single-source	OpenSubtitles
крендельки	25	277	0	OpenSubtitles	risk-accepted:no-grant	0.00	yes	single-source	OpenSubtitles
лифчике	25	276	0	OpenSubtitles	risk-accepted:no-grant	0.01	yes	single-source	OpenSubtitles
удочерение	25	275	0	OpenSubtitles	risk-accepted:no-grant	0.01	yes	single-source	OpenSubtitles
уроду	25	272	0	OpenSubtitles	risk-accepted:no-grant	0.01	yes	single-source	OpenSubtitles
кегли	25	268	0	OpenSubtitles	risk-accepted:no-grant	0.01	yes	single-source	OpenSubtitles
намасте	25	265	0	OpenSubtitles	risk-accepted:no-grant	0.21	yes	single-source	OpenSubtitles
папуль	25	264	0	OpenSubtitles	risk-accepted:no-grant	0.02	yes	single-source	OpenSubtitles
питбуль	25	264	0	OpenSubtitles	risk-accepted:no-grant	0.28	yes	single-source	OpenSubtitles
скрепить	25	261	0	OpenSubtitles	risk-accepted:no-grant	0.00	yes	single-source	OpenSubtitles
квадрант	25	258	0	OpenSubtitles	risk-accepted:no-grant	0.12	yes	single-source	OpenSubtitles
лапку	25	255	0	OpenSubtitles	risk-accepted:no-grant	0.01	yes	single-source	OpenSubtitles
повелителей	25	255	0	OpenSubtitles	risk-accepted:no-grant	0.78	yes	proper-noun-evidence	cap_ratio=0.78>=0.50
подтирать	25	255	0	OpenSubtitles	risk-accepted:no-grant	0.00	yes	single-source	OpenSubtitles
поухаживать	25	252	0	OpenSubtitles	risk-accepted:no-grant	0.00	yes	single-source	OpenSubtitles
старички	25	250	0	OpenSubtitles	risk-accepted:no-grant	0.02	yes	single-source	OpenSubtitles
перетереть	25	249	0	OpenSubtitles	risk-accepted:no-grant	0.00	yes	single-source	OpenSubtitles
пудры	25	249	0	OpenSubtitles	risk-accepted:no-grant	0.00	yes	single-source	OpenSubtitles
надерут	25	248	0	OpenSubtitles	risk-accepted:no-grant	0.00	yes	single-source	OpenSubtitles
яки	25	248	0	OpenSubtitles	risk-accepted:no-grant	0.63	yes	proper-noun-evidence	cap_ratio=0.63>=0.50
наю	25	246	0	OpenSubtitles	risk-accepted:no-grant	0.50	yes	proper-noun-evidence	cap_ratio=0.50>=0.50
тусим	25	246	0	OpenSubtitles	risk-accepted:no-grant	0.01	yes	single-source	OpenSubtitles
ограбят	25	244	0	OpenSubtitles	risk-accepted:no-grant	0.00	yes	single-source	OpenSubtitles
манипулировала	25	243	0	OpenSubtitles	risk-accepted:no-grant	0.00	yes	single-source	OpenSubtitles
валун	25	242	0	OpenSubtitles	risk-accepted:no-grant	0.03	yes	single-source	OpenSubtitles
напарницей	25	242	0	OpenSubtitles	risk-accepted:no-grant	0.00	yes	single-source	OpenSubtitles
грузчиков	25	241	0	OpenSubtitles	risk-accepted:no-grant	0.00	yes	single-source	OpenSubtitles
натерпелась	25	241	0	OpenSubtitles	risk-accepted:no-grant	0.00	yes	single-source	OpenSubtitles
лаймом	25	240	0	OpenSubtitles	risk-accepted:no-grant	0.03	yes	single-source	OpenSubtitles
осквернить	25	240	0	OpenSubtitles	risk-accepted:no-grant	0.00	yes	single-source	OpenSubtitles
сконцентрируемся	25	240	0	OpenSubtitles	risk-accepted:no-grant	0.00	yes	single-source	OpenSubtitles
тёрки	25	239	0	OpenSubtitles	risk-accepted:no-grant	0.04	yes	single-source	OpenSubtitles
мрпсеят	25	236	0	OpenSubtitles	risk-accepted:no-grant	0.00	yes	single-source	OpenSubtitles
узелок	25	236	0	OpenSubtitles	risk-accepted:no-grant	0.01	yes	single-source	OpenSubtitles
палтус	25	235	0	OpenSubtitles	risk-accepted:no-grant	0.10	yes	single-source	OpenSubtitles
заладилось	25	234	0	OpenSubtitles	risk-accepted:no-grant	0.00	yes	single-source	OpenSubtitles
застукают	25	233	0	OpenSubtitles	risk-accepted:no-grant	0.00	yes	single-source	OpenSubtitles
подгузниках	25	233	0	OpenSubtitles	risk-accepted:no-grant	0.00	yes	single-source	OpenSubtitles
отгулы	25	232	0	OpenSubtitles	risk-accepted:no-grant	0.00	yes	single-source	OpenSubtitles
троянский	25	232	0	OpenSubtitles	risk-accepted:no-grant	0.32	yes	single-source	OpenSubtitles
крокет	25	230	0	OpenSubtitles	risk-accepted:no-grant	0.27	yes	single-source	OpenSubtitles
бьы	25	229	0	OpenSubtitles	risk-accepted:no-grant	0.00	yes	single-source	OpenSubtitles
гомики	25	228	0	OpenSubtitles	risk-accepted:no-grant	0.00	yes	single-source	OpenSubtitles
обученный	25	227	0	OpenSubtitles	risk-accepted:no-grant	0.00	yes	single-source	OpenSubtitles
пригнал	25	225	0	OpenSubtitles	risk-accepted:no-grant	0.00	yes	single-source	OpenSubtitles
пронзил	25	225	0	OpenSubtitles	risk-accepted:no-grant	0.00	yes	single-source	OpenSubtitles
блэкджек	25	223	0	OpenSubtitles	risk-accepted:no-grant	0.20	yes	single-source	OpenSubtitles
надзирателей	25	222	0	OpenSubtitles	risk-accepted:no-grant	0.00	yes	single-source	OpenSubtitles
полуночью	25	221	0	OpenSubtitles	risk-accepted:no-grant	0.01	yes	single-source	OpenSubtitles
мошонка	25	220	0	OpenSubtitles	risk-accepted:no-grant	0.04	yes	single-source	OpenSubtitles
уоу	25	220	0	OpenSubtitles	risk-accepted:no-grant	0.09	yes	single-source	OpenSubtitles
кака	25	218	0	OpenSubtitles	risk-accepted:no-grant	0.30	yes	single-source	OpenSubtitles
вздумала	25	217	0	OpenSubtitles	risk-accepted:no-grant	0.00	yes	single-source	OpenSubtitles
завоюю	25	217	0	OpenSubtitles	risk-accepted:no-grant	0.00	yes	single-source	OpenSubtitles
мастикой	25	217	0	OpenSubtitles	risk-accepted:no-grant	0.01	yes	single-source	OpenSubtitles
аутопсии	25	216	0	OpenSubtitles	risk-accepted:no-grant	0.01	yes	single-source	OpenSubtitles
нацбезопасность	25	215	0	OpenSubtitles	risk-accepted:no-grant	0.36	yes	single-source	OpenSubtitles
упакую	25	214	0	OpenSubtitles	risk-accepted:no-grant	0.01	yes	single-source	OpenSubtitles
похитителями	25	213	0	OpenSubtitles	risk-accepted:no-grant	0.00	yes	single-source	OpenSubtitles
транспортер	25	213	0	OpenSubtitles	risk-accepted:no-grant	0.02	yes	single-source	OpenSubtitles
фазана	25	213	0	OpenSubtitles	risk-accepted:no-grant	0.01	yes	single-source	OpenSubtitles
йн	25	212	0	OpenSubtitles	risk-accepted:no-grant	0.72	yes	proper-noun-evidence	cap_ratio=0.72>=0.50
превосходительства	25	211	0	OpenSubtitles	risk-accepted:no-grant	0.41	yes	single-source	OpenSubtitles
высылайте	25	209	0	OpenSubtitles	risk-accepted:no-grant	0.01	yes	single-source	OpenSubtitles
магнолии	25	209	3	OpenSubtitles+Tatoeba	clean:CC-BY-2.0-FR	0.63	yes	proper-noun-evidence	cap_ratio=0.63>=0.50
пенисов	25	209	0	OpenSubtitles	risk-accepted:no-grant	0.00	yes	single-source	OpenSubtitles
ронин	25	209	0	OpenSubtitles	risk-accepted:no-grant	0.51	yes	proper-noun-evidence	cap_ratio=0.51>=0.50
мертвее	25	208	0	OpenSubtitles	risk-accepted:no-grant	0.00	yes	single-source	OpenSubtitles
неотложке	25	208	0	OpenSubtitles	risk-accepted:no-grant	0.02	yes	single-source	OpenSubtitles
телкой	25	208	0	OpenSubtitles	risk-accepted:no-grant	0.00	yes	single-source	OpenSubtitles
фиговый	25	208	0	OpenSubtitles	risk-accepted:no-grant	0.02	yes	single-source	OpenSubtitles
водичку	25	206	0	OpenSubtitles	risk-accepted:no-grant	0.00	yes	single-source	OpenSubtitles
отстрелил	25	206	0	OpenSubtitles	risk-accepted:no-grant	0.01	yes	single-source	OpenSubtitles
протеиновый	25	205	0	OpenSubtitles	risk-accepted:no-grant	0.02	yes	single-source	OpenSubtitles
дурит	25	204	0	OpenSubtitles	risk-accepted:no-grant	0.01	yes	single-source	OpenSubtitles
уличить	25	203	0	OpenSubtitles	risk-accepted:no-grant	0.00	yes	single-source	OpenSubtitles
обезжиренный	25	202	0	OpenSubtitles	risk-accepted:no-grant	0.01	yes	single-source	OpenSubtitles
продюссер	25	201	0	OpenSubtitles	risk-accepted:no-grant	0.01	yes	single-source	OpenSubtitles
сверкать	25	201	0	OpenSubtitles	risk-accepted:no-grant	0.00	yes	single-source	OpenSubtitles
подослали	25	200	0	OpenSubtitles	risk-accepted:no-grant	0.00	yes	single-source	OpenSubtitles
подхвачу	25	200	0	OpenSubtitles	risk-accepted:no-grant	0.01	yes	single-source	OpenSubtitles
чудиков	25	200	0	OpenSubtitles	risk-accepted:no-grant	0.02	yes	single-source	OpenSubtitles
кредиткам	25	197	0	OpenSubtitles	risk-accepted:no-grant	0.00	yes	single-source	OpenSubtitles
омлета	25	195	0	OpenSubtitles	risk-accepted:no-grant	0.01	yes	single-source	OpenSubtitles
чудненько	25	195	0	OpenSubtitles	risk-accepted:no-grant	0.05	yes	single-source	OpenSubtitles
громилы	25	194	0	OpenSubtitles	risk-accepted:no-grant	0.10	yes	single-source	OpenSubtitles
тортильи	25	194	0	OpenSubtitles	risk-accepted:no-grant	0.00	yes	single-source	OpenSubtitles
психу	25	193	0	OpenSubtitles	risk-accepted:no-grant	0.04	yes	single-source	OpenSubtitles
семейке	25	193	0	OpenSubtitles	risk-accepted:no-grant	0.11	yes	single-source	OpenSubtitles
эвакуируйте	25	192	0	OpenSubtitles	risk-accepted:no-grant	0.00	yes	single-source	OpenSubtitles
жратву	25	190	0	OpenSubtitles	risk-accepted:no-grant	0.02	yes	single-source	OpenSubtitles
штуковин	25	190	0	OpenSubtitles	risk-accepted:no-grant	0.00	yes	single-source	OpenSubtitles
лунке	25	189	0	OpenSubtitles	risk-accepted:no-grant	0.00	yes	single-source	OpenSubtitles
хлыстом	25	189	0	OpenSubtitles	risk-accepted:no-grant	0.04	yes	single-source	OpenSubtitles
салатик	25	188	0	OpenSubtitles	risk-accepted:no-grant	0.00	yes	single-source	OpenSubtitles
отреклись	25	187	0	OpenSubtitles	risk-accepted:no-grant	0.00	yes	single-source	OpenSubtitles
беготня	25	186	0	OpenSubtitles	risk-accepted:no-grant	0.01	yes	single-source	OpenSubtitles
токпокки	25	186	0	OpenSubtitles	risk-accepted:no-grant	0.04	yes	single-source	OpenSubtitles
винтажные	25	185	0	OpenSubtitles	risk-accepted:no-grant	0.02	yes	single-source	OpenSubtitles
застрелюсь	25	185	0	OpenSubtitles	risk-accepted:no-grant	0.00	yes	single-source	OpenSubtitles
порку	25	185	0	OpenSubtitles	risk-accepted:no-grant	0.00	yes	single-source	OpenSubtitles
лобок	25	184	0	OpenSubtitles	risk-accepted:no-grant	0.04	yes	single-source	OpenSubtitles
втягиваешь	25	182	0	OpenSubtitles	risk-accepted:no-grant	0.00	yes	single-source	OpenSubtitles
пригнать	25	182	0	OpenSubtitles	risk-accepted:no-grant	0.00	yes	single-source	OpenSubtitles
псами	25	182	0	OpenSubtitles	risk-accepted:no-grant	0.08	yes	single-source	OpenSubtitles
мусса	25	181	0	OpenSubtitles	risk-accepted:no-grant	0.46	yes	single-source	OpenSubtitles
тре	25	181	0	OpenSubtitles	risk-accepted:no-grant	0.69	yes	proper-noun-evidence	cap_ratio=0.69>=0.50
покопалась	25	180	0	OpenSubtitles	risk-accepted:no-grant	0.00	yes	single-source	OpenSubtitles
ямювюкю	25	180	0	OpenSubtitles	risk-accepted:no-grant	0.77	yes	proper-noun-evidence	cap_ratio=0.77>=0.50
скафандре	25	178	0	OpenSubtitles	risk-accepted:no-grant	0.02	yes	single-source	OpenSubtitles
грабителями	25	176	0	OpenSubtitles	risk-accepted:no-grant	0.02	yes	single-source	OpenSubtitles
мюд	25	175	0	OpenSubtitles	risk-accepted:no-grant	0.54	yes	proper-noun-evidence	cap_ratio=0.54>=0.50
удержат	25	175	0	OpenSubtitles	risk-accepted:no-grant	0.00	yes	single-source	OpenSubtitles
вельвет	25	174	3	OpenSubtitles+Tatoeba	clean:CC-BY-2.0-FR	0.68	yes	proper-noun-evidence	cap_ratio=0.68>=0.50
секретик	25	174	0	OpenSubtitles	risk-accepted:no-grant	0.00	yes	single-source	OpenSubtitles
неистовый	25	173	0	OpenSubtitles	risk-accepted:no-grant	0.16	yes	single-source	OpenSubtitles
прознал	25	173	0	OpenSubtitles	risk-accepted:no-grant	0.01	yes	single-source	OpenSubtitles
волокита	25	172	0	OpenSubtitles	risk-accepted:no-grant	0.02	yes	single-source	OpenSubtitles
высочеством	25	172	0	OpenSubtitles	risk-accepted:no-grant	0.69	yes	proper-noun-evidence	cap_ratio=0.69>=0.50
осо	25	172	0	OpenSubtitles	risk-accepted:no-grant	0.63	yes	proper-noun-evidence	cap_ratio=0.63>=0.50
тапас	25	172	0	OpenSubtitles	risk-accepted:no-grant	0.12	yes	single-source	OpenSubtitles
вратах	25	171	0	OpenSubtitles	risk-accepted:no-grant	0.52	yes	proper-noun-evidence	cap_ratio=0.52>=0.50
вообщето	25	170	0	OpenSubtitles	risk-accepted:no-grant	0.02	yes	single-source	OpenSubtitles
присматриваете	25	170	0	OpenSubtitles	risk-accepted:no-grant	0.00	yes	single-source	OpenSubtitles
аневризму	25	169	0	OpenSubtitles	risk-accepted:no-grant	0.00	yes	single-source	OpenSubtitles
наврали	25	169	0	OpenSubtitles	risk-accepted:no-grant	0.00	yes	single-source	OpenSubtitles
клас	25	168	0	OpenSubtitles	risk-accepted:no-grant	0.72	yes	proper-noun-evidence	cap_ratio=0.72>=0.50
цыпленком	25	168	0	OpenSubtitles	risk-accepted:no-grant	0.03	yes	single-source	OpenSubtitles
крадете	25	167	0	OpenSubtitles	risk-accepted:no-grant	0.00	yes	single-source	OpenSubtitles
штандартенфюрер	25	167	0	OpenSubtitles	risk-accepted:no-grant	0.09	yes	single-source	OpenSubtitles
скормили	25	166	0	OpenSubtitles	risk-accepted:no-grant	0.01	yes	single-source	OpenSubtitles
дьяволица	25	164	0	OpenSubtitles	risk-accepted:no-grant	0.07	yes	single-source	OpenSubtitles
подражателя	25	164	0	OpenSubtitles	risk-accepted:no-grant	0.08	yes	single-source	OpenSubtitles
бальный	25	160	0	OpenSubtitles	risk-accepted:no-grant	0.01	yes	single-source	OpenSubtitles
почтенные	25	159	0	OpenSubtitles	risk-accepted:no-grant	0.02	yes	single-source	OpenSubtitles
дофин	25	154	0	OpenSubtitles	risk-accepted:no-grant	0.38	yes	single-source	OpenSubtitles
рыщут	25	154	0	OpenSubtitles	risk-accepted:no-grant	0.00	yes	single-source	OpenSubtitles
бусинка	25	153	0	OpenSubtitles	risk-accepted:no-grant	0.29	yes	single-source	OpenSubtitles
есу	25	152	0	OpenSubtitles	risk-accepted:no-grant	0.01	yes	single-source	OpenSubtitles
лжем	25	150	0	OpenSubtitles	risk-accepted:no-grant	0.00	yes	single-source	OpenSubtitles
латиноамериканец	25	149	0	OpenSubtitles	risk-accepted:no-grant	0.01	yes	single-source	OpenSubtitles
душком	25	146	0	OpenSubtitles	risk-accepted:no-grant	0.00	yes	single-source	OpenSubtitles
выпендриваешься	25	142	0	OpenSubtitles	risk-accepted:no-grant	0.00	yes	single-source	OpenSubtitles
вэ	25	142	0	OpenSubtitles	risk-accepted:no-grant	0.78	yes	proper-noun-evidence	cap_ratio=0.78>=0.50
батей	25	141	0	OpenSubtitles	risk-accepted:no-grant	0.03	yes	single-source	OpenSubtitles
надавлю	25	141	0	OpenSubtitles	risk-accepted:no-grant	0.01	yes	single-source	OpenSubtitles
прикоснешься	25	139	0	OpenSubtitles	risk-accepted:no-grant	0.00	yes	single-source	OpenSubtitles
клейкой	25	134	0	OpenSubtitles	risk-accepted:no-grant	0.02	yes	single-source	OpenSubtitles
плаценту	25	128	0	OpenSubtitles	risk-accepted:no-grant	0.01	yes	single-source	OpenSubtitles
свернут	25	124	0	OpenSubtitles	risk-accepted:no-grant	0.00	yes	single-source	OpenSubtitles
братиш	25	122	0	OpenSubtitles	risk-accepted:no-grant	0.01	yes	single-source	OpenSubtitles
гроссбух	25	121	0	OpenSubtitles	risk-accepted:no-grant	0.03	yes	single-source	OpenSubtitles
слабительного	25	117	0	OpenSubtitles	risk-accepted:no-grant	0.00	yes	single-source	OpenSubtitles
плохиши	25	116	0	OpenSubtitles	risk-accepted:no-grant	0.03	yes	single-source	OpenSubtitles
допрошу	24	330	0	OpenSubtitles	risk-accepted:no-grant	0.00	yes	single-source	OpenSubtitles
багги	24	318	0	OpenSubtitles	risk-accepted:no-grant	0.47	yes	single-source	OpenSubtitles
вытворял	24	315	0	OpenSubtitles	risk-accepted:no-grant	0.00	yes	single-source	OpenSubtitles
дёргаться	24	311	0	OpenSubtitles	risk-accepted:no-grant	0.00	yes	single-source	OpenSubtitles
вещдоков	24	309	0	OpenSubtitles	risk-accepted:no-grant	0.01	yes	single-source	OpenSubtitles
ковчеге	24	302	5	OpenSubtitles+Tatoeba	clean:CC-BY-2.0-FR	0.50	yes	proper-noun-evidence	cap_ratio=0.50>=0.50
подыщем	24	284	0	OpenSubtitles	risk-accepted:no-grant	0.00	yes	single-source	OpenSubtitles
членосос	24	283	0	OpenSubtitles	risk-accepted:no-grant	0.03	yes	single-source	OpenSubtitles
грохну	24	282	0	OpenSubtitles	risk-accepted:no-grant	0.01	yes	single-source	OpenSubtitles
проглочу	24	277	0	OpenSubtitles	risk-accepted:no-grant	0.02	yes	single-source	OpenSubtitles
конюх	24	276	0	OpenSubtitles	risk-accepted:no-grant	0.01	yes	single-source	OpenSubtitles
уфб	24	276	0	OpenSubtitles	risk-accepted:no-grant	0.00	yes	single-source	OpenSubtitles
поручитель	24	273	0	OpenSubtitles	risk-accepted:no-grant	0.01	yes	single-source	OpenSubtitles
мокко	24	269	0	OpenSubtitles	risk-accepted:no-grant	0.21	yes	single-source	OpenSubtitles
паек	24	260	0	OpenSubtitles	risk-accepted:no-grant	0.00	yes	single-source	OpenSubtitles
хером	24	260	0	OpenSubtitles	risk-accepted:no-grant	0.01	yes	single-source	OpenSubtitles
тусил	24	257	0	OpenSubtitles	risk-accepted:no-grant	0.00	yes	single-source	OpenSubtitles
козявка	24	254	0	OpenSubtitles	risk-accepted:no-grant	0.09	yes	single-source	OpenSubtitles
офигенные	24	252	0	OpenSubtitles	risk-accepted:no-grant	0.00	yes	single-source	OpenSubtitles
подвезешь	24	249	0	OpenSubtitles	risk-accepted:no-grant	0.01	yes	single-source	OpenSubtitles
бредовые	24	247	0	OpenSubtitles	risk-accepted:no-grant	0.00	yes	single-source	OpenSubtitles
собьют	24	246	0	OpenSubtitles	risk-accepted:no-grant	0.00	yes	single-source	OpenSubtitles
потусим	24	244	0	OpenSubtitles	risk-accepted:no-grant	0.01	yes	single-source	OpenSubtitles
телятина	24	244	0	OpenSubtitles	risk-accepted:no-grant	0.02	yes	single-source	OpenSubtitles
запороть	24	242	0	OpenSubtitles	risk-accepted:no-grant	0.00	yes	single-source	OpenSubtitles
охуенный	24	242	0	OpenSubtitles	risk-accepted:no-grant	0.01	yes	single-source	OpenSubtitles
привезёшь	24	241	0	OpenSubtitles	risk-accepted:no-grant	0.00	yes	single-source	OpenSubtitles
расшифровали	24	239	0	OpenSubtitles	risk-accepted:no-grant	0.00	yes	single-source	OpenSubtitles
ачжума	24	237	0	OpenSubtitles	risk-accepted:no-grant	0.01	yes	single-source	OpenSubtitles
осквернил	24	237	0	OpenSubtitles	risk-accepted:no-grant	0.00	yes	single-source	OpenSubtitles
слабоват	24	237	0	OpenSubtitles	risk-accepted:no-grant	0.00	yes	single-source	OpenSubtitles
посерьезней	24	236	0	OpenSubtitles	risk-accepted:no-grant	0.00	yes	single-source	OpenSubtitles
нпмяжщ	24	235	0	OpenSubtitles	risk-accepted:no-grant	0.00	yes	single-source	OpenSubtitles
обличии	24	235	0	OpenSubtitles	risk-accepted:no-grant	0.00	yes	single-source	OpenSubtitles
перестрелять	24	234	0	OpenSubtitles	risk-accepted:no-grant	0.00	yes	single-source	OpenSubtitles
пам	24	232	0	OpenSubtitles	risk-accepted:no-grant	0.32	yes	single-source	OpenSubtitles
воздастся	24	231	0	OpenSubtitles	risk-accepted:no-grant	0.01	yes	single-source	OpenSubtitles
вексель	24	229	0	OpenSubtitles	risk-accepted:no-grant	0.00	yes	single-source	OpenSubtitles
встряхнуться	24	229	0	OpenSubtitles	risk-accepted:no-grant	0.00	yes	single-source	OpenSubtitles
нальешь	24	229	0	OpenSubtitles	risk-accepted:no-grant	0.00	yes	single-source	OpenSubtitles
ботаны	24	228	0	OpenSubtitles	risk-accepted:no-grant	0.03	yes	single-source	OpenSubtitles
голубков	24	228	0	OpenSubtitles	risk-accepted:no-grant	0.04	yes	single-source	OpenSubtitles
карапуз	24	226	0	OpenSubtitles	risk-accepted:no-grant	0.07	yes	single-source	OpenSubtitles
сплетницы	24	226	0	OpenSubtitles	risk-accepted:no-grant	0.76	yes	proper-noun-evidence	cap_ratio=0.76>=0.50
раздобудем	24	224	0	OpenSubtitles	risk-accepted:no-grant	0.00	yes	single-source	OpenSubtitles
сражусь	24	224	0	OpenSubtitles	risk-accepted:no-grant	0.00	yes	single-source	OpenSubtitles
толстушка	24	224	0	OpenSubtitles	risk-accepted:no-grant	0.10	yes	single-source	OpenSubtitles
фотках	24	223	0	OpenSubtitles	risk-accepted:no-grant	0.00	yes	single-source	OpenSubtitles
плюют	24	222	0	OpenSubtitles	risk-accepted:no-grant	0.01	yes	single-source	OpenSubtitles
подвезет	24	221	0	OpenSubtitles	risk-accepted:no-grant	0.00	yes	single-source	OpenSubtitles
прояснит	24	221	0	OpenSubtitles	risk-accepted:no-grant	0.00	yes	single-source	OpenSubtitles
трахнули	24	221	0	OpenSubtitles	risk-accepted:no-grant	0.00	yes	single-source	OpenSubtitles
устрица	24	220	0	OpenSubtitles	risk-accepted:no-grant	0.20	yes	single-source	OpenSubtitles
таскают	24	219	0	OpenSubtitles	risk-accepted:no-grant	0.00	yes	single-source	OpenSubtitles
выну	24	218	0	OpenSubtitles	risk-accepted:no-grant	0.01	yes	single-source	OpenSubtitles
полтергейст	24	218	0	OpenSubtitles	risk-accepted:no-grant	0.25	yes	single-source	OpenSubtitles
разорен	24	218	0	OpenSubtitles	risk-accepted:no-grant	0.00	yes	single-source	OpenSubtitles
уголовники	24	218	0	OpenSubtitles	risk-accepted:no-grant	0.00	yes	single-source	OpenSubtitles
курево	24	217	0	OpenSubtitles	risk-accepted:no-grant	0.01	yes	single-source	OpenSubtitles
стриптизершей	24	217	0	OpenSubtitles	risk-accepted:no-grant	0.00	yes	single-source	OpenSubtitles
угробила	24	216	0	OpenSubtitles	risk-accepted:no-grant	0.00	yes	single-source	OpenSubtitles
фобия	24	216	0	OpenSubtitles	risk-accepted:no-grant	0.02	yes	single-source	OpenSubtitles
чокнутую	24	216	0	OpenSubtitles	risk-accepted:no-grant	0.02	yes	single-source	OpenSubtitles
накричать	24	215	0	OpenSubtitles	risk-accepted:no-grant	0.00	yes	single-source	OpenSubtitles
бюлх	24	213	0	OpenSubtitles	risk-accepted:no-grant	0.77	yes	proper-noun-evidence	cap_ratio=0.77>=0.50
вертушку	24	213	0	OpenSubtitles	risk-accepted:no-grant	0.03	yes	single-source	OpenSubtitles
сифилиса	24	213	0	OpenSubtitles	risk-accepted:no-grant	0.01	yes	single-source	OpenSubtitles
семпай	24	211	0	OpenSubtitles	risk-accepted:no-grant	0.04	yes	single-source	OpenSubtitles
отвернется	24	209	0	OpenSubtitles	risk-accepted:no-grant	0.00	yes	single-source	OpenSubtitles
странников	24	209	0	OpenSubtitles	risk-accepted:no-grant	0.24	yes	single-source	OpenSubtitles
встряска	24	208	0	OpenSubtitles	risk-accepted:no-grant	0.01	yes	single-source	OpenSubtitles
разболтала	24	208	0	OpenSubtitles	risk-accepted:no-grant	0.00	yes	single-source	OpenSubtitles
мушкетеры	24	207	0	OpenSubtitles	risk-accepted:no-grant	0.09	yes	single-source	OpenSubtitles
блиц	24	206	0	OpenSubtitles	risk-accepted:no-grant	0.42	yes	single-source	OpenSubtitles
сиська	24	206	0	OpenSubtitles	risk-accepted:no-grant	0.11	yes	single-source	OpenSubtitles
фолк	24	206	2	OpenSubtitles+Tatoeba	clean:CC-BY-2.0-FR	0.61	yes	proper-noun-evidence	cap_ratio=0.61>=0.50
аппетитный	24	205	0	OpenSubtitles	risk-accepted:no-grant	0.01	yes	single-source	OpenSubtitles
фату	24	205	0	OpenSubtitles	risk-accepted:no-grant	0.23	yes	single-source	OpenSubtitles
букмекера	24	204	0	OpenSubtitles	risk-accepted:no-grant	0.01	yes	single-source	OpenSubtitles
мима	24	204	0	OpenSubtitles	risk-accepted:no-grant	0.60	yes	proper-noun-evidence	cap_ratio=0.60>=0.50
разогреться	24	203	0	OpenSubtitles	risk-accepted:no-grant	0.01	yes	single-source	OpenSubtitles
сынки	24	202	0	OpenSubtitles	risk-accepted:no-grant	0.02	yes	single-source	OpenSubtitles
хворь	24	202	0	OpenSubtitles	risk-accepted:no-grant	0.10	yes	single-source	OpenSubtitles
вяжи	24	201	0	OpenSubtitles	risk-accepted:no-grant	0.00	yes	single-source	OpenSubtitles
пси	24	201	0	OpenSubtitles	risk-accepted:no-grant	0.72	yes	proper-noun-evidence	cap_ratio=0.72>=0.50
размазал	24	201	0	OpenSubtitles	risk-accepted:no-grant	0.00	yes	single-source	OpenSubtitles
друидов	24	200	0	OpenSubtitles	risk-accepted:no-grant	0.21	yes	single-source	OpenSubtitles
запашок	24	200	0	OpenSubtitles	risk-accepted:no-grant	0.01	yes	single-source	OpenSubtitles
мирок	24	200	0	OpenSubtitles	risk-accepted:no-grant	0.06	yes	single-source	OpenSubtitles
просочиться	24	200	0	OpenSubtitles	risk-accepted:no-grant	0.00	yes	single-source	OpenSubtitles
нелегал	24	199	0	OpenSubtitles	risk-accepted:no-grant	0.03	yes	single-source	OpenSubtitles
бурито	24	198	0	OpenSubtitles	risk-accepted:no-grant	0.04	yes	single-source	OpenSubtitles
клыка	24	198	0	OpenSubtitles	risk-accepted:no-grant	0.71	yes	proper-noun-evidence	cap_ratio=0.71>=0.50
надавила	24	198	0	OpenSubtitles	risk-accepted:no-grant	0.00	yes	single-source	OpenSubtitles
телепатия	24	196	0	OpenSubtitles	risk-accepted:no-grant	0.01	yes	single-source	OpenSubtitles
альтер	24	195	0	OpenSubtitles	risk-accepted:no-grant	0.22	yes	single-source	OpenSubtitles
безрассудной	24	194	0	OpenSubtitles	risk-accepted:no-grant	0.00	yes	single-source	OpenSubtitles
подвергнет	24	194	0	OpenSubtitles	risk-accepted:no-grant	0.00	yes	single-source	OpenSubtitles
стремный	24	194	0	OpenSubtitles	risk-accepted:no-grant	0.04	yes	single-source	OpenSubtitles
мами	24	192	0	OpenSubtitles	risk-accepted:no-grant	0.57	yes	proper-noun-evidence	cap_ratio=0.57>=0.50
недержание	24	192	0	OpenSubtitles	risk-accepted:no-grant	0.02	yes	single-source	OpenSubtitles
вонючем	24	191	0	OpenSubtitles	risk-accepted:no-grant	0.02	yes	single-source	OpenSubtitles
обмороке	24	191	0	OpenSubtitles	risk-accepted:no-grant	0.00	yes	single-source	OpenSubtitles
дюжиной	24	190	0	OpenSubtitles	risk-accepted:no-grant	0.02	yes	single-source	OpenSubtitles
отхватить	24	190	0	OpenSubtitles	risk-accepted:no-grant	0.00	yes	single-source	OpenSubtitles
скупить	24	190	0	OpenSubtitles	risk-accepted:no-grant	0.00	yes	single-source	OpenSubtitles
зашифрованный	24	189	0	OpenSubtitles	risk-accepted:no-grant	0.02	yes	single-source	OpenSubtitles
аждый	24	188	0	OpenSubtitles	risk-accepted:no-grant	0.00	yes	single-source	OpenSubtitles
апперкот	24	188	0	OpenSubtitles	risk-accepted:no-grant	0.03	yes	single-source	OpenSubtitles
мармеладки	24	187	0	OpenSubtitles	risk-accepted:no-grant	0.03	yes	single-source	OpenSubtitles
похрен	24	187	0	OpenSubtitles	risk-accepted:no-grant	0.02	yes	single-source	OpenSubtitles
предстанете	24	187	0	OpenSubtitles	risk-accepted:no-grant	0.00	yes	single-source	OpenSubtitles
жаждать	24	186	0	OpenSubtitles	risk-accepted:no-grant	0.00	yes	single-source	OpenSubtitles
обобрать	24	186	0	OpenSubtitles	risk-accepted:no-grant	0.00	yes	single-source	OpenSubtitles
пипи	24	186	2	OpenSubtitles+Tatoeba	clean:CC-BY-2.0-FR	0.64	yes	proper-noun-evidence	cap_ratio=0.64>=0.50
полиомиелит	24	186	0	OpenSubtitles	risk-accepted:no-grant	0.02	yes	single-source	OpenSubtitles
расистский	24	186	0	OpenSubtitles	risk-accepted:no-grant	0.00	yes	single-source	OpenSubtitles
сдалось	24	184	0	OpenSubtitles	risk-accepted:no-grant	0.00	yes	single-source	OpenSubtitles
метеора	24	183	1	OpenSubtitles+Tatoeba	clean:CC-BY-2.0-FR	0.54	yes	proper-noun-evidence	cap_ratio=0.54>=0.50
работяг	24	183	0	OpenSubtitles	risk-accepted:no-grant	0.01	yes	single-source	OpenSubtitles
чуствую	24	183	0	OpenSubtitles	risk-accepted:no-grant	0.01	yes	single-source	OpenSubtitles
расслаблюсь	24	182	0	OpenSubtitles	risk-accepted:no-grant	0.00	yes	single-source	OpenSubtitles
пипл	24	181	1	OpenSubtitles+Tatoeba	clean:CC-BY-2.0-FR	0.79	yes	proper-noun-evidence	cap_ratio=0.79>=0.50
подвезут	24	180	0	OpenSubtitles	risk-accepted:no-grant	0.01	yes	single-source	OpenSubtitles
смиришься	24	180	0	OpenSubtitles	risk-accepted:no-grant	0.01	yes	single-source	OpenSubtitles
сы	24	179	0	OpenSubtitles	risk-accepted:no-grant	0.72	yes	proper-noun-evidence	cap_ratio=0.72>=0.50
транквилизатором	24	179	0	OpenSubtitles	risk-accepted:no-grant	0.00	yes	single-source	OpenSubtitles
вредил	24	177	0	OpenSubtitles	risk-accepted:no-grant	0.01	yes	single-source	OpenSubtitles
неяы	24	177	0	OpenSubtitles	risk-accepted:no-grant	0.00	yes	single-source	OpenSubtitles
огурчиков	24	177	0	OpenSubtitles	risk-accepted:no-grant	0.03	yes	single-source	OpenSubtitles
вафля	24	176	0	OpenSubtitles	risk-accepted:no-grant	0.41	yes	single-source	OpenSubtitles
лаборант	24	176	0	OpenSubtitles	risk-accepted:no-grant	0.03	yes	single-source	OpenSubtitles
куку	24	175	0	OpenSubtitles	risk-accepted:no-grant	0.79	yes	proper-noun-evidence	cap_ratio=0.79>=0.50
дукатов	24	173	0	OpenSubtitles	risk-accepted:no-grant	0.01	yes	single-source	OpenSubtitles
дщ	24	173	0	OpenSubtitles	risk-accepted:no-grant	0.00	yes	single-source	OpenSubtitles
рентгене	24	173	0	OpenSubtitles	risk-accepted:no-grant	0.01	yes	single-source	OpenSubtitles
гомон	24	172	1	OpenSubtitles+Tatoeba	clean:CC-BY-2.0-FR	0.61	yes	proper-noun-evidence	cap_ratio=0.61>=0.50
давим	24	172	0	OpenSubtitles	risk-accepted:no-grant	0.00	yes	single-source	OpenSubtitles
пообщайтесь	24	172	0	OpenSubtitles	risk-accepted:no-grant	0.01	yes	single-source	OpenSubtitles
психушка	24	172	0	OpenSubtitles	risk-accepted:no-grant	0.01	yes	single-source	OpenSubtitles
задействуем	24	171	0	OpenSubtitles	risk-accepted:no-grant	0.00	yes	single-source	OpenSubtitles
макрель	24	171	0	OpenSubtitles	risk-accepted:no-grant	0.05	yes	single-source	OpenSubtitles
обезумели	24	170	0	OpenSubtitles	risk-accepted:no-grant	0.00	yes	single-source	OpenSubtitles
угостит	24	170	0	OpenSubtitles	risk-accepted:no-grant	0.00	yes	single-source	OpenSubtitles
гидроцикл	24	169	0	OpenSubtitles	risk-accepted:no-grant	0.01	yes	single-source	OpenSubtitles
доживем	24	168	0	OpenSubtitles	risk-accepted:no-grant	0.01	yes	single-source	OpenSubtitles
приземлишься	24	168	0	OpenSubtitles	risk-accepted:no-grant	0.01	yes	single-source	OpenSubtitles
трипа	24	167	0	OpenSubtitles	risk-accepted:no-grant	0.79	yes	proper-noun-evidence	cap_ratio=0.79>=0.50
завхоз	24	165	0	OpenSubtitles	risk-accepted:no-grant	0.02	yes	single-source	OpenSubtitles
грасиас	24	164	0	OpenSubtitles	risk-accepted:no-grant	0.10	yes	single-source	OpenSubtitles
кардассианцы	24	164	0	OpenSubtitles	risk-accepted:no-grant	0.03	yes	single-source	OpenSubtitles
бобик	24	161	1	OpenSubtitles+Tatoeba	clean:CC-BY-2.0-FR	0.79	yes	proper-noun-evidence	cap_ratio=0.79>=0.50
лечусь	24	160	0	OpenSubtitles	risk-accepted:no-grant	0.01	yes	single-source	OpenSubtitles
огра	24	160	0	OpenSubtitles	risk-accepted:no-grant	0.45	yes	single-source	OpenSubtitles
дырочка	24	159	0	OpenSubtitles	risk-accepted:no-grant	0.03	yes	single-source	OpenSubtitles
затемнение	24	159	0	OpenSubtitles	risk-accepted:no-grant	0.05	yes	single-source	OpenSubtitles
малявки	24	159	0	OpenSubtitles	risk-accepted:no-grant	0.04	yes	single-source	OpenSubtitles
саботировал	24	159	0	OpenSubtitles	risk-accepted:no-grant	0.01	yes	single-source	OpenSubtitles
испорченным	24	158	0	OpenSubtitles	risk-accepted:no-grant	0.00	yes	single-source	OpenSubtitles
ненавистно	24	158	0	OpenSubtitles	risk-accepted:no-grant	0.00	yes	single-source	OpenSubtitles
проломили	24	158	0	OpenSubtitles	risk-accepted:no-grant	0.00	yes	single-source	OpenSubtitles
ав	24	157	1	OpenSubtitles+Tatoeba	clean:CC-BY-2.0-FR	0.76	yes	proper-noun-evidence	cap_ratio=0.76>=0.50
сфоткал	24	157	0	OpenSubtitles	risk-accepted:no-grant	0.00	yes	single-source	OpenSubtitles
безделушку	24	155	0	OpenSubtitles	risk-accepted:no-grant	0.01	yes	single-source	OpenSubtitles
колдуньи	24	155	0	OpenSubtitles	risk-accepted:no-grant	0.10	yes	single-source	OpenSubtitles
рьщ	24	153	0	OpenSubtitles	risk-accepted:no-grant	0.00	yes	single-source	OpenSubtitles
алой	24	152	0	OpenSubtitles	risk-accepted:no-grant	0.60	yes	proper-noun-evidence	cap_ratio=0.60>=0.50
прочесывать	24	152	0	OpenSubtitles	risk-accepted:no-grant	0.00	yes	single-source	OpenSubtitles
привкусом	24	151	0	OpenSubtitles	risk-accepted:no-grant	0.00	yes	single-source	OpenSubtitles
марлю	24	150	0	OpenSubtitles	risk-accepted:no-grant	0.00	yes	single-source	OpenSubtitles
хряк	24	150	0	OpenSubtitles	risk-accepted:no-grant	0.15	yes	single-source	OpenSubtitles
койотов	24	149	0	OpenSubtitles	risk-accepted:no-grant	0.11	yes	single-source	OpenSubtitles
пуповина	24	147	0	OpenSubtitles	risk-accepted:no-grant	0.00	yes	single-source	OpenSubtitles
вонища	24	146	0	OpenSubtitles	risk-accepted:no-grant	0.00	yes	single-source	OpenSubtitles
утке	24	146	0	OpenSubtitles	risk-accepted:no-grant	0.04	yes	single-source	OpenSubtitles
джигит	24	145	0	OpenSubtitles	risk-accepted:no-grant	0.02	yes	single-source	OpenSubtitles
распылить	24	143	0	OpenSubtitles	risk-accepted:no-grant	0.00	yes	single-source	OpenSubtitles
разлить	24	142	0	OpenSubtitles	risk-accepted:no-grant	0.00	yes	single-source	OpenSubtitles
дога	24	141	0	OpenSubtitles	risk-accepted:no-grant	0.56	yes	proper-noun-evidence	cap_ratio=0.56>=0.50
предпочесть	24	133	0	OpenSubtitles	risk-accepted:no-grant	0.00	yes	single-source	OpenSubtitles
спонтанность	24	133	0	OpenSubtitles	risk-accepted:no-grant	0.07	yes	single-source	OpenSubtitles
обслуга	24	132	0	OpenSubtitles	risk-accepted:no-grant	0.01	yes	single-source	OpenSubtitles
мьлйт	24	130	0	OpenSubtitles	risk-accepted:no-grant	0.01	yes	single-source	OpenSubtitles
сканируют	24	127	0	OpenSubtitles	risk-accepted:no-grant	0.00	yes	single-source	OpenSubtitles
мятная	24	126	0	OpenSubtitles	risk-accepted:no-grant	0.05	yes	single-source	OpenSubtitles
баллистика	24	125	0	OpenSubtitles	risk-accepted:no-grant	0.00	yes	single-source	OpenSubtitles
повидаюсь	24	123	0	OpenSubtitles	risk-accepted:no-grant	0.00	yes	single-source	OpenSubtitles
евнухи	24	105	0	OpenSubtitles	risk-accepted:no-grant	0.13	no	single-source	OpenSubtitles
многообещающие	24	104	0	OpenSubtitles	risk-accepted:no-grant	0.00	no	single-source	OpenSubtitles
нянчить	23	301	0	OpenSubtitles	risk-accepted:no-grant	0.00	yes	single-source	OpenSubtitles
соломинки	23	301	0	OpenSubtitles	risk-accepted:no-grant	0.00	yes	single-source	OpenSubtitles
удержишь	23	298	0	OpenSubtitles	risk-accepted:no-grant	0.00	yes	single-source	OpenSubtitles
сэндвичем	23	286	0	OpenSubtitles	risk-accepted:no-grant	0.04	yes	single-source	OpenSubtitles
мис	23	283	0	OpenSubtitles	risk-accepted:no-grant	0.35	yes	single-source	OpenSubtitles
пристрелила	23	275	0	OpenSubtitles	risk-accepted:no-grant	0.00	yes	single-source	OpenSubtitles
гуля	23	274	0	OpenSubtitles	risk-accepted:no-grant	0.71	yes	proper-noun-evidence	cap_ratio=0.71>=0.50
кондор	23	272	0	OpenSubtitles	risk-accepted:no-grant	0.62	yes	proper-noun-evidence	cap_ratio=0.62>=0.50
мамаше	23	271	0	OpenSubtitles	risk-accepted:no-grant	0.04	yes	single-source	OpenSubtitles
кат	23	269	0	OpenSubtitles	risk-accepted:no-grant	0.72	yes	proper-noun-evidence	cap_ratio=0.72>=0.50
разгрести	23	264	0	OpenSubtitles	risk-accepted:no-grant	0.00	yes	single-source	OpenSubtitles
блёстки	23	261	0	OpenSubtitles	risk-accepted:no-grant	0.03	yes	single-source	OpenSubtitles
муженька	23	261	0	OpenSubtitles	risk-accepted:no-grant	0.00	yes	single-source	OpenSubtitles
девчат	23	258	0	OpenSubtitles	risk-accepted:no-grant	0.01	yes	single-source	OpenSubtitles
пердёж	23	253	0	OpenSubtitles	risk-accepted:no-grant	0.06	yes	single-source	OpenSubtitles
стишки	23	253	0	OpenSubtitles	risk-accepted:no-grant	0.00	yes	single-source	OpenSubtitles
войдёте	23	252	0	OpenSubtitles	risk-accepted:no-grant	0.01	yes	single-source	OpenSubtitles
мобилу	23	252	0	OpenSubtitles	risk-accepted:no-grant	0.01	yes	single-source	OpenSubtitles
пушистик	23	252	0	OpenSubtitles	risk-accepted:no-grant	0.54	yes	proper-noun-evidence	cap_ratio=0.54>=0.50
чьем	23	252	0	OpenSubtitles	risk-accepted:no-grant	0.00	yes	single-source	OpenSubtitles
отаку	23	251	0	OpenSubtitles	risk-accepted:no-grant	0.05	yes	single-source	OpenSubtitles
прогонит	23	249	0	OpenSubtitles	risk-accepted:no-grant	0.00	yes	single-source	OpenSubtitles
пх	23	248	0	OpenSubtitles	risk-accepted:no-grant	0.05	yes	single-source	OpenSubtitles
буль	23	247	3	OpenSubtitles+Tatoeba	clean:CC-BY-2.0-FR	0.54	yes	proper-noun-evidence	cap_ratio=0.54>=0.50
выкурим	23	247	0	OpenSubtitles	risk-accepted:no-grant	0.00	yes	single-source	OpenSubtitles
дерьмовом	23	246	0	OpenSubtitles	risk-accepted:no-grant	0.00	yes	single-source	OpenSubtitles
богомол	23	244	2	OpenSubtitles+Tatoeba	clean:CC-BY-2.0-FR	0.56	yes	proper-noun-evidence	cap_ratio=0.56>=0.50
чики	23	244	1	OpenSubtitles+Tatoeba	clean:CC-BY-2.0-FR	0.72	yes	proper-noun-evidence	cap_ratio=0.72>=0.50
притащу	23	243	0	OpenSubtitles	risk-accepted:no-grant	0.00	yes	single-source	OpenSubtitles
просветите	23	243	0	OpenSubtitles	risk-accepted:no-grant	0.00	yes	single-source	OpenSubtitles
заваруха	23	241	0	OpenSubtitles	risk-accepted:no-grant	0.00	yes	single-source	OpenSubtitles
вещественное	23	235	0	OpenSubtitles	risk-accepted:no-grant	0.01	yes	single-source	OpenSubtitles
опергруппу	23	235	0	OpenSubtitles	risk-accepted:no-grant	0.00	yes	single-source	OpenSubtitles
отдохнете	23	235	0	OpenSubtitles	risk-accepted:no-grant	0.00	yes	single-source	OpenSubtitles
денем	23	234	2	OpenSubtitles+Tatoeba	clean:CC-BY-2.0-FR	0.57	yes	proper-noun-evidence	cap_ratio=0.57>=0.50
опнярх	23	234	0	OpenSubtitles	risk-accepted:no-grant	0.60	yes	proper-noun-evidence	cap_ratio=0.60>=0.50
столкнешься	23	233	0	OpenSubtitles	risk-accepted:no-grant	0.00	yes	single-source	OpenSubtitles
шифу	23	233	0	OpenSubtitles	risk-accepted:no-grant	0.77	yes	proper-noun-evidence	cap_ratio=0.77>=0.50
хозяюшка	23	232	0	OpenSubtitles	risk-accepted:no-grant	0.02	yes	single-source	OpenSubtitles
допросной	23	231	0	OpenSubtitles	risk-accepted:no-grant	0.00	yes	single-source	OpenSubtitles
трахнет	23	231	0	OpenSubtitles	risk-accepted:no-grant	0.00	yes	single-source	OpenSubtitles
хитрить	23	231	0	OpenSubtitles	risk-accepted:no-grant	0.00	yes	single-source	OpenSubtitles
азиатка	23	228	0	OpenSubtitles	risk-accepted:no-grant	0.01	yes	single-source	OpenSubtitles
сдерживаюсь	23	228	0	OpenSubtitles	risk-accepted:no-grant	0.01	yes	single-source	OpenSubtitles
стажеров	23	228	0	OpenSubtitles	risk-accepted:no-grant	0.01	yes	single-source	OpenSubtitles
впридачу	23	227	0	OpenSubtitles	risk-accepted:no-grant	0.00	yes	single-source	OpenSubtitles
заберусь	23	227	0	OpenSubtitles	risk-accepted:no-grant	0.00	yes	single-source	OpenSubtitles
отмывал	23	227	0	OpenSubtitles	risk-accepted:no-grant	0.00	yes	single-source	OpenSubtitles
одичалых	23	224	0	OpenSubtitles	risk-accepted:no-grant	0.19	yes	single-source	OpenSubtitles
активировали	23	223	0	OpenSubtitles	risk-accepted:no-grant	0.00	yes	single-source	OpenSubtitles
интубировать	23	223	0	OpenSubtitles	risk-accepted:no-grant	0.00	yes	single-source	OpenSubtitles
отследят	23	223	0	OpenSubtitles	risk-accepted:no-grant	0.00	yes	single-source	OpenSubtitles
гй	23	222	0	OpenSubtitles	risk-accepted:no-grant	0.00	yes	single-source	OpenSubtitles
буфета	23	221	0	OpenSubtitles	risk-accepted:no-grant	0.00	yes	single-source	OpenSubtitles
прижмите	23	221	0	OpenSubtitles	risk-accepted:no-grant	0.01	yes	single-source	OpenSubtitles
симка	23	221	0	OpenSubtitles	risk-accepted:no-grant	0.59	yes	proper-noun-evidence	cap_ratio=0.59>=0.50
труселя	23	221	0	OpenSubtitles	risk-accepted:no-grant	0.04	yes	single-source	OpenSubtitles
очиститель	23	219	0	OpenSubtitles	risk-accepted:no-grant	0.06	yes	single-source	OpenSubtitles
будим	23	218	0	OpenSubtitles	risk-accepted:no-grant	0.01	yes	single-source	OpenSubtitles
сверчков	23	218	0	OpenSubtitles	risk-accepted:no-grant	0.05	yes	single-source	OpenSubtitles
чувственная	23	218	0	OpenSubtitles	risk-accepted:no-grant	0.03	yes	single-source	OpenSubtitles
никчемные	23	216	0	OpenSubtitles	risk-accepted:no-grant	0.00	yes	single-source	OpenSubtitles
паршивого	23	216	0	OpenSubtitles	risk-accepted:no-grant	0.01	yes	single-source	OpenSubtitles
кобру	23	215	2	OpenSubtitles+Tatoeba	clean:CC-BY-2.0-FR	0.60	yes	proper-noun-evidence	cap_ratio=0.60>=0.50
смою	23	215	0	OpenSubtitles	risk-accepted:no-grant	0.00	yes	single-source	OpenSubtitles
уплыла	23	215	0	OpenSubtitles	risk-accepted:no-grant	0.01	yes	single-source	OpenSubtitles
крёстного	23	214	1	OpenSubtitles+Tatoeba	clean:CC-BY-2.0-FR	0.60	yes	proper-noun-evidence	cap_ratio=0.60>=0.50
перережут	23	214	0	OpenSubtitles	risk-accepted:no-grant	0.00	yes	single-source	OpenSubtitles
швабры	23	213	0	OpenSubtitles	risk-accepted:no-grant	0.01	yes	single-source	OpenSubtitles
дышали	23	212	0	OpenSubtitles	risk-accepted:no-grant	0.01	yes	single-source	OpenSubtitles
менно	23	212	0	OpenSubtitles	risk-accepted:no-grant	0.13	yes	single-source	OpenSubtitles
чуррос	23	212	0	OpenSubtitles	risk-accepted:no-grant	0.03	yes	single-source	OpenSubtitles
курнуть	23	210	0	OpenSubtitles	risk-accepted:no-grant	0.01	yes	single-source	OpenSubtitles
мартышку	23	210	0	OpenSubtitles	risk-accepted:no-grant	0.08	yes	single-source	OpenSubtitles
натуралом	23	210	0	OpenSubtitles	risk-accepted:no-grant	0.00	yes	single-source	OpenSubtitles
драная	23	209	0	OpenSubtitles	risk-accepted:no-grant	0.02	yes	single-source	OpenSubtitles
завсегда	23	209	0	OpenSubtitles	risk-accepted:no-grant	0.01	yes	single-source	OpenSubtitles
тузы	23	209	0	OpenSubtitles	risk-accepted:no-grant	0.05	yes	single-source	OpenSubtitles
отберет	23	208	0	OpenSubtitles	risk-accepted:no-grant	0.00	yes	single-source	OpenSubtitles
кандалах	23	207	0	OpenSubtitles	risk-accepted:no-grant	0.00	yes	single-source	OpenSubtitles
спустят	23	207	0	OpenSubtitles	risk-accepted:no-grant	0.00	yes	single-source	OpenSubtitles
клянемся	23	206	0	OpenSubtitles	risk-accepted:no-grant	0.01	yes	single-source	OpenSubtitles
мессер	23	205	0	OpenSubtitles	risk-accepted:no-grant	0.61	yes	proper-noun-evidence	cap_ratio=0.61>=0.50
сгнить	23	205	0	OpenSubtitles	risk-accepted:no-grant	0.01	yes	single-source	OpenSubtitles
сияющей	23	205	0	OpenSubtitles	risk-accepted:no-grant	0.10	yes	single-source	OpenSubtitles
скиталец	23	205	1	OpenSubtitles+Tatoeba	clean:CC-BY-2.0-FR	0.59	yes	proper-noun-evidence	cap_ratio=0.59>=0.50
тачек	23	205	0	OpenSubtitles	risk-accepted:no-grant	0.02	yes	single-source	OpenSubtitles
целятся	23	205	0	OpenSubtitles	risk-accepted:no-grant	0.00	yes	single-source	OpenSubtitles
юрфака	23	205	0	OpenSubtitles	risk-accepted:no-grant	0.03	yes	single-source	OpenSubtitles
бизнесс	23	204	0	OpenSubtitles	risk-accepted:no-grant	0.02	yes	single-source	OpenSubtitles
забьем	23	203	0	OpenSubtitles	risk-accepted:no-grant	0.01	yes	single-source	OpenSubtitles
деру	23	202	0	OpenSubtitles	risk-accepted:no-grant	0.02	yes	single-source	OpenSubtitles
жи	23	201	0	OpenSubtitles	risk-accepted:no-grant	0.54	yes	proper-noun-evidence	cap_ratio=0.54>=0.50
кафешке	23	201	0	OpenSubtitles	risk-accepted:no-grant	0.00	yes	single-source	OpenSubtitles
безделушек	23	200	0	OpenSubtitles	risk-accepted:no-grant	0.03	yes	single-source	OpenSubtitles
пометили	23	200	0	OpenSubtitles	risk-accepted:no-grant	0.00	yes	single-source	OpenSubtitles
документалки	23	199	0	OpenSubtitles	risk-accepted:no-grant	0.00	yes	single-source	OpenSubtitles
тетушке	23	199	0	OpenSubtitles	risk-accepted:no-grant	0.05	yes	single-source	OpenSubtitles
негодница	23	198	0	OpenSubtitles	risk-accepted:no-grant	0.01	yes	single-source	OpenSubtitles
метом	23	197	0	OpenSubtitles	risk-accepted:no-grant	0.03	yes	single-source	OpenSubtitles
ординатора	23	197	0	OpenSubtitles	risk-accepted:no-grant	0.00	yes	single-source	OpenSubtitles
переоденемся	23	197	0	OpenSubtitles	risk-accepted:no-grant	0.00	yes	single-source	OpenSubtitles
сундуки	23	196	0	OpenSubtitles	risk-accepted:no-grant	0.01	yes	single-source	OpenSubtitles
сутра	23	196	0	OpenSubtitles	risk-accepted:no-grant	0.24	yes	single-source	OpenSubtitles
тереться	23	194	0	OpenSubtitles	risk-accepted:no-grant	0.00	yes	single-source	OpenSubtitles
подагра	23	193	0	OpenSubtitles	risk-accepted:no-grant	0.01	yes	single-source	OpenSubtitles
прищучить	23	193	0	OpenSubtitles	risk-accepted:no-grant	0.00	yes	single-source	OpenSubtitles
стажеры	23	193	0	OpenSubtitles	risk-accepted:no-grant	0.01	yes	single-source	OpenSubtitles
повелителю	23	192	0	OpenSubtitles	risk-accepted:no-grant	0.26	yes	single-source	OpenSubtitles
роуди	23	191	0	OpenSubtitles	risk-accepted:no-grant	0.79	yes	proper-noun-evidence	cap_ratio=0.79>=0.50
нада	23	190	0	OpenSubtitles	risk-accepted:no-grant	0.19	yes	single-source	OpenSubtitles
опнтеяянп	23	190	0	OpenSubtitles	risk-accepted:no-grant	0.66	yes	proper-noun-evidence	cap_ratio=0.66>=0.50
селезенка	23	190	0	OpenSubtitles	risk-accepted:no-grant	0.00	yes	single-source	OpenSubtitles
сеньориты	23	190	0	OpenSubtitles	risk-accepted:no-grant	0.01	yes	single-source	OpenSubtitles
бруклинский	23	188	0	OpenSubtitles	risk-accepted:no-grant	0.73	yes	proper-noun-evidence	cap_ratio=0.73>=0.50
нарцисса	23	188	0	OpenSubtitles	risk-accepted:no-grant	0.65	yes	proper-noun-evidence	cap_ratio=0.65>=0.50
никчемной	23	188	0	OpenSubtitles	risk-accepted:no-grant	0.01	yes	single-source	OpenSubtitles
племянничек	23	188	0	OpenSubtitles	risk-accepted:no-grant	0.00	yes	single-source	OpenSubtitles
повесите	23	188	0	OpenSubtitles	risk-accepted:no-grant	0.00	yes	single-source	OpenSubtitles
засовывал	23	187	0	OpenSubtitles	risk-accepted:no-grant	0.00	yes	single-source	OpenSubtitles
дедулю	23	186	0	OpenSubtitles	risk-accepted:no-grant	0.03	yes	single-source	OpenSubtitles
подчищать	23	186	0	OpenSubtitles	risk-accepted:no-grant	0.00	yes	single-source	OpenSubtitles
сияй	23	186	0	OpenSubtitles	risk-accepted:no-grant	0.13	yes	single-source	OpenSubtitles
индеек	23	185	0	OpenSubtitles	risk-accepted:no-grant	0.04	yes	single-source	OpenSubtitles
благословляет	23	184	0	OpenSubtitles	risk-accepted:no-grant	0.00	yes	single-source	OpenSubtitles
знаеш	23	184	0	OpenSubtitles	risk-accepted:no-grant	0.02	yes	single-source	OpenSubtitles
спокойненько	23	184	0	OpenSubtitles	risk-accepted:no-grant	0.00	yes	single-source	OpenSubtitles
зарин	23	183	0	OpenSubtitles	risk-accepted:no-grant	0.09	yes	single-source	OpenSubtitles
пиявок	23	183	0	OpenSubtitles	risk-accepted:no-grant	0.01	yes	single-source	OpenSubtitles
проткнули	23	183	0	OpenSubtitles	risk-accepted:no-grant	0.00	yes	single-source	OpenSubtitles
крысеныш	23	182	0	OpenSubtitles	risk-accepted:no-grant	0.09	yes	single-source	OpenSubtitles
подставлю	23	182	0	OpenSubtitles	risk-accepted:no-grant	0.01	yes	single-source	OpenSubtitles
выпотрошить	23	181	0	OpenSubtitles	risk-accepted:no-grant	0.01	yes	single-source	OpenSubtitles
закружится	23	181	0	OpenSubtitles	risk-accepted:no-grant	0.01	yes	single-source	OpenSubtitles
сортира	23	181	0	OpenSubtitles	risk-accepted:no-grant	0.01	yes	single-source	OpenSubtitles
вытворяли	23	179	0	OpenSubtitles	risk-accepted:no-grant	0.00	yes	single-source	OpenSubtitles
гот	23	179	0	OpenSubtitles	risk-accepted:no-grant	0.36	yes	single-source	OpenSubtitles
хоббита	23	178	0	OpenSubtitles	risk-accepted:no-grant	0.29	yes	single-source	OpenSubtitles
центурион	23	178	0	OpenSubtitles	risk-accepted:no-grant	0.36	yes	single-source	OpenSubtitles
чтото	23	178	0	OpenSubtitles	risk-accepted:no-grant	0.00	yes	single-source	OpenSubtitles
лавой	23	176	0	OpenSubtitles	risk-accepted:no-grant	0.11	yes	single-source	OpenSubtitles
олуха	23	175	0	OpenSubtitles	risk-accepted:no-grant	0.42	yes	single-source	OpenSubtitles
оърэ	23	175	0	OpenSubtitles	risk-accepted:no-grant	0.21	yes	single-source	OpenSubtitles
вдул	23	174	0	OpenSubtitles	risk-accepted:no-grant	0.01	yes	single-source	OpenSubtitles
звездному	23	174	0	OpenSubtitles	risk-accepted:no-grant	0.75	yes	proper-noun-evidence	cap_ratio=0.75>=0.50
небытия	23	174	0	OpenSubtitles	risk-accepted:no-grant	0.04	yes	single-source	OpenSubtitles
трюфелями	23	173	0	OpenSubtitles	risk-accepted:no-grant	0.00	yes	single-source	OpenSubtitles
разошлю	23	172	0	OpenSubtitles	risk-accepted:no-grant	0.01	yes	single-source	OpenSubtitles
сыру	23	172	0	OpenSubtitles	risk-accepted:no-grant	0.04	yes	single-source	OpenSubtitles
благодарение	23	170	0	OpenSubtitles	risk-accepted:no-grant	0.36	yes	single-source	OpenSubtitles
стукачка	23	170	0	OpenSubtitles	risk-accepted:no-grant	0.01	yes	single-source	OpenSubtitles
убережет	23	170	0	OpenSubtitles	risk-accepted:no-grant	0.00	yes	single-source	OpenSubtitles
обналичил	23	169	0	OpenSubtitles	risk-accepted:no-grant	0.01	yes	single-source	OpenSubtitles
парю	23	169	0	OpenSubtitles	risk-accepted:no-grant	0.02	yes	single-source	OpenSubtitles
столкнетесь	23	169	0	OpenSubtitles	risk-accepted:no-grant	0.01	yes	single-source	OpenSubtitles
съедешь	23	169	0	OpenSubtitles	risk-accepted:no-grant	0.00	yes	single-source	OpenSubtitles
громит	23	168	0	OpenSubtitles	risk-accepted:no-grant	0.66	yes	proper-noun-evidence	cap_ratio=0.66>=0.50
копаюсь	23	168	0	OpenSubtitles	risk-accepted:no-grant	0.00	yes	single-source	OpenSubtitles
бранча	23	167	1	OpenSubtitles+Tatoeba	clean:CC-BY-2.0-FR	0.55	yes	proper-noun-evidence	cap_ratio=0.55>=0.50
сарделька	23	167	1	OpenSubtitles+Tatoeba	clean:CC-BY-2.0-FR	0.53	yes	proper-noun-evidence	cap_ratio=0.53>=0.50
стерта	23	167	0	OpenSubtitles	risk-accepted:no-grant	0.01	yes	single-source	OpenSubtitles
исчезнете	23	166	0	OpenSubtitles	risk-accepted:no-grant	0.01	yes	single-source	OpenSubtitles
кровожадные	23	166	0	OpenSubtitles	risk-accepted:no-grant	0.00	yes	single-source	OpenSubtitles
дьявольских	23	165	0	OpenSubtitles	risk-accepted:no-grant	0.14	yes	single-source	OpenSubtitles
мистрис	23	165	0	OpenSubtitles	risk-accepted:no-grant	0.30	yes	single-source	OpenSubtitles
опиоидов	23	165	0	OpenSubtitles	risk-accepted:no-grant	0.07	yes	single-source	OpenSubtitles
иет	23	164	0	OpenSubtitles	risk-accepted:no-grant	0.00	yes	single-source	OpenSubtitles
паришь	23	164	0	OpenSubtitles	risk-accepted:no-grant	0.00	yes	single-source	OpenSubtitles
гип	23	163	0	OpenSubtitles	risk-accepted:no-grant	0.64	yes	proper-noun-evidence	cap_ratio=0.64>=0.50
джорнал	23	163	0	OpenSubtitles	risk-accepted:no-grant	0.75	yes	proper-noun-evidence	cap_ratio=0.75>=0.50
испоганить	23	162	0	OpenSubtitles	risk-accepted:no-grant	0.00	yes	single-source	OpenSubtitles
коротышку	23	162	0	OpenSubtitles	risk-accepted:no-grant	0.16	yes	single-source	OpenSubtitles
посттравматического	23	161	0	OpenSubtitles	risk-accepted:no-grant	0.01	yes	single-source	OpenSubtitles
фуа	23	161	0	OpenSubtitles	risk-accepted:no-grant	0.56	yes	proper-noun-evidence	cap_ratio=0.56>=0.50
шлюшек	23	161	0	OpenSubtitles	risk-accepted:no-grant	0.01	yes	single-source	OpenSubtitles
заварным	23	160	0	OpenSubtitles	risk-accepted:no-grant	0.00	yes	single-source	OpenSubtitles
дпхлейь	23	159	0	OpenSubtitles	risk-accepted:no-grant	0.01	yes	single-source	OpenSubtitles
озарения	23	159	0	OpenSubtitles	risk-accepted:no-grant	0.10	yes	single-source	OpenSubtitles
отпадная	23	159	0	OpenSubtitles	risk-accepted:no-grant	0.02	yes	single-source	OpenSubtitles
подставная	23	158	0	OpenSubtitles	risk-accepted:no-grant	0.01	yes	single-source	OpenSubtitles
сканы	23	158	0	OpenSubtitles	risk-accepted:no-grant	0.02	yes	single-source	OpenSubtitles
неуверен	23	157	0	OpenSubtitles	risk-accepted:no-grant	0.00	yes	single-source	OpenSubtitles
бродвейский	23	156	0	OpenSubtitles	risk-accepted:no-grant	0.25	yes	single-source	OpenSubtitles
черезчур	23	156	0	OpenSubtitles	risk-accepted:no-grant	0.01	yes	single-source	OpenSubtitles
дерни	23	154	0	OpenSubtitles	risk-accepted:no-grant	0.06	yes	single-source	OpenSubtitles
шарах	23	153	0	OpenSubtitles	risk-accepted:no-grant	0.07	yes	single-source	OpenSubtitles
сучками	23	152	0	OpenSubtitles	risk-accepted:no-grant	0.01	yes	single-source	OpenSubtitles
щекотка	23	151	0	OpenSubtitles	risk-accepted:no-grant	0.42	yes	single-source	OpenSubtitles
протащили	23	150	0	OpenSubtitles	risk-accepted:no-grant	0.01	yes	single-source	OpenSubtitles
даре	23	149	0	OpenSubtitles	risk-accepted:no-grant	0.14	yes	single-source	OpenSubtitles
массировать	23	148	0	OpenSubtitles	risk-accepted:no-grant	0.00	yes	single-source	OpenSubtitles
драконьего	23	147	0	OpenSubtitles	risk-accepted:no-grant	0.52	yes	proper-noun-evidence	cap_ratio=0.52>=0.50
затуманить	23	146	0	OpenSubtitles	risk-accepted:no-grant	0.01	yes	single-source	OpenSubtitles
ики	23	145	0	OpenSubtitles	risk-accepted:no-grant	0.44	yes	single-source	OpenSubtitles
скостить	23	145	0	OpenSubtitles	risk-accepted:no-grant	0.00	yes	single-source	OpenSubtitles
стёрта	23	143	0	OpenSubtitles	risk-accepted:no-grant	0.14	yes	single-source	OpenSubtitles
первобытный	23	142	0	OpenSubtitles	risk-accepted:no-grant	0.05	yes	single-source	OpenSubtitles
фантомной	23	142	0	OpenSubtitles	risk-accepted:no-grant	0.71	yes	proper-noun-evidence	cap_ratio=0.71>=0.50
ликуют	23	141	0	OpenSubtitles	risk-accepted:no-grant	0.13	yes	single-source	OpenSubtitles
проговорилась	23	140	0	OpenSubtitles	risk-accepted:no-grant	0.00	yes	single-source	OpenSubtitles
намокла	23	139	0	OpenSubtitles	risk-accepted:no-grant	0.01	yes	single-source	OpenSubtitles
комочек	23	137	0	OpenSubtitles	risk-accepted:no-grant	0.05	yes	single-source	OpenSubtitles
пуншем	23	137	0	OpenSubtitles	risk-accepted:no-grant	0.00	yes	single-source	OpenSubtitles
пердит	23	135	0	OpenSubtitles	risk-accepted:no-grant	0.00	yes	single-source	OpenSubtitles
ненаглядная	23	134	0	OpenSubtitles	risk-accepted:no-grant	0.00	yes	single-source	OpenSubtitles
намажу	23	132	0	OpenSubtitles	risk-accepted:no-grant	0.00	yes	single-source	OpenSubtitles
перегрелась	23	129	0	OpenSubtitles	risk-accepted:no-grant	0.00	yes	single-source	OpenSubtitles
хранителями	23	125	0	OpenSubtitles	risk-accepted:no-grant	0.41	yes	single-source	OpenSubtitles
объедаться	23	124	0	OpenSubtitles	risk-accepted:no-grant	0.00	yes	single-source	OpenSubtitles
разгул	23	124	0	OpenSubtitles	risk-accepted:no-grant	0.02	yes	single-source	OpenSubtitles
поорать	23	123	0	OpenSubtitles	risk-accepted:no-grant	0.00	yes	single-source	OpenSubtitles
пум	23	123	0	OpenSubtitles	risk-accepted:no-grant	0.30	yes	single-source	OpenSubtitles
свеженький	23	120	0	OpenSubtitles	risk-accepted:no-grant	0.00	yes	single-source	OpenSubtitles
маргарит	23	117	0	OpenSubtitles	risk-accepted:no-grant	0.55	yes	proper-noun-evidence	cap_ratio=0.55>=0.50
пинков	23	114	0	OpenSubtitles	risk-accepted:no-grant	0.10	yes	single-source	OpenSubtitles
ледоруб	23	111	0	OpenSubtitles	risk-accepted:no-grant	0.17	yes	single-source	OpenSubtitles
лэей	23	110	0	OpenSubtitles	risk-accepted:no-grant	0.00	no	single-source	OpenSubtitles
буржуа	22	343	0	OpenSubtitles	risk-accepted:no-grant	0.09	yes	single-source	OpenSubtitles
помучить	22	332	0	OpenSubtitles	risk-accepted:no-grant	0.00	yes	single-source	OpenSubtitles
двинем	22	301	0	OpenSubtitles	risk-accepted:no-grant	0.00	yes	single-source	OpenSubtitles
соболя	22	292	2	OpenSubtitles+Tatoeba	clean:CC-BY-2.0-FR	0.78	yes	proper-noun-evidence	cap_ratio=0.78>=0.50
толстовке	22	287	0	OpenSubtitles	risk-accepted:no-grant	0.00	yes	single-source	OpenSubtitles
лечишь	22	269	0	OpenSubtitles	risk-accepted:no-grant	0.00	yes	single-source	OpenSubtitles
посмею	22	267	0	OpenSubtitles	risk-accepted:no-grant	0.00	yes	single-source	OpenSubtitles
ягуара	22	265	3	OpenSubtitles+Tatoeba	clean:CC-BY-2.0-FR	0.53	yes	proper-noun-evidence	cap_ratio=0.53>=0.50
мастики	22	262	0	OpenSubtitles	risk-accepted:no-grant	0.00	yes	single-source	OpenSubtitles
бхфьт	22	261	0	OpenSubtitles	risk-accepted:no-grant	0.01	yes	single-source	OpenSubtitles
мефь	22	260	0	OpenSubtitles	risk-accepted:no-grant	0.01	yes	single-source	OpenSubtitles
стажера	22	260	0	OpenSubtitles	risk-accepted:no-grant	0.01	yes	single-source	OpenSubtitles
фьуп	22	251	0	OpenSubtitles	risk-accepted:no-grant	0.00	yes	single-source	OpenSubtitles
пересечем	22	250	0	OpenSubtitles	risk-accepted:no-grant	0.00	yes	single-source	OpenSubtitles
четче	22	250	0	OpenSubtitles	risk-accepted:no-grant	0.00	yes	single-source	OpenSubtitles
отыметь	22	247	0	OpenSubtitles	risk-accepted:no-grant	0.01	yes	single-source	OpenSubtitles
сверхурочных	22	247	0	OpenSubtitles	risk-accepted:no-grant	0.01	yes	single-source	OpenSubtitles
десница	22	246	0	OpenSubtitles	risk-accepted:no-grant	0.46	yes	single-source	OpenSubtitles
дитё	22	246	0	OpenSubtitles	risk-accepted:no-grant	0.00	yes	single-source	OpenSubtitles
опньс	22	246	0	OpenSubtitles	risk-accepted:no-grant	0.80	yes	proper-noun-evidence	cap_ratio=0.80>=0.50
дерьмовых	22	243	0	OpenSubtitles	risk-accepted:no-grant	0.00	yes	single-source	OpenSubtitles
лютик	22	243	0	OpenSubtitles	risk-accepted:no-grant	0.65	yes	proper-noun-evidence	cap_ratio=0.65>=0.50
папиных	22	242	0	OpenSubtitles	risk-accepted:no-grant	0.01	yes	single-source	OpenSubtitles
саванне	22	242	3	OpenSubtitles+Tatoeba	clean:CC-BY-2.0-FR	0.53	yes	proper-noun-evidence	cap_ratio=0.53>=0.50
антихрист	22	240	1	OpenSubtitles+Tatoeba	clean:CC-BY-2.0-FR	0.50	yes	proper-noun-evidence	cap_ratio=0.50>=0.50
педика	22	240	0	OpenSubtitles	risk-accepted:no-grant	0.03	yes	single-source	OpenSubtitles
тетку	22	240	0	OpenSubtitles	risk-accepted:no-grant	0.01	yes	single-source	OpenSubtitles
читос	22	238	0	OpenSubtitles	risk-accepted:no-grant	0.80	yes	proper-noun-evidence	cap_ratio=0.80>=0.50
альбатрос	22	235	2	OpenSubtitles+Tatoeba	clean:CC-BY-2.0-FR	0.60	yes	proper-noun-evidence	cap_ratio=0.60>=0.50
пожестче	22	235	0	OpenSubtitles	risk-accepted:no-grant	0.00	yes	single-source	OpenSubtitles
пощечина	22	235	0	OpenSubtitles	risk-accepted:no-grant	0.01	yes	single-source	OpenSubtitles
приодеться	22	235	0	OpenSubtitles	risk-accepted:no-grant	0.00	yes	single-source	OpenSubtitles
долбаном	22	234	0	OpenSubtitles	risk-accepted:no-grant	0.00	yes	single-source	OpenSubtitles
повязаны	22	234	0	OpenSubtitles	risk-accepted:no-grant	0.00	yes	single-source	OpenSubtitles
рискнет	22	234	0	OpenSubtitles	risk-accepted:no-grant	0.00	yes	single-source	OpenSubtitles
тощую	22	234	0	OpenSubtitles	risk-accepted:no-grant	0.02	yes	single-source	OpenSubtitles
верена	22	232	0	OpenSubtitles	risk-accepted:no-grant	0.72	yes	proper-noun-evidence	cap_ratio=0.72>=0.50
врежется	22	230	0	OpenSubtitles	risk-accepted:no-grant	0.00	yes	single-source	OpenSubtitles
стражник	22	230	0	OpenSubtitles	risk-accepted:no-grant	0.04	yes	single-source	OpenSubtitles
минор	22	229	0	OpenSubtitles	risk-accepted:no-grant	0.13	yes	single-source	OpenSubtitles
внушила	22	228	0	OpenSubtitles	risk-accepted:no-grant	0.00	yes	single-source	OpenSubtitles
нахалка	22	228	0	OpenSubtitles	risk-accepted:no-grant	0.01	yes	single-source	OpenSubtitles
ничерта	22	228	0	OpenSubtitles	risk-accepted:no-grant	0.01	yes	single-source	OpenSubtitles
дядюшку	22	227	0	OpenSubtitles	risk-accepted:no-grant	0.04	yes	single-source	OpenSubtitles
проберусь	22	227	0	OpenSubtitles	risk-accepted:no-grant	0.00	yes	single-source	OpenSubtitles
балах	22	226	0	OpenSubtitles	risk-accepted:no-grant	0.00	yes	single-source	OpenSubtitles
ецы	22	225	0	OpenSubtitles	risk-accepted:no-grant	0.00	yes	single-source	OpenSubtitles
никудышная	22	225	0	OpenSubtitles	risk-accepted:no-grant	0.01	yes	single-source	OpenSubtitles
нераскрытым	22	224	0	OpenSubtitles	risk-accepted:no-grant	0.03	yes	single-source	OpenSubtitles
юрфаке	22	224	0	OpenSubtitles	risk-accepted:no-grant	0.01	yes	single-source	OpenSubtitles
расхлебывать	22	222	0	OpenSubtitles	risk-accepted:no-grant	0.00	yes	single-source	OpenSubtitles
зефирки	22	221	0	OpenSubtitles	risk-accepted:no-grant	0.02	yes	single-source	OpenSubtitles
подстраховки	22	220	0	OpenSubtitles	risk-accepted:no-grant	0.00	yes	single-source	OpenSubtitles
вознесение	22	219	1	OpenSubtitles+Tatoeba	clean:CC-BY-2.0-FR	0.50	yes	proper-noun-evidence	cap_ratio=0.50>=0.50
шаттлов	22	219	0	OpenSubtitles	risk-accepted:no-grant	0.02	yes	single-source	OpenSubtitles
запихну	22	218	0	OpenSubtitles	risk-accepted:no-grant	0.00	yes	single-source	OpenSubtitles
рванем	22	218	0	OpenSubtitles	risk-accepted:no-grant	0.01	yes	single-source	OpenSubtitles
умами	22	218	0	OpenSubtitles	risk-accepted:no-grant	0.03	yes	single-source	OpenSubtitles
никчемная	22	217	0	OpenSubtitles	risk-accepted:no-grant	0.00	yes	single-source	OpenSubtitles
трансплантат	22	216	0	OpenSubtitles	risk-accepted:no-grant	0.01	yes	single-source	OpenSubtitles
поторопить	22	215	0	OpenSubtitles	risk-accepted:no-grant	0.00	yes	single-source	OpenSubtitles
варпа	22	213	0	OpenSubtitles	risk-accepted:no-grant	0.05	yes	single-source	OpenSubtitles
злобное	22	213	0	OpenSubtitles	risk-accepted:no-grant	0.02	yes	single-source	OpenSubtitles
кровный	22	212	0	OpenSubtitles	risk-accepted:no-grant	0.09	yes	single-source	OpenSubtitles
стом	22	212	0	OpenSubtitles	risk-accepted:no-grant	0.05	yes	single-source	OpenSubtitles
документалка	22	211	0	OpenSubtitles	risk-accepted:no-grant	0.02	yes	single-source	OpenSubtitles
поездочка	22	210	0	OpenSubtitles	risk-accepted:no-grant	0.02	yes	single-source	OpenSubtitles
аъ	22	209	0	OpenSubtitles	risk-accepted:no-grant	0.00	yes	single-source	OpenSubtitles
дроида	22	209	0	OpenSubtitles	risk-accepted:no-grant	0.00	yes	single-source	OpenSubtitles
заверну	22	209	0	OpenSubtitles	risk-accepted:no-grant	0.00	yes	single-source	OpenSubtitles
шлепок	22	209	0	OpenSubtitles	risk-accepted:no-grant	0.13	yes	single-source	OpenSubtitles
внушили	22	208	0	OpenSubtitles	risk-accepted:no-grant	0.01	yes	single-source	OpenSubtitles
рьме	22	208	0	OpenSubtitles	risk-accepted:no-grant	0.00	yes	single-source	OpenSubtitles
тачдауна	22	208	0	OpenSubtitles	risk-accepted:no-grant	0.01	yes	single-source	OpenSubtitles
отомсти	22	207	0	OpenSubtitles	risk-accepted:no-grant	0.05	yes	single-source	OpenSubtitles
грудинку	22	206	0	OpenSubtitles	risk-accepted:no-grant	0.01	yes	single-source	OpenSubtitles
бате	22	205	0	OpenSubtitles	risk-accepted:no-grant	0.44	yes	single-source	OpenSubtitles
девченки	22	205	0	OpenSubtitles	risk-accepted:no-grant	0.01	yes	single-source	OpenSubtitles
жратвы	22	205	0	OpenSubtitles	risk-accepted:no-grant	0.00	yes	single-source	OpenSubtitles
трясусь	22	204	0	OpenSubtitles	risk-accepted:no-grant	0.01	yes	single-source	OpenSubtitles
навар	22	203	0	OpenSubtitles	risk-accepted:no-grant	0.05	yes	single-source	OpenSubtitles
подкатил	22	203	0	OpenSubtitles	risk-accepted:no-grant	0.00	yes	single-source	OpenSubtitles
фокусники	22	203	0	OpenSubtitles	risk-accepted:no-grant	0.01	yes	single-source	OpenSubtitles
стимуляторы	22	202	0	OpenSubtitles	risk-accepted:no-grant	0.00	yes	single-source	OpenSubtitles
лапуля	22	201	0	OpenSubtitles	risk-accepted:no-grant	0.04	yes	single-source	OpenSubtitles
отдаляться	22	201	0	OpenSubtitles	risk-accepted:no-grant	0.00	yes	single-source	OpenSubtitles
нано	22	200	0	OpenSubtitles	risk-accepted:no-grant	0.70	yes	proper-noun-evidence	cap_ratio=0.70>=0.50
перенервничала	22	200	0	OpenSubtitles	risk-accepted:no-grant	0.01	yes	single-source	OpenSubtitles
уберег	22	200	0	OpenSubtitles	risk-accepted:no-grant	0.00	yes	single-source	OpenSubtitles
попридержать	22	198	0	OpenSubtitles	risk-accepted:no-grant	0.00	yes	single-source	OpenSubtitles
выследят	22	197	0	OpenSubtitles	risk-accepted:no-grant	0.00	yes	single-source	OpenSubtitles
разделаюсь	22	197	0	OpenSubtitles	risk-accepted:no-grant	0.00	yes	single-source	OpenSubtitles
золотишко	22	195	0	OpenSubtitles	risk-accepted:no-grant	0.01	yes	single-source	OpenSubtitles
ротмистр	22	195	0	OpenSubtitles	risk-accepted:no-grant	0.02	yes	single-source	OpenSubtitles
застревают	22	194	0	OpenSubtitles	risk-accepted:no-grant	0.00	yes	single-source	OpenSubtitles
обязуюсь	22	194	0	OpenSubtitles	risk-accepted:no-grant	0.01	yes	single-source	OpenSubtitles
шофёра	22	194	0	OpenSubtitles	risk-accepted:no-grant	0.01	yes	single-source	OpenSubtitles
вершпе	22	193	0	OpenSubtitles	risk-accepted:no-grant	0.11	yes	single-source	OpenSubtitles
косичками	22	193	0	OpenSubtitles	risk-accepted:no-grant	0.01	yes	single-source	OpenSubtitles
синоби	22	193	0	OpenSubtitles	risk-accepted:no-grant	0.08	yes	single-source	OpenSubtitles
выбьешь	22	192	0	OpenSubtitles	risk-accepted:no-grant	0.00	yes	single-source	OpenSubtitles
магу	22	192	0	OpenSubtitles	risk-accepted:no-grant	0.67	yes	proper-noun-evidence	cap_ratio=0.67>=0.50
пармезаном	22	192	0	OpenSubtitles	risk-accepted:no-grant	0.01	yes	single-source	OpenSubtitles
фее	22	191	0	OpenSubtitles	risk-accepted:no-grant	0.25	yes	single-source	OpenSubtitles
избежим	22	190	0	OpenSubtitles	risk-accepted:no-grant	0.01	yes	single-source	OpenSubtitles
королям	22	190	0	OpenSubtitles	risk-accepted:no-grant	0.18	yes	single-source	OpenSubtitles
калеку	22	189	0	OpenSubtitles	risk-accepted:no-grant	0.04	yes	single-source	OpenSubtitles
крутость	22	189	0	OpenSubtitles	risk-accepted:no-grant	0.02	yes	single-source	OpenSubtitles
блондинчик	22	186	0	OpenSubtitles	risk-accepted:no-grant	0.24	yes	single-source	OpenSubtitles
деткой	22	186	0	OpenSubtitles	risk-accepted:no-grant	0.02	yes	single-source	OpenSubtitles
отгони	22	186	0	OpenSubtitles	risk-accepted:no-grant	0.03	yes	single-source	OpenSubtitles
уволишься	22	186	0	OpenSubtitles	risk-accepted:no-grant	0.00	yes	single-source	OpenSubtitles
блейзер	22	185	0	OpenSubtitles	risk-accepted:no-grant	0.21	yes	single-source	OpenSubtitles
дерьмового	22	185	0	OpenSubtitles	risk-accepted:no-grant	0.04	yes	single-source	OpenSubtitles
пожмем	22	185	0	OpenSubtitles	risk-accepted:no-grant	0.00	yes	single-source	OpenSubtitles
шкафчиков	22	185	0	OpenSubtitles	risk-accepted:no-grant	0.00	yes	single-source	OpenSubtitles
эпично	22	185	0	OpenSubtitles	risk-accepted:no-grant	0.01	yes	single-source	OpenSubtitles
жеребцы	22	184	0	OpenSubtitles	risk-accepted:no-grant	0.29	yes	single-source	OpenSubtitles
суми	22	183	0	OpenSubtitles	risk-accepted:no-grant	0.77	yes	proper-noun-evidence	cap_ratio=0.77>=0.50
утрясется	22	183	0	OpenSubtitles	risk-accepted:no-grant	0.00	yes	single-source	OpenSubtitles
учавствовать	22	183	0	OpenSubtitles	risk-accepted:no-grant	0.00	yes	single-source	OpenSubtitles
инфлюенсером	22	182	0	OpenSubtitles	risk-accepted:no-grant	0.06	yes	single-source	OpenSubtitles
лабрадор	22	182	0	OpenSubtitles	risk-accepted:no-grant	0.21	yes	single-source	OpenSubtitles
обмороки	22	182	0	OpenSubtitles	risk-accepted:no-grant	0.01	yes	single-source	OpenSubtitles
семерку	22	182	0	OpenSubtitles	risk-accepted:no-grant	0.28	yes	single-source	OpenSubtitles
долбанной	22	181	0	OpenSubtitles	risk-accepted:no-grant	0.00	yes	single-source	OpenSubtitles
долбаным	22	181	0	OpenSubtitles	risk-accepted:no-grant	0.00	yes	single-source	OpenSubtitles
инцеста	22	181	0	OpenSubtitles	risk-accepted:no-grant	0.01	yes	single-source	OpenSubtitles
приблизимся	22	181	0	OpenSubtitles	risk-accepted:no-grant	0.01	yes	single-source	OpenSubtitles
ще	22	181	0	OpenSubtitles	risk-accepted:no-grant	0.03	yes	single-source	OpenSubtitles
оракула	22	180	0	OpenSubtitles	risk-accepted:no-grant	0.54	yes	proper-noun-evidence	cap_ratio=0.54>=0.50
показухи	22	180	0	OpenSubtitles	risk-accepted:no-grant	0.00	yes	single-source	OpenSubtitles
примчалась	22	180	0	OpenSubtitles	risk-accepted:no-grant	0.00	yes	single-source	OpenSubtitles
гардеробную	22	179	0	OpenSubtitles	risk-accepted:no-grant	0.00	yes	single-source	OpenSubtitles
разорвется	22	179	0	OpenSubtitles	risk-accepted:no-grant	0.01	yes	single-source	OpenSubtitles
ругани	22	179	0	OpenSubtitles	risk-accepted:no-grant	0.00	yes	single-source	OpenSubtitles
тесак	22	179	0	OpenSubtitles	risk-accepted:no-grant	0.12	yes	single-source	OpenSubtitles
проучим	22	178	0	OpenSubtitles	risk-accepted:no-grant	0.00	yes	single-source	OpenSubtitles
пятнышка	22	178	0	OpenSubtitles	risk-accepted:no-grant	0.00	yes	single-source	OpenSubtitles
распутница	22	178	0	OpenSubtitles	risk-accepted:no-grant	0.06	yes	single-source	OpenSubtitles
тета	22	177	0	OpenSubtitles	risk-accepted:no-grant	0.79	yes	proper-noun-evidence	cap_ratio=0.79>=0.50
захлопнись	22	175	0	OpenSubtitles	risk-accepted:no-grant	0.01	yes	single-source	OpenSubtitles
бюь	22	174	0	OpenSubtitles	risk-accepted:no-grant	0.78	yes	proper-noun-evidence	cap_ratio=0.78>=0.50
приговаривается	22	174	0	OpenSubtitles	risk-accepted:no-grant	0.00	yes	single-source	OpenSubtitles
вписываешься	22	173	0	OpenSubtitles	risk-accepted:no-grant	0.00	yes	single-source	OpenSubtitles
прольет	22	173	0	OpenSubtitles	risk-accepted:no-grant	0.01	yes	single-source	OpenSubtitles
долбанных	22	172	0	OpenSubtitles	risk-accepted:no-grant	0.01	yes	single-source	OpenSubtitles
каннибализм	22	172	0	OpenSubtitles	risk-accepted:no-grant	0.01	yes	single-source	OpenSubtitles
торчков	22	172	0	OpenSubtitles	risk-accepted:no-grant	0.02	yes	single-source	OpenSubtitles
гоняясь	22	171	0	OpenSubtitles	risk-accepted:no-grant	0.01	yes	single-source	OpenSubtitles
деревенщиной	22	171	0	OpenSubtitles	risk-accepted:no-grant	0.01	yes	single-source	OpenSubtitles
электронке	22	171	0	OpenSubtitles	risk-accepted:no-grant	0.00	yes	single-source	OpenSubtitles
совала	22	170	0	OpenSubtitles	risk-accepted:no-grant	0.08	yes	single-source	OpenSubtitles
чертовки	22	170	0	OpenSubtitles	risk-accepted:no-grant	0.26	yes	single-source	OpenSubtitles
мутанта	22	169	0	OpenSubtitles	risk-accepted:no-grant	0.02	yes	single-source	OpenSubtitles
нулям	22	169	0	OpenSubtitles	risk-accepted:no-grant	0.02	yes	single-source	OpenSubtitles
предстану	22	168	0	OpenSubtitles	risk-accepted:no-grant	0.00	yes	single-source	OpenSubtitles
преподаете	22	168	0	OpenSubtitles	risk-accepted:no-grant	0.00	yes	single-source	OpenSubtitles
проголосуете	22	168	0	OpenSubtitles	risk-accepted:no-grant	0.01	yes	single-source	OpenSubtitles
таинственность	22	168	0	OpenSubtitles	risk-accepted:no-grant	0.02	yes	single-source	OpenSubtitles
еше	22	167	0	OpenSubtitles	risk-accepted:no-grant	0.03	yes	single-source	OpenSubtitles
маузер	22	167	1	OpenSubtitles+Tatoeba	clean:CC-BY-2.0-FR	0.70	yes	proper-noun-evidence	cap_ratio=0.70>=0.50
поимею	22	166	0	OpenSubtitles	risk-accepted:no-grant	0.00	yes	single-source	OpenSubtitles
вишь	22	165	0	OpenSubtitles	risk-accepted:no-grant	0.01	yes	single-source	OpenSubtitles
вгоняет	22	164	0	OpenSubtitles	risk-accepted:no-grant	0.00	yes	single-source	OpenSubtitles
клевой	22	164	0	OpenSubtitles	risk-accepted:no-grant	0.01	yes	single-source	OpenSubtitles
переступила	22	164	0	OpenSubtitles	risk-accepted:no-grant	0.00	yes	single-source	OpenSubtitles
толстовки	22	164	0	OpenSubtitles	risk-accepted:no-grant	0.00	yes	single-source	OpenSubtitles
трехочковый	22	164	0	OpenSubtitles	risk-accepted:no-grant	0.02	yes	single-source	OpenSubtitles
веревок	22	162	0	OpenSubtitles	risk-accepted:no-grant	0.01	yes	single-source	OpenSubtitles
ингибитор	22	162	0	OpenSubtitles	risk-accepted:no-grant	0.05	yes	single-source	OpenSubtitles
сыпью	22	162	0	OpenSubtitles	risk-accepted:no-grant	0.00	yes	single-source	OpenSubtitles
ужели	22	162	0	OpenSubtitles	risk-accepted:no-grant	0.00	yes	single-source	OpenSubtitles
глушат	22	161	0	OpenSubtitles	risk-accepted:no-grant	0.00	yes	single-source	OpenSubtitles
козявки	22	161	0	OpenSubtitles	risk-accepted:no-grant	0.01	yes	single-source	OpenSubtitles
нала	22	161	0	OpenSubtitles	risk-accepted:no-grant	0.49	yes	single-source	OpenSubtitles
шельма	22	161	0	OpenSubtitles	risk-accepted:no-grant	0.19	yes	single-source	OpenSubtitles
ищущие	22	160	0	OpenSubtitles	risk-accepted:no-grant	0.01	yes	single-source	OpenSubtitles
лекарка	22	160	0	OpenSubtitles	risk-accepted:no-grant	0.00	yes	single-source	OpenSubtitles
обезьяннике	22	160	0	OpenSubtitles	risk-accepted:no-grant	0.03	yes	single-source	OpenSubtitles
привозите	22	160	0	OpenSubtitles	risk-accepted:no-grant	0.00	yes	single-source	OpenSubtitles
яй	22	160	0	OpenSubtitles	risk-accepted:no-grant	0.11	yes	single-source	OpenSubtitles
вколола	22	159	0	OpenSubtitles	risk-accepted:no-grant	0.00	yes	single-source	OpenSubtitles
глянешь	22	159	0	OpenSubtitles	risk-accepted:no-grant	0.01	yes	single-source	OpenSubtitles
головореза	22	159	0	OpenSubtitles	risk-accepted:no-grant	0.07	yes	single-source	OpenSubtitles
излишеств	22	159	0	OpenSubtitles	risk-accepted:no-grant	0.01	yes	single-source	OpenSubtitles
хефе	22	158	0	OpenSubtitles	risk-accepted:no-grant	0.67	yes	proper-noun-evidence	cap_ratio=0.67>=0.50
домовладелица	22	157	0	OpenSubtitles	risk-accepted:no-grant	0.02	yes	single-source	OpenSubtitles
отпрыска	22	157	0	OpenSubtitles	risk-accepted:no-grant	0.00	yes	single-source	OpenSubtitles
шепчу	22	157	0	OpenSubtitles	risk-accepted:no-grant	0.02	yes	single-source	OpenSubtitles
диетический	22	156	0	OpenSubtitles	risk-accepted:no-grant	0.03	yes	single-source	OpenSubtitles
тамплиеры	22	156	0	OpenSubtitles	risk-accepted:no-grant	0.26	yes	single-source	OpenSubtitles
горгулий	22	154	0	OpenSubtitles	risk-accepted:no-grant	0.76	yes	proper-noun-evidence	cap_ratio=0.76>=0.50
йамеис	22	154	0	OpenSubtitles	risk-accepted:no-grant	0.00	yes	single-source	OpenSubtitles
чертенок	22	154	0	OpenSubtitles	risk-accepted:no-grant	0.04	yes	single-source	OpenSubtitles
днюху	22	152	0	OpenSubtitles	risk-accepted:no-grant	0.01	yes	single-source	OpenSubtitles
расплатимся	22	152	0	OpenSubtitles	risk-accepted:no-grant	0.01	yes	single-source	OpenSubtitles
киской	22	150	0	OpenSubtitles	risk-accepted:no-grant	0.09	yes	single-source	OpenSubtitles
колотых	22	150	0	OpenSubtitles	risk-accepted:no-grant	0.01	yes	single-source	OpenSubtitles
ланче	22	150	0	OpenSubtitles	risk-accepted:no-grant	0.01	yes	single-source	OpenSubtitles
пищать	22	150	0	OpenSubtitles	risk-accepted:no-grant	0.01	yes	single-source	OpenSubtitles
порезвиться	22	150	0	OpenSubtitles	risk-accepted:no-grant	0.01	yes	single-source	OpenSubtitles
отбросьте	22	149	0	OpenSubtitles	risk-accepted:no-grant	0.05	yes	single-source	OpenSubtitles
ночевку	22	148	0	OpenSubtitles	risk-accepted:no-grant	0.03	yes	single-source	OpenSubtitles
раскопала	22	148	0	OpenSubtitles	risk-accepted:no-grant	0.00	yes	single-source	OpenSubtitles
чтобьы	22	148	0	OpenSubtitles	risk-accepted:no-grant	0.00	yes	single-source	OpenSubtitles
этаким	22	148	0	OpenSubtitles	risk-accepted:no-grant	0.00	yes	single-source	OpenSubtitles
гейт	22	147	1	OpenSubtitles+Tatoeba	clean:CC-BY-2.0-FR	0.78	yes	proper-noun-evidence	cap_ratio=0.78>=0.50
копченый	22	147	0	OpenSubtitles	risk-accepted:no-grant	0.05	yes	single-source	OpenSubtitles
снобов	22	147	0	OpenSubtitles	risk-accepted:no-grant	0.00	yes	single-source	OpenSubtitles
залегли	22	146	0	OpenSubtitles	risk-accepted:no-grant	0.00	yes	single-source	OpenSubtitles
прихватите	22	145	0	OpenSubtitles	risk-accepted:no-grant	0.00	yes	single-source	OpenSubtitles
ушлёпок	22	145	0	OpenSubtitles	risk-accepted:no-grant	0.02	yes	single-source	OpenSubtitles
отблеск	22	143	0	OpenSubtitles	risk-accepted:no-grant	0.02	yes	single-source	OpenSubtitles
поющая	22	143	0	OpenSubtitles	risk-accepted:no-grant	0.09	yes	single-source	OpenSubtitles
куни	22	142	0	OpenSubtitles	risk-accepted:no-grant	0.42	yes	single-source	OpenSubtitles
сцапали	22	142	0	OpenSubtitles	risk-accepted:no-grant	0.00	yes	single-source	OpenSubtitles
улизнула	22	142	0	OpenSubtitles	risk-accepted:no-grant	0.00	yes	single-source	OpenSubtitles
берди	22	141	0	OpenSubtitles	risk-accepted:no-grant	0.75	yes	proper-noun-evidence	cap_ratio=0.75>=0.50
изотопы	22	141	0	OpenSubtitles	risk-accepted:no-grant	0.09	yes	single-source	OpenSubtitles
незаконнорожденный	22	140	0	OpenSubtitles	risk-accepted:no-grant	0.00	yes	single-source	OpenSubtitles
предугадывать	22	140	0	OpenSubtitles	risk-accepted:no-grant	0.00	yes	single-source	OpenSubtitles
рбсбкблю	22	140	0	OpenSubtitles	risk-accepted:no-grant	0.00	yes	single-source	OpenSubtitles
атропин	22	139	0	OpenSubtitles	risk-accepted:no-grant	0.02	yes	single-source	OpenSubtitles
близняшка	22	139	0	OpenSubtitles	risk-accepted:no-grant	0.06	yes	single-source	OpenSubtitles
рэнк	22	138	0	OpenSubtitles	risk-accepted:no-grant	0.09	yes	single-source	OpenSubtitles
симбионт	22	138	0	OpenSubtitles	risk-accepted:no-grant	0.03	yes	single-source	OpenSubtitles
мамма	22	136	0	OpenSubtitles	risk-accepted:no-grant	0.77	yes	proper-noun-evidence	cap_ratio=0.77>=0.50
напейся	22	136	0	OpenSubtitles	risk-accepted:no-grant	0.00	yes	single-source	OpenSubtitles
эрудит	22	136	11	OpenSubtitles+Tatoeba	clean:CC-BY-2.0-FR	0.60	yes	proper-noun-evidence	cap_ratio=0.60>=0.50
пилотку	22	135	0	OpenSubtitles	risk-accepted:no-grant	0.02	yes	single-source	OpenSubtitles
растление	22	135	0	OpenSubtitles	risk-accepted:no-grant	0.03	yes	single-source	OpenSubtitles
упокоиться	22	135	0	OpenSubtitles	risk-accepted:no-grant	0.01	yes	single-source	OpenSubtitles
можеть	22	134	0	OpenSubtitles	risk-accepted:no-grant	0.00	yes	single-source	OpenSubtitles
мото	22	134	0	OpenSubtitles	risk-accepted:no-grant	0.74	yes	proper-noun-evidence	cap_ratio=0.74>=0.50
удостоверимся	22	134	0	OpenSubtitles	risk-accepted:no-grant	0.00	yes	single-source	OpenSubtitles
выменял	22	133	0	OpenSubtitles	risk-accepted:no-grant	0.00	yes	single-source	OpenSubtitles
обхвати	22	133	0	OpenSubtitles	risk-accepted:no-grant	0.02	yes	single-source	OpenSubtitles
погадать	22	133	0	OpenSubtitles	risk-accepted:no-grant	0.01	yes	single-source	OpenSubtitles
впутала	22	132	0	OpenSubtitles	risk-accepted:no-grant	0.01	yes	single-source	OpenSubtitles
очевидность	22	132	4	OpenSubtitles+Tatoeba	clean:CC-BY-2.0-FR	0.53	yes	proper-noun-evidence	cap_ratio=0.53>=0.50
бодаться	22	131	0	OpenSubtitles	risk-accepted:no-grant	0.00	yes	single-source	OpenSubtitles
подымайся	22	131	0	OpenSubtitles	risk-accepted:no-grant	0.00	yes	single-source	OpenSubtitles
кубинцев	22	130	0	OpenSubtitles	risk-accepted:no-grant	0.03	yes	single-source	OpenSubtitles
бея	22	128	0	OpenSubtitles	risk-accepted:no-grant	0.67	yes	proper-noun-evidence	cap_ratio=0.67>=0.50
бюьх	22	128	0	OpenSubtitles	risk-accepted:no-grant	0.63	yes	proper-noun-evidence	cap_ratio=0.63>=0.50
гепарин	22	128	0	OpenSubtitles	risk-accepted:no-grant	0.04	yes	single-source	OpenSubtitles
лхп	22	128	0	OpenSubtitles	risk-accepted:no-grant	0.72	yes	proper-noun-evidence	cap_ratio=0.72>=0.50
метеоритного	22	127	0	OpenSubtitles	risk-accepted:no-grant	0.00	yes	single-source	OpenSubtitles
промышляет	22	126	0	OpenSubtitles	risk-accepted:no-grant	0.00	yes	single-source	OpenSubtitles
вытирают	22	125	0	OpenSubtitles	risk-accepted:no-grant	0.01	yes	single-source	OpenSubtitles
сыплются	22	125	0	OpenSubtitles	risk-accepted:no-grant	0.01	yes	single-source	OpenSubtitles
вулканский	22	124	0	OpenSubtitles	risk-accepted:no-grant	0.09	yes	single-source	OpenSubtitles
невообразимые	22	122	0	OpenSubtitles	risk-accepted:no-grant	0.00	yes	single-source	OpenSubtitles
лондонские	22	120	0	OpenSubtitles	risk-accepted:no-grant	0.20	yes	single-source	OpenSubtitles
кадриль	22	119	0	OpenSubtitles	risk-accepted:no-grant	0.00	yes	single-source	OpenSubtitles
кокосовым	22	117	0	OpenSubtitles	risk-accepted:no-grant	0.01	yes	single-source	OpenSubtitles
приемчики	22	117	0	OpenSubtitles	risk-accepted:no-grant	0.00	yes	single-source	OpenSubtitles
ожить	22	115	0	OpenSubtitles	risk-accepted:no-grant	0.02	yes	single-source	OpenSubtitles
дикому	22	114	0	OpenSubtitles	risk-accepted:no-grant	0.27	yes	single-source	OpenSubtitles
жезлом	22	114	0	OpenSubtitles	risk-accepted:no-grant	0.09	yes	single-source	OpenSubtitles
стиралку	22	114	0	OpenSubtitles	risk-accepted:no-grant	0.01	yes	single-source	OpenSubtitles
помадку	22	112	0	OpenSubtitles	risk-accepted:no-grant	0.00	yes	single-source	OpenSubtitles
чирлидерш	22	112	0	OpenSubtitles	risk-accepted:no-grant	0.05	yes	single-source	OpenSubtitles
варьете	21	290	0	OpenSubtitles	risk-accepted:no-grant	0.23	yes	single-source	OpenSubtitles
сатурация	21	290	0	OpenSubtitles	risk-accepted:no-grant	0.01	yes	single-source	OpenSubtitles
яне	21	289	0	OpenSubtitles	risk-accepted:no-grant	0.73	yes	proper-noun-evidence	cap_ratio=0.73>=0.50
нацелились	21	287	0	OpenSubtitles	risk-accepted:no-grant	0.00	yes	single-source	OpenSubtitles
сэкономлю	21	282	0	OpenSubtitles	risk-accepted:no-grant	0.00	yes	single-source	OpenSubtitles
сотрут	21	279	0	OpenSubtitles	risk-accepted:no-grant	0.00	yes	single-source	OpenSubtitles
реслинг	21	264	0	OpenSubtitles	risk-accepted:no-grant	0.02	yes	single-source	OpenSubtitles
извинишь	21	262	0	OpenSubtitles	risk-accepted:no-grant	0.00	yes	single-source	OpenSubtitles
проносится	21	261	0	OpenSubtitles	risk-accepted:no-grant	0.00	yes	single-source	OpenSubtitles
ряущ	21	255	0	OpenSubtitles	risk-accepted:no-grant	0.00	yes	single-source	OpenSubtitles
тампонов	21	248	0	OpenSubtitles	risk-accepted:no-grant	0.00	yes	single-source	OpenSubtitles
напортачили	21	246	0	OpenSubtitles	risk-accepted:no-grant	0.01	yes	single-source	OpenSubtitles
люксе	21	245	0	OpenSubtitles	risk-accepted:no-grant	0.18	yes	single-source	OpenSubtitles
олтер	21	244	0	OpenSubtitles	risk-accepted:no-grant	0.05	yes	single-source	OpenSubtitles
личиком	21	243	0	OpenSubtitles	risk-accepted:no-grant	0.00	yes	single-source	OpenSubtitles
хило	21	243	0	OpenSubtitles	risk-accepted:no-grant	0.41	yes	single-source	OpenSubtitles
вонзить	21	241	0	OpenSubtitles	risk-accepted:no-grant	0.00	yes	single-source	OpenSubtitles
моргать	21	241	0	OpenSubtitles	risk-accepted:no-grant	0.00	yes	single-source	OpenSubtitles
ранов	21	241	0	OpenSubtitles	risk-accepted:no-grant	0.09	yes	single-source	OpenSubtitles
девчачий	21	239	0	OpenSubtitles	risk-accepted:no-grant	0.01	yes	single-source	OpenSubtitles
сунули	21	237	0	OpenSubtitles	risk-accepted:no-grant	0.00	yes	single-source	OpenSubtitles
мхйрн	21	236	0	OpenSubtitles	risk-accepted:no-grant	0.77	yes	proper-noun-evidence	cap_ratio=0.77>=0.50
тетушку	21	235	0	OpenSubtitles	risk-accepted:no-grant	0.03	yes	single-source	OpenSubtitles
заезжала	21	232	0	OpenSubtitles	risk-accepted:no-grant	0.00	yes	single-source	OpenSubtitles
зажило	21	232	0	OpenSubtitles	risk-accepted:no-grant	0.00	yes	single-source	OpenSubtitles
станцуй	21	232	0	OpenSubtitles	risk-accepted:no-grant	0.04	yes	single-source	OpenSubtitles
зав	21	230	0	OpenSubtitles	risk-accepted:no-grant	0.11	yes	single-source	OpenSubtitles
отсосу	21	226	0	OpenSubtitles	risk-accepted:no-grant	0.00	yes	single-source	OpenSubtitles
мамки	21	223	0	OpenSubtitles	risk-accepted:no-grant	0.02	yes	single-source	OpenSubtitles
наплел	21	223	0	OpenSubtitles	risk-accepted:no-grant	0.00	yes	single-source	OpenSubtitles
балом	21	222	0	OpenSubtitles	risk-accepted:no-grant	0.02	yes	single-source	OpenSubtitles
милому	21	222	0	OpenSubtitles	risk-accepted:no-grant	0.00	yes	single-source	OpenSubtitles
почистим	21	221	0	OpenSubtitles	risk-accepted:no-grant	0.00	yes	single-source	OpenSubtitles
проберемся	21	221	0	OpenSubtitles	risk-accepted:no-grant	0.00	yes	single-source	OpenSubtitles
педрила	21	220	0	OpenSubtitles	risk-accepted:no-grant	0.02	yes	single-source	OpenSubtitles
утрясти	21	220	0	OpenSubtitles	risk-accepted:no-grant	0.00	yes	single-source	OpenSubtitles
сгорим	21	219	0	OpenSubtitles	risk-accepted:no-grant	0.00	yes	single-source	OpenSubtitles
бирки	21	218	0	OpenSubtitles	risk-accepted:no-grant	0.01	yes	single-source	OpenSubtitles
отзову	21	217	0	OpenSubtitles	risk-accepted:no-grant	0.00	yes	single-source	OpenSubtitles
поминок	21	216	0	OpenSubtitles	risk-accepted:no-grant	0.00	yes	single-source	OpenSubtitles
преступницу	21	216	0	OpenSubtitles	risk-accepted:no-grant	0.01	yes	single-source	OpenSubtitles
проявлю	21	216	0	OpenSubtitles	risk-accepted:no-grant	0.00	yes	single-source	OpenSubtitles
винтажный	21	215	0	OpenSubtitles	risk-accepted:no-grant	0.01	yes	single-source	OpenSubtitles
гомиков	21	215	0	OpenSubtitles	risk-accepted:no-grant	0.01	yes	single-source	OpenSubtitles
мсьё	21	215	0	OpenSubtitles	risk-accepted:no-grant	0.04	yes	single-source	OpenSubtitles
опустеет	21	215	0	OpenSubtitles	risk-accepted:no-grant	0.00	yes	single-source	OpenSubtitles
слабовато	21	214	0	OpenSubtitles	risk-accepted:no-grant	0.01	yes	single-source	OpenSubtitles
высасывают	21	213	0	OpenSubtitles	risk-accepted:no-grant	0.00	yes	single-source	OpenSubtitles
дуче	21	213	0	OpenSubtitles	risk-accepted:no-grant	0.74	yes	proper-noun-evidence	cap_ratio=0.74>=0.50
тыяа	21	212	0	OpenSubtitles	risk-accepted:no-grant	0.00	yes	single-source	OpenSubtitles
бухлом	21	211	0	OpenSubtitles	risk-accepted:no-grant	0.00	yes	single-source	OpenSubtitles
смотрины	21	211	0	OpenSubtitles	risk-accepted:no-grant	0.01	yes	single-source	OpenSubtitles
замани	21	210	0	OpenSubtitles	risk-accepted:no-grant	0.73	yes	proper-noun-evidence	cap_ratio=0.73>=0.50
обзванивать	21	210	0	OpenSubtitles	risk-accepted:no-grant	0.00	yes	single-source	OpenSubtitles
разложу	21	210	0	OpenSubtitles	risk-accepted:no-grant	0.00	yes	single-source	OpenSubtitles
здаров	21	209	0	OpenSubtitles	risk-accepted:no-grant	0.17	yes	single-source	OpenSubtitles
настоятельница	21	208	0	OpenSubtitles	risk-accepted:no-grant	0.23	yes	single-source	OpenSubtitles
поворачиваюсь	21	208	0	OpenSubtitles	risk-accepted:no-grant	0.00	yes	single-source	OpenSubtitles
пленницей	21	206	0	OpenSubtitles	risk-accepted:no-grant	0.00	yes	single-source	OpenSubtitles
подкатывать	21	206	0	OpenSubtitles	risk-accepted:no-grant	0.00	yes	single-source	OpenSubtitles
ый	21	206	0	OpenSubtitles	risk-accepted:no-grant	0.75	yes	proper-noun-evidence	cap_ratio=0.75>=0.50
зеки	21	205	0	OpenSubtitles	risk-accepted:no-grant	0.50	yes	proper-noun-evidence	cap_ratio=0.50>=0.50
писюн	21	205	0	OpenSubtitles	risk-accepted:no-grant	0.03	yes	single-source	OpenSubtitles
развратная	21	205	0	OpenSubtitles	risk-accepted:no-grant	0.00	yes	single-source	OpenSubtitles
крутейший	21	204	0	OpenSubtitles	risk-accepted:no-grant	0.01	yes	single-source	OpenSubtitles
дэп	21	203	0	OpenSubtitles	risk-accepted:no-grant	0.13	yes	single-source	OpenSubtitles
опущены	21	203	0	OpenSubtitles	risk-accepted:no-grant	0.01	yes	single-source	OpenSubtitles
эротично	21	203	0	OpenSubtitles	risk-accepted:no-grant	0.01	yes	single-source	OpenSubtitles
пепельницы	21	202	0	OpenSubtitles	risk-accepted:no-grant	0.02	yes	single-source	OpenSubtitles
подловила	21	202	0	OpenSubtitles	risk-accepted:no-grant	0.00	yes	single-source	OpenSubtitles
голубчики	21	201	0	OpenSubtitles	risk-accepted:no-grant	0.01	yes	single-source	OpenSubtitles
немогу	21	200	0	OpenSubtitles	risk-accepted:no-grant	0.01	yes	single-source	OpenSubtitles
запостить	21	199	0	OpenSubtitles	risk-accepted:no-grant	0.00	yes	single-source	OpenSubtitles
подхватит	21	198	0	OpenSubtitles	risk-accepted:no-grant	0.00	yes	single-source	OpenSubtitles
спальнях	21	198	0	OpenSubtitles	risk-accepted:no-grant	0.00	yes	single-source	OpenSubtitles
зек	21	197	0	OpenSubtitles	risk-accepted:no-grant	0.11	yes	single-source	OpenSubtitles
продинамил	21	197	0	OpenSubtitles	risk-accepted:no-grant	0.00	yes	single-source	OpenSubtitles
балбесы	21	196	0	OpenSubtitles	risk-accepted:no-grant	0.22	yes	single-source	OpenSubtitles
детокс	21	196	0	OpenSubtitles	risk-accepted:no-grant	0.54	yes	proper-noun-evidence	cap_ratio=0.54>=0.50
казу	21	196	3	OpenSubtitles+Tatoeba	clean:CC-BY-2.0-FR	0.52	yes	proper-noun-evidence	cap_ratio=0.52>=0.50
капуччино	21	196	0	OpenSubtitles	risk-accepted:no-grant	0.01	yes	single-source	OpenSubtitles
кишках	21	196	0	OpenSubtitles	risk-accepted:no-grant	0.00	yes	single-source	OpenSubtitles
нагрубила	21	196	0	OpenSubtitles	risk-accepted:no-grant	0.00	yes	single-source	OpenSubtitles
переломать	21	196	0	OpenSubtitles	risk-accepted:no-grant	0.01	yes	single-source	OpenSubtitles
поджарят	21	196	0	OpenSubtitles	risk-accepted:no-grant	0.00	yes	single-source	OpenSubtitles
юрисконсульт	21	196	0	OpenSubtitles	risk-accepted:no-grant	0.03	yes	single-source	OpenSubtitles
клевым	21	195	0	OpenSubtitles	risk-accepted:no-grant	0.02	yes	single-source	OpenSubtitles
рифф	21	195	0	OpenSubtitles	risk-accepted:no-grant	0.48	yes	single-source	OpenSubtitles
уродам	21	195	0	OpenSubtitles	risk-accepted:no-grant	0.00	yes	single-source	OpenSubtitles
могилку	21	194	0	OpenSubtitles	risk-accepted:no-grant	0.01	yes	single-source	OpenSubtitles
подрывника	21	194	0	OpenSubtitles	risk-accepted:no-grant	0.03	yes	single-source	OpenSubtitles
фокусников	21	193	0	OpenSubtitles	risk-accepted:no-grant	0.02	yes	single-source	OpenSubtitles
банальность	21	192	0	OpenSubtitles	risk-accepted:no-grant	0.05	yes	single-source	OpenSubtitles
вычистили	21	192	0	OpenSubtitles	risk-accepted:no-grant	0.00	yes	single-source	OpenSubtitles
добудешь	21	192	0	OpenSubtitles	risk-accepted:no-grant	0.00	yes	single-source	OpenSubtitles
отмазать	21	192	0	OpenSubtitles	risk-accepted:no-grant	0.00	yes	single-source	OpenSubtitles
очаровывать	21	192	0	OpenSubtitles	risk-accepted:no-grant	0.00	yes	single-source	OpenSubtitles
штрудель	21	192	0	OpenSubtitles	risk-accepted:no-grant	0.02	yes	single-source	OpenSubtitles
грузчик	21	191	0	OpenSubtitles	risk-accepted:no-grant	0.01	yes	single-source	OpenSubtitles
порнухи	21	191	0	OpenSubtitles	risk-accepted:no-grant	0.00	yes	single-source	OpenSubtitles
телике	21	191	0	OpenSubtitles	risk-accepted:no-grant	0.00	yes	single-source	OpenSubtitles
чародея	21	191	0	OpenSubtitles	risk-accepted:no-grant	0.32	yes	single-source	OpenSubtitles
яшм	21	191	0	OpenSubtitles	risk-accepted:no-grant	0.77	yes	proper-noun-evidence	cap_ratio=0.77>=0.50
марсианский	21	189	0	OpenSubtitles	risk-accepted:no-grant	0.24	yes	single-source	OpenSubtitles
непричастен	21	189	0	OpenSubtitles	risk-accepted:no-grant	0.00	yes	single-source	OpenSubtitles
почете	21	189	0	OpenSubtitles	risk-accepted:no-grant	0.00	yes	single-source	OpenSubtitles
горошка	21	188	0	OpenSubtitles	risk-accepted:no-grant	0.29	yes	single-source	OpenSubtitles
нирух	21	188	0	OpenSubtitles	risk-accepted:no-grant	0.00	yes	single-source	OpenSubtitles
пре	21	188	0	OpenSubtitles	risk-accepted:no-grant	0.43	yes	single-source	OpenSubtitles
заглянете	21	187	0	OpenSubtitles	risk-accepted:no-grant	0.01	yes	single-source	OpenSubtitles
чатни	21	187	0	OpenSubtitles	risk-accepted:no-grant	0.16	yes	single-source	OpenSubtitles
хватится	21	186	0	OpenSubtitles	risk-accepted:no-grant	0.00	yes	single-source	OpenSubtitles
залью	21	185	0	OpenSubtitles	risk-accepted:no-grant	0.01	yes	single-source	OpenSubtitles
львиное	21	185	3	OpenSubtitles+Tatoeba	clean:CC-BY-2.0-FR	0.59	yes	proper-noun-evidence	cap_ratio=0.59>=0.50
боулингу	21	184	0	OpenSubtitles	risk-accepted:no-grant	0.01	yes	single-source	OpenSubtitles
посыльным	21	184	0	OpenSubtitles	risk-accepted:no-grant	0.00	yes	single-source	OpenSubtitles
проебал	21	184	0	OpenSubtitles	risk-accepted:no-grant	0.01	yes	single-source	OpenSubtitles
надерём	21	183	0	OpenSubtitles	risk-accepted:no-grant	0.01	yes	single-source	OpenSubtitles
сорвёт	21	183	0	OpenSubtitles	risk-accepted:no-grant	0.00	yes	single-source	OpenSubtitles
трусишки	21	183	0	OpenSubtitles	risk-accepted:no-grant	0.04	yes	single-source	OpenSubtitles
сверхсветовой	21	182	0	OpenSubtitles	risk-accepted:no-grant	0.01	yes	single-source	OpenSubtitles
веселуха	21	181	0	OpenSubtitles	risk-accepted:no-grant	0.01	yes	single-source	OpenSubtitles
дражайший	21	181	0	OpenSubtitles	risk-accepted:no-grant	0.03	yes	single-source	OpenSubtitles
эрекцию	21	181	0	OpenSubtitles	risk-accepted:no-grant	0.00	yes	single-source	OpenSubtitles
гарниром	21	180	0	OpenSubtitles	risk-accepted:no-grant	0.00	yes	single-source	OpenSubtitles
засекреченные	21	180	0	OpenSubtitles	risk-accepted:no-grant	0.01	yes	single-source	OpenSubtitles
объявятся	21	180	0	OpenSubtitles	risk-accepted:no-grant	0.00	yes	single-source	OpenSubtitles
поноса	21	180	0	OpenSubtitles	risk-accepted:no-grant	0.00	yes	single-source	OpenSubtitles
вампирской	21	179	0	OpenSubtitles	risk-accepted:no-grant	0.01	yes	single-source	OpenSubtitles
долбить	21	179	0	OpenSubtitles	risk-accepted:no-grant	0.01	yes	single-source	OpenSubtitles
домовладельца	21	179	0	OpenSubtitles	risk-accepted:no-grant	0.01	yes	single-source	OpenSubtitles
еярб	21	179	0	OpenSubtitles	risk-accepted:no-grant	0.00	yes	single-source	OpenSubtitles
бале	21	178	0	OpenSubtitles	risk-accepted:no-grant	0.12	yes	single-source	OpenSubtitles
ужасающая	21	178	0	OpenSubtitles	risk-accepted:no-grant	0.02	yes	single-source	OpenSubtitles
голема	21	177	0	OpenSubtitles	risk-accepted:no-grant	0.42	yes	single-source	OpenSubtitles
нереальное	21	177	0	OpenSubtitles	risk-accepted:no-grant	0.02	yes	single-source	OpenSubtitles
прорвутся	21	177	0	OpenSubtitles	risk-accepted:no-grant	0.00	yes	single-source	OpenSubtitles
софтболу	21	177	0	OpenSubtitles	risk-accepted:no-grant	0.01	yes	single-source	OpenSubtitles
умником	21	177	0	OpenSubtitles	risk-accepted:no-grant	0.08	yes	single-source	OpenSubtitles
гаду	21	176	0	OpenSubtitles	risk-accepted:no-grant	0.03	yes	single-source	OpenSubtitles
застукает	21	175	0	OpenSubtitles	risk-accepted:no-grant	0.00	yes	single-source	OpenSubtitles
нереальный	21	175	0	OpenSubtitles	risk-accepted:no-grant	0.01	yes	single-source	OpenSubtitles
трениках	21	175	0	OpenSubtitles	risk-accepted:no-grant	0.01	yes	single-source	OpenSubtitles
микроскопические	21	174	0	OpenSubtitles	risk-accepted:no-grant	0.00	yes	single-source	OpenSubtitles
бэнг	21	173	0	OpenSubtitles	risk-accepted:no-grant	0.76	yes	proper-noun-evidence	cap_ratio=0.76>=0.50
лисе	21	173	1	OpenSubtitles+Tatoeba	clean:CC-BY-2.0-FR	0.56	yes	proper-noun-evidence	cap_ratio=0.56>=0.50
демоническая	21	172	0	OpenSubtitles	risk-accepted:no-grant	0.05	yes	single-source	OpenSubtitles
ошейнике	21	172	0	OpenSubtitles	risk-accepted:no-grant	0.01	yes	single-source	OpenSubtitles
амнезию	21	171	0	OpenSubtitles	risk-accepted:no-grant	0.02	yes	single-source	OpenSubtitles
отравы	21	171	0	OpenSubtitles	risk-accepted:no-grant	0.02	yes	single-source	OpenSubtitles
рыженькая	21	170	0	OpenSubtitles	risk-accepted:no-grant	0.07	yes	single-source	OpenSubtitles
рэппер	21	170	0	OpenSubtitles	risk-accepted:no-grant	0.14	yes	single-source	OpenSubtitles
слабака	21	170	0	OpenSubtitles	risk-accepted:no-grant	0.04	yes	single-source	OpenSubtitles
взламывал	21	169	0	OpenSubtitles	risk-accepted:no-grant	0.01	yes	single-source	OpenSubtitles
накачанный	21	169	0	OpenSubtitles	risk-accepted:no-grant	0.00	yes	single-source	OpenSubtitles
опустит	21	169	0	OpenSubtitles	risk-accepted:no-grant	0.00	yes	single-source	OpenSubtitles
теткой	21	169	0	OpenSubtitles	risk-accepted:no-grant	0.01	yes	single-source	OpenSubtitles
торчки	21	169	0	OpenSubtitles	risk-accepted:no-grant	0.05	yes	single-source	OpenSubtitles
уд	21	168	0	OpenSubtitles	risk-accepted:no-grant	0.70	yes	proper-noun-evidence	cap_ratio=0.70>=0.50
тусишь	21	166	0	OpenSubtitles	risk-accepted:no-grant	0.00	yes	single-source	OpenSubtitles
ёлб	21	166	0	OpenSubtitles	risk-accepted:no-grant	0.00	yes	single-source	OpenSubtitles
заклятого	21	165	0	OpenSubtitles	risk-accepted:no-grant	0.00	yes	single-source	OpenSubtitles
хуту	21	165	0	OpenSubtitles	risk-accepted:no-grant	0.16	yes	single-source	OpenSubtitles
заслужу	21	164	0	OpenSubtitles	risk-accepted:no-grant	0.01	yes	single-source	OpenSubtitles
стриптизершу	21	164	0	OpenSubtitles	risk-accepted:no-grant	0.01	yes	single-source	OpenSubtitles
компьютерщик	21	163	0	OpenSubtitles	risk-accepted:no-grant	0.07	yes	single-source	OpenSubtitles
сырная	21	163	0	OpenSubtitles	risk-accepted:no-grant	0.05	yes	single-source	OpenSubtitles
голяк	21	162	0	OpenSubtitles	risk-accepted:no-grant	0.05	yes	single-source	OpenSubtitles
загаром	21	162	0	OpenSubtitles	risk-accepted:no-grant	0.01	yes	single-source	OpenSubtitles
гламурно	21	161	0	OpenSubtitles	risk-accepted:no-grant	0.00	yes	single-source	OpenSubtitles
захлопнуть	21	161	0	OpenSubtitles	risk-accepted:no-grant	0.01	yes	single-source	OpenSubtitles
кубрик	21	161	0	OpenSubtitles	risk-accepted:no-grant	0.68	yes	proper-noun-evidence	cap_ratio=0.68>=0.50
моджо	21	160	0	OpenSubtitles	risk-accepted:no-grant	0.44	yes	single-source	OpenSubtitles
надувать	21	160	0	OpenSubtitles	risk-accepted:no-grant	0.00	yes	single-source	OpenSubtitles
срут	21	160	0	OpenSubtitles	risk-accepted:no-grant	0.01	yes	single-source	OpenSubtitles
команданте	21	159	0	OpenSubtitles	risk-accepted:no-grant	0.21	yes	single-source	OpenSubtitles
гребанная	21	158	0	OpenSubtitles	risk-accepted:no-grant	0.02	yes	single-source	OpenSubtitles
милостиво	21	158	0	OpenSubtitles	risk-accepted:no-grant	0.00	yes	single-source	OpenSubtitles
цело	21	158	0	OpenSubtitles	risk-accepted:no-grant	0.00	yes	single-source	OpenSubtitles
беззащитного	21	157	0	OpenSubtitles	risk-accepted:no-grant	0.00	yes	single-source	OpenSubtitles
болтовнёй	21	157	0	OpenSubtitles	risk-accepted:no-grant	0.00	yes	single-source	OpenSubtitles
крученый	21	157	0	OpenSubtitles	risk-accepted:no-grant	0.04	yes	single-source	OpenSubtitles
смрад	21	157	0	OpenSubtitles	risk-accepted:no-grant	0.01	yes	single-source	OpenSubtitles
крысёныш	21	156	0	OpenSubtitles	risk-accepted:no-grant	0.11	yes	single-source	OpenSubtitles
ступоре	21	156	0	OpenSubtitles	risk-accepted:no-grant	0.00	yes	single-source	OpenSubtitles
бол	21	155	0	OpenSubtitles	risk-accepted:no-grant	0.49	yes	single-source	OpenSubtitles
кьрпйпт	21	155	0	OpenSubtitles	risk-accepted:no-grant	0.00	yes	single-source	OpenSubtitles
заложницу	21	154	0	OpenSubtitles	risk-accepted:no-grant	0.04	yes	single-source	OpenSubtitles
заинтересуют	21	153	0	OpenSubtitles	risk-accepted:no-grant	0.00	yes	single-source	OpenSubtitles
заклятым	21	153	0	OpenSubtitles	risk-accepted:no-grant	0.00	yes	single-source	OpenSubtitles
магнетизм	21	153	0	OpenSubtitles	risk-accepted:no-grant	0.03	yes	single-source	OpenSubtitles
рыдают	21	153	0	OpenSubtitles	risk-accepted:no-grant	0.00	yes	single-source	OpenSubtitles
пролом	21	151	0	OpenSubtitles	risk-accepted:no-grant	0.07	yes	single-source	OpenSubtitles
макушки	21	148	0	OpenSubtitles	risk-accepted:no-grant	0.00	yes	single-source	OpenSubtitles
милосердно	21	148	0	OpenSubtitles	risk-accepted:no-grant	0.00	yes	single-source	OpenSubtitles
нюхают	21	148	0	OpenSubtitles	risk-accepted:no-grant	0.01	yes	single-source	OpenSubtitles
потрепало	21	147	0	OpenSubtitles	risk-accepted:no-grant	0.00	yes	single-source	OpenSubtitles
пришьют	21	147	0	OpenSubtitles	risk-accepted:no-grant	0.01	yes	single-source	OpenSubtitles
толкнуло	21	147	0	OpenSubtitles	risk-accepted:no-grant	0.00	yes	single-source	OpenSubtitles
господней	21	146	0	OpenSubtitles	risk-accepted:no-grant	0.70	yes	proper-noun-evidence	cap_ratio=0.70>=0.50
картофельная	21	146	0	OpenSubtitles	risk-accepted:no-grant	0.51	yes	proper-noun-evidence	cap_ratio=0.51>=0.50
лейте	21	146	0	OpenSubtitles	risk-accepted:no-grant	0.48	yes	single-source	OpenSubtitles
нальем	21	146	0	OpenSubtitles	risk-accepted:no-grant	0.00	yes	single-source	OpenSubtitles
ниточек	21	146	0	OpenSubtitles	risk-accepted:no-grant	0.00	yes	single-source	OpenSubtitles
шумим	21	146	0	OpenSubtitles	risk-accepted:no-grant	0.00	yes	single-source	OpenSubtitles
вира	21	145	1	OpenSubtitles+Tatoeba	clean:CC-BY-2.0-FR	0.77	yes	proper-noun-evidence	cap_ratio=0.77>=0.50
вытирала	21	145	0	OpenSubtitles	risk-accepted:no-grant	0.00	yes	single-source	OpenSubtitles
оживленно	21	145	0	OpenSubtitles	risk-accepted:no-grant	0.00	yes	single-source	OpenSubtitles
адиос	21	144	0	OpenSubtitles	risk-accepted:no-grant	0.12	yes	single-source	OpenSubtitles
будте	21	144	0	OpenSubtitles	risk-accepted:no-grant	0.00	yes	single-source	OpenSubtitles
пойла	21	144	0	OpenSubtitles	risk-accepted:no-grant	0.00	yes	single-source	OpenSubtitles
ускорим	21	144	0	OpenSubtitles	risk-accepted:no-grant	0.00	yes	single-source	OpenSubtitles
сперла	21	143	0	OpenSubtitles	risk-accepted:no-grant	0.00	yes	single-source	OpenSubtitles
доне	21	142	0	OpenSubtitles	risk-accepted:no-grant	0.80	yes	proper-noun-evidence	cap_ratio=0.80>=0.50
закладную	21	141	0	OpenSubtitles	risk-accepted:no-grant	0.00	yes	single-source	OpenSubtitles
посмертные	21	141	0	OpenSubtitles	risk-accepted:no-grant	0.02	yes	single-source	OpenSubtitles
сунулся	21	141	0	OpenSubtitles	risk-accepted:no-grant	0.00	yes	single-source	OpenSubtitles
брильянты	21	140	0	OpenSubtitles	risk-accepted:no-grant	0.02	yes	single-source	OpenSubtitles
задор	21	140	0	OpenSubtitles	risk-accepted:no-grant	0.02	yes	single-source	OpenSubtitles
ущуфь	21	140	0	OpenSubtitles	risk-accepted:no-grant	0.00	yes	single-source	OpenSubtitles
фром	21	140	0	OpenSubtitles	risk-accepted:no-grant	0.77	yes	proper-noun-evidence	cap_ratio=0.77>=0.50
возмутительное	21	139	0	OpenSubtitles	risk-accepted:no-grant	0.00	yes	single-source	OpenSubtitles
дожен	21	139	0	OpenSubtitles	risk-accepted:no-grant	0.00	yes	single-source	OpenSubtitles
ночевка	21	139	0	OpenSubtitles	risk-accepted:no-grant	0.03	yes	single-source	OpenSubtitles
тайленол	21	138	0	OpenSubtitles	risk-accepted:no-grant	0.50	yes	proper-noun-evidence	cap_ratio=0.50>=0.50
обольщения	21	137	0	OpenSubtitles	risk-accepted:no-grant	0.07	yes	single-source	OpenSubtitles
фаллос	21	137	0	OpenSubtitles	risk-accepted:no-grant	0.10	yes	single-source	OpenSubtitles
кабальеро	21	136	0	OpenSubtitles	risk-accepted:no-grant	0.25	yes	single-source	OpenSubtitles
матрона	21	136	0	OpenSubtitles	risk-accepted:no-grant	0.14	yes	single-source	OpenSubtitles
мессию	21	136	1	OpenSubtitles+Tatoeba	clean:CC-BY-2.0-FR	0.54	yes	proper-noun-evidence	cap_ratio=0.54>=0.50
сове	21	136	0	OpenSubtitles	risk-accepted:no-grant	0.26	yes	single-source	OpenSubtitles
братанов	21	134	0	OpenSubtitles	risk-accepted:no-grant	0.27	yes	single-source	OpenSubtitles
подсоединить	21	134	0	OpenSubtitles	risk-accepted:no-grant	0.00	yes	single-source	OpenSubtitles
сознайся	21	133	0	OpenSubtitles	risk-accepted:no-grant	0.00	yes	single-source	OpenSubtitles
сотрём	21	133	0	OpenSubtitles	risk-accepted:no-grant	0.00	yes	single-source	OpenSubtitles
рет	21	132	0	OpenSubtitles	risk-accepted:no-grant	0.23	yes	single-source	OpenSubtitles
фантомов	21	132	0	OpenSubtitles	risk-accepted:no-grant	0.38	yes	single-source	OpenSubtitles
шатаешься	21	132	0	OpenSubtitles	risk-accepted:no-grant	0.00	yes	single-source	OpenSubtitles
всесильный	21	131	0	OpenSubtitles	risk-accepted:no-grant	0.30	yes	single-source	OpenSubtitles
гувернантки	21	131	0	OpenSubtitles	risk-accepted:no-grant	0.02	yes	single-source	OpenSubtitles
продвинемся	21	129	0	OpenSubtitles	risk-accepted:no-grant	0.00	yes	single-source	OpenSubtitles
брыкаться	21	128	0	OpenSubtitles	risk-accepted:no-grant	0.00	yes	single-source	OpenSubtitles
затусим	21	128	0	OpenSubtitles	risk-accepted:no-grant	0.01	yes	single-source	OpenSubtitles
пинками	21	128	0	OpenSubtitles	risk-accepted:no-grant	0.01	yes	single-source	OpenSubtitles
тверк	21	128	0	OpenSubtitles	risk-accepted:no-grant	0.07	yes	single-source	OpenSubtitles
минутный	21	127	0	OpenSubtitles	risk-accepted:no-grant	0.04	yes	single-source	OpenSubtitles
скомпрометирована	21	127	0	OpenSubtitles	risk-accepted:no-grant	0.01	yes	single-source	OpenSubtitles
эгей	21	127	0	OpenSubtitles	risk-accepted:no-grant	0.71	yes	proper-noun-evidence	cap_ratio=0.71>=0.50
квартирант	21	125	0	OpenSubtitles	risk-accepted:no-grant	0.00	yes	single-source	OpenSubtitles
прийдётся	21	125	0	OpenSubtitles	risk-accepted:no-grant	0.00	yes	single-source	OpenSubtitles
смотаюсь	21	125	0	OpenSubtitles	risk-accepted:no-grant	0.00	yes	single-source	OpenSubtitles
алкаша	21	124	0	OpenSubtitles	risk-accepted:no-grant	0.00	yes	single-source	OpenSubtitles
мерзавцу	21	123	0	OpenSubtitles	risk-accepted:no-grant	0.00	yes	single-source	OpenSubtitles
порадуемся	21	122	0	OpenSubtitles	risk-accepted:no-grant	0.00	yes	single-source	OpenSubtitles
предвкушение	21	122	0	OpenSubtitles	risk-accepted:no-grant	0.04	yes	single-source	OpenSubtitles
диллер	21	121	0	OpenSubtitles	risk-accepted:no-grant	0.53	yes	proper-noun-evidence	cap_ratio=0.53>=0.50
лакрица	21	121	0	OpenSubtitles	risk-accepted:no-grant	0.09	yes	single-source	OpenSubtitles
люльку	21	121	0	OpenSubtitles	risk-accepted:no-grant	0.05	yes	single-source	OpenSubtitles
криминалистами	21	120	0	OpenSubtitles	risk-accepted:no-grant	0.02	yes	single-source	OpenSubtitles
акушерку	21	119	0	OpenSubtitles	risk-accepted:no-grant	0.02	yes	single-source	OpenSubtitles
поведем	21	119	0	OpenSubtitles	risk-accepted:no-grant	0.00	yes	single-source	OpenSubtitles
воззвать	21	118	0	OpenSubtitles	risk-accepted:no-grant	0.00	yes	single-source	OpenSubtitles
выместить	21	118	0	OpenSubtitles	risk-accepted:no-grant	0.00	yes	single-source	OpenSubtitles
лесок	21	117	0	OpenSubtitles	risk-accepted:no-grant	0.14	yes	single-source	OpenSubtitles
прогибаться	21	117	0	OpenSubtitles	risk-accepted:no-grant	0.00	yes	single-source	OpenSubtitles
заволновалась	21	116	0	OpenSubtitles	risk-accepted:no-grant	0.00	yes	single-source	OpenSubtitles
вламывался	21	114	0	OpenSubtitles	risk-accepted:no-grant	0.00	yes	single-source	OpenSubtitles
променяли	21	114	0	OpenSubtitles	risk-accepted:no-grant	0.00	yes	single-source	OpenSubtitles
безграничные	21	112	0	OpenSubtitles	risk-accepted:no-grant	0.00	yes	single-source	OpenSubtitles
помадкой	21	112	0	OpenSubtitles	risk-accepted:no-grant	0.02	yes	single-source	OpenSubtitles
монтажёр	21	111	0	OpenSubtitles	risk-accepted:no-grant	0.27	yes	single-source	OpenSubtitles
съебаться	21	109	0	OpenSubtitles	risk-accepted:no-grant	0.00	no	single-source	OpenSubtitles
благословление	21	106	0	OpenSubtitles	risk-accepted:no-grant	0.01	no	single-source	OpenSubtitles
заточена	21	105	0	OpenSubtitles	risk-accepted:no-grant	0.00	no	single-source	OpenSubtitles
помрешь	20	320	0	OpenSubtitles	risk-accepted:no-grant	0.01	yes	single-source	OpenSubtitles
триада	20	293	0	OpenSubtitles	risk-accepted:no-grant	0.57	yes	proper-noun-evidence	cap_ratio=0.57>=0.50
клыками	20	271	0	OpenSubtitles	risk-accepted:no-grant	0.02	yes	single-source	OpenSubtitles
презервативами	20	270	0	OpenSubtitles	risk-accepted:no-grant	0.01	yes	single-source	OpenSubtitles
лакея	20	259	0	OpenSubtitles	risk-accepted:no-grant	0.01	yes	single-source	OpenSubtitles
смэш	20	259	3	OpenSubtitles+Tatoeba	clean:CC-BY-2.0-FR	0.77	yes	proper-noun-evidence	cap_ratio=0.77>=0.50
прибьет	20	257	0	OpenSubtitles	risk-accepted:no-grant	0.00	yes	single-source	OpenSubtitles
воображать	20	256	0	OpenSubtitles	risk-accepted:no-grant	0.00	yes	single-source	OpenSubtitles
геям	20	256	0	OpenSubtitles	risk-accepted:no-grant	0.02	yes	single-source	OpenSubtitles
кьней	20	253	0	OpenSubtitles	risk-accepted:no-grant	0.00	yes	single-source	OpenSubtitles
братишку	20	251	0	OpenSubtitles	risk-accepted:no-grant	0.00	yes	single-source	OpenSubtitles
подлецы	20	240	0	OpenSubtitles	risk-accepted:no-grant	0.01	yes	single-source	OpenSubtitles
сям	20	239	0	OpenSubtitles	risk-accepted:no-grant	0.00	yes	single-source	OpenSubtitles
поганой	20	237	0	OpenSubtitles	risk-accepted:no-grant	0.01	yes	single-source	OpenSubtitles
рьнфб	20	237	0	OpenSubtitles	risk-accepted:no-grant	0.00	yes	single-source	OpenSubtitles
сушилке	20	235	0	OpenSubtitles	risk-accepted:no-grant	0.00	yes	single-source	OpenSubtitles
канноли	20	234	0	OpenSubtitles	risk-accepted:no-grant	0.10	yes	single-source	OpenSubtitles
потусуемся	20	234	0	OpenSubtitles	risk-accepted:no-grant	0.01	yes	single-source	OpenSubtitles
букетик	20	232	0	OpenSubtitles	risk-accepted:no-grant	0.01	yes	single-source	OpenSubtitles
обосраться	20	231	0	OpenSubtitles	risk-accepted:no-grant	0.01	yes	single-source	OpenSubtitles
хамон	20	231	3	OpenSubtitles+Tatoeba	clean:CC-BY-2.0-FR	0.69	yes	proper-noun-evidence	cap_ratio=0.69>=0.50
рокер	20	229	0	OpenSubtitles	risk-accepted:no-grant	0.37	yes	single-source	OpenSubtitles
камердинер	20	228	0	OpenSubtitles	risk-accepted:no-grant	0.01	yes	single-source	OpenSubtitles
стажером	20	227	0	OpenSubtitles	risk-accepted:no-grant	0.01	yes	single-source	OpenSubtitles
мамке	20	226	0	OpenSubtitles	risk-accepted:no-grant	0.02	yes	single-source	OpenSubtitles
потащу	20	225	0	OpenSubtitles	risk-accepted:no-grant	0.00	yes	single-source	OpenSubtitles
залететь	20	223	0	OpenSubtitles	risk-accepted:no-grant	0.00	yes	single-source	OpenSubtitles
напиваешься	20	223	0	OpenSubtitles	risk-accepted:no-grant	0.00	yes	single-source	OpenSubtitles
отшили	20	222	0	OpenSubtitles	risk-accepted:no-grant	0.01	yes	single-source	OpenSubtitles
придуркам	20	222	0	OpenSubtitles	risk-accepted:no-grant	0.00	yes	single-source	OpenSubtitles
наладим	20	221	0	OpenSubtitles	risk-accepted:no-grant	0.00	yes	single-source	OpenSubtitles
опергруппы	20	220	0	OpenSubtitles	risk-accepted:no-grant	0.00	yes	single-source	OpenSubtitles
утопление	20	220	0	OpenSubtitles	risk-accepted:no-grant	0.01	yes	single-source	OpenSubtitles
шикарен	20	220	0	OpenSubtitles	risk-accepted:no-grant	0.00	yes	single-source	OpenSubtitles
папашка	20	219	0	OpenSubtitles	risk-accepted:no-grant	0.01	yes	single-source	OpenSubtitles
кексами	20	218	0	OpenSubtitles	risk-accepted:no-grant	0.00	yes	single-source	OpenSubtitles
лизнуть	20	215	0	OpenSubtitles	risk-accepted:no-grant	0.00	yes	single-source	OpenSubtitles
появимся	20	215	0	OpenSubtitles	risk-accepted:no-grant	0.00	yes	single-source	OpenSubtitles
лошадиный	20	213	0	OpenSubtitles	risk-accepted:no-grant	0.09	yes	single-source	OpenSubtitles
инкассаторов	20	211	0	OpenSubtitles	risk-accepted:no-grant	0.04	yes	single-source	OpenSubtitles
трахею	20	211	0	OpenSubtitles	risk-accepted:no-grant	0.00	yes	single-source	OpenSubtitles
яви	20	211	0	OpenSubtitles	risk-accepted:no-grant	0.06	yes	single-source	OpenSubtitles
мотылек	20	210	0	OpenSubtitles	risk-accepted:no-grant	0.25	yes	single-source	OpenSubtitles
отрекаюсь	20	210	0	OpenSubtitles	risk-accepted:no-grant	0.02	yes	single-source	OpenSubtitles
настойку	20	209	0	OpenSubtitles	risk-accepted:no-grant	0.00	yes	single-source	OpenSubtitles
метишь	20	208	0	OpenSubtitles	risk-accepted:no-grant	0.01	yes	single-source	OpenSubtitles
забрел	20	207	0	OpenSubtitles	risk-accepted:no-grant	0.01	yes	single-source	OpenSubtitles
пальчиками	20	206	0	OpenSubtitles	risk-accepted:no-grant	0.01	yes	single-source	OpenSubtitles
наркодилеры	20	205	0	OpenSubtitles	risk-accepted:no-grant	0.00	yes	single-source	OpenSubtitles
припоминаете	20	205	0	OpenSubtitles	risk-accepted:no-grant	0.01	yes	single-source	OpenSubtitles
сгорю	20	205	0	OpenSubtitles	risk-accepted:no-grant	0.01	yes	single-source	OpenSubtitles
лиф	20	203	0	OpenSubtitles	risk-accepted:no-grant	0.65	yes	proper-noun-evidence	cap_ratio=0.65>=0.50
лягп	20	202	0	OpenSubtitles	risk-accepted:no-grant	0.00	yes	single-source	OpenSubtitles
раджи	20	202	1	OpenSubtitles+Tatoeba	clean:CC-BY-2.0-FR	0.78	yes	proper-noun-evidence	cap_ratio=0.78>=0.50
деактивировать	20	201	0	OpenSubtitles	risk-accepted:no-grant	0.00	yes	single-source	OpenSubtitles
делишь	20	201	0	OpenSubtitles	risk-accepted:no-grant	0.00	yes	single-source	OpenSubtitles
монашек	20	201	0	OpenSubtitles	risk-accepted:no-grant	0.00	yes	single-source	OpenSubtitles
чудить	20	201	0	OpenSubtitles	risk-accepted:no-grant	0.00	yes	single-source	OpenSubtitles
шляпке	20	200	0	OpenSubtitles	risk-accepted:no-grant	0.00	yes	single-source	OpenSubtitles
деретесь	20	199	0	OpenSubtitles	risk-accepted:no-grant	0.01	yes	single-source	OpenSubtitles
перебороть	20	199	0	OpenSubtitles	risk-accepted:no-grant	0.00	yes	single-source	OpenSubtitles
капеллан	20	198	0	OpenSubtitles	risk-accepted:no-grant	0.01	yes	single-source	OpenSubtitles
тужьтесь	20	198	0	OpenSubtitles	risk-accepted:no-grant	0.02	yes	single-source	OpenSubtitles
баптист	20	197	3	OpenSubtitles+Tatoeba	clean:CC-BY-2.0-FR	0.72	yes	proper-noun-evidence	cap_ratio=0.72>=0.50
лофте	20	197	0	OpenSubtitles	risk-accepted:no-grant	0.01	yes	single-source	OpenSubtitles
крутости	20	195	0	OpenSubtitles	risk-accepted:no-grant	0.02	yes	single-source	OpenSubtitles
откачать	20	195	0	OpenSubtitles	risk-accepted:no-grant	0.00	yes	single-source	OpenSubtitles
спецотдел	20	194	0	OpenSubtitles	risk-accepted:no-grant	0.10	yes	single-source	OpenSubtitles
увози	20	194	0	OpenSubtitles	risk-accepted:no-grant	0.01	yes	single-source	OpenSubtitles
подержим	20	193	0	OpenSubtitles	risk-accepted:no-grant	0.00	yes	single-source	OpenSubtitles
дзынь	20	192	0	OpenSubtitles	risk-accepted:no-grant	0.21	yes	single-source	OpenSubtitles
кофеином	20	192	0	OpenSubtitles	risk-accepted:no-grant	0.01	yes	single-source	OpenSubtitles
подохнуть	20	192	0	OpenSubtitles	risk-accepted:no-grant	0.01	yes	single-source	OpenSubtitles
тащим	20	192	0	OpenSubtitles	risk-accepted:no-grant	0.00	yes	single-source	OpenSubtitles
братана	20	191	0	OpenSubtitles	risk-accepted:no-grant	0.14	yes	single-source	OpenSubtitles
гортань	20	190	0	OpenSubtitles	risk-accepted:no-grant	0.00	yes	single-source	OpenSubtitles
дернуть	20	190	0	OpenSubtitles	risk-accepted:no-grant	0.01	yes	single-source	OpenSubtitles
дразнила	20	189	0	OpenSubtitles	risk-accepted:no-grant	0.01	yes	single-source	OpenSubtitles
кукурузного	20	189	0	OpenSubtitles	risk-accepted:no-grant	0.02	yes	single-source	OpenSubtitles
наезжает	20	189	0	OpenSubtitles	risk-accepted:no-grant	0.00	yes	single-source	OpenSubtitles
отмыться	20	189	0	OpenSubtitles	risk-accepted:no-grant	0.01	yes	single-source	OpenSubtitles
просунуть	20	189	0	OpenSubtitles	risk-accepted:no-grant	0.00	yes	single-source	OpenSubtitles
безопастности	20	188	0	OpenSubtitles	risk-accepted:no-grant	0.03	yes	single-source	OpenSubtitles
вымогать	20	188	0	OpenSubtitles	risk-accepted:no-grant	0.00	yes	single-source	OpenSubtitles
оргазмов	20	188	0	OpenSubtitles	risk-accepted:no-grant	0.01	yes	single-source	OpenSubtitles
утречко	20	188	0	OpenSubtitles	risk-accepted:no-grant	0.03	yes	single-source	OpenSubtitles
дру	20	186	0	OpenSubtitles	risk-accepted:no-grant	0.55	yes	proper-noun-evidence	cap_ratio=0.55>=0.50
менталист	20	186	0	OpenSubtitles	risk-accepted:no-grant	0.72	yes	proper-noun-evidence	cap_ratio=0.72>=0.50
заладила	20	184	0	OpenSubtitles	risk-accepted:no-grant	0.00	yes	single-source	OpenSubtitles
проснемся	20	184	0	OpenSubtitles	risk-accepted:no-grant	0.00	yes	single-source	OpenSubtitles
сестренке	20	184	0	OpenSubtitles	risk-accepted:no-grant	0.01	yes	single-source	OpenSubtitles
сосками	20	184	0	OpenSubtitles	risk-accepted:no-grant	0.02	yes	single-source	OpenSubtitles
подбрасывать	20	183	0	OpenSubtitles	risk-accepted:no-grant	0.00	yes	single-source	OpenSubtitles
покушались	20	183	0	OpenSubtitles	risk-accepted:no-grant	0.00	yes	single-source	OpenSubtitles
ссышь	20	183	0	OpenSubtitles	risk-accepted:no-grant	0.01	yes	single-source	OpenSubtitles
бицепс	20	182	0	OpenSubtitles	risk-accepted:no-grant	0.05	yes	single-source	OpenSubtitles
контра	20	180	0	OpenSubtitles	risk-accepted:no-grant	0.23	yes	single-source	OpenSubtitles
очнешься	20	180	0	OpenSubtitles	risk-accepted:no-grant	0.01	yes	single-source	OpenSubtitles
повелительница	20	180	0	OpenSubtitles	risk-accepted:no-grant	0.16	yes	single-source	OpenSubtitles
вырубим	20	179	0	OpenSubtitles	risk-accepted:no-grant	0.01	yes	single-source	OpenSubtitles
прибьёт	20	179	0	OpenSubtitles	risk-accepted:no-grant	0.00	yes	single-source	OpenSubtitles
шутя	20	179	0	OpenSubtitles	risk-accepted:no-grant	0.01	yes	single-source	OpenSubtitles
внутричерепное	20	178	0	OpenSubtitles	risk-accepted:no-grant	0.00	yes	single-source	OpenSubtitles
разорит	20	178	0	OpenSubtitles	risk-accepted:no-grant	0.00	yes	single-source	OpenSubtitles
сузили	20	178	0	OpenSubtitles	risk-accepted:no-grant	0.00	yes	single-source	OpenSubtitles
тузик	20	178	26	OpenSubtitles+Tatoeba	clean:CC-BY-2.0-FR	0.62	yes	proper-noun-evidence	cap_ratio=0.62>=0.50
эмиссар	20	178	0	OpenSubtitles	risk-accepted:no-grant	0.44	yes	single-source	OpenSubtitles
ангельские	20	177	0	OpenSubtitles	risk-accepted:no-grant	0.15	yes	single-source	OpenSubtitles
бородкой	20	177	0	OpenSubtitles	risk-accepted:no-grant	0.01	yes	single-source	OpenSubtitles
навлек	20	177	0	OpenSubtitles	risk-accepted:no-grant	0.00	yes	single-source	OpenSubtitles
потеху	20	177	0	OpenSubtitles	risk-accepted:no-grant	0.00	yes	single-source	OpenSubtitles
смертями	20	177	0	OpenSubtitles	risk-accepted:no-grant	0.02	yes	single-source	OpenSubtitles
гардеробная	20	176	0	OpenSubtitles	risk-accepted:no-grant	0.04	yes	single-source	OpenSubtitles
заманивать	20	176	0	OpenSubtitles	risk-accepted:no-grant	0.00	yes	single-source	OpenSubtitles
лошадиное	20	176	0	OpenSubtitles	risk-accepted:no-grant	0.01	yes	single-source	OpenSubtitles
переволновалась	20	176	0	OpenSubtitles	risk-accepted:no-grant	0.01	yes	single-source	OpenSubtitles
денежек	20	175	0	OpenSubtitles	risk-accepted:no-grant	0.01	yes	single-source	OpenSubtitles
закрепим	20	175	0	OpenSubtitles	risk-accepted:no-grant	0.01	yes	single-source	OpenSubtitles
заполучим	20	175	0	OpenSubtitles	risk-accepted:no-grant	0.00	yes	single-source	OpenSubtitles
ама	20	174	0	OpenSubtitles	risk-accepted:no-grant	0.74	yes	proper-noun-evidence	cap_ratio=0.74>=0.50
мерцание	20	174	0	OpenSubtitles	risk-accepted:no-grant	0.11	yes	single-source	OpenSubtitles
перевернём	20	174	0	OpenSubtitles	risk-accepted:no-grant	0.00	yes	single-source	OpenSubtitles
поджарит	20	174	0	OpenSubtitles	risk-accepted:no-grant	0.00	yes	single-source	OpenSubtitles
подкат	20	174	0	OpenSubtitles	risk-accepted:no-grant	0.01	yes	single-source	OpenSubtitles
душитель	20	173	0	OpenSubtitles	risk-accepted:no-grant	0.36	yes	single-source	OpenSubtitles
наживаться	20	173	0	OpenSubtitles	risk-accepted:no-grant	0.01	yes	single-source	OpenSubtitles
шлепанцы	20	173	0	OpenSubtitles	risk-accepted:no-grant	0.01	yes	single-source	OpenSubtitles
воображаемых	20	172	0	OpenSubtitles	risk-accepted:no-grant	0.01	yes	single-source	OpenSubtitles
кайфу	20	172	0	OpenSubtitles	risk-accepted:no-grant	0.01	yes	single-source	OpenSubtitles
повернет	20	172	0	OpenSubtitles	risk-accepted:no-grant	0.00	yes	single-source	OpenSubtitles
ялнрпх	20	172	0	OpenSubtitles	risk-accepted:no-grant	0.70	yes	proper-noun-evidence	cap_ratio=0.70>=0.50
отстойной	20	171	0	OpenSubtitles	risk-accepted:no-grant	0.00	yes	single-source	OpenSubtitles
зятек	20	170	0	OpenSubtitles	risk-accepted:no-grant	0.01	yes	single-source	OpenSubtitles
лодочник	20	170	0	OpenSubtitles	risk-accepted:no-grant	0.10	yes	single-source	OpenSubtitles
людского	20	170	0	OpenSubtitles	risk-accepted:no-grant	0.02	yes	single-source	OpenSubtitles
орешка	20	170	0	OpenSubtitles	risk-accepted:no-grant	0.26	yes	single-source	OpenSubtitles
скрижали	20	170	0	OpenSubtitles	risk-accepted:no-grant	0.08	yes	single-source	OpenSubtitles
брей	20	169	2	OpenSubtitles+Tatoeba	clean:CC-BY-2.0-FR	0.74	yes	proper-noun-evidence	cap_ratio=0.74>=0.50
выплюнуть	20	169	0	OpenSubtitles	risk-accepted:no-grant	0.01	yes	single-source	OpenSubtitles
дамочке	20	169	0	OpenSubtitles	risk-accepted:no-grant	0.01	yes	single-source	OpenSubtitles
влезаешь	20	168	0	OpenSubtitles	risk-accepted:no-grant	0.00	yes	single-source	OpenSubtitles
добудет	20	168	0	OpenSubtitles	risk-accepted:no-grant	0.00	yes	single-source	OpenSubtitles
изобретательно	20	168	0	OpenSubtitles	risk-accepted:no-grant	0.00	yes	single-source	OpenSubtitles
мудилы	20	168	0	OpenSubtitles	risk-accepted:no-grant	0.03	yes	single-source	OpenSubtitles
наведем	20	168	0	OpenSubtitles	risk-accepted:no-grant	0.00	yes	single-source	OpenSubtitles
отомстишь	20	168	0	OpenSubtitles	risk-accepted:no-grant	0.01	yes	single-source	OpenSubtitles
поплывет	20	168	0	OpenSubtitles	risk-accepted:no-grant	0.00	yes	single-source	OpenSubtitles
силиконовой	20	168	1	OpenSubtitles+Tatoeba	clean:CC-BY-2.0-FR	0.78	yes	proper-noun-evidence	cap_ratio=0.78>=0.50
обивку	20	167	0	OpenSubtitles	risk-accepted:no-grant	0.00	yes	single-source	OpenSubtitles
стояком	20	167	0	OpenSubtitles	risk-accepted:no-grant	0.04	yes	single-source	OpenSubtitles
увольняйся	20	167	0	OpenSubtitles	risk-accepted:no-grant	0.02	yes	single-source	OpenSubtitles
сглупила	20	166	0	OpenSubtitles	risk-accepted:no-grant	0.01	yes	single-source	OpenSubtitles
шлепнул	20	166	0	OpenSubtitles	risk-accepted:no-grant	0.00	yes	single-source	OpenSubtitles
нацелилась	20	165	0	OpenSubtitles	risk-accepted:no-grant	0.00	yes	single-source	OpenSubtitles
понг	20	165	0	OpenSubtitles	risk-accepted:no-grant	0.73	yes	proper-noun-evidence	cap_ratio=0.73>=0.50
проникнут	20	165	0	OpenSubtitles	risk-accepted:no-grant	0.00	yes	single-source	OpenSubtitles
следак	20	165	0	OpenSubtitles	risk-accepted:no-grant	0.00	yes	single-source	OpenSubtitles
зазеркалье	20	164	0	OpenSubtitles	risk-accepted:no-grant	0.69	yes	proper-noun-evidence	cap_ratio=0.69>=0.50
заткнется	20	164	0	OpenSubtitles	risk-accepted:no-grant	0.01	yes	single-source	OpenSubtitles
криминалиста	20	164	0	OpenSubtitles	risk-accepted:no-grant	0.00	yes	single-source	OpenSubtitles
пересмешника	20	164	0	OpenSubtitles	risk-accepted:no-grant	0.18	yes	single-source	OpenSubtitles
подпустит	20	164	0	OpenSubtitles	risk-accepted:no-grant	0.00	yes	single-source	OpenSubtitles
пилигримы	20	163	0	OpenSubtitles	risk-accepted:no-grant	0.13	yes	single-source	OpenSubtitles
поржать	20	163	0	OpenSubtitles	risk-accepted:no-grant	0.01	yes	single-source	OpenSubtitles
стартер	20	163	0	OpenSubtitles	risk-accepted:no-grant	0.02	yes	single-source	OpenSubtitles
мерс	20	162	0	OpenSubtitles	risk-accepted:no-grant	0.50	yes	proper-noun-evidence	cap_ratio=0.50>=0.50
неуклюжей	20	162	0	OpenSubtitles	risk-accepted:no-grant	0.08	yes	single-source	OpenSubtitles
зигзаг	20	161	0	OpenSubtitles	risk-accepted:no-grant	0.49	yes	single-source	OpenSubtitles
картелю	20	161	0	OpenSubtitles	risk-accepted:no-grant	0.01	yes	single-source	OpenSubtitles
кафетерия	20	161	0	OpenSubtitles	risk-accepted:no-grant	0.02	yes	single-source	OpenSubtitles
ненастоящим	20	161	0	OpenSubtitles	risk-accepted:no-grant	0.00	yes	single-source	OpenSubtitles
пахала	20	161	0	OpenSubtitles	risk-accepted:no-grant	0.01	yes	single-source	OpenSubtitles
тисках	20	161	0	OpenSubtitles	risk-accepted:no-grant	0.01	yes	single-source	OpenSubtitles
плюет	20	160	0	OpenSubtitles	risk-accepted:no-grant	0.00	yes	single-source	OpenSubtitles
сорочку	20	160	0	OpenSubtitles	risk-accepted:no-grant	0.01	yes	single-source	OpenSubtitles
выскажи	20	159	0	OpenSubtitles	risk-accepted:no-grant	0.02	yes	single-source	OpenSubtitles
гейская	20	159	0	OpenSubtitles	risk-accepted:no-grant	0.00	yes	single-source	OpenSubtitles
капкейк	20	159	0	OpenSubtitles	risk-accepted:no-grant	0.04	yes	single-source	OpenSubtitles
прощального	20	159	0	OpenSubtitles	risk-accepted:no-grant	0.01	yes	single-source	OpenSubtitles
ладоней	20	158	0	OpenSubtitles	risk-accepted:no-grant	0.03	yes	single-source	OpenSubtitles
отстреливаться	20	158	0	OpenSubtitles	risk-accepted:no-grant	0.00	yes	single-source	OpenSubtitles
тычут	20	158	0	OpenSubtitles	risk-accepted:no-grant	0.00	yes	single-source	OpenSubtitles
панини	20	157	0	OpenSubtitles	risk-accepted:no-grant	0.14	yes	single-source	OpenSubtitles
эк	20	157	3	OpenSubtitles+Tatoeba	clean:CC-BY-2.0-FR	0.73	yes	proper-noun-evidence	cap_ratio=0.73>=0.50
ассасин	20	156	0	OpenSubtitles	risk-accepted:no-grant	0.47	yes	single-source	OpenSubtitles
повеселюсь	20	156	0	OpenSubtitles	risk-accepted:no-grant	0.00	yes	single-source	OpenSubtitles
дедули	20	155	0	OpenSubtitles	risk-accepted:no-grant	0.06	yes	single-source	OpenSubtitles
ранам	20	155	0	OpenSubtitles	risk-accepted:no-grant	0.00	yes	single-source	OpenSubtitles
чес	20	155	0	OpenSubtitles	risk-accepted:no-grant	0.74	yes	proper-noun-evidence	cap_ratio=0.74>=0.50
недоумков	20	154	0	OpenSubtitles	risk-accepted:no-grant	0.01	yes	single-source	OpenSubtitles
плохиша	20	154	0	OpenSubtitles	risk-accepted:no-grant	0.04	yes	single-source	OpenSubtitles
подвезем	20	154	0	OpenSubtitles	risk-accepted:no-grant	0.00	yes	single-source	OpenSubtitles
сосешь	20	154	0	OpenSubtitles	risk-accepted:no-grant	0.00	yes	single-source	OpenSubtitles
ссадин	20	154	0	OpenSubtitles	risk-accepted:no-grant	0.00	yes	single-source	OpenSubtitles
гадаешь	20	153	0	OpenSubtitles	risk-accepted:no-grant	0.00	yes	single-source	OpenSubtitles
мастику	20	153	0	OpenSubtitles	risk-accepted:no-grant	0.04	yes	single-source	OpenSubtitles
отчаявшиеся	20	153	0	OpenSubtitles	risk-accepted:no-grant	0.01	yes	single-source	OpenSubtitles
провернём	20	153	0	OpenSubtitles	risk-accepted:no-grant	0.00	yes	single-source	OpenSubtitles
сентиментальности	20	153	0	OpenSubtitles	risk-accepted:no-grant	0.00	yes	single-source	OpenSubtitles
трепку	20	153	0	OpenSubtitles	risk-accepted:no-grant	0.00	yes	single-source	OpenSubtitles
загулял	20	152	0	OpenSubtitles	risk-accepted:no-grant	0.02	yes	single-source	OpenSubtitles
ландо	20	152	0	OpenSubtitles	risk-accepted:no-grant	0.71	yes	proper-noun-evidence	cap_ratio=0.71>=0.50
раскладушку	20	152	0	OpenSubtitles	risk-accepted:no-grant	0.00	yes	single-source	OpenSubtitles
выдвигайтесь	20	151	0	OpenSubtitles	risk-accepted:no-grant	0.01	yes	single-source	OpenSubtitles
гендер	20	151	0	OpenSubtitles	risk-accepted:no-grant	0.11	yes	single-source	OpenSubtitles
засудит	20	151	0	OpenSubtitles	risk-accepted:no-grant	0.00	yes	single-source	OpenSubtitles
накажешь	20	151	0	OpenSubtitles	risk-accepted:no-grant	0.00	yes	single-source	OpenSubtitles
запястьем	20	150	0	OpenSubtitles	risk-accepted:no-grant	0.00	yes	single-source	OpenSubtitles
землемер	20	150	0	OpenSubtitles	risk-accepted:no-grant	0.27	yes	single-source	OpenSubtitles
посветить	20	150	0	OpenSubtitles	risk-accepted:no-grant	0.01	yes	single-source	OpenSubtitles
хлоркой	20	150	0	OpenSubtitles	risk-accepted:no-grant	0.00	yes	single-source	OpenSubtitles
блуждающий	20	149	0	OpenSubtitles	risk-accepted:no-grant	0.15	yes	single-source	OpenSubtitles
бокальчику	20	149	0	OpenSubtitles	risk-accepted:no-grant	0.01	yes	single-source	OpenSubtitles
интубации	20	149	0	OpenSubtitles	risk-accepted:no-grant	0.00	yes	single-source	OpenSubtitles
потащит	20	149	0	OpenSubtitles	risk-accepted:no-grant	0.00	yes	single-source	OpenSubtitles
прижмут	20	148	0	OpenSubtitles	risk-accepted:no-grant	0.00	yes	single-source	OpenSubtitles
впускают	20	147	0	OpenSubtitles	risk-accepted:no-grant	0.00	yes	single-source	OpenSubtitles
смертник	20	147	0	OpenSubtitles	risk-accepted:no-grant	0.04	yes	single-source	OpenSubtitles
соцобеспечения	20	147	0	OpenSubtitles	risk-accepted:no-grant	0.04	yes	single-source	OpenSubtitles
фазер	20	147	0	OpenSubtitles	risk-accepted:no-grant	0.07	yes	single-source	OpenSubtitles
присно	20	146	0	OpenSubtitles	risk-accepted:no-grant	0.00	yes	single-source	OpenSubtitles
трусливым	20	146	0	OpenSubtitles	risk-accepted:no-grant	0.02	yes	single-source	OpenSubtitles
влюбленности	20	145	0	OpenSubtitles	risk-accepted:no-grant	0.00	yes	single-source	OpenSubtitles
всеравно	20	145	0	OpenSubtitles	risk-accepted:no-grant	0.00	yes	single-source	OpenSubtitles
дядечка	20	145	0	OpenSubtitles	risk-accepted:no-grant	0.03	yes	single-source	OpenSubtitles
коконе	20	145	0	OpenSubtitles	risk-accepted:no-grant	0.04	yes	single-source	OpenSubtitles
расплавится	20	145	0	OpenSubtitles	risk-accepted:no-grant	0.00	yes	single-source	OpenSubtitles
срываюсь	20	145	0	OpenSubtitles	risk-accepted:no-grant	0.00	yes	single-source	OpenSubtitles
хвостики	20	145	0	OpenSubtitles	risk-accepted:no-grant	0.07	yes	single-source	OpenSubtitles
вырежи	20	144	0	OpenSubtitles	risk-accepted:no-grant	0.00	yes	single-source	OpenSubtitles
гармошка	20	144	0	OpenSubtitles	risk-accepted:no-grant	0.05	yes	single-source	OpenSubtitles
отам	20	144	0	OpenSubtitles	risk-accepted:no-grant	0.02	yes	single-source	OpenSubtitles
плеснуть	20	144	0	OpenSubtitles	risk-accepted:no-grant	0.00	yes	single-source	OpenSubtitles
суперкар	20	144	0	OpenSubtitles	risk-accepted:no-grant	0.02	yes	single-source	OpenSubtitles
выкачать	20	143	0	OpenSubtitles	risk-accepted:no-grant	0.00	yes	single-source	OpenSubtitles
грабанули	20	143	0	OpenSubtitles	risk-accepted:no-grant	0.00	yes	single-source	OpenSubtitles
трастового	20	143	0	OpenSubtitles	risk-accepted:no-grant	0.00	yes	single-source	OpenSubtitles
шокирующий	20	143	0	OpenSubtitles	risk-accepted:no-grant	0.01	yes	single-source	OpenSubtitles
лафи	20	142	0	OpenSubtitles	risk-accepted:no-grant	0.00	yes	single-source	OpenSubtitles
линчевателей	20	142	0	OpenSubtitles	risk-accepted:no-grant	0.01	yes	single-source	OpenSubtitles
стервятника	20	142	0	OpenSubtitles	risk-accepted:no-grant	0.56	yes	proper-noun-evidence	cap_ratio=0.56>=0.50
ьлпй	20	142	0	OpenSubtitles	risk-accepted:no-grant	0.00	yes	single-source	OpenSubtitles
билетики	20	141	0	OpenSubtitles	risk-accepted:no-grant	0.00	yes	single-source	OpenSubtitles
выпросить	20	141	0	OpenSubtitles	risk-accepted:no-grant	0.01	yes	single-source	OpenSubtitles
отберем	20	140	0	OpenSubtitles	risk-accepted:no-grant	0.00	yes	single-source	OpenSubtitles
реву	20	140	0	OpenSubtitles	risk-accepted:no-grant	0.08	yes	single-source	OpenSubtitles
тотализатор	20	139	0	OpenSubtitles	risk-accepted:no-grant	0.03	yes	single-source	OpenSubtitles
просадил	20	138	0	OpenSubtitles	risk-accepted:no-grant	0.01	yes	single-source	OpenSubtitles
натравлю	20	137	0	OpenSubtitles	risk-accepted:no-grant	0.00	yes	single-source	OpenSubtitles
погубите	20	137	0	OpenSubtitles	risk-accepted:no-grant	0.00	yes	single-source	OpenSubtitles
приберегла	20	137	0	OpenSubtitles	risk-accepted:no-grant	0.00	yes	single-source	OpenSubtitles
выказывать	20	136	0	OpenSubtitles	risk-accepted:no-grant	0.01	yes	single-source	OpenSubtitles
кровных	20	136	0	OpenSubtitles	risk-accepted:no-grant	0.03	yes	single-source	OpenSubtitles
минотавра	20	136	0	OpenSubtitles	risk-accepted:no-grant	0.74	yes	proper-noun-evidence	cap_ratio=0.74>=0.50
имплантанты	20	135	0	OpenSubtitles	risk-accepted:no-grant	0.00	yes	single-source	OpenSubtitles
лапает	20	135	0	OpenSubtitles	risk-accepted:no-grant	0.00	yes	single-source	OpenSubtitles
нарыв	20	135	0	OpenSubtitles	risk-accepted:no-grant	0.00	yes	single-source	OpenSubtitles
чурка	20	135	0	OpenSubtitles	risk-accepted:no-grant	0.03	yes	single-source	OpenSubtitles
бродяжка	20	133	0	OpenSubtitles	risk-accepted:no-grant	0.04	yes	single-source	OpenSubtitles
непорочное	20	133	0	OpenSubtitles	risk-accepted:no-grant	0.11	yes	single-source	OpenSubtitles
потрох	20	133	0	OpenSubtitles	risk-accepted:no-grant	0.02	yes	single-source	OpenSubtitles
высокопревосходительство	20	132	0	OpenSubtitles	risk-accepted:no-grant	0.31	yes	single-source	OpenSubtitles
повитуха	20	132	0	OpenSubtitles	risk-accepted:no-grant	0.03	yes	single-source	OpenSubtitles
краденного	20	131	0	OpenSubtitles	risk-accepted:no-grant	0.00	yes	single-source	OpenSubtitles
разгорится	20	131	0	OpenSubtitles	risk-accepted:no-grant	0.00	yes	single-source	OpenSubtitles
слащаво	20	131	0	OpenSubtitles	risk-accepted:no-grant	0.00	yes	single-source	OpenSubtitles
этический	20	131	0	OpenSubtitles	risk-accepted:no-grant	0.10	yes	single-source	OpenSubtitles
мрпспэме	20	130	0	OpenSubtitles	risk-accepted:no-grant	0.00	yes	single-source	OpenSubtitles
зайки	20	129	0	OpenSubtitles	risk-accepted:no-grant	0.15	yes	single-source	OpenSubtitles
лазурный	20	129	1	OpenSubtitles+Tatoeba	clean:CC-BY-2.0-FR	0.69	yes	proper-noun-evidence	cap_ratio=0.69>=0.50
трупное	20	129	0	OpenSubtitles	risk-accepted:no-grant	0.00	yes	single-source	OpenSubtitles
апокко	20	128	0	OpenSubtitles	risk-accepted:no-grant	0.00	yes	single-source	OpenSubtitles
мстил	20	128	0	OpenSubtitles	risk-accepted:no-grant	0.01	yes	single-source	OpenSubtitles
отзовут	20	127	0	OpenSubtitles	risk-accepted:no-grant	0.00	yes	single-source	OpenSubtitles
сразишься	20	127	0	OpenSubtitles	risk-accepted:no-grant	0.01	yes	single-source	OpenSubtitles
минеты	20	126	0	OpenSubtitles	risk-accepted:no-grant	0.03	yes	single-source	OpenSubtitles
нй	20	126	0	OpenSubtitles	risk-accepted:no-grant	0.19	yes	single-source	OpenSubtitles
зна	20	125	0	OpenSubtitles	risk-accepted:no-grant	0.03	yes	single-source	OpenSubtitles
психоделики	20	124	0	OpenSubtitles	risk-accepted:no-grant	0.02	yes	single-source	OpenSubtitles
респиратор	20	123	0	OpenSubtitles	risk-accepted:no-grant	0.01	yes	single-source	OpenSubtitles
бьен	20	122	0	OpenSubtitles	risk-accepted:no-grant	0.62	yes	proper-noun-evidence	cap_ratio=0.62>=0.50
автомеханик	20	121	0	OpenSubtitles	risk-accepted:no-grant	0.03	yes	single-source	OpenSubtitles
бегония	20	121	0	OpenSubtitles	risk-accepted:no-grant	0.73	yes	proper-noun-evidence	cap_ratio=0.73>=0.50
зацепит	20	121	0	OpenSubtitles	risk-accepted:no-grant	0.00	yes	single-source	OpenSubtitles
вайна	20	118	0	OpenSubtitles	risk-accepted:no-grant	0.23	yes	single-source	OpenSubtitles
спецагента	20	116	0	OpenSubtitles	risk-accepted:no-grant	0.04	yes	single-source	OpenSubtitles
изводишь	20	115	0	OpenSubtitles	risk-accepted:no-grant	0.00	yes	single-source	OpenSubtitles
вскроют	20	114	0	OpenSubtitles	risk-accepted:no-grant	0.00	yes	single-source	OpenSubtitles
обрёк	20	114	0	OpenSubtitles	risk-accepted:no-grant	0.00	yes	single-source	OpenSubtitles
рплль	20	114	0	OpenSubtitles	risk-accepted:no-grant	0.00	yes	single-source	OpenSubtitles
даркнет	20	113	0	OpenSubtitles	risk-accepted:no-grant	0.26	yes	single-source	OpenSubtitles
смиренный	20	113	0	OpenSubtitles	risk-accepted:no-grant	0.03	yes	single-source	OpenSubtitles
расчитывал	20	109	0	OpenSubtitles	risk-accepted:no-grant	0.00	no	single-source	OpenSubtitles
колокольчиком	20	107	0	OpenSubtitles	risk-accepted:no-grant	0.04	no	single-source	OpenSubtitles
стабилизируем	20	106	0	OpenSubtitles	risk-accepted:no-grant	0.00	no	single-source	OpenSubtitles
пармезана	20	105	0	OpenSubtitles	risk-accepted:no-grant	0.05	no	single-source	OpenSubtitles
сюртук	20	104	0	OpenSubtitles	risk-accepted:no-grant	0.01	no	single-source	OpenSubtitles
недостойного	20	103	0	OpenSubtitles	risk-accepted:no-grant	0.02	no	single-source	OpenSubtitles
повиновения	20	103	0	OpenSubtitles	risk-accepted:no-grant	0.06	no	single-source	OpenSubtitles
мамку	19	314	0	OpenSubtitles	risk-accepted:no-grant	0.03	yes	single-source	OpenSubtitles
нарик	19	268	0	OpenSubtitles	risk-accepted:no-grant	0.05	yes	single-source	OpenSubtitles
тетке	19	263	0	OpenSubtitles	risk-accepted:no-grant	0.00	yes	single-source	OpenSubtitles
пырнула	19	257	0	OpenSubtitles	risk-accepted:no-grant	0.00	yes	single-source	OpenSubtitles
отстрелю	19	251	0	OpenSubtitles	risk-accepted:no-grant	0.00	yes	single-source	OpenSubtitles
корешок	19	250	0	OpenSubtitles	risk-accepted:no-grant	0.05	yes	single-source	OpenSubtitles
затихает	19	248	0	OpenSubtitles	risk-accepted:no-grant	0.04	yes	single-source	OpenSubtitles
ежик	19	244	0	OpenSubtitles	risk-accepted:no-grant	0.20	yes	single-source	OpenSubtitles
кемпер	19	242	0	OpenSubtitles	risk-accepted:no-grant	0.70	yes	proper-noun-evidence	cap_ratio=0.70>=0.50
мотри	19	240	0	OpenSubtitles	risk-accepted:no-grant	0.12	yes	single-source	OpenSubtitles
махнем	19	239	0	OpenSubtitles	risk-accepted:no-grant	0.01	yes	single-source	OpenSubtitles
залег	19	238	0	OpenSubtitles	risk-accepted:no-grant	0.00	yes	single-source	OpenSubtitles
дурачина	19	237	0	OpenSubtitles	risk-accepted:no-grant	0.01	yes	single-source	OpenSubtitles
нераскрытое	19	233	0	OpenSubtitles	risk-accepted:no-grant	0.02	yes	single-source	OpenSubtitles
заводила	19	231	0	OpenSubtitles	risk-accepted:no-grant	0.01	yes	single-source	OpenSubtitles
бубенцы	19	229	0	OpenSubtitles	risk-accepted:no-grant	0.10	yes	single-source	OpenSubtitles
изумительные	19	229	0	OpenSubtitles	risk-accepted:no-grant	0.02	yes	single-source	OpenSubtitles
мамаш	19	226	0	OpenSubtitles	risk-accepted:no-grant	0.01	yes	single-source	OpenSubtitles
наставлять	19	226	0	OpenSubtitles	risk-accepted:no-grant	0.00	yes	single-source	OpenSubtitles
твердость	19	226	0	OpenSubtitles	risk-accepted:no-grant	0.01	yes	single-source	OpenSubtitles
приперлась	19	225	0	OpenSubtitles	risk-accepted:no-grant	0.00	yes	single-source	OpenSubtitles
говнюков	19	224	0	OpenSubtitles	risk-accepted:no-grant	0.01	yes	single-source	OpenSubtitles
батончиков	19	223	0	OpenSubtitles	risk-accepted:no-grant	0.02	yes	single-source	OpenSubtitles
воткнули	19	223	0	OpenSubtitles	risk-accepted:no-grant	0.00	yes	single-source	OpenSubtitles
зашифрованные	19	223	0	OpenSubtitles	risk-accepted:no-grant	0.00	yes	single-source	OpenSubtitles
жу	19	222	0	OpenSubtitles	risk-accepted:no-grant	0.75	yes	proper-noun-evidence	cap_ratio=0.75>=0.50
печется	19	222	0	OpenSubtitles	risk-accepted:no-grant	0.00	yes	single-source	OpenSubtitles
девичника	19	221	0	OpenSubtitles	risk-accepted:no-grant	0.01	yes	single-source	OpenSubtitles
увлечься	19	221	0	OpenSubtitles	risk-accepted:no-grant	0.00	yes	single-source	OpenSubtitles
потягаться	19	220	0	OpenSubtitles	risk-accepted:no-grant	0.00	yes	single-source	OpenSubtitles
секу	19	220	0	OpenSubtitles	risk-accepted:no-grant	0.35	yes	single-source	OpenSubtitles
шлюшкой	19	220	0	OpenSubtitles	risk-accepted:no-grant	0.02	yes	single-source	OpenSubtitles
померли	19	219	0	OpenSubtitles	risk-accepted:no-grant	0.00	yes	single-source	OpenSubtitles
пункцию	19	219	0	OpenSubtitles	risk-accepted:no-grant	0.00	yes	single-source	OpenSubtitles
зассал	19	218	0	OpenSubtitles	risk-accepted:no-grant	0.00	yes	single-source	OpenSubtitles
пердеж	19	218	0	OpenSubtitles	risk-accepted:no-grant	0.01	yes	single-source	OpenSubtitles
маринад	19	217	0	OpenSubtitles	risk-accepted:no-grant	0.05	yes	single-source	OpenSubtitles
одержимостью	19	216	0	OpenSubtitles	risk-accepted:no-grant	0.00	yes	single-source	OpenSubtitles
бмхг	19	215	0	OpenSubtitles	risk-accepted:no-grant	0.14	yes	single-source	OpenSubtitles
бедолаги	19	214	0	OpenSubtitles	risk-accepted:no-grant	0.01	yes	single-source	OpenSubtitles
подвернется	19	214	0	OpenSubtitles	risk-accepted:no-grant	0.00	yes	single-source	OpenSubtitles
столовке	19	214	0	OpenSubtitles	risk-accepted:no-grant	0.00	yes	single-source	OpenSubtitles
девичнике	19	213	0	OpenSubtitles	risk-accepted:no-grant	0.01	yes	single-source	OpenSubtitles
зевай	19	211	0	OpenSubtitles	risk-accepted:no-grant	0.00	yes	single-source	OpenSubtitles
опиоиды	19	211	0	OpenSubtitles	risk-accepted:no-grant	0.01	yes	single-source	OpenSubtitles
тент	19	210	0	OpenSubtitles	risk-accepted:no-grant	0.05	yes	single-source	OpenSubtitles
наорать	19	209	0	OpenSubtitles	risk-accepted:no-grant	0.00	yes	single-source	OpenSubtitles
засунут	19	208	0	OpenSubtitles	risk-accepted:no-grant	0.00	yes	single-source	OpenSubtitles
кредитками	19	208	0	OpenSubtitles	risk-accepted:no-grant	0.00	yes	single-source	OpenSubtitles
призрачная	19	208	0	OpenSubtitles	risk-accepted:no-grant	0.34	yes	single-source	OpenSubtitles
магазинчика	19	207	0	OpenSubtitles	risk-accepted:no-grant	0.04	yes	single-source	OpenSubtitles
старомодной	19	206	0	OpenSubtitles	risk-accepted:no-grant	0.01	yes	single-source	OpenSubtitles
затычки	19	204	0	OpenSubtitles	risk-accepted:no-grant	0.00	yes	single-source	OpenSubtitles
това	19	204	0	OpenSubtitles	risk-accepted:no-grant	0.77	yes	proper-noun-evidence	cap_ratio=0.77>=0.50
вуки	19	203	0	OpenSubtitles	risk-accepted:no-grant	0.34	yes	single-source	OpenSubtitles
пыс	19	203	0	OpenSubtitles	risk-accepted:no-grant	0.00	yes	single-source	OpenSubtitles
аха	19	202	0	OpenSubtitles	risk-accepted:no-grant	0.17	yes	single-source	OpenSubtitles
простушка	19	202	0	OpenSubtitles	risk-accepted:no-grant	0.07	yes	single-source	OpenSubtitles
еяче	19	201	0	OpenSubtitles	risk-accepted:no-grant	0.00	yes	single-source	OpenSubtitles
переродиться	19	201	0	OpenSubtitles	risk-accepted:no-grant	0.01	yes	single-source	OpenSubtitles
сумашедшая	19	201	0	OpenSubtitles	risk-accepted:no-grant	0.01	yes	single-source	OpenSubtitles
чмошник	19	201	0	OpenSubtitles	risk-accepted:no-grant	0.01	yes	single-source	OpenSubtitles
амигос	19	200	0	OpenSubtitles	risk-accepted:no-grant	0.08	yes	single-source	OpenSubtitles
провернем	19	200	0	OpenSubtitles	risk-accepted:no-grant	0.00	yes	single-source	OpenSubtitles
одеяльце	19	199	0	OpenSubtitles	risk-accepted:no-grant	0.03	yes	single-source	OpenSubtitles
тусовок	19	199	0	OpenSubtitles	risk-accepted:no-grant	0.02	yes	single-source	OpenSubtitles
зачарованный	19	198	1	OpenSubtitles+Tatoeba	clean:CC-BY-2.0-FR	0.52	yes	proper-noun-evidence	cap_ratio=0.52>=0.50
любезностями	19	198	0	OpenSubtitles	risk-accepted:no-grant	0.01	yes	single-source	OpenSubtitles
одра	19	198	0	OpenSubtitles	risk-accepted:no-grant	0.50	yes	proper-noun-evidence	cap_ratio=0.50>=0.50
погрузим	19	198	0	OpenSubtitles	risk-accepted:no-grant	0.01	yes	single-source	OpenSubtitles
промахивается	19	197	0	OpenSubtitles	risk-accepted:no-grant	0.01	yes	single-source	OpenSubtitles
лпйрьн	19	196	0	OpenSubtitles	risk-accepted:no-grant	0.03	yes	single-source	OpenSubtitles
ненормальных	19	196	0	OpenSubtitles	risk-accepted:no-grant	0.00	yes	single-source	OpenSubtitles
приданное	19	195	0	OpenSubtitles	risk-accepted:no-grant	0.00	yes	single-source	OpenSubtitles
цианида	19	195	0	OpenSubtitles	risk-accepted:no-grant	0.01	yes	single-source	OpenSubtitles
ворвутся	19	192	0	OpenSubtitles	risk-accepted:no-grant	0.01	yes	single-source	OpenSubtitles
сосу	19	192	0	OpenSubtitles	risk-accepted:no-grant	0.08	yes	single-source	OpenSubtitles
метрдотель	19	191	0	OpenSubtitles	risk-accepted:no-grant	0.03	yes	single-source	OpenSubtitles
настрадалась	19	191	0	OpenSubtitles	risk-accepted:no-grant	0.00	yes	single-source	OpenSubtitles
пожму	19	190	0	OpenSubtitles	risk-accepted:no-grant	0.00	yes	single-source	OpenSubtitles
картелей	19	189	0	OpenSubtitles	risk-accepted:no-grant	0.01	yes	single-source	OpenSubtitles
красава	19	189	0	OpenSubtitles	risk-accepted:no-grant	0.02	yes	single-source	OpenSubtitles
сестренкой	19	189	0	OpenSubtitles	risk-accepted:no-grant	0.01	yes	single-source	OpenSubtitles
фэйсбуке	19	189	5	OpenSubtitles+Tatoeba	clean:CC-BY-2.0-FR	0.74	yes	proper-noun-evidence	cap_ratio=0.74>=0.50
жалуют	19	188	0	OpenSubtitles	risk-accepted:no-grant	0.00	yes	single-source	OpenSubtitles
врываешься	19	187	0	OpenSubtitles	risk-accepted:no-grant	0.01	yes	single-source	OpenSubtitles
нейро	19	187	0	OpenSubtitles	risk-accepted:no-grant	0.23	yes	single-source	OpenSubtitles
тряпок	19	187	0	OpenSubtitles	risk-accepted:no-grant	0.00	yes	single-source	OpenSubtitles
времечко	19	185	0	OpenSubtitles	risk-accepted:no-grant	0.02	yes	single-source	OpenSubtitles
жрешь	19	185	0	OpenSubtitles	risk-accepted:no-grant	0.00	yes	single-source	OpenSubtitles
пинта	19	185	0	OpenSubtitles	risk-accepted:no-grant	0.22	yes	single-source	OpenSubtitles
фриков	19	185	0	OpenSubtitles	risk-accepted:no-grant	0.05	yes	single-source	OpenSubtitles
аватаром	19	184	0	OpenSubtitles	risk-accepted:no-grant	0.62	yes	proper-noun-evidence	cap_ratio=0.62>=0.50
вынюхивает	19	184	0	OpenSubtitles	risk-accepted:no-grant	0.00	yes	single-source	OpenSubtitles
горлышко	19	183	0	OpenSubtitles	risk-accepted:no-grant	0.04	yes	single-source	OpenSubtitles
гравировка	19	183	0	OpenSubtitles	risk-accepted:no-grant	0.02	yes	single-source	OpenSubtitles
клингонской	19	183	0	OpenSubtitles	risk-accepted:no-grant	0.43	yes	single-source	OpenSubtitles
наливал	19	183	0	OpenSubtitles	risk-accepted:no-grant	0.00	yes	single-source	OpenSubtitles
нелюдь	19	183	0	OpenSubtitles	risk-accepted:no-grant	0.35	yes	single-source	OpenSubtitles
чертяка	19	183	0	OpenSubtitles	risk-accepted:no-grant	0.01	yes	single-source	OpenSubtitles
адьос	19	182	0	OpenSubtitles	risk-accepted:no-grant	0.22	yes	single-source	OpenSubtitles
вооружиться	19	182	0	OpenSubtitles	risk-accepted:no-grant	0.00	yes	single-source	OpenSubtitles
расклеился	19	182	0	OpenSubtitles	risk-accepted:no-grant	0.01	yes	single-source	OpenSubtitles
автоботы	19	181	0	OpenSubtitles	risk-accepted:no-grant	0.21	yes	single-source	OpenSubtitles
анго	19	181	0	OpenSubtitles	risk-accepted:no-grant	0.78	yes	proper-noun-evidence	cap_ratio=0.78>=0.50
засовывает	19	181	0	OpenSubtitles	risk-accepted:no-grant	0.00	yes	single-source	OpenSubtitles
яюлне	19	181	0	OpenSubtitles	risk-accepted:no-grant	0.75	yes	proper-noun-evidence	cap_ratio=0.75>=0.50
идиотским	19	180	0	OpenSubtitles	risk-accepted:no-grant	0.01	yes	single-source	OpenSubtitles
перевернется	19	180	0	OpenSubtitles	risk-accepted:no-grant	0.01	yes	single-source	OpenSubtitles
отстойным	19	179	0	OpenSubtitles	risk-accepted:no-grant	0.00	yes	single-source	OpenSubtitles
опрашиваем	19	178	0	OpenSubtitles	risk-accepted:no-grant	0.00	yes	single-source	OpenSubtitles
опнярхре	19	177	0	OpenSubtitles	risk-accepted:no-grant	0.56	yes	proper-noun-evidence	cap_ratio=0.56>=0.50
раптор	19	177	0	OpenSubtitles	risk-accepted:no-grant	0.59	yes	proper-noun-evidence	cap_ratio=0.59>=0.50
спишем	19	177	0	OpenSubtitles	risk-accepted:no-grant	0.00	yes	single-source	OpenSubtitles
тещу	19	177	0	OpenSubtitles	risk-accepted:no-grant	0.01	yes	single-source	OpenSubtitles
гримёрку	19	176	0	OpenSubtitles	risk-accepted:no-grant	0.01	yes	single-source	OpenSubtitles
транспортера	19	176	0	OpenSubtitles	risk-accepted:no-grant	0.01	yes	single-source	OpenSubtitles
извиняются	19	175	0	OpenSubtitles	risk-accepted:no-grant	0.00	yes	single-source	OpenSubtitles
исцелила	19	174	0	OpenSubtitles	risk-accepted:no-grant	0.00	yes	single-source	OpenSubtitles
паладины	19	174	0	OpenSubtitles	risk-accepted:no-grant	0.39	yes	single-source	OpenSubtitles
похитит	19	174	0	OpenSubtitles	risk-accepted:no-grant	0.01	yes	single-source	OpenSubtitles
обыскивал	19	173	0	OpenSubtitles	risk-accepted:no-grant	0.01	yes	single-source	OpenSubtitles
оступилась	19	173	0	OpenSubtitles	risk-accepted:no-grant	0.01	yes	single-source	OpenSubtitles
развлекись	19	173	0	OpenSubtitles	risk-accepted:no-grant	0.01	yes	single-source	OpenSubtitles
сечас	19	173	0	OpenSubtitles	risk-accepted:no-grant	0.02	yes	single-source	OpenSubtitles
тёлкой	19	173	0	OpenSubtitles	risk-accepted:no-grant	0.00	yes	single-source	OpenSubtitles
наложница	19	172	0	OpenSubtitles	risk-accepted:no-grant	0.01	yes	single-source	OpenSubtitles
муа	19	171	0	OpenSubtitles	risk-accepted:no-grant	0.14	yes	single-source	OpenSubtitles
перешагнуть	19	171	0	OpenSubtitles	risk-accepted:no-grant	0.00	yes	single-source	OpenSubtitles
праведности	19	171	0	OpenSubtitles	risk-accepted:no-grant	0.03	yes	single-source	OpenSubtitles
шустрые	19	171	0	OpenSubtitles	risk-accepted:no-grant	0.01	yes	single-source	OpenSubtitles
проломлю	19	170	0	OpenSubtitles	risk-accepted:no-grant	0.00	yes	single-source	OpenSubtitles
чистенький	19	170	0	OpenSubtitles	risk-accepted:no-grant	0.03	yes	single-source	OpenSubtitles
засранцу	19	168	0	OpenSubtitles	risk-accepted:no-grant	0.01	yes	single-source	OpenSubtitles
кисточки	19	168	0	OpenSubtitles	risk-accepted:no-grant	0.00	yes	single-source	OpenSubtitles
понежнее	19	168	0	OpenSubtitles	risk-accepted:no-grant	0.00	yes	single-source	OpenSubtitles
сигнатуры	19	168	0	OpenSubtitles	risk-accepted:no-grant	0.02	yes	single-source	OpenSubtitles
хала	19	168	0	OpenSubtitles	risk-accepted:no-grant	0.80	yes	proper-noun-evidence	cap_ratio=0.80>=0.50
вынимает	19	167	0	OpenSubtitles	risk-accepted:no-grant	0.00	yes	single-source	OpenSubtitles
кислородные	19	167	0	OpenSubtitles	risk-accepted:no-grant	0.00	yes	single-source	OpenSubtitles
мнцх	19	167	0	OpenSubtitles	risk-accepted:no-grant	0.50	yes	proper-noun-evidence	cap_ratio=0.50>=0.50
слететь	19	167	0	OpenSubtitles	risk-accepted:no-grant	0.00	yes	single-source	OpenSubtitles
бэд	19	166	0	OpenSubtitles	risk-accepted:no-grant	0.80	yes	proper-noun-evidence	cap_ratio=0.80>=0.50
притворишься	19	166	0	OpenSubtitles	risk-accepted:no-grant	0.00	yes	single-source	OpenSubtitles
письмецо	19	165	0	OpenSubtitles	risk-accepted:no-grant	0.00	yes	single-source	OpenSubtitles
свернем	19	165	0	OpenSubtitles	risk-accepted:no-grant	0.00	yes	single-source	OpenSubtitles
недостойной	19	164	0	OpenSubtitles	risk-accepted:no-grant	0.00	yes	single-source	OpenSubtitles
переспим	19	164	0	OpenSubtitles	risk-accepted:no-grant	0.01	yes	single-source	OpenSubtitles
психоаналитика	19	164	0	OpenSubtitles	risk-accepted:no-grant	0.00	yes	single-source	OpenSubtitles
чудную	19	164	0	OpenSubtitles	risk-accepted:no-grant	0.01	yes	single-source	OpenSubtitles
знойная	19	163	0	OpenSubtitles	risk-accepted:no-grant	0.00	yes	single-source	OpenSubtitles
клецки	19	163	0	OpenSubtitles	risk-accepted:no-grant	0.01	yes	single-source	OpenSubtitles
крысиная	19	163	0	OpenSubtitles	risk-accepted:no-grant	0.20	yes	single-source	OpenSubtitles
лесбиянку	19	163	0	OpenSubtitles	risk-accepted:no-grant	0.01	yes	single-source	OpenSubtitles
вонял	19	162	0	OpenSubtitles	risk-accepted:no-grant	0.00	yes	single-source	OpenSubtitles
жизнеобеспечение	19	162	0	OpenSubtitles	risk-accepted:no-grant	0.01	yes	single-source	OpenSubtitles
жирок	19	162	0	OpenSubtitles	risk-accepted:no-grant	0.02	yes	single-source	OpenSubtitles
подставы	19	162	0	OpenSubtitles	risk-accepted:no-grant	0.01	yes	single-source	OpenSubtitles
дезертиры	19	161	0	OpenSubtitles	risk-accepted:no-grant	0.00	yes	single-source	OpenSubtitles
деточки	19	161	0	OpenSubtitles	risk-accepted:no-grant	0.02	yes	single-source	OpenSubtitles
дурочки	19	161	0	OpenSubtitles	risk-accepted:no-grant	0.00	yes	single-source	OpenSubtitles
навлекла	19	161	0	OpenSubtitles	risk-accepted:no-grant	0.00	yes	single-source	OpenSubtitles
претворяться	19	161	0	OpenSubtitles	risk-accepted:no-grant	0.01	yes	single-source	OpenSubtitles
эмси	19	161	0	OpenSubtitles	risk-accepted:no-grant	0.60	yes	proper-noun-evidence	cap_ratio=0.60>=0.50
альфой	19	160	0	OpenSubtitles	risk-accepted:no-grant	0.60	yes	proper-noun-evidence	cap_ratio=0.60>=0.50
неподражаем	19	160	0	OpenSubtitles	risk-accepted:no-grant	0.00	yes	single-source	OpenSubtitles
подглядываешь	19	160	0	OpenSubtitles	risk-accepted:no-grant	0.01	yes	single-source	OpenSubtitles
жнеца	19	159	0	OpenSubtitles	risk-accepted:no-grant	0.55	yes	proper-noun-evidence	cap_ratio=0.55>=0.50
печешься	19	159	0	OpenSubtitles	risk-accepted:no-grant	0.00	yes	single-source	OpenSubtitles
суну	19	159	0	OpenSubtitles	risk-accepted:no-grant	0.17	yes	single-source	OpenSubtitles
швыряться	19	159	0	OpenSubtitles	risk-accepted:no-grant	0.00	yes	single-source	OpenSubtitles
ьмщт	19	159	0	OpenSubtitles	risk-accepted:no-grant	0.00	yes	single-source	OpenSubtitles
вытянем	19	158	0	OpenSubtitles	risk-accepted:no-grant	0.00	yes	single-source	OpenSubtitles
забеременели	19	158	0	OpenSubtitles	risk-accepted:no-grant	0.00	yes	single-source	OpenSubtitles
порочить	19	158	0	OpenSubtitles	risk-accepted:no-grant	0.01	yes	single-source	OpenSubtitles
рыцарям	19	158	0	OpenSubtitles	risk-accepted:no-grant	0.21	yes	single-source	OpenSubtitles
подтереть	19	157	0	OpenSubtitles	risk-accepted:no-grant	0.00	yes	single-source	OpenSubtitles
туманный	19	157	0	OpenSubtitles	risk-accepted:no-grant	0.17	yes	single-source	OpenSubtitles
телеке	19	156	0	OpenSubtitles	risk-accepted:no-grant	0.02	yes	single-source	OpenSubtitles
банановые	19	155	0	OpenSubtitles	risk-accepted:no-grant	0.06	yes	single-source	OpenSubtitles
бантиком	19	155	0	OpenSubtitles	risk-accepted:no-grant	0.00	yes	single-source	OpenSubtitles
вульгарная	19	155	0	OpenSubtitles	risk-accepted:no-grant	0.00	yes	single-source	OpenSubtitles
илл	19	155	0	OpenSubtitles	risk-accepted:no-grant	0.04	yes	single-source	OpenSubtitles
общага	19	155	0	OpenSubtitles	risk-accepted:no-grant	0.01	yes	single-source	OpenSubtitles
одолевают	19	155	0	OpenSubtitles	risk-accepted:no-grant	0.01	yes	single-source	OpenSubtitles
переспи	19	155	0	OpenSubtitles	risk-accepted:no-grant	0.04	yes	single-source	OpenSubtitles
загонишь	19	154	0	OpenSubtitles	risk-accepted:no-grant	0.00	yes	single-source	OpenSubtitles
замутили	19	154	0	OpenSubtitles	risk-accepted:no-grant	0.00	yes	single-source	OpenSubtitles
переволновался	19	154	0	OpenSubtitles	risk-accepted:no-grant	0.00	yes	single-source	OpenSubtitles
ремонтник	19	154	0	OpenSubtitles	risk-accepted:no-grant	0.03	yes	single-source	OpenSubtitles
криптонита	19	153	0	OpenSubtitles	risk-accepted:no-grant	0.19	yes	single-source	OpenSubtitles
сдвинем	19	153	0	OpenSubtitles	risk-accepted:no-grant	0.01	yes	single-source	OpenSubtitles
трахеи	19	153	0	OpenSubtitles	risk-accepted:no-grant	0.01	yes	single-source	OpenSubtitles
карамельки	19	152	0	OpenSubtitles	risk-accepted:no-grant	0.05	yes	single-source	OpenSubtitles
слыхать	19	152	0	OpenSubtitles	risk-accepted:no-grant	0.00	yes	single-source	OpenSubtitles
беретта	19	151	0	OpenSubtitles	risk-accepted:no-grant	0.79	yes	proper-noun-evidence	cap_ratio=0.79>=0.50
несравненная	19	151	0	OpenSubtitles	risk-accepted:no-grant	0.01	yes	single-source	OpenSubtitles
сутенеры	19	151	0	OpenSubtitles	risk-accepted:no-grant	0.01	yes	single-source	OpenSubtitles
электролиты	19	151	0	OpenSubtitles	risk-accepted:no-grant	0.00	yes	single-source	OpenSubtitles
дравствуйте	19	150	0	OpenSubtitles	risk-accepted:no-grant	0.00	yes	single-source	OpenSubtitles
мах	19	150	0	OpenSubtitles	risk-accepted:no-grant	0.36	yes	single-source	OpenSubtitles
отменные	19	150	0	OpenSubtitles	risk-accepted:no-grant	0.01	yes	single-source	OpenSubtitles
девчушки	19	149	0	OpenSubtitles	risk-accepted:no-grant	0.01	yes	single-source	OpenSubtitles
кошмарной	19	149	0	OpenSubtitles	risk-accepted:no-grant	0.08	yes	single-source	OpenSubtitles
мороженку	19	149	0	OpenSubtitles	risk-accepted:no-grant	0.00	yes	single-source	OpenSubtitles
паникуют	19	149	0	OpenSubtitles	risk-accepted:no-grant	0.01	yes	single-source	OpenSubtitles
беспомощные	19	148	0	OpenSubtitles	risk-accepted:no-grant	0.01	yes	single-source	OpenSubtitles
детками	19	148	0	OpenSubtitles	risk-accepted:no-grant	0.02	yes	single-source	OpenSubtitles
испорченных	19	148	0	OpenSubtitles	risk-accepted:no-grant	0.00	yes	single-source	OpenSubtitles
перенестись	19	148	0	OpenSubtitles	risk-accepted:no-grant	0.00	yes	single-source	OpenSubtitles
плясал	19	148	0	OpenSubtitles	risk-accepted:no-grant	0.01	yes	single-source	OpenSubtitles
потных	19	147	0	OpenSubtitles	risk-accepted:no-grant	0.01	yes	single-source	OpenSubtitles
дебильная	19	146	0	OpenSubtitles	risk-accepted:no-grant	0.00	yes	single-source	OpenSubtitles
клубничка	19	146	0	OpenSubtitles	risk-accepted:no-grant	0.32	yes	single-source	OpenSubtitles
трутся	19	146	0	OpenSubtitles	risk-accepted:no-grant	0.00	yes	single-source	OpenSubtitles
катапульты	19	145	0	OpenSubtitles	risk-accepted:no-grant	0.09	yes	single-source	OpenSubtitles
киберлюди	19	145	0	OpenSubtitles	risk-accepted:no-grant	0.14	yes	single-source	OpenSubtitles
колымагу	19	145	0	OpenSubtitles	risk-accepted:no-grant	0.01	yes	single-source	OpenSubtitles
краденные	19	145	0	OpenSubtitles	risk-accepted:no-grant	0.01	yes	single-source	OpenSubtitles
мальчонку	19	145	0	OpenSubtitles	risk-accepted:no-grant	0.00	yes	single-source	OpenSubtitles
мрачновато	19	145	0	OpenSubtitles	risk-accepted:no-grant	0.01	yes	single-source	OpenSubtitles
наркоши	19	145	0	OpenSubtitles	risk-accepted:no-grant	0.01	yes	single-source	OpenSubtitles
неотложки	19	145	0	OpenSubtitles	risk-accepted:no-grant	0.05	yes	single-source	OpenSubtitles
упакуем	19	145	0	OpenSubtitles	risk-accepted:no-grant	0.01	yes	single-source	OpenSubtitles
учуяли	19	145	0	OpenSubtitles	risk-accepted:no-grant	0.00	yes	single-source	OpenSubtitles
бостонском	19	144	7	OpenSubtitles+Tatoeba	clean:CC-BY-2.0-FR	0.77	yes	proper-noun-evidence	cap_ratio=0.77>=0.50
снеки	19	144	0	OpenSubtitles	risk-accepted:no-grant	0.02	yes	single-source	OpenSubtitles
технари	19	144	0	OpenSubtitles	risk-accepted:no-grant	0.01	yes	single-source	OpenSubtitles
трахайся	19	144	0	OpenSubtitles	risk-accepted:no-grant	0.02	yes	single-source	OpenSubtitles
лпояы	19	143	0	OpenSubtitles	risk-accepted:no-grant	0.00	yes	single-source	OpenSubtitles
гладиатора	19	142	0	OpenSubtitles	risk-accepted:no-grant	0.23	yes	single-source	OpenSubtitles
хотябы	19	142	0	OpenSubtitles	risk-accepted:no-grant	0.00	yes	single-source	OpenSubtitles
добудьте	19	141	0	OpenSubtitles	risk-accepted:no-grant	0.00	yes	single-source	OpenSubtitles
ляля	19	141	0	OpenSubtitles	risk-accepted:no-grant	0.76	yes	proper-noun-evidence	cap_ratio=0.76>=0.50
джентельмена	19	139	0	OpenSubtitles	risk-accepted:no-grant	0.04	yes	single-source	OpenSubtitles
реальностей	19	139	0	OpenSubtitles	risk-accepted:no-grant	0.01	yes	single-source	OpenSubtitles
слопать	19	139	0	OpenSubtitles	risk-accepted:no-grant	0.00	yes	single-source	OpenSubtitles
айтишник	19	138	0	OpenSubtitles	risk-accepted:no-grant	0.02	yes	single-source	OpenSubtitles
кадрить	19	138	0	OpenSubtitles	risk-accepted:no-grant	0.00	yes	single-source	OpenSubtitles
сутенёром	19	138	0	OpenSubtitles	risk-accepted:no-grant	0.00	yes	single-source	OpenSubtitles
адреналином	19	137	0	OpenSubtitles	risk-accepted:no-grant	0.07	yes	single-source	OpenSubtitles
беззащитную	19	137	0	OpenSubtitles	risk-accepted:no-grant	0.00	yes	single-source	OpenSubtitles
буйных	19	137	0	OpenSubtitles	risk-accepted:no-grant	0.03	yes	single-source	OpenSubtitles
дистрикт	19	137	0	OpenSubtitles	risk-accepted:no-grant	0.79	yes	proper-noun-evidence	cap_ratio=0.79>=0.50
закопан	19	137	0	OpenSubtitles	risk-accepted:no-grant	0.01	yes	single-source	OpenSubtitles
импульсные	19	137	0	OpenSubtitles	risk-accepted:no-grant	0.01	yes	single-source	OpenSubtitles
нездоровы	19	137	0	OpenSubtitles	risk-accepted:no-grant	0.00	yes	single-source	OpenSubtitles
озарит	19	137	0	OpenSubtitles	risk-accepted:no-grant	0.02	yes	single-source	OpenSubtitles
пробудит	19	137	0	OpenSubtitles	risk-accepted:no-grant	0.00	yes	single-source	OpenSubtitles
сатин	19	137	0	OpenSubtitles	risk-accepted:no-grant	0.74	yes	proper-noun-evidence	cap_ratio=0.74>=0.50
хин	19	137	0	OpenSubtitles	risk-accepted:no-grant	0.75	yes	proper-noun-evidence	cap_ratio=0.75>=0.50
чоризо	19	137	0	OpenSubtitles	risk-accepted:no-grant	0.03	yes	single-source	OpenSubtitles
нервируешь	19	136	0	OpenSubtitles	risk-accepted:no-grant	0.00	yes	single-source	OpenSubtitles
раздражающе	19	136	0	OpenSubtitles	risk-accepted:no-grant	0.01	yes	single-source	OpenSubtitles
таскается	19	136	0	OpenSubtitles	risk-accepted:no-grant	0.00	yes	single-source	OpenSubtitles
шавки	19	136	0	OpenSubtitles	risk-accepted:no-grant	0.00	yes	single-source	OpenSubtitles
блюиейб	19	135	0	OpenSubtitles	risk-accepted:no-grant	0.00	yes	single-source	OpenSubtitles
кремация	19	135	0	OpenSubtitles	risk-accepted:no-grant	0.02	yes	single-source	OpenSubtitles
пещерных	19	135	0	OpenSubtitles	risk-accepted:no-grant	0.04	yes	single-source	OpenSubtitles
раздуваешь	19	135	0	OpenSubtitles	risk-accepted:no-grant	0.00	yes	single-source	OpenSubtitles
депрессивно	19	134	0	OpenSubtitles	risk-accepted:no-grant	0.00	yes	single-source	OpenSubtitles
мутантами	19	134	0	OpenSubtitles	risk-accepted:no-grant	0.05	yes	single-source	OpenSubtitles
беби	19	133	0	OpenSubtitles	risk-accepted:no-grant	0.52	yes	proper-noun-evidence	cap_ratio=0.52>=0.50
растеряла	19	133	0	OpenSubtitles	risk-accepted:no-grant	0.00	yes	single-source	OpenSubtitles
азиата	19	132	0	OpenSubtitles	risk-accepted:no-grant	0.05	yes	single-source	OpenSubtitles
покормит	19	131	0	OpenSubtitles	risk-accepted:no-grant	0.00	yes	single-source	OpenSubtitles
прогоняю	19	130	0	OpenSubtitles	risk-accepted:no-grant	0.00	yes	single-source	OpenSubtitles
рататуй	19	130	0	OpenSubtitles	risk-accepted:no-grant	0.46	yes	single-source	OpenSubtitles
часовщика	19	130	0	OpenSubtitles	risk-accepted:no-grant	0.35	yes	single-source	OpenSubtitles
бабуин	19	128	0	OpenSubtitles	risk-accepted:no-grant	0.06	yes	single-source	OpenSubtitles
бюфмн	19	128	0	OpenSubtitles	risk-accepted:no-grant	0.79	yes	proper-noun-evidence	cap_ratio=0.79>=0.50
дергал	19	128	0	OpenSubtitles	risk-accepted:no-grant	0.00	yes	single-source	OpenSubtitles
кукурузном	19	128	0	OpenSubtitles	risk-accepted:no-grant	0.05	yes	single-source	OpenSubtitles
охренела	19	128	0	OpenSubtitles	risk-accepted:no-grant	0.00	yes	single-source	OpenSubtitles
гейское	19	127	0	OpenSubtitles	risk-accepted:no-grant	0.01	yes	single-source	OpenSubtitles
малёк	19	127	0	OpenSubtitles	risk-accepted:no-grant	0.21	yes	single-source	OpenSubtitles
риэлтора	19	127	0	OpenSubtitles	risk-accepted:no-grant	0.03	yes	single-source	OpenSubtitles
светящаяся	19	127	0	OpenSubtitles	risk-accepted:no-grant	0.01	yes	single-source	OpenSubtitles
гхнбякб	19	124	0	OpenSubtitles	risk-accepted:no-grant	0.00	yes	single-source	OpenSubtitles
заварушки	19	124	0	OpenSubtitles	risk-accepted:no-grant	0.00	yes	single-source	OpenSubtitles
рестлеров	19	124	0	OpenSubtitles	risk-accepted:no-grant	0.08	yes	single-source	OpenSubtitles
троечку	19	124	0	OpenSubtitles	risk-accepted:no-grant	0.00	yes	single-source	OpenSubtitles
переместим	19	123	0	OpenSubtitles	risk-accepted:no-grant	0.00	yes	single-source	OpenSubtitles
рейт	19	123	0	OpenSubtitles	risk-accepted:no-grant	0.05	yes	single-source	OpenSubtitles
стукнули	19	123	0	OpenSubtitles	risk-accepted:no-grant	0.00	yes	single-source	OpenSubtitles
заскучать	19	122	0	OpenSubtitles	risk-accepted:no-grant	0.00	yes	single-source	OpenSubtitles
затащу	19	122	0	OpenSubtitles	risk-accepted:no-grant	0.00	yes	single-source	OpenSubtitles
ночнушку	19	121	0	OpenSubtitles	risk-accepted:no-grant	0.00	yes	single-source	OpenSubtitles
двуликий	19	120	1	OpenSubtitles+Tatoeba	clean:CC-BY-2.0-FR	0.51	yes	proper-noun-evidence	cap_ratio=0.51>=0.50
подпорки	19	120	0	OpenSubtitles	risk-accepted:no-grant	0.00	yes	single-source	OpenSubtitles
протягиваю	19	120	0	OpenSubtitles	risk-accepted:no-grant	0.00	yes	single-source	OpenSubtitles
седого	19	120	0	OpenSubtitles	risk-accepted:no-grant	0.53	yes	proper-noun-evidence	cap_ratio=0.53>=0.50
мотелях	19	119	0	OpenSubtitles	risk-accepted:no-grant	0.00	yes	single-source	OpenSubtitles
отсылаю	19	119	0	OpenSubtitles	risk-accepted:no-grant	0.00	yes	single-source	OpenSubtitles
скромница	19	119	0	OpenSubtitles	risk-accepted:no-grant	0.03	yes	single-source	OpenSubtitles
сногсшибательный	19	119	0	OpenSubtitles	risk-accepted:no-grant	0.04	yes	single-source	OpenSubtitles
астрофизик	19	117	0	OpenSubtitles	risk-accepted:no-grant	0.07	yes	single-source	OpenSubtitles
буу	19	117	0	OpenSubtitles	risk-accepted:no-grant	0.61	yes	proper-noun-evidence	cap_ratio=0.61>=0.50
винодельню	19	117	0	OpenSubtitles	risk-accepted:no-grant	0.00	yes	single-source	OpenSubtitles
изза	19	117	0	OpenSubtitles	risk-accepted:no-grant	0.04	yes	single-source	OpenSubtitles
покатаю	19	117	0	OpenSubtitles	risk-accepted:no-grant	0.01	yes	single-source	OpenSubtitles
айола	19	116	0	OpenSubtitles	risk-accepted:no-grant	0.08	yes	single-source	OpenSubtitles
заинька	19	116	0	OpenSubtitles	risk-accepted:no-grant	0.06	yes	single-source	OpenSubtitles
грубияном	19	115	0	OpenSubtitles	risk-accepted:no-grant	0.00	yes	single-source	OpenSubtitles
пилигримов	19	115	0	OpenSubtitles	risk-accepted:no-grant	0.11	yes	single-source	OpenSubtitles
аконит	19	114	0	OpenSubtitles	risk-accepted:no-grant	0.02	yes	single-source	OpenSubtitles
коржа	19	114	0	OpenSubtitles	risk-accepted:no-grant	0.14	yes	single-source	OpenSubtitles
вламываешься	19	113	0	OpenSubtitles	risk-accepted:no-grant	0.00	yes	single-source	OpenSubtitles
внеземного	19	113	0	OpenSubtitles	risk-accepted:no-grant	0.03	yes	single-source	OpenSubtitles
неопознанное	19	113	0	OpenSubtitles	risk-accepted:no-grant	0.00	yes	single-source	OpenSubtitles
тычь	19	113	0	OpenSubtitles	risk-accepted:no-grant	0.01	yes	single-source	OpenSubtitles
втягиваю	19	112	0	OpenSubtitles	risk-accepted:no-grant	0.00	yes	single-source	OpenSubtitles
заразишься	19	112	0	OpenSubtitles	risk-accepted:no-grant	0.00	yes	single-source	OpenSubtitles
приляжешь	19	112	0	OpenSubtitles	risk-accepted:no-grant	0.00	yes	single-source	OpenSubtitles
клешнями	19	110	0	OpenSubtitles	risk-accepted:no-grant	0.00	no	single-source	OpenSubtitles
благословила	19	109	0	OpenSubtitles	risk-accepted:no-grant	0.00	no	single-source	OpenSubtitles
замял	19	109	0	OpenSubtitles	risk-accepted:no-grant	0.00	no	single-source	OpenSubtitles
трепещу	19	109	0	OpenSubtitles	risk-accepted:no-grant	0.00	no	single-source	OpenSubtitles
водевиль	19	108	0	OpenSubtitles	risk-accepted:no-grant	0.06	no	single-source	OpenSubtitles
мушки	19	108	0	OpenSubtitles	risk-accepted:no-grant	0.01	no	single-source	OpenSubtitles
заявишься	19	107	0	OpenSubtitles	risk-accepted:no-grant	0.00	no	single-source	OpenSubtitles
замкомиссара	19	106	0	OpenSubtitles	risk-accepted:no-grant	0.00	no	single-source	OpenSubtitles
костьми	19	106	0	OpenSubtitles	risk-accepted:no-grant	0.00	no	single-source	OpenSubtitles
полапать	19	106	0	OpenSubtitles	risk-accepted:no-grant	0.00	no	single-source	OpenSubtitles
басов	19	105	0	OpenSubtitles	risk-accepted:no-grant	0.33	no	single-source	OpenSubtitles
ночнушке	19	105	0	OpenSubtitles	risk-accepted:no-grant	0.00	no	single-source	OpenSubtitles
переправлять	19	105	0	OpenSubtitles	risk-accepted:no-grant	0.00	no	single-source	OpenSubtitles
порешу	19	104	0	OpenSubtitles	risk-accepted:no-grant	0.00	no	single-source	OpenSubtitles
тётушкой	19	104	0	OpenSubtitles	risk-accepted:no-grant	0.03	no	single-source	OpenSubtitles
нолик	19	103	0	OpenSubtitles	risk-accepted:no-grant	0.13	no	single-source	OpenSubtitles
рвануло	19	103	0	OpenSubtitles	risk-accepted:no-grant	0.00	no	single-source	OpenSubtitles
биопсия	18	300	0	OpenSubtitles	risk-accepted:no-grant	0.02	yes	single-source	OpenSubtitles
лягушонок	18	283	0	OpenSubtitles	risk-accepted:no-grant	0.25	yes	single-source	OpenSubtitles
тла	18	266	0	OpenSubtitles	risk-accepted:no-grant	0.02	yes	single-source	OpenSubtitles
отягчающими	18	259	0	OpenSubtitles	risk-accepted:no-grant	0.01	yes	single-source	OpenSubtitles
пырнуть	18	253	0	OpenSubtitles	risk-accepted:no-grant	0.00	yes	single-source	OpenSubtitles
свидетельских	18	253	0	OpenSubtitles	risk-accepted:no-grant	0.01	yes	single-source	OpenSubtitles
мелюзга	18	250	0	OpenSubtitles	risk-accepted:no-grant	0.00	yes	single-source	OpenSubtitles
отмщения	18	246	0	OpenSubtitles	risk-accepted:no-grant	0.02	yes	single-source	OpenSubtitles
йюйюъ	18	244	0	OpenSubtitles	risk-accepted:no-grant	0.67	yes	proper-noun-evidence	cap_ratio=0.67>=0.50
унылой	18	242	0	OpenSubtitles	risk-accepted:no-grant	0.01	yes	single-source	OpenSubtitles
мазки	18	241	0	OpenSubtitles	risk-accepted:no-grant	0.01	yes	single-source	OpenSubtitles
рпйпт	18	240	0	OpenSubtitles	risk-accepted:no-grant	0.00	yes	single-source	OpenSubtitles
обалденные	18	233	0	OpenSubtitles	risk-accepted:no-grant	0.01	yes	single-source	OpenSubtitles
сдурела	18	233	0	OpenSubtitles	risk-accepted:no-grant	0.00	yes	single-source	OpenSubtitles
коммодор	18	231	0	OpenSubtitles	risk-accepted:no-grant	0.28	yes	single-source	OpenSubtitles
ерт	18	230	0	OpenSubtitles	risk-accepted:no-grant	0.00	yes	single-source	OpenSubtitles
взорви	18	227	0	OpenSubtitles	risk-accepted:no-grant	0.11	yes	single-source	OpenSubtitles
насчитала	18	227	0	OpenSubtitles	risk-accepted:no-grant	0.00	yes	single-source	OpenSubtitles
отбыть	18	227	0	OpenSubtitles	risk-accepted:no-grant	0.00	yes	single-source	OpenSubtitles
покушался	18	225	0	OpenSubtitles	risk-accepted:no-grant	0.00	yes	single-source	OpenSubtitles
вкусняшек	18	224	0	OpenSubtitles	risk-accepted:no-grant	0.01	yes	single-source	OpenSubtitles
передатчики	18	224	0	OpenSubtitles	risk-accepted:no-grant	0.01	yes	single-source	OpenSubtitles
тыщи	18	223	0	OpenSubtitles	risk-accepted:no-grant	0.00	yes	single-source	OpenSubtitles
уродцы	18	220	0	OpenSubtitles	risk-accepted:no-grant	0.03	yes	single-source	OpenSubtitles
послежу	18	219	0	OpenSubtitles	risk-accepted:no-grant	0.00	yes	single-source	OpenSubtitles
грудинка	18	218	0	OpenSubtitles	risk-accepted:no-grant	0.03	yes	single-source	OpenSubtitles
плаценты	18	218	0	OpenSubtitles	risk-accepted:no-grant	0.01	yes	single-source	OpenSubtitles
совпадет	18	215	0	OpenSubtitles	risk-accepted:no-grant	0.00	yes	single-source	OpenSubtitles
тверже	18	215	0	OpenSubtitles	risk-accepted:no-grant	0.01	yes	single-source	OpenSubtitles
изгоняю	18	214	0	OpenSubtitles	risk-accepted:no-grant	0.01	yes	single-source	OpenSubtitles
сеструха	18	214	0	OpenSubtitles	risk-accepted:no-grant	0.01	yes	single-source	OpenSubtitles
упрятали	18	212	0	OpenSubtitles	risk-accepted:no-grant	0.00	yes	single-source	OpenSubtitles
зваться	18	211	0	OpenSubtitles	risk-accepted:no-grant	0.00	yes	single-source	OpenSubtitles
констеблем	18	211	0	OpenSubtitles	risk-accepted:no-grant	0.05	yes	single-source	OpenSubtitles
увольнительную	18	211	0	OpenSubtitles	risk-accepted:no-grant	0.00	yes	single-source	OpenSubtitles
мустанга	18	210	0	OpenSubtitles	risk-accepted:no-grant	0.67	yes	proper-noun-evidence	cap_ratio=0.67>=0.50
рейнджером	18	210	0	OpenSubtitles	risk-accepted:no-grant	0.23	yes	single-source	OpenSubtitles
таг	18	210	0	OpenSubtitles	risk-accepted:no-grant	0.64	yes	proper-noun-evidence	cap_ratio=0.64>=0.50
баксы	18	209	0	OpenSubtitles	risk-accepted:no-grant	0.05	yes	single-source	OpenSubtitles
девственницу	18	209	0	OpenSubtitles	risk-accepted:no-grant	0.02	yes	single-source	OpenSubtitles
рацией	18	209	0	OpenSubtitles	risk-accepted:no-grant	0.00	yes	single-source	OpenSubtitles
пафосно	18	206	0	OpenSubtitles	risk-accepted:no-grant	0.01	yes	single-source	OpenSubtitles
спереть	18	203	0	OpenSubtitles	risk-accepted:no-grant	0.00	yes	single-source	OpenSubtitles
шарманку	18	202	0	OpenSubtitles	risk-accepted:no-grant	0.01	yes	single-source	OpenSubtitles
отстойное	18	201	0	OpenSubtitles	risk-accepted:no-grant	0.00	yes	single-source	OpenSubtitles
саван	18	200	0	OpenSubtitles	risk-accepted:no-grant	0.17	yes	single-source	OpenSubtitles
лемуров	18	198	0	OpenSubtitles	risk-accepted:no-grant	0.05	yes	single-source	OpenSubtitles
обручен	18	198	0	OpenSubtitles	risk-accepted:no-grant	0.01	yes	single-source	OpenSubtitles
бт	18	197	0	OpenSubtitles	risk-accepted:no-grant	0.29	yes	single-source	OpenSubtitles
дайка	18	197	0	OpenSubtitles	risk-accepted:no-grant	0.57	yes	proper-noun-evidence	cap_ratio=0.57>=0.50
напарницу	18	196	0	OpenSubtitles	risk-accepted:no-grant	0.00	yes	single-source	OpenSubtitles
нууу	18	196	0	OpenSubtitles	risk-accepted:no-grant	0.11	yes	single-source	OpenSubtitles
зашили	18	195	0	OpenSubtitles	risk-accepted:no-grant	0.00	yes	single-source	OpenSubtitles
нянечка	18	195	0	OpenSubtitles	risk-accepted:no-grant	0.00	yes	single-source	OpenSubtitles
перевернут	18	195	0	OpenSubtitles	risk-accepted:no-grant	0.01	yes	single-source	OpenSubtitles
ромуланцы	18	195	0	OpenSubtitles	risk-accepted:no-grant	0.06	yes	single-source	OpenSubtitles
искупил	18	194	0	OpenSubtitles	risk-accepted:no-grant	0.00	yes	single-source	OpenSubtitles
моти	18	193	1	OpenSubtitles+Tatoeba	clean:CC-BY-2.0-FR	0.65	yes	proper-noun-evidence	cap_ratio=0.65>=0.50
чистокровный	18	193	0	OpenSubtitles	risk-accepted:no-grant	0.02	yes	single-source	OpenSubtitles
эмболия	18	193	0	OpenSubtitles	risk-accepted:no-grant	0.01	yes	single-source	OpenSubtitles
сфокусируемся	18	191	0	OpenSubtitles	risk-accepted:no-grant	0.00	yes	single-source	OpenSubtitles
яппи	18	191	0	OpenSubtitles	risk-accepted:no-grant	0.09	yes	single-source	OpenSubtitles
акого	18	190	0	OpenSubtitles	risk-accepted:no-grant	0.00	yes	single-source	OpenSubtitles
ануса	18	190	0	OpenSubtitles	risk-accepted:no-grant	0.02	yes	single-source	OpenSubtitles
еж	18	190	0	OpenSubtitles	risk-accepted:no-grant	0.13	yes	single-source	OpenSubtitles
фотками	18	190	0	OpenSubtitles	risk-accepted:no-grant	0.01	yes	single-source	OpenSubtitles
батю	18	189	0	OpenSubtitles	risk-accepted:no-grant	0.02	yes	single-source	OpenSubtitles
беспомощных	18	189	0	OpenSubtitles	risk-accepted:no-grant	0.02	yes	single-source	OpenSubtitles
каталке	18	189	0	OpenSubtitles	risk-accepted:no-grant	0.00	yes	single-source	OpenSubtitles
лимфома	18	189	0	OpenSubtitles	risk-accepted:no-grant	0.01	yes	single-source	OpenSubtitles
рамён	18	189	0	OpenSubtitles	risk-accepted:no-grant	0.03	yes	single-source	OpenSubtitles
зельем	18	188	0	OpenSubtitles	risk-accepted:no-grant	0.00	yes	single-source	OpenSubtitles
назидание	18	187	0	OpenSubtitles	risk-accepted:no-grant	0.01	yes	single-source	OpenSubtitles
прочешем	18	187	0	OpenSubtitles	risk-accepted:no-grant	0.00	yes	single-source	OpenSubtitles
хомо	18	186	0	OpenSubtitles	risk-accepted:no-grant	0.46	yes	single-source	OpenSubtitles
желудочный	18	185	0	OpenSubtitles	risk-accepted:no-grant	0.01	yes	single-source	OpenSubtitles
поющих	18	185	0	OpenSubtitles	risk-accepted:no-grant	0.19	yes	single-source	OpenSubtitles
банкай	18	184	0	OpenSubtitles	risk-accepted:no-grant	0.42	yes	single-source	OpenSubtitles
данк	18	184	0	OpenSubtitles	risk-accepted:no-grant	0.48	yes	single-source	OpenSubtitles
нееет	18	184	0	OpenSubtitles	risk-accepted:no-grant	0.24	yes	single-source	OpenSubtitles
букашки	18	183	0	OpenSubtitles	risk-accepted:no-grant	0.01	yes	single-source	OpenSubtitles
приковали	18	183	0	OpenSubtitles	risk-accepted:no-grant	0.00	yes	single-source	OpenSubtitles
связующее	18	183	0	OpenSubtitles	risk-accepted:no-grant	0.01	yes	single-source	OpenSubtitles
торчком	18	183	0	OpenSubtitles	risk-accepted:no-grant	0.02	yes	single-source	OpenSubtitles
вырезку	18	182	0	OpenSubtitles	risk-accepted:no-grant	0.00	yes	single-source	OpenSubtitles
приберег	18	182	0	OpenSubtitles	risk-accepted:no-grant	0.00	yes	single-source	OpenSubtitles
тремор	18	182	0	OpenSubtitles	risk-accepted:no-grant	0.06	yes	single-source	OpenSubtitles
возбуждающе	18	181	0	OpenSubtitles	risk-accepted:no-grant	0.00	yes	single-source	OpenSubtitles
дрянные	18	180	0	OpenSubtitles	risk-accepted:no-grant	0.16	yes	single-source	OpenSubtitles
шлепать	18	180	0	OpenSubtitles	risk-accepted:no-grant	0.01	yes	single-source	OpenSubtitles
прощаний	18	179	0	OpenSubtitles	risk-accepted:no-grant	0.02	yes	single-source	OpenSubtitles
луау	18	178	0	OpenSubtitles	risk-accepted:no-grant	0.35	yes	single-source	OpenSubtitles
соцслужбы	18	178	0	OpenSubtitles	risk-accepted:no-grant	0.05	yes	single-source	OpenSubtitles
ватит	18	177	0	OpenSubtitles	risk-accepted:no-grant	0.00	yes	single-source	OpenSubtitles
спонсировал	18	177	0	OpenSubtitles	risk-accepted:no-grant	0.01	yes	single-source	OpenSubtitles
гидрант	18	176	0	OpenSubtitles	risk-accepted:no-grant	0.02	yes	single-source	OpenSubtitles
закусочных	18	176	0	OpenSubtitles	risk-accepted:no-grant	0.00	yes	single-source	OpenSubtitles
нарыли	18	176	0	OpenSubtitles	risk-accepted:no-grant	0.00	yes	single-source	OpenSubtitles
просрать	18	176	0	OpenSubtitles	risk-accepted:no-grant	0.00	yes	single-source	OpenSubtitles
йати	18	175	0	OpenSubtitles	risk-accepted:no-grant	0.01	yes	single-source	OpenSubtitles
навязчивый	18	175	0	OpenSubtitles	risk-accepted:no-grant	0.01	yes	single-source	OpenSubtitles
наган	18	175	0	OpenSubtitles	risk-accepted:no-grant	0.19	yes	single-source	OpenSubtitles
отступные	18	175	0	OpenSubtitles	risk-accepted:no-grant	0.00	yes	single-source	OpenSubtitles
скейт	18	175	0	OpenSubtitles	risk-accepted:no-grant	0.03	yes	single-source	OpenSubtitles
напивалась	18	174	0	OpenSubtitles	risk-accepted:no-grant	0.00	yes	single-source	OpenSubtitles
кетамина	18	173	0	OpenSubtitles	risk-accepted:no-grant	0.07	yes	single-source	OpenSubtitles
гутен	18	172	0	OpenSubtitles	risk-accepted:no-grant	0.41	yes	single-source	OpenSubtitles
кислородный	18	171	0	OpenSubtitles	risk-accepted:no-grant	0.03	yes	single-source	OpenSubtitles
сканирую	18	171	0	OpenSubtitles	risk-accepted:no-grant	0.01	yes	single-source	OpenSubtitles
ангельская	18	170	0	OpenSubtitles	risk-accepted:no-grant	0.13	yes	single-source	OpenSubtitles
бухал	18	170	0	OpenSubtitles	risk-accepted:no-grant	0.01	yes	single-source	OpenSubtitles
выслеживали	18	170	0	OpenSubtitles	risk-accepted:no-grant	0.00	yes	single-source	OpenSubtitles
сохнешь	18	170	0	OpenSubtitles	risk-accepted:no-grant	0.01	yes	single-source	OpenSubtitles
вил	18	169	1	OpenSubtitles+Tatoeba	clean:CC-BY-2.0-FR	0.63	yes	proper-noun-evidence	cap_ratio=0.63>=0.50
червяки	18	169	0	OpenSubtitles	risk-accepted:no-grant	0.02	yes	single-source	OpenSubtitles
задницах	18	168	0	OpenSubtitles	risk-accepted:no-grant	0.01	yes	single-source	OpenSubtitles
иммиграционный	18	168	0	OpenSubtitles	risk-accepted:no-grant	0.06	yes	single-source	OpenSubtitles
капелькой	18	168	0	OpenSubtitles	risk-accepted:no-grant	0.00	yes	single-source	OpenSubtitles
хладнокровное	18	168	0	OpenSubtitles	risk-accepted:no-grant	0.09	yes	single-source	OpenSubtitles
долбанутая	18	167	0	OpenSubtitles	risk-accepted:no-grant	0.01	yes	single-source	OpenSubtitles
лишим	18	167	0	OpenSubtitles	risk-accepted:no-grant	0.00	yes	single-source	OpenSubtitles
интригующе	18	166	0	OpenSubtitles	risk-accepted:no-grant	0.01	yes	single-source	OpenSubtitles
орхидею	18	166	0	OpenSubtitles	risk-accepted:no-grant	0.25	yes	single-source	OpenSubtitles
проворачивал	18	166	0	OpenSubtitles	risk-accepted:no-grant	0.00	yes	single-source	OpenSubtitles
конченая	18	165	0	OpenSubtitles	risk-accepted:no-grant	0.01	yes	single-source	OpenSubtitles
оценщик	18	165	0	OpenSubtitles	risk-accepted:no-grant	0.03	yes	single-source	OpenSubtitles
тычешь	18	165	0	OpenSubtitles	risk-accepted:no-grant	0.00	yes	single-source	OpenSubtitles
цпсь	18	165	0	OpenSubtitles	risk-accepted:no-grant	0.01	yes	single-source	OpenSubtitles
икки	18	164	0	OpenSubtitles	risk-accepted:no-grant	0.46	yes	single-source	OpenSubtitles
матадор	18	164	0	OpenSubtitles	risk-accepted:no-grant	0.32	yes	single-source	OpenSubtitles
подохнешь	18	164	0	OpenSubtitles	risk-accepted:no-grant	0.01	yes	single-source	OpenSubtitles
задиры	18	163	0	OpenSubtitles	risk-accepted:no-grant	0.11	yes	single-source	OpenSubtitles
молит	18	163	0	OpenSubtitles	risk-accepted:no-grant	0.01	yes	single-source	OpenSubtitles
падаван	18	163	0	OpenSubtitles	risk-accepted:no-grant	0.11	yes	single-source	OpenSubtitles
палят	18	163	0	OpenSubtitles	risk-accepted:no-grant	0.00	yes	single-source	OpenSubtitles
папиным	18	163	0	OpenSubtitles	risk-accepted:no-grant	0.01	yes	single-source	OpenSubtitles
берешься	18	162	0	OpenSubtitles	risk-accepted:no-grant	0.00	yes	single-source	OpenSubtitles
булла	18	162	0	OpenSubtitles	risk-accepted:no-grant	0.78	yes	proper-noun-evidence	cap_ratio=0.78>=0.50
выманим	18	162	0	OpenSubtitles	risk-accepted:no-grant	0.00	yes	single-source	OpenSubtitles
капают	18	162	0	OpenSubtitles	risk-accepted:no-grant	0.04	yes	single-source	OpenSubtitles
клоп	18	162	0	OpenSubtitles	risk-accepted:no-grant	0.18	yes	single-source	OpenSubtitles
уродца	18	162	0	OpenSubtitles	risk-accepted:no-grant	0.02	yes	single-source	OpenSubtitles
бесил	18	161	0	OpenSubtitles	risk-accepted:no-grant	0.00	yes	single-source	OpenSubtitles
ждущих	18	161	0	OpenSubtitles	risk-accepted:no-grant	0.00	yes	single-source	OpenSubtitles
заточение	18	161	0	OpenSubtitles	risk-accepted:no-grant	0.01	yes	single-source	OpenSubtitles
искривления	18	161	0	OpenSubtitles	risk-accepted:no-grant	0.00	yes	single-source	OpenSubtitles
купятся	18	161	0	OpenSubtitles	risk-accepted:no-grant	0.01	yes	single-source	OpenSubtitles
облачко	18	161	0	OpenSubtitles	risk-accepted:no-grant	0.11	yes	single-source	OpenSubtitles
распускают	18	161	0	OpenSubtitles	risk-accepted:no-grant	0.01	yes	single-source	OpenSubtitles
считаюсь	18	161	0	OpenSubtitles	risk-accepted:no-grant	0.00	yes	single-source	OpenSubtitles
хоббиты	18	161	0	OpenSubtitles	risk-accepted:no-grant	0.21	yes	single-source	OpenSubtitles
хорьков	18	161	0	OpenSubtitles	risk-accepted:no-grant	0.12	yes	single-source	OpenSubtitles
десницей	18	160	1	OpenSubtitles+Tatoeba	clean:CC-BY-2.0-FR	0.58	yes	proper-noun-evidence	cap_ratio=0.58>=0.50
запихать	18	160	0	OpenSubtitles	risk-accepted:no-grant	0.00	yes	single-source	OpenSubtitles
ное	18	160	1	OpenSubtitles+Tatoeba	clean:CC-BY-2.0-FR	0.65	yes	proper-noun-evidence	cap_ratio=0.65>=0.50
излечение	18	159	0	OpenSubtitles	risk-accepted:no-grant	0.02	yes	single-source	OpenSubtitles
кровожадных	18	159	0	OpenSubtitles	risk-accepted:no-grant	0.00	yes	single-source	OpenSubtitles
акое	18	158	0	OpenSubtitles	risk-accepted:no-grant	0.08	yes	single-source	OpenSubtitles
отслежу	18	158	0	OpenSubtitles	risk-accepted:no-grant	0.00	yes	single-source	OpenSubtitles
пристаю	18	158	0	OpenSubtitles	risk-accepted:no-grant	0.01	yes	single-source	OpenSubtitles
клиентуру	18	157	0	OpenSubtitles	risk-accepted:no-grant	0.00	yes	single-source	OpenSubtitles
электрошокером	18	156	0	OpenSubtitles	risk-accepted:no-grant	0.01	yes	single-source	OpenSubtitles
латиносов	18	155	0	OpenSubtitles	risk-accepted:no-grant	0.01	yes	single-source	OpenSubtitles
неуправляемый	18	155	0	OpenSubtitles	risk-accepted:no-grant	0.02	yes	single-source	OpenSubtitles
получеловек	18	155	0	OpenSubtitles	risk-accepted:no-grant	0.03	yes	single-source	OpenSubtitles
реслинга	18	155	0	OpenSubtitles	risk-accepted:no-grant	0.05	yes	single-source	OpenSubtitles
солдатика	18	155	0	OpenSubtitles	risk-accepted:no-grant	0.23	yes	single-source	OpenSubtitles
тромбоз	18	155	0	OpenSubtitles	risk-accepted:no-grant	0.00	yes	single-source	OpenSubtitles
капа	18	154	0	OpenSubtitles	risk-accepted:no-grant	0.69	yes	proper-noun-evidence	cap_ratio=0.69>=0.50
мбмь	18	154	0	OpenSubtitles	risk-accepted:no-grant	0.02	yes	single-source	OpenSubtitles
нё	18	154	0	OpenSubtitles	risk-accepted:no-grant	0.62	yes	proper-noun-evidence	cap_ratio=0.62>=0.50
богатеи	18	153	0	OpenSubtitles	risk-accepted:no-grant	0.00	yes	single-source	OpenSubtitles
гомиком	18	153	0	OpenSubtitles	risk-accepted:no-grant	0.00	yes	single-source	OpenSubtitles
саксов	18	153	0	OpenSubtitles	risk-accepted:no-grant	0.08	yes	single-source	OpenSubtitles
симку	18	153	0	OpenSubtitles	risk-accepted:no-grant	0.06	yes	single-source	OpenSubtitles
убъет	18	153	0	OpenSubtitles	risk-accepted:no-grant	0.01	yes	single-source	OpenSubtitles
чествуем	18	153	0	OpenSubtitles	risk-accepted:no-grant	0.00	yes	single-source	OpenSubtitles
водишься	18	152	0	OpenSubtitles	risk-accepted:no-grant	0.00	yes	single-source	OpenSubtitles
молясь	18	152	0	OpenSubtitles	risk-accepted:no-grant	0.02	yes	single-source	OpenSubtitles
мэйдэй	18	152	0	OpenSubtitles	risk-accepted:no-grant	0.61	yes	proper-noun-evidence	cap_ratio=0.61>=0.50
патефон	18	152	0	OpenSubtitles	risk-accepted:no-grant	0.05	yes	single-source	OpenSubtitles
похитителям	18	152	0	OpenSubtitles	risk-accepted:no-grant	0.03	yes	single-source	OpenSubtitles
веснушка	18	151	0	OpenSubtitles	risk-accepted:no-grant	0.67	yes	proper-noun-evidence	cap_ratio=0.67>=0.50
деревенщин	18	151	0	OpenSubtitles	risk-accepted:no-grant	0.01	yes	single-source	OpenSubtitles
заклятья	18	151	0	OpenSubtitles	risk-accepted:no-grant	0.01	yes	single-source	OpenSubtitles
истребительницы	18	151	0	OpenSubtitles	risk-accepted:no-grant	0.76	yes	proper-noun-evidence	cap_ratio=0.76>=0.50
продержат	18	151	0	OpenSubtitles	risk-accepted:no-grant	0.00	yes	single-source	OpenSubtitles
рвусь	18	151	0	OpenSubtitles	risk-accepted:no-grant	0.01	yes	single-source	OpenSubtitles
споете	18	151	0	OpenSubtitles	risk-accepted:no-grant	0.00	yes	single-source	OpenSubtitles
тренажерном	18	151	0	OpenSubtitles	risk-accepted:no-grant	0.00	yes	single-source	OpenSubtitles
лосьона	18	150	0	OpenSubtitles	risk-accepted:no-grant	0.00	yes	single-source	OpenSubtitles
отберёт	18	150	0	OpenSubtitles	risk-accepted:no-grant	0.00	yes	single-source	OpenSubtitles
удочерила	18	150	0	OpenSubtitles	risk-accepted:no-grant	0.01	yes	single-source	OpenSubtitles
дотянет	18	149	0	OpenSubtitles	risk-accepted:no-grant	0.00	yes	single-source	OpenSubtitles
кажите	18	149	0	OpenSubtitles	risk-accepted:no-grant	0.00	yes	single-source	OpenSubtitles
накачан	18	149	0	OpenSubtitles	risk-accepted:no-grant	0.01	yes	single-source	OpenSubtitles
погрузимся	18	149	0	OpenSubtitles	risk-accepted:no-grant	0.02	yes	single-source	OpenSubtitles
ссал	18	149	0	OpenSubtitles	risk-accepted:no-grant	0.00	yes	single-source	OpenSubtitles
автомойка	18	148	0	OpenSubtitles	risk-accepted:no-grant	0.12	yes	single-source	OpenSubtitles
долбанного	18	148	0	OpenSubtitles	risk-accepted:no-grant	0.01	yes	single-source	OpenSubtitles
облететь	18	148	0	OpenSubtitles	risk-accepted:no-grant	0.00	yes	single-source	OpenSubtitles
усыновлен	18	148	0	OpenSubtitles	risk-accepted:no-grant	0.07	yes	single-source	OpenSubtitles
физрук	18	148	0	OpenSubtitles	risk-accepted:no-grant	0.00	yes	single-source	OpenSubtitles
гавнюк	18	147	0	OpenSubtitles	risk-accepted:no-grant	0.00	yes	single-source	OpenSubtitles
придираюсь	18	147	0	OpenSubtitles	risk-accepted:no-grant	0.00	yes	single-source	OpenSubtitles
подгузниками	18	146	0	OpenSubtitles	risk-accepted:no-grant	0.00	yes	single-source	OpenSubtitles
тётушку	18	146	0	OpenSubtitles	risk-accepted:no-grant	0.04	yes	single-source	OpenSubtitles
доберитесь	18	145	0	OpenSubtitles	risk-accepted:no-grant	0.00	yes	single-source	OpenSubtitles
коринфянам	18	145	0	OpenSubtitles	risk-accepted:no-grant	0.74	yes	proper-noun-evidence	cap_ratio=0.74>=0.50
лупит	18	145	0	OpenSubtitles	risk-accepted:no-grant	0.01	yes	single-source	OpenSubtitles
наездников	18	145	0	OpenSubtitles	risk-accepted:no-grant	0.07	yes	single-source	OpenSubtitles
отследит	18	145	0	OpenSubtitles	risk-accepted:no-grant	0.00	yes	single-source	OpenSubtitles
сгорите	18	145	0	OpenSubtitles	risk-accepted:no-grant	0.02	yes	single-source	OpenSubtitles
смываться	18	145	0	OpenSubtitles	risk-accepted:no-grant	0.00	yes	single-source	OpenSubtitles
лишишь	18	144	0	OpenSubtitles	risk-accepted:no-grant	0.01	yes	single-source	OpenSubtitles
музу	18	144	0	OpenSubtitles	risk-accepted:no-grant	0.16	yes	single-source	OpenSubtitles
пожарников	18	144	0	OpenSubtitles	risk-accepted:no-grant	0.01	yes	single-source	OpenSubtitles
разнюхивать	18	144	0	OpenSubtitles	risk-accepted:no-grant	0.00	yes	single-source	OpenSubtitles
словечек	18	144	0	OpenSubtitles	risk-accepted:no-grant	0.01	yes	single-source	OpenSubtitles
сопротивляюсь	18	144	0	OpenSubtitles	risk-accepted:no-grant	0.01	yes	single-source	OpenSubtitles
умницы	18	144	0	OpenSubtitles	risk-accepted:no-grant	0.06	yes	single-source	OpenSubtitles
брусок	18	143	0	OpenSubtitles	risk-accepted:no-grant	0.01	yes	single-source	OpenSubtitles
запираться	18	143	0	OpenSubtitles	risk-accepted:no-grant	0.00	yes	single-source	OpenSubtitles
пекусь	18	143	0	OpenSubtitles	risk-accepted:no-grant	0.00	yes	single-source	OpenSubtitles
подкинет	18	143	0	OpenSubtitles	risk-accepted:no-grant	0.00	yes	single-source	OpenSubtitles
сдохнете	18	143	0	OpenSubtitles	risk-accepted:no-grant	0.03	yes	single-source	OpenSubtitles
сфоткаю	18	143	0	OpenSubtitles	risk-accepted:no-grant	0.00	yes	single-source	OpenSubtitles
трясут	18	143	0	OpenSubtitles	risk-accepted:no-grant	0.01	yes	single-source	OpenSubtitles
эликсира	18	143	0	OpenSubtitles	risk-accepted:no-grant	0.05	yes	single-source	OpenSubtitles
дарована	18	142	0	OpenSubtitles	risk-accepted:no-grant	0.01	yes	single-source	OpenSubtitles
колесить	18	142	0	OpenSubtitles	risk-accepted:no-grant	0.00	yes	single-source	OpenSubtitles
опиаты	18	142	0	OpenSubtitles	risk-accepted:no-grant	0.02	yes	single-source	OpenSubtitles
хил	18	142	3	OpenSubtitles+Tatoeba	clean:CC-BY-2.0-FR	0.78	yes	proper-noun-evidence	cap_ratio=0.78>=0.50
шантажиста	18	142	0	OpenSubtitles	risk-accepted:no-grant	0.02	yes	single-source	OpenSubtitles
десептиконы	18	141	0	OpenSubtitles	risk-accepted:no-grant	0.28	yes	single-source	OpenSubtitles
лобстером	18	141	0	OpenSubtitles	risk-accepted:no-grant	0.01	yes	single-source	OpenSubtitles
мэйл	18	141	0	OpenSubtitles	risk-accepted:no-grant	0.59	yes	proper-noun-evidence	cap_ratio=0.59>=0.50
нереальная	18	141	0	OpenSubtitles	risk-accepted:no-grant	0.00	yes	single-source	OpenSubtitles
прокричать	18	141	0	OpenSubtitles	risk-accepted:no-grant	0.00	yes	single-source	OpenSubtitles
пролезу	18	141	0	OpenSubtitles	risk-accepted:no-grant	0.00	yes	single-source	OpenSubtitles
хип	18	141	0	OpenSubtitles	risk-accepted:no-grant	0.71	yes	proper-noun-evidence	cap_ratio=0.71>=0.50
влипнуть	18	140	0	OpenSubtitles	risk-accepted:no-grant	0.01	yes	single-source	OpenSubtitles
высосала	18	140	0	OpenSubtitles	risk-accepted:no-grant	0.00	yes	single-source	OpenSubtitles
демонического	18	140	0	OpenSubtitles	risk-accepted:no-grant	0.25	yes	single-source	OpenSubtitles
имплантант	18	140	0	OpenSubtitles	risk-accepted:no-grant	0.00	yes	single-source	OpenSubtitles
гадких	18	139	0	OpenSubtitles	risk-accepted:no-grant	0.01	yes	single-source	OpenSubtitles
задирой	18	139	0	OpenSubtitles	risk-accepted:no-grant	0.04	yes	single-source	OpenSubtitles
напалм	18	139	0	OpenSubtitles	risk-accepted:no-grant	0.05	yes	single-source	OpenSubtitles
прокрутить	18	139	0	OpenSubtitles	risk-accepted:no-grant	0.00	yes	single-source	OpenSubtitles
каппучино	18	138	0	OpenSubtitles	risk-accepted:no-grant	0.03	yes	single-source	OpenSubtitles
околачиваться	18	138	0	OpenSubtitles	risk-accepted:no-grant	0.00	yes	single-source	OpenSubtitles
поджарь	18	138	0	OpenSubtitles	risk-accepted:no-grant	0.04	yes	single-source	OpenSubtitles
вытерплю	18	137	0	OpenSubtitles	risk-accepted:no-grant	0.00	yes	single-source	OpenSubtitles
кьие	18	137	0	OpenSubtitles	risk-accepted:no-grant	0.01	yes	single-source	OpenSubtitles
лепешка	18	137	0	OpenSubtitles	risk-accepted:no-grant	0.03	yes	single-source	OpenSubtitles
никчёмной	18	137	0	OpenSubtitles	risk-accepted:no-grant	0.00	yes	single-source	OpenSubtitles
интим	18	136	0	OpenSubtitles	risk-accepted:no-grant	0.09	yes	single-source	OpenSubtitles
пивоварню	18	136	0	OpenSubtitles	risk-accepted:no-grant	0.02	yes	single-source	OpenSubtitles
радиомолчание	18	136	0	OpenSubtitles	risk-accepted:no-grant	0.03	yes	single-source	OpenSubtitles
вдыхаешь	18	135	0	OpenSubtitles	risk-accepted:no-grant	0.01	yes	single-source	OpenSubtitles
кленового	18	135	0	OpenSubtitles	risk-accepted:no-grant	0.06	yes	single-source	OpenSubtitles
расплатитесь	18	135	0	OpenSubtitles	risk-accepted:no-grant	0.00	yes	single-source	OpenSubtitles
светлейший	18	135	0	OpenSubtitles	risk-accepted:no-grant	0.17	yes	single-source	OpenSubtitles
смоется	18	135	0	OpenSubtitles	risk-accepted:no-grant	0.00	yes	single-source	OpenSubtitles
суперсилу	18	135	0	OpenSubtitles	risk-accepted:no-grant	0.01	yes	single-source	OpenSubtitles
зова	18	134	0	OpenSubtitles	risk-accepted:no-grant	0.38	yes	single-source	OpenSubtitles
клюнули	18	134	0	OpenSubtitles	risk-accepted:no-grant	0.01	yes	single-source	OpenSubtitles
нунчаки	18	134	0	OpenSubtitles	risk-accepted:no-grant	0.01	yes	single-source	OpenSubtitles
потрошителем	18	134	0	OpenSubtitles	risk-accepted:no-grant	0.70	yes	proper-noun-evidence	cap_ratio=0.70>=0.50
запудрил	18	133	0	OpenSubtitles	risk-accepted:no-grant	0.00	yes	single-source	OpenSubtitles
переодевание	18	133	0	OpenSubtitles	risk-accepted:no-grant	0.01	yes	single-source	OpenSubtitles
сокрушу	18	133	0	OpenSubtitles	risk-accepted:no-grant	0.00	yes	single-source	OpenSubtitles
глазеют	18	132	0	OpenSubtitles	risk-accepted:no-grant	0.01	yes	single-source	OpenSubtitles
извращений	18	132	0	OpenSubtitles	risk-accepted:no-grant	0.01	yes	single-source	OpenSubtitles
обезьянья	18	132	0	OpenSubtitles	risk-accepted:no-grant	0.13	yes	single-source	OpenSubtitles
онялнрпх	18	132	0	OpenSubtitles	risk-accepted:no-grant	0.66	yes	proper-noun-evidence	cap_ratio=0.66>=0.50
распнут	18	132	0	OpenSubtitles	risk-accepted:no-grant	0.00	yes	single-source	OpenSubtitles
тосте	18	132	0	OpenSubtitles	risk-accepted:no-grant	0.01	yes	single-source	OpenSubtitles
уэнб	18	132	0	OpenSubtitles	risk-accepted:no-grant	0.01	yes	single-source	OpenSubtitles
локатор	18	131	0	OpenSubtitles	risk-accepted:no-grant	0.06	yes	single-source	OpenSubtitles
пропах	18	131	0	OpenSubtitles	risk-accepted:no-grant	0.00	yes	single-source	OpenSubtitles
искалечил	18	130	0	OpenSubtitles	risk-accepted:no-grant	0.00	yes	single-source	OpenSubtitles
покалечили	18	130	0	OpenSubtitles	risk-accepted:no-grant	0.00	yes	single-source	OpenSubtitles
макколи	18	129	0	OpenSubtitles	risk-accepted:no-grant	0.76	yes	proper-noun-evidence	cap_ratio=0.76>=0.50
мушкетер	18	129	0	OpenSubtitles	risk-accepted:no-grant	0.15	yes	single-source	OpenSubtitles
натянули	18	128	0	OpenSubtitles	risk-accepted:no-grant	0.01	yes	single-source	OpenSubtitles
отходняк	18	128	0	OpenSubtitles	risk-accepted:no-grant	0.01	yes	single-source	OpenSubtitles
аппи	18	127	0	OpenSubtitles	risk-accepted:no-grant	0.03	yes	single-source	OpenSubtitles
вегетарианское	18	127	0	OpenSubtitles	risk-accepted:no-grant	0.05	yes	single-source	OpenSubtitles
глистов	18	127	0	OpenSubtitles	risk-accepted:no-grant	0.00	yes	single-source	OpenSubtitles
овечкой	18	127	0	OpenSubtitles	risk-accepted:no-grant	0.04	yes	single-source	OpenSubtitles
баккара	18	126	0	OpenSubtitles	risk-accepted:no-grant	0.37	yes	single-source	OpenSubtitles
интрижек	18	126	0	OpenSubtitles	risk-accepted:no-grant	0.02	yes	single-source	OpenSubtitles
обмочил	18	126	0	OpenSubtitles	risk-accepted:no-grant	0.00	yes	single-source	OpenSubtitles
томится	18	126	0	OpenSubtitles	risk-accepted:no-grant	0.01	yes	single-source	OpenSubtitles
циркония	18	126	0	OpenSubtitles	risk-accepted:no-grant	0.22	yes	single-source	OpenSubtitles
беспощадной	18	125	0	OpenSubtitles	risk-accepted:no-grant	0.03	yes	single-source	OpenSubtitles
выскакивают	18	125	0	OpenSubtitles	risk-accepted:no-grant	0.01	yes	single-source	OpenSubtitles
помоюсь	18	125	0	OpenSubtitles	risk-accepted:no-grant	0.01	yes	single-source	OpenSubtitles
хрустящим	18	125	0	OpenSubtitles	risk-accepted:no-grant	0.04	yes	single-source	OpenSubtitles
бульдозеры	18	124	0	OpenSubtitles	risk-accepted:no-grant	0.01	yes	single-source	OpenSubtitles
врежет	18	124	0	OpenSubtitles	risk-accepted:no-grant	0.01	yes	single-source	OpenSubtitles
дубиной	18	124	0	OpenSubtitles	risk-accepted:no-grant	0.02	yes	single-source	OpenSubtitles
откроюсь	18	124	0	OpenSubtitles	risk-accepted:no-grant	0.01	yes	single-source	OpenSubtitles
поразмыслил	18	124	0	OpenSubtitles	risk-accepted:no-grant	0.00	yes	single-source	OpenSubtitles
сандей	18	124	0	OpenSubtitles	risk-accepted:no-grant	0.67	yes	proper-noun-evidence	cap_ratio=0.67>=0.50
гробовщика	18	123	0	OpenSubtitles	risk-accepted:no-grant	0.17	yes	single-source	OpenSubtitles
иии	18	123	0	OpenSubtitles	risk-accepted:no-grant	0.14	yes	single-source	OpenSubtitles
мутно	18	123	0	OpenSubtitles	risk-accepted:no-grant	0.01	yes	single-source	OpenSubtitles
попьешь	18	123	0	OpenSubtitles	risk-accepted:no-grant	0.00	yes	single-source	OpenSubtitles
примчится	18	123	0	OpenSubtitles	risk-accepted:no-grant	0.00	yes	single-source	OpenSubtitles
противных	18	123	0	OpenSubtitles	risk-accepted:no-grant	0.01	yes	single-source	OpenSubtitles
судимостью	18	123	0	OpenSubtitles	risk-accepted:no-grant	0.00	yes	single-source	OpenSubtitles
герпесом	18	122	0	OpenSubtitles	risk-accepted:no-grant	0.02	yes	single-source	OpenSubtitles
отчислить	18	122	0	OpenSubtitles	risk-accepted:no-grant	0.00	yes	single-source	OpenSubtitles
правительница	18	122	0	OpenSubtitles	risk-accepted:no-grant	0.00	yes	single-source	OpenSubtitles
скотобойню	18	122	0	OpenSubtitles	risk-accepted:no-grant	0.01	yes	single-source	OpenSubtitles
сосунков	18	122	0	OpenSubtitles	risk-accepted:no-grant	0.04	yes	single-source	OpenSubtitles
краля	18	121	0	OpenSubtitles	risk-accepted:no-grant	0.34	yes	single-source	OpenSubtitles
наседка	18	121	0	OpenSubtitles	risk-accepted:no-grant	0.03	yes	single-source	OpenSubtitles
переключаюсь	18	121	0	OpenSubtitles	risk-accepted:no-grant	0.00	yes	single-source	OpenSubtitles
подстраховка	18	121	0	OpenSubtitles	risk-accepted:no-grant	0.01	yes	single-source	OpenSubtitles
склониться	18	121	0	OpenSubtitles	risk-accepted:no-grant	0.00	yes	single-source	OpenSubtitles
напьются	18	120	0	OpenSubtitles	risk-accepted:no-grant	0.00	yes	single-source	OpenSubtitles
служивый	18	120	0	OpenSubtitles	risk-accepted:no-grant	0.05	yes	single-source	OpenSubtitles
видеокассету	18	119	0	OpenSubtitles	risk-accepted:no-grant	0.00	yes	single-source	OpenSubtitles
гига	18	119	2	OpenSubtitles+Tatoeba	clean:CC-BY-2.0-FR	0.79	yes	proper-noun-evidence	cap_ratio=0.79>=0.50
ломки	18	119	0	OpenSubtitles	risk-accepted:no-grant	0.01	yes	single-source	OpenSubtitles
мочалка	18	119	0	OpenSubtitles	risk-accepted:no-grant	0.00	yes	single-source	OpenSubtitles
отмыли	18	119	0	OpenSubtitles	risk-accepted:no-grant	0.01	yes	single-source	OpenSubtitles
подзарядиться	18	119	0	OpenSubtitles	risk-accepted:no-grant	0.00	yes	single-source	OpenSubtitles
человечным	18	119	0	OpenSubtitles	risk-accepted:no-grant	0.00	yes	single-source	OpenSubtitles
беяэ	18	118	0	OpenSubtitles	risk-accepted:no-grant	0.79	yes	proper-noun-evidence	cap_ratio=0.79>=0.50
заправляться	18	118	0	OpenSubtitles	risk-accepted:no-grant	0.00	yes	single-source	OpenSubtitles
самоволке	18	118	0	OpenSubtitles	risk-accepted:no-grant	0.01	yes	single-source	OpenSubtitles
борятся	18	117	0	OpenSubtitles	risk-accepted:no-grant	0.03	yes	single-source	OpenSubtitles
вонючими	18	117	0	OpenSubtitles	risk-accepted:no-grant	0.00	yes	single-source	OpenSubtitles
просрала	18	117	0	OpenSubtitles	risk-accepted:no-grant	0.00	yes	single-source	OpenSubtitles
рамочку	18	117	0	OpenSubtitles	risk-accepted:no-grant	0.00	yes	single-source	OpenSubtitles
уводил	18	117	0	OpenSubtitles	risk-accepted:no-grant	0.00	yes	single-source	OpenSubtitles
шреддер	18	117	0	OpenSubtitles	risk-accepted:no-grant	0.72	yes	proper-noun-evidence	cap_ratio=0.72>=0.50
щелк	18	117	0	OpenSubtitles	risk-accepted:no-grant	0.11	yes	single-source	OpenSubtitles
бесчувственно	18	116	0	OpenSubtitles	risk-accepted:no-grant	0.00	yes	single-source	OpenSubtitles
грохнем	18	116	0	OpenSubtitles	risk-accepted:no-grant	0.00	yes	single-source	OpenSubtitles
обличие	18	116	0	OpenSubtitles	risk-accepted:no-grant	0.02	yes	single-source	OpenSubtitles
расчески	18	116	0	OpenSubtitles	risk-accepted:no-grant	0.01	yes	single-source	OpenSubtitles
спланируем	18	116	0	OpenSubtitles	risk-accepted:no-grant	0.00	yes	single-source	OpenSubtitles
загубили	18	115	0	OpenSubtitles	risk-accepted:no-grant	0.02	yes	single-source	OpenSubtitles
проучил	18	115	0	OpenSubtitles	risk-accepted:no-grant	0.00	yes	single-source	OpenSubtitles
эпический	18	115	0	OpenSubtitles	risk-accepted:no-grant	0.01	yes	single-source	OpenSubtitles
обдумываешь	18	114	0	OpenSubtitles	risk-accepted:no-grant	0.00	yes	single-source	OpenSubtitles
тчк	18	114	0	OpenSubtitles	risk-accepted:no-grant	0.31	yes	single-source	OpenSubtitles
дурила	18	112	0	OpenSubtitles	risk-accepted:no-grant	0.04	yes	single-source	OpenSubtitles
самурайский	18	112	0	OpenSubtitles	risk-accepted:no-grant	0.04	yes	single-source	OpenSubtitles
гадам	18	111	0	OpenSubtitles	risk-accepted:no-grant	0.00	yes	single-source	OpenSubtitles
демоническую	18	111	0	OpenSubtitles	risk-accepted:no-grant	0.06	yes	single-source	OpenSubtitles
емэнб	18	111	0	OpenSubtitles	risk-accepted:no-grant	0.00	yes	single-source	OpenSubtitles
кольтом	18	111	0	OpenSubtitles	risk-accepted:no-grant	0.78	yes	proper-noun-evidence	cap_ratio=0.78>=0.50
маскировкой	18	111	0	OpenSubtitles	risk-accepted:no-grant	0.01	yes	single-source	OpenSubtitles
мочат	18	111	0	OpenSubtitles	risk-accepted:no-grant	0.00	yes	single-source	OpenSubtitles
подмигивает	18	111	0	OpenSubtitles	risk-accepted:no-grant	0.00	yes	single-source	OpenSubtitles
старпома	18	111	0	OpenSubtitles	risk-accepted:no-grant	0.03	no	single-source	OpenSubtitles
формальдегид	18	111	0	OpenSubtitles	risk-accepted:no-grant	0.00	no	single-source	OpenSubtitles
червям	18	111	0	OpenSubtitles	risk-accepted:no-grant	0.00	no	single-source	OpenSubtitles
беспокойной	18	110	0	OpenSubtitles	risk-accepted:no-grant	0.00	no	single-source	OpenSubtitles
газетчиков	18	110	0	OpenSubtitles	risk-accepted:no-grant	0.00	no	single-source	OpenSubtitles
маскируется	18	110	0	OpenSubtitles	risk-accepted:no-grant	0.02	no	single-source	OpenSubtitles
отбыли	18	110	0	OpenSubtitles	risk-accepted:no-grant	0.00	no	single-source	OpenSubtitles
расшумелись	18	109	0	OpenSubtitles	risk-accepted:no-grant	0.00	no	single-source	OpenSubtitles
окрепнет	18	108	0	OpenSubtitles	risk-accepted:no-grant	0.00	no	single-source	OpenSubtitles
разлегся	18	108	0	OpenSubtitles	risk-accepted:no-grant	0.00	no	single-source	OpenSubtitles
скво	18	108	0	OpenSubtitles	risk-accepted:no-grant	0.28	no	single-source	OpenSubtitles
находчивая	18	106	0	OpenSubtitles	risk-accepted:no-grant	0.01	no	single-source	OpenSubtitles
прирожденная	18	106	0	OpenSubtitles	risk-accepted:no-grant	0.00	no	single-source	OpenSubtitles
жирдяя	18	104	0	OpenSubtitles	risk-accepted:no-grant	0.22	no	single-source	OpenSubtitles
конюшнях	18	104	0	OpenSubtitles	risk-accepted:no-grant	0.01	no	single-source	OpenSubtitles
стаут	18	104	0	OpenSubtitles	risk-accepted:no-grant	0.69	no	proper-noun-evidence	cap_ratio=0.69>=0.50
измором	18	103	0	OpenSubtitles	risk-accepted:no-grant	0.00	no	single-source	OpenSubtitles
мошонке	18	103	0	OpenSubtitles	risk-accepted:no-grant	0.01	no	single-source	OpenSubtitles
вонючим	17	249	0	OpenSubtitles	risk-accepted:no-grant	0.01	yes	single-source	OpenSubtitles
прикасаешься	17	248	0	OpenSubtitles	risk-accepted:no-grant	0.00	yes	single-source	OpenSubtitles
йони	17	246	1	OpenSubtitles+Tatoeba	clean:CC-BY-2.0-FR	0.71	yes	proper-noun-evidence	cap_ratio=0.71>=0.50
коротышкой	17	242	0	OpenSubtitles	risk-accepted:no-grant	0.17	yes	single-source	OpenSubtitles
пристроил	17	233	0	OpenSubtitles	risk-accepted:no-grant	0.00	yes	single-source	OpenSubtitles
визитке	17	231	0	OpenSubtitles	risk-accepted:no-grant	0.01	yes	single-source	OpenSubtitles
подмоги	17	231	0	OpenSubtitles	risk-accepted:no-grant	0.00	yes	single-source	OpenSubtitles
уведут	17	222	0	OpenSubtitles	risk-accepted:no-grant	0.00	yes	single-source	OpenSubtitles
валькирия	17	217	0	OpenSubtitles	risk-accepted:no-grant	0.70	yes	proper-noun-evidence	cap_ratio=0.70>=0.50
вытяну	17	217	0	OpenSubtitles	risk-accepted:no-grant	0.00	yes	single-source	OpenSubtitles
бати	17	216	0	OpenSubtitles	risk-accepted:no-grant	0.09	yes	single-source	OpenSubtitles
закладной	17	215	0	OpenSubtitles	risk-accepted:no-grant	0.00	yes	single-source	OpenSubtitles
крутяк	17	213	0	OpenSubtitles	risk-accepted:no-grant	0.05	yes	single-source	OpenSubtitles
фрики	17	213	0	OpenSubtitles	risk-accepted:no-grant	0.17	yes	single-source	OpenSubtitles
заткнусь	17	211	0	OpenSubtitles	risk-accepted:no-grant	0.01	yes	single-source	OpenSubtitles
бордели	17	210	0	OpenSubtitles	risk-accepted:no-grant	0.02	yes	single-source	OpenSubtitles
отсасывать	17	210	0	OpenSubtitles	risk-accepted:no-grant	0.00	yes	single-source	OpenSubtitles
зефира	17	207	0	OpenSubtitles	risk-accepted:no-grant	0.30	yes	single-source	OpenSubtitles
пижамах	17	207	0	OpenSubtitles	risk-accepted:no-grant	0.00	yes	single-source	OpenSubtitles
похлопать	17	207	0	OpenSubtitles	risk-accepted:no-grant	0.00	yes	single-source	OpenSubtitles
тыкал	17	207	0	OpenSubtitles	risk-accepted:no-grant	0.00	yes	single-source	OpenSubtitles
изысканной	17	206	0	OpenSubtitles	risk-accepted:no-grant	0.01	yes	single-source	OpenSubtitles
поцелуях	17	206	0	OpenSubtitles	risk-accepted:no-grant	0.00	yes	single-source	OpenSubtitles
грохнут	17	205	0	OpenSubtitles	risk-accepted:no-grant	0.00	yes	single-source	OpenSubtitles
ордере	17	204	0	OpenSubtitles	risk-accepted:no-grant	0.00	yes	single-source	OpenSubtitles
выжидает	17	203	0	OpenSubtitles	risk-accepted:no-grant	0.00	yes	single-source	OpenSubtitles
пальчиков	17	203	0	OpenSubtitles	risk-accepted:no-grant	0.05	yes	single-source	OpenSubtitles
туфелька	17	203	0	OpenSubtitles	risk-accepted:no-grant	0.07	yes	single-source	OpenSubtitles
разыщите	17	202	0	OpenSubtitles	risk-accepted:no-grant	0.01	yes	single-source	OpenSubtitles
искателя	17	201	1	OpenSubtitles+Tatoeba	clean:CC-BY-2.0-FR	0.65	yes	proper-noun-evidence	cap_ratio=0.65>=0.50
лесопилки	17	201	0	OpenSubtitles	risk-accepted:no-grant	0.02	yes	single-source	OpenSubtitles
лакроссу	17	199	0	OpenSubtitles	risk-accepted:no-grant	0.03	yes	single-source	OpenSubtitles
вмешаюсь	17	198	0	OpenSubtitles	risk-accepted:no-grant	0.00	yes	single-source	OpenSubtitles
впишешься	17	197	0	OpenSubtitles	risk-accepted:no-grant	0.00	yes	single-source	OpenSubtitles
заводили	17	197	0	OpenSubtitles	risk-accepted:no-grant	0.00	yes	single-source	OpenSubtitles
кокона	17	197	0	OpenSubtitles	risk-accepted:no-grant	0.07	yes	single-source	OpenSubtitles
миз	17	195	0	OpenSubtitles	risk-accepted:no-grant	0.76	yes	proper-noun-evidence	cap_ratio=0.76>=0.50
учует	17	194	0	OpenSubtitles	risk-accepted:no-grant	0.00	yes	single-source	OpenSubtitles
оох	17	193	0	OpenSubtitles	risk-accepted:no-grant	0.27	yes	single-source	OpenSubtitles
позовете	17	193	0	OpenSubtitles	risk-accepted:no-grant	0.00	yes	single-source	OpenSubtitles
олухи	17	192	0	OpenSubtitles	risk-accepted:no-grant	0.00	yes	single-source	OpenSubtitles
электрошоком	17	192	0	OpenSubtitles	risk-accepted:no-grant	0.01	yes	single-source	OpenSubtitles
зависаем	17	191	0	OpenSubtitles	risk-accepted:no-grant	0.05	yes	single-source	OpenSubtitles
рябой	17	191	1	OpenSubtitles+Tatoeba	clean:CC-BY-2.0-FR	0.77	yes	proper-noun-evidence	cap_ratio=0.77>=0.50
терки	17	191	0	OpenSubtitles	risk-accepted:no-grant	0.05	yes	single-source	OpenSubtitles
диванчик	17	190	0	OpenSubtitles	risk-accepted:no-grant	0.01	yes	single-source	OpenSubtitles
суперинтенданта	17	190	0	OpenSubtitles	risk-accepted:no-grant	0.08	yes	single-source	OpenSubtitles
обыскиваем	17	189	0	OpenSubtitles	risk-accepted:no-grant	0.01	yes	single-source	OpenSubtitles
таблеточки	17	188	0	OpenSubtitles	risk-accepted:no-grant	0.00	yes	single-source	OpenSubtitles
лекари	17	187	0	OpenSubtitles	risk-accepted:no-grant	0.00	yes	single-source	OpenSubtitles
надерёт	17	187	0	OpenSubtitles	risk-accepted:no-grant	0.00	yes	single-source	OpenSubtitles
пташек	17	186	0	OpenSubtitles	risk-accepted:no-grant	0.02	yes	single-source	OpenSubtitles
трахала	17	186	0	OpenSubtitles	risk-accepted:no-grant	0.00	yes	single-source	OpenSubtitles
ёчщ	17	185	0	OpenSubtitles	risk-accepted:no-grant	0.00	yes	single-source	OpenSubtitles
ерез	17	184	0	OpenSubtitles	risk-accepted:no-grant	0.00	yes	single-source	OpenSubtitles
осторожничать	17	184	0	OpenSubtitles	risk-accepted:no-grant	0.00	yes	single-source	OpenSubtitles
созвали	17	184	0	OpenSubtitles	risk-accepted:no-grant	0.01	yes	single-source	OpenSubtitles
кошмарное	17	183	0	OpenSubtitles	risk-accepted:no-grant	0.01	yes	single-source	OpenSubtitles
мушкетера	17	183	0	OpenSubtitles	risk-accepted:no-grant	0.07	yes	single-source	OpenSubtitles
мартышек	17	182	0	OpenSubtitles	risk-accepted:no-grant	0.01	yes	single-source	OpenSubtitles
прошутто	17	182	0	OpenSubtitles	risk-accepted:no-grant	0.04	yes	single-source	OpenSubtitles
пиньята	17	181	0	OpenSubtitles	risk-accepted:no-grant	0.05	yes	single-source	OpenSubtitles
унд	17	181	0	OpenSubtitles	risk-accepted:no-grant	0.20	yes	single-source	OpenSubtitles
взбесить	17	180	0	OpenSubtitles	risk-accepted:no-grant	0.00	yes	single-source	OpenSubtitles
звездолёт	17	180	0	OpenSubtitles	risk-accepted:no-grant	0.15	yes	single-source	OpenSubtitles
пурпурное	17	180	1	OpenSubtitles+Tatoeba	clean:CC-BY-2.0-FR	0.65	yes	proper-noun-evidence	cap_ratio=0.65>=0.50
хреновой	17	180	0	OpenSubtitles	risk-accepted:no-grant	0.01	yes	single-source	OpenSubtitles
зациклились	17	179	0	OpenSubtitles	risk-accepted:no-grant	0.00	yes	single-source	OpenSubtitles
нибуть	17	179	0	OpenSubtitles	risk-accepted:no-grant	0.00	yes	single-source	OpenSubtitles
париком	17	179	0	OpenSubtitles	risk-accepted:no-grant	0.01	yes	single-source	OpenSubtitles
дайвинга	17	178	0	OpenSubtitles	risk-accepted:no-grant	0.11	yes	single-source	OpenSubtitles
манекена	17	178	0	OpenSubtitles	risk-accepted:no-grant	0.03	yes	single-source	OpenSubtitles
отобью	17	178	0	OpenSubtitles	risk-accepted:no-grant	0.00	yes	single-source	OpenSubtitles
трапеции	17	178	0	OpenSubtitles	risk-accepted:no-grant	0.01	yes	single-source	OpenSubtitles
джингл	17	177	0	OpenSubtitles	risk-accepted:no-grant	0.32	yes	single-source	OpenSubtitles
обдолбан	17	177	0	OpenSubtitles	risk-accepted:no-grant	0.00	yes	single-source	OpenSubtitles
дилемму	17	176	0	OpenSubtitles	risk-accepted:no-grant	0.02	yes	single-source	OpenSubtitles
подвесили	17	176	0	OpenSubtitles	risk-accepted:no-grant	0.00	yes	single-source	OpenSubtitles
гадают	17	175	0	OpenSubtitles	risk-accepted:no-grant	0.00	yes	single-source	OpenSubtitles
докладную	17	175	0	OpenSubtitles	risk-accepted:no-grant	0.00	yes	single-source	OpenSubtitles
отолью	17	175	0	OpenSubtitles	risk-accepted:no-grant	0.01	yes	single-source	OpenSubtitles
акр	17	174	0	OpenSubtitles	risk-accepted:no-grant	0.07	yes	single-source	OpenSubtitles
заблудшие	17	174	0	OpenSubtitles	risk-accepted:no-grant	0.05	yes	single-source	OpenSubtitles
копах	17	174	0	OpenSubtitles	risk-accepted:no-grant	0.05	yes	single-source	OpenSubtitles
утонченная	17	174	0	OpenSubtitles	risk-accepted:no-grant	0.01	yes	single-source	OpenSubtitles
вдохновляюще	17	173	0	OpenSubtitles	risk-accepted:no-grant	0.00	yes	single-source	OpenSubtitles
меяйнкэйн	17	173	0	OpenSubtitles	risk-accepted:no-grant	0.75	yes	proper-noun-evidence	cap_ratio=0.75>=0.50
ординатуры	17	173	0	OpenSubtitles	risk-accepted:no-grant	0.00	yes	single-source	OpenSubtitles
палтуса	17	173	0	OpenSubtitles	risk-accepted:no-grant	0.17	yes	single-source	OpenSubtitles
примерочной	17	173	0	OpenSubtitles	risk-accepted:no-grant	0.01	yes	single-source	OpenSubtitles
тащатся	17	173	0	OpenSubtitles	risk-accepted:no-grant	0.01	yes	single-source	OpenSubtitles
гоним	17	172	0	OpenSubtitles	risk-accepted:no-grant	0.02	yes	single-source	OpenSubtitles
коммандером	17	172	0	OpenSubtitles	risk-accepted:no-grant	0.01	yes	single-source	OpenSubtitles
покеру	17	172	0	OpenSubtitles	risk-accepted:no-grant	0.05	yes	single-source	OpenSubtitles
шпилька	17	172	0	OpenSubtitles	risk-accepted:no-grant	0.45	yes	single-source	OpenSubtitles
баллистике	17	171	0	OpenSubtitles	risk-accepted:no-grant	0.01	yes	single-source	OpenSubtitles
крадем	17	171	0	OpenSubtitles	risk-accepted:no-grant	0.02	yes	single-source	OpenSubtitles
кровопотеря	17	171	0	OpenSubtitles	risk-accepted:no-grant	0.00	yes	single-source	OpenSubtitles
нагадить	17	171	0	OpenSubtitles	risk-accepted:no-grant	0.00	yes	single-source	OpenSubtitles
нарко	17	171	0	OpenSubtitles	risk-accepted:no-grant	0.34	yes	single-source	OpenSubtitles
сру	17	171	0	OpenSubtitles	risk-accepted:no-grant	0.04	yes	single-source	OpenSubtitles
нянов	17	170	0	OpenSubtitles	risk-accepted:no-grant	0.26	yes	single-source	OpenSubtitles
картошечки	17	168	0	OpenSubtitles	risk-accepted:no-grant	0.01	yes	single-source	OpenSubtitles
контрабандиста	17	168	0	OpenSubtitles	risk-accepted:no-grant	0.01	yes	single-source	OpenSubtitles
манта	17	168	0	OpenSubtitles	risk-accepted:no-grant	0.73	yes	proper-noun-evidence	cap_ratio=0.73>=0.50
прижмём	17	168	0	OpenSubtitles	risk-accepted:no-grant	0.00	yes	single-source	OpenSubtitles
мясорубка	17	167	0	OpenSubtitles	risk-accepted:no-grant	0.07	yes	single-source	OpenSubtitles
набросятся	17	167	0	OpenSubtitles	risk-accepted:no-grant	0.00	yes	single-source	OpenSubtitles
ошиваются	17	167	0	OpenSubtitles	risk-accepted:no-grant	0.00	yes	single-source	OpenSubtitles
посохом	17	167	0	OpenSubtitles	risk-accepted:no-grant	0.08	yes	single-source	OpenSubtitles
политрук	17	166	0	OpenSubtitles	risk-accepted:no-grant	0.01	yes	single-source	OpenSubtitles
подлизаться	17	165	0	OpenSubtitles	risk-accepted:no-grant	0.01	yes	single-source	OpenSubtitles
рогипнол	17	165	0	OpenSubtitles	risk-accepted:no-grant	0.25	yes	single-source	OpenSubtitles
вялая	17	164	0	OpenSubtitles	risk-accepted:no-grant	0.03	yes	single-source	OpenSubtitles
заводная	17	164	0	OpenSubtitles	risk-accepted:no-grant	0.00	yes	single-source	OpenSubtitles
незнакомку	17	164	0	OpenSubtitles	risk-accepted:no-grant	0.01	yes	single-source	OpenSubtitles
обнадеживать	17	164	0	OpenSubtitles	risk-accepted:no-grant	0.00	yes	single-source	OpenSubtitles
разнесем	17	164	0	OpenSubtitles	risk-accepted:no-grant	0.00	yes	single-source	OpenSubtitles
тигре	17	164	0	OpenSubtitles	risk-accepted:no-grant	0.66	yes	proper-noun-evidence	cap_ratio=0.66>=0.50
бульдоги	17	163	0	OpenSubtitles	risk-accepted:no-grant	0.68	yes	proper-noun-evidence	cap_ratio=0.68>=0.50
всплывало	17	163	0	OpenSubtitles	risk-accepted:no-grant	0.00	yes	single-source	OpenSubtitles
дурдома	17	163	0	OpenSubtitles	risk-accepted:no-grant	0.01	yes	single-source	OpenSubtitles
криминалистической	17	163	0	OpenSubtitles	risk-accepted:no-grant	0.03	yes	single-source	OpenSubtitles
моею	17	163	0	OpenSubtitles	risk-accepted:no-grant	0.01	yes	single-source	OpenSubtitles
огнемёт	17	162	0	OpenSubtitles	risk-accepted:no-grant	0.12	yes	single-source	OpenSubtitles
отнимаешь	17	162	0	OpenSubtitles	risk-accepted:no-grant	0.00	yes	single-source	OpenSubtitles
увидиться	17	162	0	OpenSubtitles	risk-accepted:no-grant	0.01	yes	single-source	OpenSubtitles
драный	17	161	0	OpenSubtitles	risk-accepted:no-grant	0.06	yes	single-source	OpenSubtitles
има	17	161	2	OpenSubtitles+Tatoeba	clean:CC-BY-2.0-FR	0.59	yes	proper-noun-evidence	cap_ratio=0.59>=0.50
наврежу	17	161	0	OpenSubtitles	risk-accepted:no-grant	0.00	yes	single-source	OpenSubtitles
сокращённо	17	161	0	OpenSubtitles	risk-accepted:no-grant	0.00	yes	single-source	OpenSubtitles
сыновьях	17	161	0	OpenSubtitles	risk-accepted:no-grant	0.03	yes	single-source	OpenSubtitles
треба	17	161	0	OpenSubtitles	risk-accepted:no-grant	0.00	yes	single-source	OpenSubtitles
тусовщики	17	161	0	OpenSubtitles	risk-accepted:no-grant	0.19	yes	single-source	OpenSubtitles
гипотермия	17	160	0	OpenSubtitles	risk-accepted:no-grant	0.00	yes	single-source	OpenSubtitles
дет	17	160	0	OpenSubtitles	risk-accepted:no-grant	0.09	yes	single-source	OpenSubtitles
ехчбсйуфю	17	160	0	OpenSubtitles	risk-accepted:no-grant	0.00	yes	single-source	OpenSubtitles
забегаю	17	160	0	OpenSubtitles	risk-accepted:no-grant	0.00	yes	single-source	OpenSubtitles
искр	17	160	0	OpenSubtitles	risk-accepted:no-grant	0.02	yes	single-source	OpenSubtitles
насладится	17	160	0	OpenSubtitles	risk-accepted:no-grant	0.00	yes	single-source	OpenSubtitles
ногда	17	160	0	OpenSubtitles	risk-accepted:no-grant	0.00	yes	single-source	OpenSubtitles
рум	17	160	0	OpenSubtitles	risk-accepted:no-grant	0.74	yes	proper-noun-evidence	cap_ratio=0.74>=0.50
болта	17	159	0	OpenSubtitles	risk-accepted:no-grant	0.51	yes	proper-noun-evidence	cap_ratio=0.51>=0.50
дисквалифицируют	17	159	0	OpenSubtitles	risk-accepted:no-grant	0.00	yes	single-source	OpenSubtitles
некромант	17	159	0	OpenSubtitles	risk-accepted:no-grant	0.51	yes	proper-noun-evidence	cap_ratio=0.51>=0.50
проворачивать	17	159	0	OpenSubtitles	risk-accepted:no-grant	0.01	yes	single-source	OpenSubtitles
богатенького	17	158	0	OpenSubtitles	risk-accepted:no-grant	0.01	yes	single-source	OpenSubtitles
вбили	17	158	0	OpenSubtitles	risk-accepted:no-grant	0.00	yes	single-source	OpenSubtitles
жеребцов	17	158	0	OpenSubtitles	risk-accepted:no-grant	0.10	yes	single-source	OpenSubtitles
пустышку	17	158	0	OpenSubtitles	risk-accepted:no-grant	0.00	yes	single-source	OpenSubtitles
яичка	17	158	0	OpenSubtitles	risk-accepted:no-grant	0.01	yes	single-source	OpenSubtitles
высылаем	17	157	0	OpenSubtitles	risk-accepted:no-grant	0.01	yes	single-source	OpenSubtitles
никчемным	17	157	0	OpenSubtitles	risk-accepted:no-grant	0.01	yes	single-source	OpenSubtitles
рулеты	17	157	0	OpenSubtitles	risk-accepted:no-grant	0.01	yes	single-source	OpenSubtitles
фюрером	17	157	0	OpenSubtitles	risk-accepted:no-grant	0.24	yes	single-source	OpenSubtitles
выжечь	17	156	0	OpenSubtitles	risk-accepted:no-grant	0.00	yes	single-source	OpenSubtitles
дедулей	17	156	0	OpenSubtitles	risk-accepted:no-grant	0.03	yes	single-source	OpenSubtitles
исусе	17	156	3	OpenSubtitles+Tatoeba	clean:CC-BY-2.0-FR	0.71	yes	proper-noun-evidence	cap_ratio=0.71>=0.50
надавите	17	156	0	OpenSubtitles	risk-accepted:no-grant	0.00	yes	single-source	OpenSubtitles
отчаянья	17	156	0	OpenSubtitles	risk-accepted:no-grant	0.01	yes	single-source	OpenSubtitles
потрепали	17	156	0	OpenSubtitles	risk-accepted:no-grant	0.00	yes	single-source	OpenSubtitles
трахнулась	17	156	0	OpenSubtitles	risk-accepted:no-grant	0.00	yes	single-source	OpenSubtitles
крэком	17	155	0	OpenSubtitles	risk-accepted:no-grant	0.01	yes	single-source	OpenSubtitles
отрываюсь	17	155	0	OpenSubtitles	risk-accepted:no-grant	0.01	yes	single-source	OpenSubtitles
предъявителя	17	155	0	OpenSubtitles	risk-accepted:no-grant	0.01	yes	single-source	OpenSubtitles
волосатых	17	154	0	OpenSubtitles	risk-accepted:no-grant	0.09	yes	single-source	OpenSubtitles
деревяшка	17	154	0	OpenSubtitles	risk-accepted:no-grant	0.16	yes	single-source	OpenSubtitles
запеканки	17	154	0	OpenSubtitles	risk-accepted:no-grant	0.01	yes	single-source	OpenSubtitles
камбуз	17	154	0	OpenSubtitles	risk-accepted:no-grant	0.05	yes	single-source	OpenSubtitles
мультиков	17	154	0	OpenSubtitles	risk-accepted:no-grant	0.00	yes	single-source	OpenSubtitles
обета	17	154	0	OpenSubtitles	risk-accepted:no-grant	0.03	yes	single-source	OpenSubtitles
судьбоносный	17	153	0	OpenSubtitles	risk-accepted:no-grant	0.02	yes	single-source	OpenSubtitles
утонут	17	153	0	OpenSubtitles	risk-accepted:no-grant	0.00	yes	single-source	OpenSubtitles
катить	17	152	0	OpenSubtitles	risk-accepted:no-grant	0.01	yes	single-source	OpenSubtitles
ординаторы	17	152	0	OpenSubtitles	risk-accepted:no-grant	0.00	yes	single-source	OpenSubtitles
печенюшки	17	152	0	OpenSubtitles	risk-accepted:no-grant	0.05	yes	single-source	OpenSubtitles
подгузнике	17	152	0	OpenSubtitles	risk-accepted:no-grant	0.00	yes	single-source	OpenSubtitles
солнышком	17	152	0	OpenSubtitles	risk-accepted:no-grant	0.16	yes	single-source	OpenSubtitles
страшилка	17	152	0	OpenSubtitles	risk-accepted:no-grant	0.03	yes	single-source	OpenSubtitles
фурии	17	152	0	OpenSubtitles	risk-accepted:no-grant	0.55	yes	proper-noun-evidence	cap_ratio=0.55>=0.50
завернут	17	151	0	OpenSubtitles	risk-accepted:no-grant	0.00	yes	single-source	OpenSubtitles
констеблю	17	151	0	OpenSubtitles	risk-accepted:no-grant	0.06	yes	single-source	OpenSubtitles
красотками	17	151	0	OpenSubtitles	risk-accepted:no-grant	0.03	yes	single-source	OpenSubtitles
сэндвиче	17	151	0	OpenSubtitles	risk-accepted:no-grant	0.02	yes	single-source	OpenSubtitles
аутопсию	17	150	0	OpenSubtitles	risk-accepted:no-grant	0.01	yes	single-source	OpenSubtitles
безнадежной	17	150	0	OpenSubtitles	risk-accepted:no-grant	0.01	yes	single-source	OpenSubtitles
натравила	17	150	0	OpenSubtitles	risk-accepted:no-grant	0.00	yes	single-source	OpenSubtitles
сунутся	17	150	0	OpenSubtitles	risk-accepted:no-grant	0.00	yes	single-source	OpenSubtitles
балбесов	17	149	0	OpenSubtitles	risk-accepted:no-grant	0.37	yes	single-source	OpenSubtitles
вмажь	17	149	0	OpenSubtitles	risk-accepted:no-grant	0.05	yes	single-source	OpenSubtitles
девчуля	17	149	0	OpenSubtitles	risk-accepted:no-grant	0.03	yes	single-source	OpenSubtitles
краденых	17	148	0	OpenSubtitles	risk-accepted:no-grant	0.00	yes	single-source	OpenSubtitles
насладились	17	148	0	OpenSubtitles	risk-accepted:no-grant	0.00	yes	single-source	OpenSubtitles
помрем	17	148	0	OpenSubtitles	risk-accepted:no-grant	0.00	yes	single-source	OpenSubtitles
поперли	17	148	0	OpenSubtitles	risk-accepted:no-grant	0.00	yes	single-source	OpenSubtitles
разоблачим	17	148	0	OpenSubtitles	risk-accepted:no-grant	0.00	yes	single-source	OpenSubtitles
вытрясу	17	147	0	OpenSubtitles	risk-accepted:no-grant	0.00	yes	single-source	OpenSubtitles
денно	17	147	0	OpenSubtitles	risk-accepted:no-grant	0.02	yes	single-source	OpenSubtitles
квотербэк	17	146	0	OpenSubtitles	risk-accepted:no-grant	0.00	yes	single-source	OpenSubtitles
подливка	17	146	0	OpenSubtitles	risk-accepted:no-grant	0.03	yes	single-source	OpenSubtitles
раскусит	17	146	0	OpenSubtitles	risk-accepted:no-grant	0.00	yes	single-source	OpenSubtitles
внутренностей	17	145	0	OpenSubtitles	risk-accepted:no-grant	0.01	yes	single-source	OpenSubtitles
господнем	17	145	0	OpenSubtitles	risk-accepted:no-grant	0.78	yes	proper-noun-evidence	cap_ratio=0.78>=0.50
запирала	17	145	0	OpenSubtitles	risk-accepted:no-grant	0.00	yes	single-source	OpenSubtitles
звучу	17	145	0	OpenSubtitles	risk-accepted:no-grant	0.00	yes	single-source	OpenSubtitles
рулишь	17	145	0	OpenSubtitles	risk-accepted:no-grant	0.00	yes	single-source	OpenSubtitles
утехи	17	145	0	OpenSubtitles	risk-accepted:no-grant	0.03	yes	single-source	OpenSubtitles
хахаля	17	145	0	OpenSubtitles	risk-accepted:no-grant	0.00	yes	single-source	OpenSubtitles
переманил	17	144	0	OpenSubtitles	risk-accepted:no-grant	0.00	yes	single-source	OpenSubtitles
присунуть	17	144	0	OpenSubtitles	risk-accepted:no-grant	0.01	yes	single-source	OpenSubtitles
пронюхает	17	144	0	OpenSubtitles	risk-accepted:no-grant	0.00	yes	single-source	OpenSubtitles
тестировал	17	144	0	OpenSubtitles	risk-accepted:no-grant	0.01	yes	single-source	OpenSubtitles
блесток	17	143	0	OpenSubtitles	risk-accepted:no-grant	0.00	yes	single-source	OpenSubtitles
буферами	17	143	0	OpenSubtitles	risk-accepted:no-grant	0.04	yes	single-source	OpenSubtitles
крабовый	17	143	0	OpenSubtitles	risk-accepted:no-grant	0.04	yes	single-source	OpenSubtitles
леденца	17	143	0	OpenSubtitles	risk-accepted:no-grant	0.31	yes	single-source	OpenSubtitles
люлей	17	143	0	OpenSubtitles	risk-accepted:no-grant	0.00	yes	single-source	OpenSubtitles
переменить	17	143	0	OpenSubtitles	risk-accepted:no-grant	0.00	yes	single-source	OpenSubtitles
ровен	17	143	0	OpenSubtitles	risk-accepted:no-grant	0.20	yes	single-source	OpenSubtitles
хоронишь	17	143	0	OpenSubtitles	risk-accepted:no-grant	0.00	yes	single-source	OpenSubtitles
чсьнйб	17	143	0	OpenSubtitles	risk-accepted:no-grant	0.00	yes	single-source	OpenSubtitles
возвыситься	17	142	0	OpenSubtitles	risk-accepted:no-grant	0.01	yes	single-source	OpenSubtitles
выбываешь	17	142	0	OpenSubtitles	risk-accepted:no-grant	0.01	yes	single-source	OpenSubtitles
отродья	17	142	0	OpenSubtitles	risk-accepted:no-grant	0.00	yes	single-source	OpenSubtitles
уместна	17	142	0	OpenSubtitles	risk-accepted:no-grant	0.00	yes	single-source	OpenSubtitles
утесе	17	142	0	OpenSubtitles	risk-accepted:no-grant	0.34	yes	single-source	OpenSubtitles
клёвой	17	141	0	OpenSubtitles	risk-accepted:no-grant	0.01	yes	single-source	OpenSubtitles
мамо	17	141	0	OpenSubtitles	risk-accepted:no-grant	0.71	yes	proper-noun-evidence	cap_ratio=0.71>=0.50
подослала	17	141	0	OpenSubtitles	risk-accepted:no-grant	0.00	yes	single-source	OpenSubtitles
ше	17	141	0	OpenSubtitles	risk-accepted:no-grant	0.54	yes	proper-noun-evidence	cap_ratio=0.54>=0.50
янй	17	141	0	OpenSubtitles	risk-accepted:no-grant	0.04	yes	single-source	OpenSubtitles
амулета	17	140	0	OpenSubtitles	risk-accepted:no-grant	0.04	yes	single-source	OpenSubtitles
вываливать	17	140	0	OpenSubtitles	risk-accepted:no-grant	0.00	yes	single-source	OpenSubtitles
гопник	17	140	0	OpenSubtitles	risk-accepted:no-grant	0.38	yes	single-source	OpenSubtitles
подумывали	17	140	0	OpenSubtitles	risk-accepted:no-grant	0.00	yes	single-source	OpenSubtitles
сгодятся	17	140	0	OpenSubtitles	risk-accepted:no-grant	0.00	yes	single-source	OpenSubtitles
грилем	17	139	0	OpenSubtitles	risk-accepted:no-grant	0.01	yes	single-source	OpenSubtitles
плеть	17	139	0	OpenSubtitles	risk-accepted:no-grant	0.18	yes	single-source	OpenSubtitles
предстанешь	17	139	0	OpenSubtitles	risk-accepted:no-grant	0.00	yes	single-source	OpenSubtitles
эклер	17	139	0	OpenSubtitles	risk-accepted:no-grant	0.14	yes	single-source	OpenSubtitles
брошку	17	138	0	OpenSubtitles	risk-accepted:no-grant	0.00	yes	single-source	OpenSubtitles
вскорости	17	138	0	OpenSubtitles	risk-accepted:no-grant	0.02	yes	single-source	OpenSubtitles
конюха	17	138	0	OpenSubtitles	risk-accepted:no-grant	0.01	yes	single-source	OpenSubtitles
нацепила	17	138	0	OpenSubtitles	risk-accepted:no-grant	0.01	yes	single-source	OpenSubtitles
нощно	17	138	0	OpenSubtitles	risk-accepted:no-grant	0.00	yes	single-source	OpenSubtitles
отчизны	17	138	0	OpenSubtitles	risk-accepted:no-grant	0.22	yes	single-source	OpenSubtitles
покормишь	17	138	0	OpenSubtitles	risk-accepted:no-grant	0.01	yes	single-source	OpenSubtitles
покувыркаться	17	138	0	OpenSubtitles	risk-accepted:no-grant	0.00	yes	single-source	OpenSubtitles
помошь	17	138	0	OpenSubtitles	risk-accepted:no-grant	0.02	yes	single-source	OpenSubtitles
репликаторы	17	138	0	OpenSubtitles	risk-accepted:no-grant	0.07	yes	single-source	OpenSubtitles
черномазых	17	138	0	OpenSubtitles	risk-accepted:no-grant	0.02	yes	single-source	OpenSubtitles
глупить	17	137	0	OpenSubtitles	risk-accepted:no-grant	0.00	yes	single-source	OpenSubtitles
девчачье	17	137	0	OpenSubtitles	risk-accepted:no-grant	0.03	yes	single-source	OpenSubtitles
лимузинов	17	137	0	OpenSubtitles	risk-accepted:no-grant	0.04	yes	single-source	OpenSubtitles
опробуем	17	137	0	OpenSubtitles	risk-accepted:no-grant	0.01	yes	single-source	OpenSubtitles
подкладка	17	137	0	OpenSubtitles	risk-accepted:no-grant	0.00	yes	single-source	OpenSubtitles
проигнорирую	17	137	0	OpenSubtitles	risk-accepted:no-grant	0.00	yes	single-source	OpenSubtitles
просчет	17	137	0	OpenSubtitles	risk-accepted:no-grant	0.02	yes	single-source	OpenSubtitles
сапфира	17	137	0	OpenSubtitles	risk-accepted:no-grant	0.46	yes	single-source	OpenSubtitles
хлынет	17	137	0	OpenSubtitles	risk-accepted:no-grant	0.05	yes	single-source	OpenSubtitles
валентинку	17	136	0	OpenSubtitles	risk-accepted:no-grant	0.09	yes	single-source	OpenSubtitles
выложусь	17	136	0	OpenSubtitles	risk-accepted:no-grant	0.00	yes	single-source	OpenSubtitles
дрэгом	17	136	0	OpenSubtitles	risk-accepted:no-grant	0.04	yes	single-source	OpenSubtitles
латино	17	136	0	OpenSubtitles	risk-accepted:no-grant	0.18	yes	single-source	OpenSubtitles
нехай	17	136	0	OpenSubtitles	risk-accepted:no-grant	0.03	yes	single-source	OpenSubtitles
отнимем	17	136	0	OpenSubtitles	risk-accepted:no-grant	0.00	yes	single-source	OpenSubtitles
пылкая	17	136	0	OpenSubtitles	risk-accepted:no-grant	0.01	yes	single-source	OpenSubtitles
сиг	17	136	0	OpenSubtitles	risk-accepted:no-grant	0.73	yes	proper-noun-evidence	cap_ratio=0.73>=0.50
выслужиться	17	135	0	OpenSubtitles	risk-accepted:no-grant	0.00	yes	single-source	OpenSubtitles
корешей	17	134	0	OpenSubtitles	risk-accepted:no-grant	0.00	yes	single-source	OpenSubtitles
кровища	17	134	0	OpenSubtitles	risk-accepted:no-grant	0.03	yes	single-source	OpenSubtitles
лодочный	17	134	0	OpenSubtitles	risk-accepted:no-grant	0.07	yes	single-source	OpenSubtitles
подгорает	17	134	0	OpenSubtitles	risk-accepted:no-grant	0.00	yes	single-source	OpenSubtitles
разойдется	17	134	0	OpenSubtitles	risk-accepted:no-grant	0.01	yes	single-source	OpenSubtitles
робе	17	134	0	OpenSubtitles	risk-accepted:no-grant	0.21	yes	single-source	OpenSubtitles
тарелочке	17	134	0	OpenSubtitles	risk-accepted:no-grant	0.00	yes	single-source	OpenSubtitles
фамильяр	17	134	0	OpenSubtitles	risk-accepted:no-grant	0.01	yes	single-source	OpenSubtitles
еярет	17	133	0	OpenSubtitles	risk-accepted:no-grant	0.00	yes	single-source	OpenSubtitles
жадничать	17	133	0	OpenSubtitles	risk-accepted:no-grant	0.00	yes	single-source	OpenSubtitles
засудили	17	133	0	OpenSubtitles	risk-accepted:no-grant	0.00	yes	single-source	OpenSubtitles
мимоза	17	133	0	OpenSubtitles	risk-accepted:no-grant	0.44	yes	single-source	OpenSubtitles
нирваны	17	133	0	OpenSubtitles	risk-accepted:no-grant	0.45	yes	single-source	OpenSubtitles
прижимать	17	133	0	OpenSubtitles	risk-accepted:no-grant	0.00	yes	single-source	OpenSubtitles
пустовал	17	133	0	OpenSubtitles	risk-accepted:no-grant	0.00	yes	single-source	OpenSubtitles
бурбоном	17	132	0	OpenSubtitles	risk-accepted:no-grant	0.08	yes	single-source	OpenSubtitles
мастика	17	132	0	OpenSubtitles	risk-accepted:no-grant	0.01	yes	single-source	OpenSubtitles
неймется	17	132	0	OpenSubtitles	risk-accepted:no-grant	0.01	yes	single-source	OpenSubtitles
обездвижить	17	132	0	OpenSubtitles	risk-accepted:no-grant	0.00	yes	single-source	OpenSubtitles
спинномозговой	17	132	0	OpenSubtitles	risk-accepted:no-grant	0.00	yes	single-source	OpenSubtitles
ярнпнмс	17	132	0	OpenSubtitles	risk-accepted:no-grant	0.39	yes	single-source	OpenSubtitles
аджумма	17	131	0	OpenSubtitles	risk-accepted:no-grant	0.06	yes	single-source	OpenSubtitles
дезертировать	17	131	0	OpenSubtitles	risk-accepted:no-grant	0.00	yes	single-source	OpenSubtitles
конспиративную	17	131	0	OpenSubtitles	risk-accepted:no-grant	0.01	yes	single-source	OpenSubtitles
круши	17	131	0	OpenSubtitles	risk-accepted:no-grant	0.13	yes	single-source	OpenSubtitles
наркоторговле	17	131	0	OpenSubtitles	risk-accepted:no-grant	0.01	yes	single-source	OpenSubtitles
озабоченных	17	131	0	OpenSubtitles	risk-accepted:no-grant	0.00	yes	single-source	OpenSubtitles
приклеила	17	131	0	OpenSubtitles	risk-accepted:no-grant	0.00	yes	single-source	OpenSubtitles
утробу	17	131	0	OpenSubtitles	risk-accepted:no-grant	0.05	yes	single-source	OpenSubtitles
ботана	17	130	0	OpenSubtitles	risk-accepted:no-grant	0.04	yes	single-source	OpenSubtitles
вампирский	17	130	0	OpenSubtitles	risk-accepted:no-grant	0.05	yes	single-source	OpenSubtitles
загадочность	17	130	0	OpenSubtitles	risk-accepted:no-grant	0.04	yes	single-source	OpenSubtitles
первоклассных	17	130	0	OpenSubtitles	risk-accepted:no-grant	0.03	yes	single-source	OpenSubtitles
подыхаю	17	130	0	OpenSubtitles	risk-accepted:no-grant	0.00	yes	single-source	OpenSubtitles
роллер	17	130	0	OpenSubtitles	risk-accepted:no-grant	0.37	yes	single-source	OpenSubtitles
грешный	17	129	0	OpenSubtitles	risk-accepted:no-grant	0.02	yes	single-source	OpenSubtitles
подрочил	17	129	0	OpenSubtitles	risk-accepted:no-grant	0.00	yes	single-source	OpenSubtitles
покорим	17	129	0	OpenSubtitles	risk-accepted:no-grant	0.00	yes	single-source	OpenSubtitles
харчи	17	129	0	OpenSubtitles	risk-accepted:no-grant	0.02	yes	single-source	OpenSubtitles
волосатыми	17	128	0	OpenSubtitles	risk-accepted:no-grant	0.01	yes	single-source	OpenSubtitles
каминной	17	128	0	OpenSubtitles	risk-accepted:no-grant	0.00	yes	single-source	OpenSubtitles
лажаешь	17	128	0	OpenSubtitles	risk-accepted:no-grant	0.00	yes	single-source	OpenSubtitles
минотавр	17	128	0	OpenSubtitles	risk-accepted:no-grant	0.73	yes	proper-noun-evidence	cap_ratio=0.73>=0.50
опозоришь	17	128	0	OpenSubtitles	risk-accepted:no-grant	0.00	yes	single-source	OpenSubtitles
отсыпается	17	128	0	OpenSubtitles	risk-accepted:no-grant	0.00	yes	single-source	OpenSubtitles
посудомойки	17	128	0	OpenSubtitles	risk-accepted:no-grant	0.00	yes	single-source	OpenSubtitles
принарядиться	17	128	0	OpenSubtitles	risk-accepted:no-grant	0.01	yes	single-source	OpenSubtitles
сияю	17	128	0	OpenSubtitles	risk-accepted:no-grant	0.03	yes	single-source	OpenSubtitles
сочтёте	17	128	0	OpenSubtitles	risk-accepted:no-grant	0.00	yes	single-source	OpenSubtitles
унюхать	17	128	0	OpenSubtitles	risk-accepted:no-grant	0.00	yes	single-source	OpenSubtitles
ковбойских	17	127	0	OpenSubtitles	risk-accepted:no-grant	0.06	yes	single-source	OpenSubtitles
органика	17	127	0	OpenSubtitles	risk-accepted:no-grant	0.04	yes	single-source	OpenSubtitles
плазменные	17	127	0	OpenSubtitles	risk-accepted:no-grant	0.03	yes	single-source	OpenSubtitles
гула	17	126	0	OpenSubtitles	risk-accepted:no-grant	0.75	yes	proper-noun-evidence	cap_ratio=0.75>=0.50
дедукция	17	126	0	OpenSubtitles	risk-accepted:no-grant	0.02	yes	single-source	OpenSubtitles
журналюги	17	126	0	OpenSubtitles	risk-accepted:no-grant	0.00	yes	single-source	OpenSubtitles
коротыш	17	126	0	OpenSubtitles	risk-accepted:no-grant	0.45	yes	single-source	OpenSubtitles
малолетке	17	126	0	OpenSubtitles	risk-accepted:no-grant	0.01	yes	single-source	OpenSubtitles
повоевать	17	126	0	OpenSubtitles	risk-accepted:no-grant	0.00	yes	single-source	OpenSubtitles
помутился	17	126	0	OpenSubtitles	risk-accepted:no-grant	0.00	yes	single-source	OpenSubtitles
потайные	17	126	0	OpenSubtitles	risk-accepted:no-grant	0.02	yes	single-source	OpenSubtitles
чтоль	17	126	0	OpenSubtitles	risk-accepted:no-grant	0.00	yes	single-source	OpenSubtitles
безмозглых	17	125	0	OpenSubtitles	risk-accepted:no-grant	0.04	yes	single-source	OpenSubtitles
вырвут	17	125	0	OpenSubtitles	risk-accepted:no-grant	0.00	yes	single-source	OpenSubtitles
гаечным	17	125	0	OpenSubtitles	risk-accepted:no-grant	0.01	yes	single-source	OpenSubtitles
жижу	17	125	0	OpenSubtitles	risk-accepted:no-grant	0.02	yes	single-source	OpenSubtitles
неоплаченные	17	125	0	OpenSubtitles	risk-accepted:no-grant	0.02	yes	single-source	OpenSubtitles
ностра	17	125	0	OpenSubtitles	risk-accepted:no-grant	0.66	yes	proper-noun-evidence	cap_ratio=0.66>=0.50
сосках	17	125	0	OpenSubtitles	risk-accepted:no-grant	0.01	yes	single-source	OpenSubtitles
теменной	17	125	0	OpenSubtitles	risk-accepted:no-grant	0.00	yes	single-source	OpenSubtitles
волосатой	17	124	0	OpenSubtitles	risk-accepted:no-grant	0.01	yes	single-source	OpenSubtitles
кнопочки	17	124	0	OpenSubtitles	risk-accepted:no-grant	0.03	yes	single-source	OpenSubtitles
лоскуты	17	124	0	OpenSubtitles	risk-accepted:no-grant	0.00	yes	single-source	OpenSubtitles
наркопритон	17	124	0	OpenSubtitles	risk-accepted:no-grant	0.01	yes	single-source	OpenSubtitles
рсбгмбфйкь	17	124	0	OpenSubtitles	risk-accepted:no-grant	0.00	yes	single-source	OpenSubtitles
благородством	17	123	0	OpenSubtitles	risk-accepted:no-grant	0.00	yes	single-source	OpenSubtitles
вфс	17	123	0	OpenSubtitles	risk-accepted:no-grant	0.00	yes	single-source	OpenSubtitles
еуэнб	17	123	0	OpenSubtitles	risk-accepted:no-grant	0.00	yes	single-source	OpenSubtitles
ны	17	123	0	OpenSubtitles	risk-accepted:no-grant	0.74	yes	proper-noun-evidence	cap_ratio=0.74>=0.50
пожертвуете	17	123	0	OpenSubtitles	risk-accepted:no-grant	0.00	yes	single-source	OpenSubtitles
привнес	17	123	0	OpenSubtitles	risk-accepted:no-grant	0.00	yes	single-source	OpenSubtitles
зародыша	17	122	0	OpenSubtitles	risk-accepted:no-grant	0.02	yes	single-source	OpenSubtitles
короновать	17	122	0	OpenSubtitles	risk-accepted:no-grant	0.01	yes	single-source	OpenSubtitles
любимчика	17	122	0	OpenSubtitles	risk-accepted:no-grant	0.02	yes	single-source	OpenSubtitles
манекеном	17	122	0	OpenSubtitles	risk-accepted:no-grant	0.01	yes	single-source	OpenSubtitles
прачка	17	122	0	OpenSubtitles	risk-accepted:no-grant	0.01	yes	single-source	OpenSubtitles
рьуп	17	122	0	OpenSubtitles	risk-accepted:no-grant	0.01	yes	single-source	OpenSubtitles
сердечник	17	122	0	OpenSubtitles	risk-accepted:no-grant	0.15	yes	single-source	OpenSubtitles
транквилизаторов	17	122	0	OpenSubtitles	risk-accepted:no-grant	0.00	yes	single-source	OpenSubtitles
еее	17	121	0	OpenSubtitles	risk-accepted:no-grant	0.11	yes	single-source	OpenSubtitles
жаренные	17	121	0	OpenSubtitles	risk-accepted:no-grant	0.04	yes	single-source	OpenSubtitles
масала	17	121	0	OpenSubtitles	risk-accepted:no-grant	0.20	yes	single-source	OpenSubtitles
твид	17	121	0	OpenSubtitles	risk-accepted:no-grant	0.46	yes	single-source	OpenSubtitles
гремлины	17	120	0	OpenSubtitles	risk-accepted:no-grant	0.32	yes	single-source	OpenSubtitles
моги	17	120	0	OpenSubtitles	risk-accepted:no-grant	0.44	yes	single-source	OpenSubtitles
партком	17	120	0	OpenSubtitles	risk-accepted:no-grant	0.01	yes	single-source	OpenSubtitles
поцелуйчики	17	120	0	OpenSubtitles	risk-accepted:no-grant	0.02	yes	single-source	OpenSubtitles
токсикологию	17	120	0	OpenSubtitles	risk-accepted:no-grant	0.00	yes	single-source	OpenSubtitles
отталкивай	17	119	0	OpenSubtitles	risk-accepted:no-grant	0.00	yes	single-source	OpenSubtitles
подвину	17	119	0	OpenSubtitles	risk-accepted:no-grant	0.00	yes	single-source	OpenSubtitles
скотины	17	119	0	OpenSubtitles	risk-accepted:no-grant	0.03	yes	single-source	OpenSubtitles
стах	17	119	0	OpenSubtitles	risk-accepted:no-grant	0.78	yes	proper-noun-evidence	cap_ratio=0.78>=0.50
упомяни	17	119	0	OpenSubtitles	risk-accepted:no-grant	0.00	yes	single-source	OpenSubtitles
ампула	17	118	0	OpenSubtitles	risk-accepted:no-grant	0.01	yes	single-source	OpenSubtitles
копченой	17	118	0	OpenSubtitles	risk-accepted:no-grant	0.02	yes	single-source	OpenSubtitles
наложниц	17	118	0	OpenSubtitles	risk-accepted:no-grant	0.00	yes	single-source	OpenSubtitles
подметила	17	118	0	OpenSubtitles	risk-accepted:no-grant	0.00	yes	single-source	OpenSubtitles
стафилококк	17	118	0	OpenSubtitles	risk-accepted:no-grant	0.00	yes	single-source	OpenSubtitles
впаривать	17	117	0	OpenSubtitles	risk-accepted:no-grant	0.00	yes	single-source	OpenSubtitles
выдумывал	17	117	0	OpenSubtitles	risk-accepted:no-grant	0.00	yes	single-source	OpenSubtitles
драконье	17	117	0	OpenSubtitles	risk-accepted:no-grant	0.39	yes	single-source	OpenSubtitles
жрачка	17	117	0	OpenSubtitles	risk-accepted:no-grant	0.02	yes	single-source	OpenSubtitles
мямля	17	117	0	OpenSubtitles	risk-accepted:no-grant	0.22	yes	single-source	OpenSubtitles
нажрались	17	117	0	OpenSubtitles	risk-accepted:no-grant	0.00	yes	single-source	OpenSubtitles
попробывать	17	117	0	OpenSubtitles	risk-accepted:no-grant	0.00	yes	single-source	OpenSubtitles
строжайшей	17	117	0	OpenSubtitles	risk-accepted:no-grant	0.00	yes	single-source	OpenSubtitles
частичкой	17	117	0	OpenSubtitles	risk-accepted:no-grant	0.00	yes	single-source	OpenSubtitles
задохнулись	17	116	0	OpenSubtitles	risk-accepted:no-grant	0.00	yes	single-source	OpenSubtitles
отвязать	17	116	0	OpenSubtitles	risk-accepted:no-grant	0.00	yes	single-source	OpenSubtitles
подтянем	17	116	0	OpenSubtitles	risk-accepted:no-grant	0.01	yes	single-source	OpenSubtitles
тухлый	17	116	0	OpenSubtitles	risk-accepted:no-grant	0.01	yes	single-source	OpenSubtitles
воздадим	17	115	0	OpenSubtitles	risk-accepted:no-grant	0.00	yes	single-source	OpenSubtitles
всевышним	17	115	1	OpenSubtitles+Tatoeba	clean:CC-BY-2.0-FR	0.79	yes	proper-noun-evidence	cap_ratio=0.79>=0.50
изнанку	17	115	0	OpenSubtitles	risk-accepted:no-grant	0.11	yes	single-source	OpenSubtitles
подкидывать	17	115	0	OpenSubtitles	risk-accepted:no-grant	0.00	yes	single-source	OpenSubtitles
саундчек	17	115	0	OpenSubtitles	risk-accepted:no-grant	0.01	yes	single-source	OpenSubtitles
утри	17	115	0	OpenSubtitles	risk-accepted:no-grant	0.02	yes	single-source	OpenSubtitles
наберёшь	17	114	0	OpenSubtitles	risk-accepted:no-grant	0.01	yes	single-source	OpenSubtitles
паршивка	17	114	0	OpenSubtitles	risk-accepted:no-grant	0.01	yes	single-source	OpenSubtitles
неуравновешенная	17	113	0	OpenSubtitles	risk-accepted:no-grant	0.03	yes	single-source	OpenSubtitles
посмеется	17	113	0	OpenSubtitles	risk-accepted:no-grant	0.00	yes	single-source	OpenSubtitles
совращение	17	113	0	OpenSubtitles	risk-accepted:no-grant	0.04	yes	single-source	OpenSubtitles
закупорка	17	112	0	OpenSubtitles	risk-accepted:no-grant	0.01	yes	single-source	OpenSubtitles
пане	17	112	0	OpenSubtitles	risk-accepted:no-grant	0.20	yes	single-source	OpenSubtitles
узкоглазый	17	112	0	OpenSubtitles	risk-accepted:no-grant	0.08	yes	single-source	OpenSubtitles
блёсток	17	111	0	OpenSubtitles	risk-accepted:no-grant	0.03	yes	single-source	OpenSubtitles
буп	17	111	0	OpenSubtitles	risk-accepted:no-grant	0.41	yes	single-source	OpenSubtitles
запоздал	17	111	0	OpenSubtitles	risk-accepted:no-grant	0.00	yes	single-source	OpenSubtitles
зверюшки	17	111	0	OpenSubtitles	risk-accepted:no-grant	0.04	yes	single-source	OpenSubtitles
конфеткой	17	111	0	OpenSubtitles	risk-accepted:no-grant	0.07	yes	single-source	OpenSubtitles
каторжник	17	110	0	OpenSubtitles	risk-accepted:no-grant	0.00	no	single-source	OpenSubtitles
могуществом	17	110	0	OpenSubtitles	risk-accepted:no-grant	0.04	no	single-source	OpenSubtitles
покричи	17	110	0	OpenSubtitles	risk-accepted:no-grant	0.03	no	single-source	OpenSubtitles
десницы	17	109	0	OpenSubtitles	risk-accepted:no-grant	0.63	no	proper-noun-evidence	cap_ratio=0.63>=0.50
мушкетёры	17	109	0	OpenSubtitles	risk-accepted:no-grant	0.04	no	single-source	OpenSubtitles
передвину	17	109	0	OpenSubtitles	risk-accepted:no-grant	0.01	no	single-source	OpenSubtitles
грудину	17	108	0	OpenSubtitles	risk-accepted:no-grant	0.00	no	single-source	OpenSubtitles
какты	17	108	0	OpenSubtitles	risk-accepted:no-grant	0.00	no	single-source	OpenSubtitles
кровопийцы	17	108	0	OpenSubtitles	risk-accepted:no-grant	0.02	no	single-source	OpenSubtitles
ничтожное	17	108	0	OpenSubtitles	risk-accepted:no-grant	0.00	no	single-source	OpenSubtitles
отслеживающее	17	108	0	OpenSubtitles	risk-accepted:no-grant	0.00	no	single-source	OpenSubtitles
подставой	17	108	0	OpenSubtitles	risk-accepted:no-grant	0.00	no	single-source	OpenSubtitles
салям	17	108	0	OpenSubtitles	risk-accepted:no-grant	0.18	no	single-source	OpenSubtitles
хлопушка	17	108	0	OpenSubtitles	risk-accepted:no-grant	0.16	no	single-source	OpenSubtitles
впуталась	17	107	0	OpenSubtitles	risk-accepted:no-grant	0.00	no	single-source	OpenSubtitles
кард	17	107	0	OpenSubtitles	risk-accepted:no-grant	0.69	no	proper-noun-evidence	cap_ratio=0.69>=0.50
смазливая	17	107	0	OpenSubtitles	risk-accepted:no-grant	0.01	no	single-source	OpenSubtitles
ипохондрик	17	106	0	OpenSubtitles	risk-accepted:no-grant	0.00	no	single-source	OpenSubtitles
камелия	17	106	0	OpenSubtitles	risk-accepted:no-grant	0.77	no	proper-noun-evidence	cap_ratio=0.77>=0.50
крысиную	17	106	0	OpenSubtitles	risk-accepted:no-grant	0.05	no	single-source	OpenSubtitles
нажмет	17	106	0	OpenSubtitles	risk-accepted:no-grant	0.00	no	single-source	OpenSubtitles
приговариваетесь	17	106	0	OpenSubtitles	risk-accepted:no-grant	0.00	no	single-source	OpenSubtitles
загород	17	105	0	OpenSubtitles	risk-accepted:no-grant	0.00	no	single-source	OpenSubtitles
отстоем	17	105	0	OpenSubtitles	risk-accepted:no-grant	0.00	no	single-source	OpenSubtitles
размазали	17	105	0	OpenSubtitles	risk-accepted:no-grant	0.00	no	single-source	OpenSubtitles
ремонтников	17	105	0	OpenSubtitles	risk-accepted:no-grant	0.00	no	single-source	OpenSubtitles
шахид	17	105	0	OpenSubtitles	risk-accepted:no-grant	0.67	no	proper-noun-evidence	cap_ratio=0.67>=0.50
купонами	17	104	0	OpenSubtitles	risk-accepted:no-grant	0.00	no	single-source	OpenSubtitles
ментом	17	104	0	OpenSubtitles	risk-accepted:no-grant	0.00	no	single-source	OpenSubtitles
шалавой	17	104	0	OpenSubtitles	risk-accepted:no-grant	0.02	no	single-source	OpenSubtitles
коммуникаторы	17	103	0	OpenSubtitles	risk-accepted:no-grant	0.03	no	single-source	OpenSubtitles
дерьмовым	16	281	0	OpenSubtitles	risk-accepted:no-grant	0.01	yes	single-source	OpenSubtitles
тюряги	16	253	0	OpenSubtitles	risk-accepted:no-grant	0.00	yes	single-source	OpenSubtitles
кий	16	247	0	OpenSubtitles	risk-accepted:no-grant	0.06	yes	single-source	OpenSubtitles
дамочкой	16	238	0	OpenSubtitles	risk-accepted:no-grant	0.00	yes	single-source	OpenSubtitles
библией	16	237	4	OpenSubtitles+Tatoeba	clean:CC-BY-2.0-FR	0.80	yes	proper-noun-evidence	cap_ratio=0.80>=0.50
полуночный	16	234	0	OpenSubtitles	risk-accepted:no-grant	0.26	yes	single-source	OpenSubtitles
погорячилась	16	229	0	OpenSubtitles	risk-accepted:no-grant	0.00	yes	single-source	OpenSubtitles
убойном	16	229	0	OpenSubtitles	risk-accepted:no-grant	0.06	yes	single-source	OpenSubtitles
усек	16	225	0	OpenSubtitles	risk-accepted:no-grant	0.02	yes	single-source	OpenSubtitles
снэп	16	222	0	OpenSubtitles	risk-accepted:no-grant	0.15	yes	single-source	OpenSubtitles
судмедэкспертов	16	220	0	OpenSubtitles	risk-accepted:no-grant	0.01	yes	single-source	OpenSubtitles
мушкетеров	16	219	0	OpenSubtitles	risk-accepted:no-grant	0.03	yes	single-source	OpenSubtitles
снадобья	16	218	0	OpenSubtitles	risk-accepted:no-grant	0.01	yes	single-source	OpenSubtitles
жа	16	217	0	OpenSubtitles	risk-accepted:no-grant	0.27	yes	single-source	OpenSubtitles
изгоев	16	217	0	OpenSubtitles	risk-accepted:no-grant	0.14	yes	single-source	OpenSubtitles
отзовитесь	16	215	0	OpenSubtitles	risk-accepted:no-grant	0.01	yes	single-source	OpenSubtitles
девонька	16	213	0	OpenSubtitles	risk-accepted:no-grant	0.01	yes	single-source	OpenSubtitles
невидимости	16	211	0	OpenSubtitles	risk-accepted:no-grant	0.03	yes	single-source	OpenSubtitles
предъявлю	16	210	0	OpenSubtitles	risk-accepted:no-grant	0.01	yes	single-source	OpenSubtitles
чечетку	16	210	0	OpenSubtitles	risk-accepted:no-grant	0.00	yes	single-source	OpenSubtitles
затевают	16	209	0	OpenSubtitles	risk-accepted:no-grant	0.00	yes	single-source	OpenSubtitles
шайке	16	209	0	OpenSubtitles	risk-accepted:no-grant	0.06	yes	single-source	OpenSubtitles
ребрышек	16	207	0	OpenSubtitles	risk-accepted:no-grant	0.04	yes	single-source	OpenSubtitles
психичка	16	206	0	OpenSubtitles	risk-accepted:no-grant	0.01	yes	single-source	OpenSubtitles
шатл	16	204	0	OpenSubtitles	risk-accepted:no-grant	0.10	yes	single-source	OpenSubtitles
красавчиков	16	202	0	OpenSubtitles	risk-accepted:no-grant	0.03	yes	single-source	OpenSubtitles
кудряшка	16	202	0	OpenSubtitles	risk-accepted:no-grant	0.63	yes	proper-noun-evidence	cap_ratio=0.63>=0.50
мутишь	16	202	0	OpenSubtitles	risk-accepted:no-grant	0.00	yes	single-source	OpenSubtitles
фрикадельками	16	201	0	OpenSubtitles	risk-accepted:no-grant	0.00	yes	single-source	OpenSubtitles
ээээ	16	201	0	OpenSubtitles	risk-accepted:no-grant	0.06	yes	single-source	OpenSubtitles
запереться	16	200	0	OpenSubtitles	risk-accepted:no-grant	0.00	yes	single-source	OpenSubtitles
уделала	16	200	0	OpenSubtitles	risk-accepted:no-grant	0.01	yes	single-source	OpenSubtitles
автостраду	16	198	0	OpenSubtitles	risk-accepted:no-grant	0.03	yes	single-source	OpenSubtitles
довез	16	198	0	OpenSubtitles	risk-accepted:no-grant	0.01	yes	single-source	OpenSubtitles
помоему	16	198	0	OpenSubtitles	risk-accepted:no-grant	0.01	yes	single-source	OpenSubtitles
вырежут	16	197	0	OpenSubtitles	risk-accepted:no-grant	0.00	yes	single-source	OpenSubtitles
отмазку	16	197	0	OpenSubtitles	risk-accepted:no-grant	0.00	yes	single-source	OpenSubtitles
замочим	16	196	0	OpenSubtitles	risk-accepted:no-grant	0.01	yes	single-source	OpenSubtitles
шлепнуть	16	193	0	OpenSubtitles	risk-accepted:no-grant	0.01	yes	single-source	OpenSubtitles
метафорически	16	192	0	OpenSubtitles	risk-accepted:no-grant	0.00	yes	single-source	OpenSubtitles
мешочки	16	192	0	OpenSubtitles	risk-accepted:no-grant	0.02	yes	single-source	OpenSubtitles
оповестите	16	192	0	OpenSubtitles	risk-accepted:no-grant	0.00	yes	single-source	OpenSubtitles
худышка	16	192	0	OpenSubtitles	risk-accepted:no-grant	0.28	yes	single-source	OpenSubtitles
партнершу	16	191	0	OpenSubtitles	risk-accepted:no-grant	0.00	yes	single-source	OpenSubtitles
отплытия	16	190	0	OpenSubtitles	risk-accepted:no-grant	0.01	yes	single-source	OpenSubtitles
бамбино	16	188	0	OpenSubtitles	risk-accepted:no-grant	0.47	yes	single-source	OpenSubtitles
семейкой	16	188	0	OpenSubtitles	risk-accepted:no-grant	0.02	yes	single-source	OpenSubtitles
владыку	16	187	0	OpenSubtitles	risk-accepted:no-grant	0.71	yes	proper-noun-evidence	cap_ratio=0.71>=0.50
наебал	16	187	0	OpenSubtitles	risk-accepted:no-grant	0.01	yes	single-source	OpenSubtitles
вытворяла	16	186	0	OpenSubtitles	risk-accepted:no-grant	0.00	yes	single-source	OpenSubtitles
эдакое	16	186	0	OpenSubtitles	risk-accepted:no-grant	0.00	yes	single-source	OpenSubtitles
отвлекаюсь	16	184	0	OpenSubtitles	risk-accepted:no-grant	0.00	yes	single-source	OpenSubtitles
сверхспособности	16	184	0	OpenSubtitles	risk-accepted:no-grant	0.01	yes	single-source	OpenSubtitles
сотворит	16	183	0	OpenSubtitles	risk-accepted:no-grant	0.00	yes	single-source	OpenSubtitles
хаха	16	183	0	OpenSubtitles	risk-accepted:no-grant	0.38	yes	single-source	OpenSubtitles
обтяжку	16	182	0	OpenSubtitles	risk-accepted:no-grant	0.00	yes	single-source	OpenSubtitles
фиксатор	16	182	0	OpenSubtitles	risk-accepted:no-grant	0.01	yes	single-source	OpenSubtitles
неврологическое	16	181	0	OpenSubtitles	risk-accepted:no-grant	0.00	yes	single-source	OpenSubtitles
лобке	16	180	0	OpenSubtitles	risk-accepted:no-grant	0.01	yes	single-source	OpenSubtitles
припадка	16	180	0	OpenSubtitles	risk-accepted:no-grant	0.01	yes	single-source	OpenSubtitles
замедленном	16	179	0	OpenSubtitles	risk-accepted:no-grant	0.00	yes	single-source	OpenSubtitles
нарциссизм	16	179	0	OpenSubtitles	risk-accepted:no-grant	0.02	yes	single-source	OpenSubtitles
вздумаешь	16	178	0	OpenSubtitles	risk-accepted:no-grant	0.00	yes	single-source	OpenSubtitles
вылечишь	16	178	0	OpenSubtitles	risk-accepted:no-grant	0.00	yes	single-source	OpenSubtitles
линчеватель	16	178	0	OpenSubtitles	risk-accepted:no-grant	0.23	yes	single-source	OpenSubtitles
поздрэгвляю	16	178	0	OpenSubtitles	risk-accepted:no-grant	0.10	yes	single-source	OpenSubtitles
челка	16	178	0	OpenSubtitles	risk-accepted:no-grant	0.01	yes	single-source	OpenSubtitles
запоет	16	177	0	OpenSubtitles	risk-accepted:no-grant	0.02	yes	single-source	OpenSubtitles
кадиллаке	16	177	0	OpenSubtitles	risk-accepted:no-grant	0.61	yes	proper-noun-evidence	cap_ratio=0.61>=0.50
кемпинга	16	177	0	OpenSubtitles	risk-accepted:no-grant	0.02	yes	single-source	OpenSubtitles
подсунула	16	177	0	OpenSubtitles	risk-accepted:no-grant	0.00	yes	single-source	OpenSubtitles
рифе	16	177	0	OpenSubtitles	risk-accepted:no-grant	0.18	yes	single-source	OpenSubtitles
пошуметь	16	175	0	OpenSubtitles	risk-accepted:no-grant	0.00	yes	single-source	OpenSubtitles
федерала	16	175	0	OpenSubtitles	risk-accepted:no-grant	0.05	yes	single-source	OpenSubtitles
што	16	175	0	OpenSubtitles	risk-accepted:no-grant	0.02	yes	single-source	OpenSubtitles
зека	16	174	0	OpenSubtitles	risk-accepted:no-grant	0.31	yes	single-source	OpenSubtitles
сверкающий	16	173	0	OpenSubtitles	risk-accepted:no-grant	0.09	yes	single-source	OpenSubtitles
горелку	16	172	0	OpenSubtitles	risk-accepted:no-grant	0.01	yes	single-source	OpenSubtitles
наркоконтроль	16	172	0	OpenSubtitles	risk-accepted:no-grant	0.08	yes	single-source	OpenSubtitles
пале	16	172	0	OpenSubtitles	risk-accepted:no-grant	0.35	yes	single-source	OpenSubtitles
повиси	16	172	0	OpenSubtitles	risk-accepted:no-grant	0.02	yes	single-source	OpenSubtitles
реди	16	172	0	OpenSubtitles	risk-accepted:no-grant	0.35	yes	single-source	OpenSubtitles
сестринства	16	172	0	OpenSubtitles	risk-accepted:no-grant	0.07	yes	single-source	OpenSubtitles
южанин	16	172	0	OpenSubtitles	risk-accepted:no-grant	0.03	yes	single-source	OpenSubtitles
гримерной	16	171	0	OpenSubtitles	risk-accepted:no-grant	0.01	yes	single-source	OpenSubtitles
вендиго	16	170	0	OpenSubtitles	risk-accepted:no-grant	0.57	yes	proper-noun-evidence	cap_ratio=0.57>=0.50
капустный	16	170	0	OpenSubtitles	risk-accepted:no-grant	0.04	yes	single-source	OpenSubtitles
посерьёзней	16	170	0	OpenSubtitles	risk-accepted:no-grant	0.00	yes	single-source	OpenSubtitles
съедем	16	170	0	OpenSubtitles	risk-accepted:no-grant	0.00	yes	single-source	OpenSubtitles
безжалостной	16	169	0	OpenSubtitles	risk-accepted:no-grant	0.01	yes	single-source	OpenSubtitles
буйная	16	169	0	OpenSubtitles	risk-accepted:no-grant	0.01	yes	single-source	OpenSubtitles
заметано	16	169	0	OpenSubtitles	risk-accepted:no-grant	0.03	yes	single-source	OpenSubtitles
зачтется	16	168	0	OpenSubtitles	risk-accepted:no-grant	0.00	yes	single-source	OpenSubtitles
отступят	16	168	0	OpenSubtitles	risk-accepted:no-grant	0.00	yes	single-source	OpenSubtitles
свирепые	16	168	0	OpenSubtitles	risk-accepted:no-grant	0.04	yes	single-source	OpenSubtitles
живучий	16	167	0	OpenSubtitles	risk-accepted:no-grant	0.01	yes	single-source	OpenSubtitles
отдайся	16	167	0	OpenSubtitles	risk-accepted:no-grant	0.06	yes	single-source	OpenSubtitles
акушер	16	166	0	OpenSubtitles	risk-accepted:no-grant	0.01	yes	single-source	OpenSubtitles
орлиный	16	166	5	OpenSubtitles+Tatoeba	clean:CC-BY-2.0-FR	0.55	yes	proper-noun-evidence	cap_ratio=0.55>=0.50
закрепите	16	165	0	OpenSubtitles	risk-accepted:no-grant	0.00	yes	single-source	OpenSubtitles
лэрд	16	165	0	OpenSubtitles	risk-accepted:no-grant	0.71	yes	proper-noun-evidence	cap_ratio=0.71>=0.50
покалывает	16	165	0	OpenSubtitles	risk-accepted:no-grant	0.00	yes	single-source	OpenSubtitles
чуткость	16	165	0	OpenSubtitles	risk-accepted:no-grant	0.03	yes	single-source	OpenSubtitles
апитан	16	164	0	OpenSubtitles	risk-accepted:no-grant	0.00	yes	single-source	OpenSubtitles
грудку	16	164	0	OpenSubtitles	risk-accepted:no-grant	0.01	yes	single-source	OpenSubtitles
расслабся	16	164	0	OpenSubtitles	risk-accepted:no-grant	0.02	yes	single-source	OpenSubtitles
шрапнели	16	164	0	OpenSubtitles	risk-accepted:no-grant	0.00	yes	single-source	OpenSubtitles
сень	16	163	1	OpenSubtitles+Tatoeba	clean:CC-BY-2.0-FR	0.63	yes	proper-noun-evidence	cap_ratio=0.63>=0.50
спидстер	16	163	0	OpenSubtitles	risk-accepted:no-grant	0.14	yes	single-source	OpenSubtitles
спреем	16	163	0	OpenSubtitles	risk-accepted:no-grant	0.01	yes	single-source	OpenSubtitles
загипнотизировал	16	162	0	OpenSubtitles	risk-accepted:no-grant	0.00	yes	single-source	OpenSubtitles
смоемся	16	162	0	OpenSubtitles	risk-accepted:no-grant	0.00	yes	single-source	OpenSubtitles
таблеточку	16	162	0	OpenSubtitles	risk-accepted:no-grant	0.02	yes	single-source	OpenSubtitles
веревочки	16	161	0	OpenSubtitles	risk-accepted:no-grant	0.01	yes	single-source	OpenSubtitles
игле	16	161	0	OpenSubtitles	risk-accepted:no-grant	0.05	yes	single-source	OpenSubtitles
напрягай	16	161	0	OpenSubtitles	risk-accepted:no-grant	0.00	yes	single-source	OpenSubtitles
огнях	16	161	0	OpenSubtitles	risk-accepted:no-grant	0.10	yes	single-source	OpenSubtitles
скайп	16	161	7	OpenSubtitles+Tatoeba	clean:CC-BY-2.0-FR	0.58	yes	proper-noun-evidence	cap_ratio=0.58>=0.50
изжоги	16	160	0	OpenSubtitles	risk-accepted:no-grant	0.01	yes	single-source	OpenSubtitles
пожёстче	16	160	0	OpenSubtitles	risk-accepted:no-grant	0.01	yes	single-source	OpenSubtitles
исцелился	16	159	0	OpenSubtitles	risk-accepted:no-grant	0.00	yes	single-source	OpenSubtitles
подчинишься	16	159	0	OpenSubtitles	risk-accepted:no-grant	0.01	yes	single-source	OpenSubtitles
успокоительных	16	159	0	OpenSubtitles	risk-accepted:no-grant	0.01	yes	single-source	OpenSubtitles
возбуждаюсь	16	158	0	OpenSubtitles	risk-accepted:no-grant	0.00	yes	single-source	OpenSubtitles
каку	16	158	0	OpenSubtitles	risk-accepted:no-grant	0.39	yes	single-source	OpenSubtitles
мудрейший	16	158	0	OpenSubtitles	risk-accepted:no-grant	0.07	yes	single-source	OpenSubtitles
постиг	16	158	0	OpenSubtitles	risk-accepted:no-grant	0.00	yes	single-source	OpenSubtitles
саванну	16	158	0	OpenSubtitles	risk-accepted:no-grant	0.79	yes	proper-noun-evidence	cap_ratio=0.79>=0.50
тэг	16	158	0	OpenSubtitles	risk-accepted:no-grant	0.57	yes	proper-noun-evidence	cap_ratio=0.57>=0.50
липучка	16	157	0	OpenSubtitles	risk-accepted:no-grant	0.29	yes	single-source	OpenSubtitles
пекутся	16	157	0	OpenSubtitles	risk-accepted:no-grant	0.00	yes	single-source	OpenSubtitles
тостом	16	157	0	OpenSubtitles	risk-accepted:no-grant	0.07	yes	single-source	OpenSubtitles
упаковано	16	156	0	OpenSubtitles	risk-accepted:no-grant	0.02	yes	single-source	OpenSubtitles
агенстве	16	155	0	OpenSubtitles	risk-accepted:no-grant	0.09	yes	single-source	OpenSubtitles
сайонара	16	155	0	OpenSubtitles	risk-accepted:no-grant	0.11	yes	single-source	OpenSubtitles
серверную	16	155	0	OpenSubtitles	risk-accepted:no-grant	0.00	yes	single-source	OpenSubtitles
сопляков	16	155	0	OpenSubtitles	risk-accepted:no-grant	0.01	yes	single-source	OpenSubtitles
гут	16	154	0	OpenSubtitles	risk-accepted:no-grant	0.27	yes	single-source	OpenSubtitles
игуту	16	154	0	OpenSubtitles	risk-accepted:no-grant	0.01	yes	single-source	OpenSubtitles
опиумом	16	154	0	OpenSubtitles	risk-accepted:no-grant	0.00	yes	single-source	OpenSubtitles
раскапывать	16	154	0	OpenSubtitles	risk-accepted:no-grant	0.01	yes	single-source	OpenSubtitles
сонар	16	154	0	OpenSubtitles	risk-accepted:no-grant	0.11	yes	single-source	OpenSubtitles
ушлепок	16	154	0	OpenSubtitles	risk-accepted:no-grant	0.00	yes	single-source	OpenSubtitles
адским	16	153	0	OpenSubtitles	risk-accepted:no-grant	0.07	yes	single-source	OpenSubtitles
тальк	16	153	0	OpenSubtitles	risk-accepted:no-grant	0.04	yes	single-source	OpenSubtitles
вигвам	16	152	0	OpenSubtitles	risk-accepted:no-grant	0.26	yes	single-source	OpenSubtitles
депрессивный	16	152	0	OpenSubtitles	risk-accepted:no-grant	0.01	yes	single-source	OpenSubtitles
преподали	16	152	0	OpenSubtitles	risk-accepted:no-grant	0.00	yes	single-source	OpenSubtitles
ублюдочный	16	152	0	OpenSubtitles	risk-accepted:no-grant	0.01	yes	single-source	OpenSubtitles
выпотрошу	16	151	0	OpenSubtitles	risk-accepted:no-grant	0.00	yes	single-source	OpenSubtitles
запечатали	16	151	0	OpenSubtitles	risk-accepted:no-grant	0.00	yes	single-source	OpenSubtitles
обрек	16	151	0	OpenSubtitles	risk-accepted:no-grant	0.00	yes	single-source	OpenSubtitles
объявишь	16	151	0	OpenSubtitles	risk-accepted:no-grant	0.00	yes	single-source	OpenSubtitles
просочилось	16	151	0	OpenSubtitles	risk-accepted:no-grant	0.01	yes	single-source	OpenSubtitles
соблазнение	16	151	0	OpenSubtitles	risk-accepted:no-grant	0.03	yes	single-source	OpenSubtitles
телепорта	16	151	0	OpenSubtitles	risk-accepted:no-grant	0.03	yes	single-source	OpenSubtitles
тупом	16	151	0	OpenSubtitles	risk-accepted:no-grant	0.01	yes	single-source	OpenSubtitles
черномазые	16	151	0	OpenSubtitles	risk-accepted:no-grant	0.02	yes	single-source	OpenSubtitles
трясешься	16	150	0	OpenSubtitles	risk-accepted:no-grant	0.00	yes	single-source	OpenSubtitles
училку	16	150	0	OpenSubtitles	risk-accepted:no-grant	0.00	yes	single-source	OpenSubtitles
быками	16	149	0	OpenSubtitles	risk-accepted:no-grant	0.02	yes	single-source	OpenSubtitles
вишенки	16	149	0	OpenSubtitles	risk-accepted:no-grant	0.08	yes	single-source	OpenSubtitles
нюхнуть	16	149	0	OpenSubtitles	risk-accepted:no-grant	0.00	yes	single-source	OpenSubtitles
оплодотворить	16	149	0	OpenSubtitles	risk-accepted:no-grant	0.00	yes	single-source	OpenSubtitles
полудурок	16	149	0	OpenSubtitles	risk-accepted:no-grant	0.01	yes	single-source	OpenSubtitles
апачей	16	148	0	OpenSubtitles	risk-accepted:no-grant	0.31	yes	single-source	OpenSubtitles
валькирии	16	148	0	OpenSubtitles	risk-accepted:no-grant	0.54	yes	proper-noun-evidence	cap_ratio=0.54>=0.50
кампани	16	148	0	OpenSubtitles	risk-accepted:no-grant	0.63	yes	proper-noun-evidence	cap_ratio=0.63>=0.50
чачжанмён	16	148	0	OpenSubtitles	risk-accepted:no-grant	0.05	yes	single-source	OpenSubtitles
долби	16	147	0	OpenSubtitles	risk-accepted:no-grant	0.68	yes	proper-noun-evidence	cap_ratio=0.68>=0.50
закинуться	16	147	0	OpenSubtitles	risk-accepted:no-grant	0.00	yes	single-source	OpenSubtitles
мятных	16	147	0	OpenSubtitles	risk-accepted:no-grant	0.06	yes	single-source	OpenSubtitles
опекунства	16	147	0	OpenSubtitles	risk-accepted:no-grant	0.05	yes	single-source	OpenSubtitles
пижамная	16	147	0	OpenSubtitles	risk-accepted:no-grant	0.05	yes	single-source	OpenSubtitles
плачущих	16	147	0	OpenSubtitles	risk-accepted:no-grant	0.06	yes	single-source	OpenSubtitles
селедку	16	147	0	OpenSubtitles	risk-accepted:no-grant	0.02	yes	single-source	OpenSubtitles
безвыходное	16	146	0	OpenSubtitles	risk-accepted:no-grant	0.01	yes	single-source	OpenSubtitles
видешь	16	146	0	OpenSubtitles	risk-accepted:no-grant	0.00	yes	single-source	OpenSubtitles
гейта	16	146	0	OpenSubtitles	risk-accepted:no-grant	0.77	yes	proper-noun-evidence	cap_ratio=0.77>=0.50
землевладелец	16	146	0	OpenSubtitles	risk-accepted:no-grant	0.03	yes	single-source	OpenSubtitles
потусуюсь	16	146	0	OpenSubtitles	risk-accepted:no-grant	0.00	yes	single-source	OpenSubtitles
родим	16	146	0	OpenSubtitles	risk-accepted:no-grant	0.00	yes	single-source	OpenSubtitles
гомункул	16	145	0	OpenSubtitles	risk-accepted:no-grant	0.11	yes	single-source	OpenSubtitles
гулянка	16	145	0	OpenSubtitles	risk-accepted:no-grant	0.02	yes	single-source	OpenSubtitles
ити	16	145	0	OpenSubtitles	risk-accepted:no-grant	0.59	yes	proper-noun-evidence	cap_ratio=0.59>=0.50
пашем	16	145	0	OpenSubtitles	risk-accepted:no-grant	0.01	yes	single-source	OpenSubtitles
смеющийся	16	145	0	OpenSubtitles	risk-accepted:no-grant	0.36	yes	single-source	OpenSubtitles
чело	16	145	0	OpenSubtitles	risk-accepted:no-grant	0.16	yes	single-source	OpenSubtitles
повешения	16	144	0	OpenSubtitles	risk-accepted:no-grant	0.01	yes	single-source	OpenSubtitles
приберитесь	16	144	0	OpenSubtitles	risk-accepted:no-grant	0.01	yes	single-source	OpenSubtitles
разрубил	16	144	0	OpenSubtitles	risk-accepted:no-grant	0.01	yes	single-source	OpenSubtitles
смокинги	16	144	0	OpenSubtitles	risk-accepted:no-grant	0.02	yes	single-source	OpenSubtitles
трюфелей	16	144	0	OpenSubtitles	risk-accepted:no-grant	0.00	yes	single-source	OpenSubtitles
шокирующая	16	144	0	OpenSubtitles	risk-accepted:no-grant	0.03	yes	single-source	OpenSubtitles
дозорный	16	143	0	OpenSubtitles	risk-accepted:no-grant	0.22	yes	single-source	OpenSubtitles
жжешь	16	143	0	OpenSubtitles	risk-accepted:no-grant	0.02	yes	single-source	OpenSubtitles
лпояеи	16	143	0	OpenSubtitles	risk-accepted:no-grant	0.00	yes	single-source	OpenSubtitles
сардельки	16	143	0	OpenSubtitles	risk-accepted:no-grant	0.06	yes	single-source	OpenSubtitles
сдует	16	143	0	OpenSubtitles	risk-accepted:no-grant	0.01	yes	single-source	OpenSubtitles
высосали	16	142	0	OpenSubtitles	risk-accepted:no-grant	0.00	yes	single-source	OpenSubtitles
лажает	16	142	0	OpenSubtitles	risk-accepted:no-grant	0.00	yes	single-source	OpenSubtitles
опергруппе	16	142	0	OpenSubtitles	risk-accepted:no-grant	0.00	yes	single-source	OpenSubtitles
перегрузить	16	142	0	OpenSubtitles	risk-accepted:no-grant	0.01	yes	single-source	OpenSubtitles
сифилисом	16	142	0	OpenSubtitles	risk-accepted:no-grant	0.00	yes	single-source	OpenSubtitles
танцующая	16	142	0	OpenSubtitles	risk-accepted:no-grant	0.13	yes	single-source	OpenSubtitles
тотема	16	141	0	OpenSubtitles	risk-accepted:no-grant	0.20	yes	single-source	OpenSubtitles
изысканных	16	140	0	OpenSubtitles	risk-accepted:no-grant	0.02	yes	single-source	OpenSubtitles
коготки	16	140	0	OpenSubtitles	risk-accepted:no-grant	0.04	yes	single-source	OpenSubtitles
отверженных	16	140	0	OpenSubtitles	risk-accepted:no-grant	0.65	yes	proper-noun-evidence	cap_ratio=0.65>=0.50
охренительный	16	140	0	OpenSubtitles	risk-accepted:no-grant	0.00	yes	single-source	OpenSubtitles
ромуланцев	16	140	0	OpenSubtitles	risk-accepted:no-grant	0.05	yes	single-source	OpenSubtitles
алмазный	16	139	0	OpenSubtitles	risk-accepted:no-grant	0.25	yes	single-source	OpenSubtitles
отсняли	16	139	0	OpenSubtitles	risk-accepted:no-grant	0.00	yes	single-source	OpenSubtitles
рассосется	16	139	0	OpenSubtitles	risk-accepted:no-grant	0.00	yes	single-source	OpenSubtitles
шляются	16	139	0	OpenSubtitles	risk-accepted:no-grant	0.02	yes	single-source	OpenSubtitles
дебрях	16	138	0	OpenSubtitles	risk-accepted:no-grant	0.05	yes	single-source	OpenSubtitles
побоится	16	138	0	OpenSubtitles	risk-accepted:no-grant	0.00	yes	single-source	OpenSubtitles
дайджест	16	137	0	OpenSubtitles	risk-accepted:no-grant	0.69	yes	proper-noun-evidence	cap_ratio=0.69>=0.50
извинимся	16	137	0	OpenSubtitles	risk-accepted:no-grant	0.00	yes	single-source	OpenSubtitles
пекан	16	137	0	OpenSubtitles	risk-accepted:no-grant	0.10	yes	single-source	OpenSubtitles
покопаюсь	16	137	0	OpenSubtitles	risk-accepted:no-grant	0.00	yes	single-source	OpenSubtitles
помошник	16	137	0	OpenSubtitles	risk-accepted:no-grant	0.06	yes	single-source	OpenSubtitles
расспросов	16	137	0	OpenSubtitles	risk-accepted:no-grant	0.00	yes	single-source	OpenSubtitles
забеременеешь	16	136	0	OpenSubtitles	risk-accepted:no-grant	0.00	yes	single-source	OpenSubtitles
смайл	16	136	0	OpenSubtitles	risk-accepted:no-grant	0.42	yes	single-source	OpenSubtitles
богема	16	135	0	OpenSubtitles	risk-accepted:no-grant	0.40	yes	single-source	OpenSubtitles
обосрал	16	135	0	OpenSubtitles	risk-accepted:no-grant	0.01	yes	single-source	OpenSubtitles
оклемается	16	135	0	OpenSubtitles	risk-accepted:no-grant	0.00	yes	single-source	OpenSubtitles
опознавать	16	135	0	OpenSubtitles	risk-accepted:no-grant	0.00	yes	single-source	OpenSubtitles
претенциозно	16	135	0	OpenSubtitles	risk-accepted:no-grant	0.01	yes	single-source	OpenSubtitles
седативное	16	135	0	OpenSubtitles	risk-accepted:no-grant	0.00	yes	single-source	OpenSubtitles
выжидал	16	134	0	OpenSubtitles	risk-accepted:no-grant	0.01	yes	single-source	OpenSubtitles
океанский	16	134	0	OpenSubtitles	risk-accepted:no-grant	0.15	yes	single-source	OpenSubtitles
разгадки	16	134	0	OpenSubtitles	risk-accepted:no-grant	0.00	yes	single-source	OpenSubtitles
сфабриковать	16	134	0	OpenSubtitles	risk-accepted:no-grant	0.00	yes	single-source	OpenSubtitles
чашей	16	134	0	OpenSubtitles	risk-accepted:no-grant	0.19	yes	single-source	OpenSubtitles
черепашек	16	134	0	OpenSubtitles	risk-accepted:no-grant	0.12	yes	single-source	OpenSubtitles
быль	16	133	0	OpenSubtitles	risk-accepted:no-grant	0.08	yes	single-source	OpenSubtitles
излучатель	16	133	0	OpenSubtitles	risk-accepted:no-grant	0.00	yes	single-source	OpenSubtitles
неважные	16	133	0	OpenSubtitles	risk-accepted:no-grant	0.00	yes	single-source	OpenSubtitles
селезёнки	16	133	0	OpenSubtitles	risk-accepted:no-grant	0.02	yes	single-source	OpenSubtitles
топлес	16	133	0	OpenSubtitles	risk-accepted:no-grant	0.03	yes	single-source	OpenSubtitles
брюлики	16	132	0	OpenSubtitles	risk-accepted:no-grant	0.03	yes	single-source	OpenSubtitles
вещичек	16	132	0	OpenSubtitles	risk-accepted:no-grant	0.00	yes	single-source	OpenSubtitles
дурачат	16	132	0	OpenSubtitles	risk-accepted:no-grant	0.00	yes	single-source	OpenSubtitles
закатили	16	132	0	OpenSubtitles	risk-accepted:no-grant	0.00	yes	single-source	OpenSubtitles
запредельно	16	132	0	OpenSubtitles	risk-accepted:no-grant	0.03	yes	single-source	OpenSubtitles
камергер	16	132	0	OpenSubtitles	risk-accepted:no-grant	0.30	yes	single-source	OpenSubtitles
откашливается	16	132	0	OpenSubtitles	risk-accepted:no-grant	0.15	yes	single-source	OpenSubtitles
полицай	16	132	0	OpenSubtitles	risk-accepted:no-grant	0.01	yes	single-source	OpenSubtitles
таке	16	132	0	OpenSubtitles	risk-accepted:no-grant	0.44	yes	single-source	OpenSubtitles
хреновым	16	132	0	OpenSubtitles	risk-accepted:no-grant	0.01	yes	single-source	OpenSubtitles
эрцгерцог	16	132	0	OpenSubtitles	risk-accepted:no-grant	0.10	yes	single-source	OpenSubtitles
аджума	16	131	0	OpenSubtitles	risk-accepted:no-grant	0.27	yes	single-source	OpenSubtitles
блевану	16	131	0	OpenSubtitles	risk-accepted:no-grant	0.00	yes	single-source	OpenSubtitles
выпорю	16	131	0	OpenSubtitles	risk-accepted:no-grant	0.01	yes	single-source	OpenSubtitles
кипятить	16	131	0	OpenSubtitles	risk-accepted:no-grant	0.01	yes	single-source	OpenSubtitles
обогнуть	16	131	0	OpenSubtitles	risk-accepted:no-grant	0.00	yes	single-source	OpenSubtitles
шаттлы	16	131	0	OpenSubtitles	risk-accepted:no-grant	0.01	yes	single-source	OpenSubtitles
завете	16	130	3	OpenSubtitles+Tatoeba	clean:CC-BY-2.0-FR	0.78	yes	proper-noun-evidence	cap_ratio=0.78>=0.50
занавесками	16	130	0	OpenSubtitles	risk-accepted:no-grant	0.00	yes	single-source	OpenSubtitles
кбнеят	16	130	0	OpenSubtitles	risk-accepted:no-grant	0.00	yes	single-source	OpenSubtitles
хлебать	16	130	0	OpenSubtitles	risk-accepted:no-grant	0.00	yes	single-source	OpenSubtitles
бугимен	16	129	0	OpenSubtitles	risk-accepted:no-grant	0.55	yes	proper-noun-evidence	cap_ratio=0.55>=0.50
диализа	16	129	0	OpenSubtitles	risk-accepted:no-grant	0.01	yes	single-source	OpenSubtitles
осилишь	16	129	0	OpenSubtitles	risk-accepted:no-grant	0.00	yes	single-source	OpenSubtitles
шестеренки	16	129	0	OpenSubtitles	risk-accepted:no-grant	0.03	yes	single-source	OpenSubtitles
подчистили	16	128	0	OpenSubtitles	risk-accepted:no-grant	0.00	yes	single-source	OpenSubtitles
срет	16	128	0	OpenSubtitles	risk-accepted:no-grant	0.01	yes	single-source	OpenSubtitles
фарфоровая	16	128	0	OpenSubtitles	risk-accepted:no-grant	0.04	yes	single-source	OpenSubtitles
баркас	16	127	0	OpenSubtitles	risk-accepted:no-grant	0.03	yes	single-source	OpenSubtitles
вампирская	16	127	0	OpenSubtitles	risk-accepted:no-grant	0.05	yes	single-source	OpenSubtitles
восьмёрку	16	127	0	OpenSubtitles	risk-accepted:no-grant	0.01	yes	single-source	OpenSubtitles
колесики	16	127	0	OpenSubtitles	risk-accepted:no-grant	0.03	yes	single-source	OpenSubtitles
наведаемся	16	127	0	OpenSubtitles	risk-accepted:no-grant	0.00	yes	single-source	OpenSubtitles
поручителя	16	127	0	OpenSubtitles	risk-accepted:no-grant	0.01	yes	single-source	OpenSubtitles
разглядишь	16	127	0	OpenSubtitles	risk-accepted:no-grant	0.00	yes	single-source	OpenSubtitles
бабуина	16	126	0	OpenSubtitles	risk-accepted:no-grant	0.02	yes	single-source	OpenSubtitles
наклонить	16	126	0	OpenSubtitles	risk-accepted:no-grant	0.00	yes	single-source	OpenSubtitles
околачивается	16	126	0	OpenSubtitles	risk-accepted:no-grant	0.00	yes	single-source	OpenSubtitles
провидения	16	126	0	OpenSubtitles	risk-accepted:no-grant	0.27	yes	single-source	OpenSubtitles
прямее	16	126	0	OpenSubtitles	risk-accepted:no-grant	0.01	yes	single-source	OpenSubtitles
стриптизёрш	16	126	0	OpenSubtitles	risk-accepted:no-grant	0.01	yes	single-source	OpenSubtitles
черепушку	16	126	0	OpenSubtitles	risk-accepted:no-grant	0.01	yes	single-source	OpenSubtitles
бунтари	16	125	0	OpenSubtitles	risk-accepted:no-grant	0.08	yes	single-source	OpenSubtitles
дергаешь	16	125	0	OpenSubtitles	risk-accepted:no-grant	0.01	yes	single-source	OpenSubtitles
дивные	16	125	0	OpenSubtitles	risk-accepted:no-grant	0.02	yes	single-source	OpenSubtitles
дотянем	16	125	0	OpenSubtitles	risk-accepted:no-grant	0.00	yes	single-source	OpenSubtitles
исцелилась	16	125	0	OpenSubtitles	risk-accepted:no-grant	0.00	yes	single-source	OpenSubtitles
нефритовый	16	125	0	OpenSubtitles	risk-accepted:no-grant	0.55	yes	proper-noun-evidence	cap_ratio=0.55>=0.50
пиарщик	16	125	0	OpenSubtitles	risk-accepted:no-grant	0.02	yes	single-source	OpenSubtitles
повременим	16	125	0	OpenSubtitles	risk-accepted:no-grant	0.00	yes	single-source	OpenSubtitles
подтереться	16	125	0	OpenSubtitles	risk-accepted:no-grant	0.00	yes	single-source	OpenSubtitles
сдержим	16	125	0	OpenSubtitles	risk-accepted:no-grant	0.00	yes	single-source	OpenSubtitles
амброзия	16	124	0	OpenSubtitles	risk-accepted:no-grant	0.52	yes	proper-noun-evidence	cap_ratio=0.52>=0.50
брп	16	124	0	OpenSubtitles	risk-accepted:no-grant	0.04	yes	single-source	OpenSubtitles
вдохновляющие	16	124	0	OpenSubtitles	risk-accepted:no-grant	0.01	yes	single-source	OpenSubtitles
выторговать	16	124	0	OpenSubtitles	risk-accepted:no-grant	0.00	yes	single-source	OpenSubtitles
дядьку	16	124	0	OpenSubtitles	risk-accepted:no-grant	0.02	yes	single-source	OpenSubtitles
кексиков	16	124	0	OpenSubtitles	risk-accepted:no-grant	0.02	yes	single-source	OpenSubtitles
лимфоузлы	16	124	0	OpenSubtitles	risk-accepted:no-grant	0.00	yes	single-source	OpenSubtitles
рейхе	16	124	0	OpenSubtitles	risk-accepted:no-grant	0.61	yes	proper-noun-evidence	cap_ratio=0.61>=0.50
следящее	16	124	0	OpenSubtitles	risk-accepted:no-grant	0.03	yes	single-source	OpenSubtitles
сорвешь	16	124	0	OpenSubtitles	risk-accepted:no-grant	0.00	yes	single-source	OpenSubtitles
уёбков	16	124	0	OpenSubtitles	risk-accepted:no-grant	0.00	yes	single-source	OpenSubtitles
внатуре	16	123	0	OpenSubtitles	risk-accepted:no-grant	0.01	yes	single-source	OpenSubtitles
выбывания	16	123	0	OpenSubtitles	risk-accepted:no-grant	0.06	yes	single-source	OpenSubtitles
дурачье	16	123	0	OpenSubtitles	risk-accepted:no-grant	0.00	yes	single-source	OpenSubtitles
дуре	16	123	0	OpenSubtitles	risk-accepted:no-grant	0.00	yes	single-source	OpenSubtitles
зависала	16	123	0	OpenSubtitles	risk-accepted:no-grant	0.01	yes	single-source	OpenSubtitles
лавэ	16	123	0	OpenSubtitles	risk-accepted:no-grant	0.06	yes	single-source	OpenSubtitles
молодцов	16	123	0	OpenSubtitles	risk-accepted:no-grant	0.46	yes	single-source	OpenSubtitles
прикасаясь	16	123	0	OpenSubtitles	risk-accepted:no-grant	0.00	yes	single-source	OpenSubtitles
прокормиться	16	123	0	OpenSubtitles	risk-accepted:no-grant	0.00	yes	single-source	OpenSubtitles
выродков	16	122	0	OpenSubtitles	risk-accepted:no-grant	0.01	yes	single-source	OpenSubtitles
государыни	16	122	0	OpenSubtitles	risk-accepted:no-grant	0.15	yes	single-source	OpenSubtitles
стрихнин	16	122	0	OpenSubtitles	risk-accepted:no-grant	0.02	yes	single-source	OpenSubtitles
анастомоз	16	121	0	OpenSubtitles	risk-accepted:no-grant	0.00	yes	single-source	OpenSubtitles
вруби	16	121	0	OpenSubtitles	risk-accepted:no-grant	0.03	yes	single-source	OpenSubtitles
клеветать	16	121	0	OpenSubtitles	risk-accepted:no-grant	0.00	yes	single-source	OpenSubtitles
мига	16	121	0	OpenSubtitles	risk-accepted:no-grant	0.27	yes	single-source	OpenSubtitles
мусорщика	16	121	0	OpenSubtitles	risk-accepted:no-grant	0.18	yes	single-source	OpenSubtitles
поколочу	16	121	0	OpenSubtitles	risk-accepted:no-grant	0.00	yes	single-source	OpenSubtitles
угомонишься	16	121	0	OpenSubtitles	risk-accepted:no-grant	0.00	yes	single-source	OpenSubtitles
ьрщт	16	121	0	OpenSubtitles	risk-accepted:no-grant	0.00	yes	single-source	OpenSubtitles
биткойн	16	120	0	OpenSubtitles	risk-accepted:no-grant	0.52	yes	proper-noun-evidence	cap_ratio=0.52>=0.50
махи	16	120	0	OpenSubtitles	risk-accepted:no-grant	0.67	yes	proper-noun-evidence	cap_ratio=0.67>=0.50
попивать	16	120	0	OpenSubtitles	risk-accepted:no-grant	0.00	yes	single-source	OpenSubtitles
связывающее	16	120	0	OpenSubtitles	risk-accepted:no-grant	0.00	yes	single-source	OpenSubtitles
скрытности	16	120	0	OpenSubtitles	risk-accepted:no-grant	0.03	yes	single-source	OpenSubtitles
еячб	16	119	0	OpenSubtitles	risk-accepted:no-grant	0.00	yes	single-source	OpenSubtitles
клевых	16	119	0	OpenSubtitles	risk-accepted:no-grant	0.03	yes	single-source	OpenSubtitles
осторожненько	16	119	0	OpenSubtitles	risk-accepted:no-grant	0.00	yes	single-source	OpenSubtitles
пичкают	16	119	0	OpenSubtitles	risk-accepted:no-grant	0.00	yes	single-source	OpenSubtitles
порто	16	119	0	OpenSubtitles	risk-accepted:no-grant	0.75	yes	proper-noun-evidence	cap_ratio=0.75>=0.50
прелестями	16	119	0	OpenSubtitles	risk-accepted:no-grant	0.00	yes	single-source	OpenSubtitles
замочат	16	118	0	OpenSubtitles	risk-accepted:no-grant	0.00	yes	single-source	OpenSubtitles
лаймы	16	118	0	OpenSubtitles	risk-accepted:no-grant	0.29	yes	single-source	OpenSubtitles
ланчи	16	118	0	OpenSubtitles	risk-accepted:no-grant	0.07	yes	single-source	OpenSubtitles
озлобленный	16	118	0	OpenSubtitles	risk-accepted:no-grant	0.01	yes	single-source	OpenSubtitles
ослепнет	16	118	0	OpenSubtitles	risk-accepted:no-grant	0.01	yes	single-source	OpenSubtitles
отнесусь	16	118	0	OpenSubtitles	risk-accepted:no-grant	0.00	yes	single-source	OpenSubtitles
пропихнуть	16	118	0	OpenSubtitles	risk-accepted:no-grant	0.00	yes	single-source	OpenSubtitles
спиритический	16	118	0	OpenSubtitles	risk-accepted:no-grant	0.02	yes	single-source	OpenSubtitles
звонившего	16	117	0	OpenSubtitles	risk-accepted:no-grant	0.01	yes	single-source	OpenSubtitles
пабов	16	117	0	OpenSubtitles	risk-accepted:no-grant	0.00	yes	single-source	OpenSubtitles
выцарапать	16	116	0	OpenSubtitles	risk-accepted:no-grant	0.00	yes	single-source	OpenSubtitles
гонор	16	116	0	OpenSubtitles	risk-accepted:no-grant	0.05	yes	single-source	OpenSubtitles
горошины	16	116	0	OpenSubtitles	risk-accepted:no-grant	0.00	yes	single-source	OpenSubtitles
знаменитостям	16	116	0	OpenSubtitles	risk-accepted:no-grant	0.00	yes	single-source	OpenSubtitles
комбриг	16	116	0	OpenSubtitles	risk-accepted:no-grant	0.00	yes	single-source	OpenSubtitles
разлучаться	16	116	0	OpenSubtitles	risk-accepted:no-grant	0.00	yes	single-source	OpenSubtitles
спонсируют	16	116	0	OpenSubtitles	risk-accepted:no-grant	0.00	yes	single-source	OpenSubtitles
унпньюъ	16	116	0	OpenSubtitles	risk-accepted:no-grant	0.67	yes	proper-noun-evidence	cap_ratio=0.67>=0.50
властелином	16	115	0	OpenSubtitles	risk-accepted:no-grant	0.29	yes	single-source	OpenSubtitles
вскрывает	16	115	0	OpenSubtitles	risk-accepted:no-grant	0.01	yes	single-source	OpenSubtitles
заправлю	16	115	0	OpenSubtitles	risk-accepted:no-grant	0.00	yes	single-source	OpenSubtitles
клингонами	16	115	0	OpenSubtitles	risk-accepted:no-grant	0.06	yes	single-source	OpenSubtitles
компадре	16	115	0	OpenSubtitles	risk-accepted:no-grant	0.06	yes	single-source	OpenSubtitles
наколдовать	16	115	0	OpenSubtitles	risk-accepted:no-grant	0.00	yes	single-source	OpenSubtitles
отвалит	16	115	0	OpenSubtitles	risk-accepted:no-grant	0.01	yes	single-source	OpenSubtitles
очухается	16	115	0	OpenSubtitles	risk-accepted:no-grant	0.00	yes	single-source	OpenSubtitles
чуете	16	115	0	OpenSubtitles	risk-accepted:no-grant	0.03	yes	single-source	OpenSubtitles
воскресит	16	114	0	OpenSubtitles	risk-accepted:no-grant	0.00	yes	single-source	OpenSubtitles
латекса	16	114	0	OpenSubtitles	risk-accepted:no-grant	0.00	yes	single-source	OpenSubtitles
охрененная	16	114	0	OpenSubtitles	risk-accepted:no-grant	0.01	yes	single-source	OpenSubtitles
разнорабочий	16	114	0	OpenSubtitles	risk-accepted:no-grant	0.06	yes	single-source	OpenSubtitles
раскрутил	16	114	0	OpenSubtitles	risk-accepted:no-grant	0.00	yes	single-source	OpenSubtitles
соплями	16	114	0	OpenSubtitles	risk-accepted:no-grant	0.00	yes	single-source	OpenSubtitles
устоишь	16	114	0	OpenSubtitles	risk-accepted:no-grant	0.00	yes	single-source	OpenSubtitles
грешной	16	113	0	OpenSubtitles	risk-accepted:no-grant	0.00	yes	single-source	OpenSubtitles
костоправ	16	113	0	OpenSubtitles	risk-accepted:no-grant	0.08	yes	single-source	OpenSubtitles
отмоем	16	113	0	OpenSubtitles	risk-accepted:no-grant	0.01	yes	single-source	OpenSubtitles
отснять	16	113	0	OpenSubtitles	risk-accepted:no-grant	0.00	yes	single-source	OpenSubtitles
родимая	16	113	0	OpenSubtitles	risk-accepted:no-grant	0.03	yes	single-source	OpenSubtitles
бостонской	16	112	4	OpenSubtitles+Tatoeba	clean:CC-BY-2.0-FR	0.63	yes	proper-noun-evidence	cap_ratio=0.63>=0.50
заправляла	16	112	0	OpenSubtitles	risk-accepted:no-grant	0.00	yes	single-source	OpenSubtitles
морфием	16	112	0	OpenSubtitles	risk-accepted:no-grant	0.00	yes	single-source	OpenSubtitles
пачкает	16	112	0	OpenSubtitles	risk-accepted:no-grant	0.00	yes	single-source	OpenSubtitles
почтенная	16	112	0	OpenSubtitles	risk-accepted:no-grant	0.01	yes	single-source	OpenSubtitles
приползет	16	112	0	OpenSubtitles	risk-accepted:no-grant	0.00	yes	single-source	OpenSubtitles
продемонстрируем	16	112	0	OpenSubtitles	risk-accepted:no-grant	0.00	yes	single-source	OpenSubtitles
чача	16	112	0	OpenSubtitles	risk-accepted:no-grant	0.75	yes	proper-noun-evidence	cap_ratio=0.75>=0.50
шевелюрой	16	112	0	OpenSubtitles	risk-accepted:no-grant	0.00	yes	single-source	OpenSubtitles
вскрой	16	111	0	OpenSubtitles	risk-accepted:no-grant	0.02	yes	single-source	OpenSubtitles
выгравировано	16	111	0	OpenSubtitles	risk-accepted:no-grant	0.00	yes	single-source	OpenSubtitles
лютая	16	111	0	OpenSubtitles	risk-accepted:no-grant	0.02	yes	single-source	OpenSubtitles
отсосите	16	111	0	OpenSubtitles	risk-accepted:no-grant	0.19	yes	single-source	OpenSubtitles
паф	16	111	0	OpenSubtitles	risk-accepted:no-grant	0.20	yes	single-source	OpenSubtitles
пучины	16	111	0	OpenSubtitles	risk-accepted:no-grant	0.04	yes	single-source	OpenSubtitles
разрулим	16	111	0	OpenSubtitles	risk-accepted:no-grant	0.01	no	single-source	OpenSubtitles
свитков	16	111	0	OpenSubtitles	risk-accepted:no-grant	0.08	no	single-source	OpenSubtitles
сказочка	16	111	0	OpenSubtitles	risk-accepted:no-grant	0.00	no	single-source	OpenSubtitles
скрытной	16	111	0	OpenSubtitles	risk-accepted:no-grant	0.00	no	single-source	OpenSubtitles
фавор	16	111	0	OpenSubtitles	risk-accepted:no-grant	0.05	no	single-source	OpenSubtitles
бешенный	16	110	0	OpenSubtitles	risk-accepted:no-grant	0.13	no	single-source	OpenSubtitles
буи	16	110	1	OpenSubtitles+Tatoeba	clean:CC-BY-2.0-FR	0.60	no	proper-noun-evidence	cap_ratio=0.60>=0.50
бьыл	16	110	0	OpenSubtitles	risk-accepted:no-grant	0.00	no	single-source	OpenSubtitles
бэнд	16	110	0	OpenSubtitles	risk-accepted:no-grant	0.71	no	proper-noun-evidence	cap_ratio=0.71>=0.50
девчёнки	16	110	0	OpenSubtitles	risk-accepted:no-grant	0.00	no	single-source	OpenSubtitles
йюпхм	16	110	0	OpenSubtitles	risk-accepted:no-grant	0.00	no	single-source	OpenSubtitles
нагонять	16	110	0	OpenSubtitles	risk-accepted:no-grant	0.00	no	single-source	OpenSubtitles
прирезать	16	110	0	OpenSubtitles	risk-accepted:no-grant	0.00	no	single-source	OpenSubtitles
спектральный	16	110	0	OpenSubtitles	risk-accepted:no-grant	0.00	no	single-source	OpenSubtitles
тормознули	16	110	0	OpenSubtitles	risk-accepted:no-grant	0.00	no	single-source	OpenSubtitles
хладнокровного	16	110	0	OpenSubtitles	risk-accepted:no-grant	0.03	no	single-source	OpenSubtitles
штучкам	16	110	0	OpenSubtitles	risk-accepted:no-grant	0.00	no	single-source	OpenSubtitles
волосики	16	109	0	OpenSubtitles	risk-accepted:no-grant	0.00	no	single-source	OpenSubtitles
жрите	16	109	0	OpenSubtitles	risk-accepted:no-grant	0.07	no	single-source	OpenSubtitles
непристойность	16	109	0	OpenSubtitles	risk-accepted:no-grant	0.02	no	single-source	OpenSubtitles
проделывали	16	109	0	OpenSubtitles	risk-accepted:no-grant	0.00	no	single-source	OpenSubtitles
сигареткой	16	109	0	OpenSubtitles	risk-accepted:no-grant	0.00	no	single-source	OpenSubtitles
человечком	16	109	0	OpenSubtitles	risk-accepted:no-grant	0.03	no	single-source	OpenSubtitles
ядекюел	16	109	0	OpenSubtitles	risk-accepted:no-grant	0.64	no	proper-noun-evidence	cap_ratio=0.64>=0.50
зайчонок	16	108	0	OpenSubtitles	risk-accepted:no-grant	0.04	no	single-source	OpenSubtitles
какашках	16	108	0	OpenSubtitles	risk-accepted:no-grant	0.01	no	single-source	OpenSubtitles
эмпат	16	108	0	OpenSubtitles	risk-accepted:no-grant	0.03	no	single-source	OpenSubtitles
выпрут	16	107	0	OpenSubtitles	risk-accepted:no-grant	0.00	no	single-source	OpenSubtitles
корсете	16	107	0	OpenSubtitles	risk-accepted:no-grant	0.00	no	single-source	OpenSubtitles
непутевый	16	107	0	OpenSubtitles	risk-accepted:no-grant	0.03	no	single-source	OpenSubtitles
обломать	16	107	0	OpenSubtitles	risk-accepted:no-grant	0.00	no	single-source	OpenSubtitles
поглотят	16	107	0	OpenSubtitles	risk-accepted:no-grant	0.00	no	single-source	OpenSubtitles
профайл	16	107	0	OpenSubtitles	risk-accepted:no-grant	0.02	no	single-source	OpenSubtitles
рыданий	16	107	0	OpenSubtitles	risk-accepted:no-grant	0.00	no	single-source	OpenSubtitles
юсб	16	107	0	OpenSubtitles	risk-accepted:no-grant	0.02	no	single-source	OpenSubtitles
взрослеем	16	106	0	OpenSubtitles	risk-accepted:no-grant	0.00	no	single-source	OpenSubtitles
владык	16	106	0	OpenSubtitles	risk-accepted:no-grant	0.54	no	proper-noun-evidence	cap_ratio=0.54>=0.50
диадема	16	106	0	OpenSubtitles	risk-accepted:no-grant	0.10	no	single-source	OpenSubtitles
драг	16	106	0	OpenSubtitles	risk-accepted:no-grant	0.45	no	single-source	OpenSubtitles
жандармерию	16	106	0	OpenSubtitles	risk-accepted:no-grant	0.02	no	single-source	OpenSubtitles
иллюминатов	16	106	0	OpenSubtitles	risk-accepted:no-grant	0.30	no	single-source	OpenSubtitles
картотека	16	106	0	OpenSubtitles	risk-accepted:no-grant	0.01	no	single-source	OpenSubtitles
коронером	16	106	0	OpenSubtitles	risk-accepted:no-grant	0.08	no	single-source	OpenSubtitles
трудяги	16	106	0	OpenSubtitles	risk-accepted:no-grant	0.03	no	single-source	OpenSubtitles
выпуклость	16	105	0	OpenSubtitles	risk-accepted:no-grant	0.00	no	single-source	OpenSubtitles
кануне	16	105	0	OpenSubtitles	risk-accepted:no-grant	0.05	no	single-source	OpenSubtitles
курей	16	105	0	OpenSubtitles	risk-accepted:no-grant	0.01	no	single-source	OpenSubtitles
наркоторговлю	16	105	0	OpenSubtitles	risk-accepted:no-grant	0.04	no	single-source	OpenSubtitles
подложи	16	105	0	OpenSubtitles	risk-accepted:no-grant	0.03	no	single-source	OpenSubtitles
потревожила	16	105	0	OpenSubtitles	risk-accepted:no-grant	0.01	no	single-source	OpenSubtitles
юмцек	16	105	0	OpenSubtitles	risk-accepted:no-grant	0.27	no	single-source	OpenSubtitles
веревочке	16	104	0	OpenSubtitles	risk-accepted:no-grant	0.00	no	single-source	OpenSubtitles
гримерка	16	104	0	OpenSubtitles	risk-accepted:no-grant	0.04	no	single-source	OpenSubtitles
заснут	16	104	0	OpenSubtitles	risk-accepted:no-grant	0.00	no	single-source	OpenSubtitles
зловещего	16	104	0	OpenSubtitles	risk-accepted:no-grant	0.03	no	single-source	OpenSubtitles
кейк	16	104	0	OpenSubtitles	risk-accepted:no-grant	0.73	no	proper-noun-evidence	cap_ratio=0.73>=0.50
массажное	16	104	0	OpenSubtitles	risk-accepted:no-grant	0.00	no	single-source	OpenSubtitles
непорочная	16	104	0	OpenSubtitles	risk-accepted:no-grant	0.12	no	single-source	OpenSubtitles
опозорюсь	16	104	0	OpenSubtitles	risk-accepted:no-grant	0.00	no	single-source	OpenSubtitles
отстрелили	16	104	0	OpenSubtitles	risk-accepted:no-grant	0.01	no	single-source	OpenSubtitles
поколебать	16	104	0	OpenSubtitles	risk-accepted:no-grant	0.00	no	single-source	OpenSubtitles
доньи	16	103	0	OpenSubtitles	risk-accepted:no-grant	0.11	no	single-source	OpenSubtitles
дядями	16	103	0	OpenSubtitles	risk-accepted:no-grant	0.00	no	single-source	OpenSubtitles
звездолета	15	267	0	OpenSubtitles	risk-accepted:no-grant	0.00	yes	single-source	OpenSubtitles
бугай	15	219	0	OpenSubtitles	risk-accepted:no-grant	0.18	yes	single-source	OpenSubtitles
припоминаешь	15	218	0	OpenSubtitles	risk-accepted:no-grant	0.00	yes	single-source	OpenSubtitles
поднеси	15	206	0	OpenSubtitles	risk-accepted:no-grant	0.00	yes	single-source	OpenSubtitles
побьешь	15	204	0	OpenSubtitles	risk-accepted:no-grant	0.01	yes	single-source	OpenSubtitles
резидентуры	15	201	0	OpenSubtitles	risk-accepted:no-grant	0.03	yes	single-source	OpenSubtitles
шляпник	15	200	0	OpenSubtitles	risk-accepted:no-grant	0.68	yes	proper-noun-evidence	cap_ratio=0.68>=0.50
обоймы	15	198	0	OpenSubtitles	risk-accepted:no-grant	0.02	yes	single-source	OpenSubtitles
имбирного	15	196	0	OpenSubtitles	risk-accepted:no-grant	0.02	yes	single-source	OpenSubtitles
шиком	15	196	0	OpenSubtitles	risk-accepted:no-grant	0.07	yes	single-source	OpenSubtitles
базарить	15	194	0	OpenSubtitles	risk-accepted:no-grant	0.00	yes	single-source	OpenSubtitles
обдолбался	15	194	0	OpenSubtitles	risk-accepted:no-grant	0.01	yes	single-source	OpenSubtitles
побьем	15	194	0	OpenSubtitles	risk-accepted:no-grant	0.01	yes	single-source	OpenSubtitles
охуенная	15	192	0	OpenSubtitles	risk-accepted:no-grant	0.00	yes	single-source	OpenSubtitles
лажать	15	189	0	OpenSubtitles	risk-accepted:no-grant	0.00	yes	single-source	OpenSubtitles
тика	15	189	1	OpenSubtitles+Tatoeba	clean:CC-BY-2.0-FR	0.51	yes	proper-noun-evidence	cap_ratio=0.51>=0.50
расплатится	15	188	0	OpenSubtitles	risk-accepted:no-grant	0.00	yes	single-source	OpenSubtitles
сентиментально	15	188	0	OpenSubtitles	risk-accepted:no-grant	0.00	yes	single-source	OpenSubtitles
глушит	15	186	0	OpenSubtitles	risk-accepted:no-grant	0.01	yes	single-source	OpenSubtitles
задротов	15	186	0	OpenSubtitles	risk-accepted:no-grant	0.04	yes	single-source	OpenSubtitles
еврейкой	15	185	0	OpenSubtitles	risk-accepted:no-grant	0.01	yes	single-source	OpenSubtitles
наниты	15	185	0	OpenSubtitles	risk-accepted:no-grant	0.00	yes	single-source	OpenSubtitles
говяжьи	15	184	0	OpenSubtitles	risk-accepted:no-grant	0.10	yes	single-source	OpenSubtitles
маль	15	183	0	OpenSubtitles	risk-accepted:no-grant	0.51	yes	proper-noun-evidence	cap_ratio=0.51>=0.50
постельку	15	181	0	OpenSubtitles	risk-accepted:no-grant	0.00	yes	single-source	OpenSubtitles
прозак	15	181	0	OpenSubtitles	risk-accepted:no-grant	0.76	yes	proper-noun-evidence	cap_ratio=0.76>=0.50
деи	15	180	1	OpenSubtitles+Tatoeba	clean:CC-BY-2.0-FR	0.68	yes	proper-noun-evidence	cap_ratio=0.68>=0.50
роком	15	180	0	OpenSubtitles	risk-accepted:no-grant	0.45	yes	single-source	OpenSubtitles
болельщиц	15	179	0	OpenSubtitles	risk-accepted:no-grant	0.02	yes	single-source	OpenSubtitles
спутался	15	179	0	OpenSubtitles	risk-accepted:no-grant	0.00	yes	single-source	OpenSubtitles
подпустить	15	178	0	OpenSubtitles	risk-accepted:no-grant	0.00	yes	single-source	OpenSubtitles
ясновидец	15	178	0	OpenSubtitles	risk-accepted:no-grant	0.03	yes	single-source	OpenSubtitles
арли	15	176	0	OpenSubtitles	risk-accepted:no-grant	0.21	yes	single-source	OpenSubtitles
гребанные	15	175	0	OpenSubtitles	risk-accepted:no-grant	0.01	yes	single-source	OpenSubtitles
искуплю	15	173	0	OpenSubtitles	risk-accepted:no-grant	0.00	yes	single-source	OpenSubtitles
штурвала	15	173	0	OpenSubtitles	risk-accepted:no-grant	0.01	yes	single-source	OpenSubtitles
эскортом	15	173	0	OpenSubtitles	risk-accepted:no-grant	0.01	yes	single-source	OpenSubtitles
конфискуют	15	172	0	OpenSubtitles	risk-accepted:no-grant	0.00	yes	single-source	OpenSubtitles
симметрия	15	171	0	OpenSubtitles	risk-accepted:no-grant	0.01	yes	single-source	OpenSubtitles
тимьян	15	171	0	OpenSubtitles	risk-accepted:no-grant	0.05	yes	single-source	OpenSubtitles
огорчит	15	170	0	OpenSubtitles	risk-accepted:no-grant	0.00	yes	single-source	OpenSubtitles
расстанетесь	15	170	0	OpenSubtitles	risk-accepted:no-grant	0.00	yes	single-source	OpenSubtitles
батюшке	15	169	0	OpenSubtitles	risk-accepted:no-grant	0.01	yes	single-source	OpenSubtitles
грею	15	169	8	OpenSubtitles+Tatoeba	clean:CC-BY-2.0-FR	0.61	yes	proper-noun-evidence	cap_ratio=0.61>=0.50
массажем	15	169	0	OpenSubtitles	risk-accepted:no-grant	0.00	yes	single-source	OpenSubtitles
бастарда	15	168	0	OpenSubtitles	risk-accepted:no-grant	0.00	yes	single-source	OpenSubtitles
девчонках	15	168	0	OpenSubtitles	risk-accepted:no-grant	0.02	yes	single-source	OpenSubtitles
повредят	15	168	0	OpenSubtitles	risk-accepted:no-grant	0.00	yes	single-source	OpenSubtitles
протяжение	15	168	0	OpenSubtitles	risk-accepted:no-grant	0.00	yes	single-source	OpenSubtitles
вещиц	15	167	0	OpenSubtitles	risk-accepted:no-grant	0.00	yes	single-source	OpenSubtitles
ордеры	15	167	0	OpenSubtitles	risk-accepted:no-grant	0.01	yes	single-source	OpenSubtitles
уведет	15	167	0	OpenSubtitles	risk-accepted:no-grant	0.01	yes	single-source	OpenSubtitles
шершень	15	167	4	OpenSubtitles+Tatoeba	clean:CC-BY-2.0-FR	0.77	yes	proper-noun-evidence	cap_ratio=0.77>=0.50
куртизанка	15	166	0	OpenSubtitles	risk-accepted:no-grant	0.03	yes	single-source	OpenSubtitles
плевали	15	166	0	OpenSubtitles	risk-accepted:no-grant	0.01	yes	single-source	OpenSubtitles
зарежут	15	165	0	OpenSubtitles	risk-accepted:no-grant	0.00	yes	single-source	OpenSubtitles
ому	15	165	0	OpenSubtitles	risk-accepted:no-grant	0.58	yes	proper-noun-evidence	cap_ratio=0.58>=0.50
барышне	15	164	0	OpenSubtitles	risk-accepted:no-grant	0.01	yes	single-source	OpenSubtitles
ниггером	15	164	0	OpenSubtitles	risk-accepted:no-grant	0.00	yes	single-source	OpenSubtitles
остолоп	15	164	0	OpenSubtitles	risk-accepted:no-grant	0.01	yes	single-source	OpenSubtitles
патрулирует	15	163	0	OpenSubtitles	risk-accepted:no-grant	0.01	yes	single-source	OpenSubtitles
рсьгмбфб	15	162	0	OpenSubtitles	risk-accepted:no-grant	0.00	yes	single-source	OpenSubtitles
болоньезе	15	161	0	OpenSubtitles	risk-accepted:no-grant	0.26	yes	single-source	OpenSubtitles
висишь	15	161	0	OpenSubtitles	risk-accepted:no-grant	0.01	yes	single-source	OpenSubtitles
можеш	15	161	0	OpenSubtitles	risk-accepted:no-grant	0.00	yes	single-source	OpenSubtitles
оглушить	15	161	0	OpenSubtitles	risk-accepted:no-grant	0.01	yes	single-source	OpenSubtitles
преклонить	15	161	0	OpenSubtitles	risk-accepted:no-grant	0.00	yes	single-source	OpenSubtitles
голь	15	160	2	OpenSubtitles+Tatoeba	clean:CC-BY-2.0-FR	0.69	yes	proper-noun-evidence	cap_ratio=0.69>=0.50
гудение	15	160	0	OpenSubtitles	risk-accepted:no-grant	0.03	yes	single-source	OpenSubtitles
дивы	15	160	0	OpenSubtitles	risk-accepted:no-grant	0.26	yes	single-source	OpenSubtitles
йпнле	15	160	0	OpenSubtitles	risk-accepted:no-grant	0.67	yes	proper-noun-evidence	cap_ratio=0.67>=0.50
тейлонов	15	160	0	OpenSubtitles	risk-accepted:no-grant	0.02	yes	single-source	OpenSubtitles
внушения	15	159	0	OpenSubtitles	risk-accepted:no-grant	0.00	yes	single-source	OpenSubtitles
зарядила	15	159	0	OpenSubtitles	risk-accepted:no-grant	0.01	yes	single-source	OpenSubtitles
нар	15	159	0	OpenSubtitles	risk-accepted:no-grant	0.69	yes	proper-noun-evidence	cap_ratio=0.69>=0.50
репликаторов	15	159	0	OpenSubtitles	risk-accepted:no-grant	0.09	yes	single-source	OpenSubtitles
судорог	15	159	0	OpenSubtitles	risk-accepted:no-grant	0.00	yes	single-source	OpenSubtitles
экий	15	159	0	OpenSubtitles	risk-accepted:no-grant	0.11	yes	single-source	OpenSubtitles
жеребенок	15	158	0	OpenSubtitles	risk-accepted:no-grant	0.01	yes	single-source	OpenSubtitles
бесстрашие	15	157	0	OpenSubtitles	risk-accepted:no-grant	0.08	yes	single-source	OpenSubtitles
вылизать	15	157	0	OpenSubtitles	risk-accepted:no-grant	0.00	yes	single-source	OpenSubtitles
жокея	15	157	0	OpenSubtitles	risk-accepted:no-grant	0.03	yes	single-source	OpenSubtitles
кьфщ	15	157	0	OpenSubtitles	risk-accepted:no-grant	0.00	yes	single-source	OpenSubtitles
фай	15	157	0	OpenSubtitles	risk-accepted:no-grant	0.76	yes	proper-noun-evidence	cap_ratio=0.76>=0.50
цирюльник	15	157	0	OpenSubtitles	risk-accepted:no-grant	0.10	yes	single-source	OpenSubtitles
гламурной	15	155	0	OpenSubtitles	risk-accepted:no-grant	0.01	yes	single-source	OpenSubtitles
телепортаций	15	155	0	OpenSubtitles	risk-accepted:no-grant	0.00	yes	single-source	OpenSubtitles
аники	15	154	0	OpenSubtitles	risk-accepted:no-grant	0.52	yes	proper-noun-evidence	cap_ratio=0.52>=0.50
загона	15	154	0	OpenSubtitles	risk-accepted:no-grant	0.01	yes	single-source	OpenSubtitles
загоню	15	154	0	OpenSubtitles	risk-accepted:no-grant	0.01	yes	single-source	OpenSubtitles
лощине	15	154	0	OpenSubtitles	risk-accepted:no-grant	0.64	yes	proper-noun-evidence	cap_ratio=0.64>=0.50
сучья	15	154	0	OpenSubtitles	risk-accepted:no-grant	0.03	yes	single-source	OpenSubtitles
четвертаков	15	154	0	OpenSubtitles	risk-accepted:no-grant	0.00	yes	single-source	OpenSubtitles
чудика	15	154	0	OpenSubtitles	risk-accepted:no-grant	0.10	yes	single-source	OpenSubtitles
звякнуть	15	153	0	OpenSubtitles	risk-accepted:no-grant	0.00	yes	single-source	OpenSubtitles
сутенёра	15	153	0	OpenSubtitles	risk-accepted:no-grant	0.02	yes	single-source	OpenSubtitles
тряпье	15	153	0	OpenSubtitles	risk-accepted:no-grant	0.01	yes	single-source	OpenSubtitles
дирижировать	15	152	0	OpenSubtitles	risk-accepted:no-grant	0.00	yes	single-source	OpenSubtitles
ешё	15	152	0	OpenSubtitles	risk-accepted:no-grant	0.01	yes	single-source	OpenSubtitles
еяуфе	15	152	0	OpenSubtitles	risk-accepted:no-grant	0.00	yes	single-source	OpenSubtitles
обрекли	15	152	0	OpenSubtitles	risk-accepted:no-grant	0.01	yes	single-source	OpenSubtitles
просканировали	15	152	0	OpenSubtitles	risk-accepted:no-grant	0.00	yes	single-source	OpenSubtitles
сис	15	152	0	OpenSubtitles	risk-accepted:no-grant	0.51	yes	proper-noun-evidence	cap_ratio=0.51>=0.50
тоб	15	152	0	OpenSubtitles	risk-accepted:no-grant	0.68	yes	proper-noun-evidence	cap_ratio=0.68>=0.50
уберегла	15	152	0	OpenSubtitles	risk-accepted:no-grant	0.00	yes	single-source	OpenSubtitles
аби	15	151	0	OpenSubtitles	risk-accepted:no-grant	0.75	yes	proper-noun-evidence	cap_ratio=0.75>=0.50
опозорен	15	151	0	OpenSubtitles	risk-accepted:no-grant	0.01	yes	single-source	OpenSubtitles
потренировать	15	151	0	OpenSubtitles	risk-accepted:no-grant	0.00	yes	single-source	OpenSubtitles
раскроете	15	151	0	OpenSubtitles	risk-accepted:no-grant	0.00	yes	single-source	OpenSubtitles
репетируешь	15	151	0	OpenSubtitles	risk-accepted:no-grant	0.01	yes	single-source	OpenSubtitles
диетическая	15	150	0	OpenSubtitles	risk-accepted:no-grant	0.04	yes	single-source	OpenSubtitles
кадиллака	15	150	0	OpenSubtitles	risk-accepted:no-grant	0.57	yes	proper-noun-evidence	cap_ratio=0.57>=0.50
мозгоправу	15	150	0	OpenSubtitles	risk-accepted:no-grant	0.00	yes	single-source	OpenSubtitles
позависать	15	150	0	OpenSubtitles	risk-accepted:no-grant	0.00	yes	single-source	OpenSubtitles
полоумная	15	150	0	OpenSubtitles	risk-accepted:no-grant	0.02	yes	single-source	OpenSubtitles
расслабоне	15	150	0	OpenSubtitles	risk-accepted:no-grant	0.00	yes	single-source	OpenSubtitles
бестолку	15	149	0	OpenSubtitles	risk-accepted:no-grant	0.00	yes	single-source	OpenSubtitles
переломал	15	149	0	OpenSubtitles	risk-accepted:no-grant	0.00	yes	single-source	OpenSubtitles
расплачивался	15	149	0	OpenSubtitles	risk-accepted:no-grant	0.00	yes	single-source	OpenSubtitles
сиги	15	149	0	OpenSubtitles	risk-accepted:no-grant	0.37	yes	single-source	OpenSubtitles
дорогущие	15	148	0	OpenSubtitles	risk-accepted:no-grant	0.01	yes	single-source	OpenSubtitles
улетал	15	148	0	OpenSubtitles	risk-accepted:no-grant	0.03	yes	single-source	OpenSubtitles
ускользнет	15	148	0	OpenSubtitles	risk-accepted:no-grant	0.00	yes	single-source	OpenSubtitles
бхфьн	15	147	0	OpenSubtitles	risk-accepted:no-grant	0.01	yes	single-source	OpenSubtitles
напористый	15	147	0	OpenSubtitles	risk-accepted:no-grant	0.02	yes	single-source	OpenSubtitles
подобающим	15	147	0	OpenSubtitles	risk-accepted:no-grant	0.00	yes	single-source	OpenSubtitles
расправлюсь	15	147	0	OpenSubtitles	risk-accepted:no-grant	0.00	yes	single-source	OpenSubtitles
шм	15	147	0	OpenSubtitles	risk-accepted:no-grant	0.01	yes	single-source	OpenSubtitles
колдовской	15	146	0	OpenSubtitles	risk-accepted:no-grant	0.04	yes	single-source	OpenSubtitles
откровенничать	15	146	0	OpenSubtitles	risk-accepted:no-grant	0.00	yes	single-source	OpenSubtitles
распилить	15	146	0	OpenSubtitles	risk-accepted:no-grant	0.00	yes	single-source	OpenSubtitles
теще	15	146	0	OpenSubtitles	risk-accepted:no-grant	0.00	yes	single-source	OpenSubtitles
владычица	15	145	0	OpenSubtitles	risk-accepted:no-grant	0.33	yes	single-source	OpenSubtitles
зады	15	145	0	OpenSubtitles	risk-accepted:no-grant	0.00	yes	single-source	OpenSubtitles
отругать	15	145	0	OpenSubtitles	risk-accepted:no-grant	0.00	yes	single-source	OpenSubtitles
безмолвный	15	144	0	OpenSubtitles	risk-accepted:no-grant	0.16	yes	single-source	OpenSubtitles
гамбо	15	144	0	OpenSubtitles	risk-accepted:no-grant	0.21	yes	single-source	OpenSubtitles
извращенное	15	144	0	OpenSubtitles	risk-accepted:no-grant	0.01	yes	single-source	OpenSubtitles
инфлюенсер	15	144	0	OpenSubtitles	risk-accepted:no-grant	0.15	yes	single-source	OpenSubtitles
ногтях	15	144	0	OpenSubtitles	risk-accepted:no-grant	0.01	yes	single-source	OpenSubtitles
переслали	15	144	0	OpenSubtitles	risk-accepted:no-grant	0.00	yes	single-source	OpenSubtitles
рисуя	15	144	0	OpenSubtitles	risk-accepted:no-grant	0.03	yes	single-source	OpenSubtitles
дофина	15	143	0	OpenSubtitles	risk-accepted:no-grant	0.29	yes	single-source	OpenSubtitles
кукурузной	15	143	0	OpenSubtitles	risk-accepted:no-grant	0.04	yes	single-source	OpenSubtitles
припёрлась	15	143	0	OpenSubtitles	risk-accepted:no-grant	0.00	yes	single-source	OpenSubtitles
расчленить	15	143	0	OpenSubtitles	risk-accepted:no-grant	0.01	yes	single-source	OpenSubtitles
ромулане	15	143	0	OpenSubtitles	risk-accepted:no-grant	0.02	yes	single-source	OpenSubtitles
стерто	15	143	0	OpenSubtitles	risk-accepted:no-grant	0.02	yes	single-source	OpenSubtitles
ухты	15	143	0	OpenSubtitles	risk-accepted:no-grant	0.29	yes	single-source	OpenSubtitles
бюье	15	141	0	OpenSubtitles	risk-accepted:no-grant	0.42	yes	single-source	OpenSubtitles
вмажу	15	141	0	OpenSubtitles	risk-accepted:no-grant	0.00	yes	single-source	OpenSubtitles
непроходимость	15	141	0	OpenSubtitles	risk-accepted:no-grant	0.00	yes	single-source	OpenSubtitles
подливкой	15	141	0	OpenSubtitles	risk-accepted:no-grant	0.02	yes	single-source	OpenSubtitles
совратить	15	141	0	OpenSubtitles	risk-accepted:no-grant	0.01	yes	single-source	OpenSubtitles
соревнуюсь	15	141	0	OpenSubtitles	risk-accepted:no-grant	0.00	yes	single-source	OpenSubtitles
чижик	15	141	0	OpenSubtitles	risk-accepted:no-grant	0.78	yes	proper-noun-evidence	cap_ratio=0.78>=0.50
выращу	15	140	0	OpenSubtitles	risk-accepted:no-grant	0.01	yes	single-source	OpenSubtitles
гомика	15	140	0	OpenSubtitles	risk-accepted:no-grant	0.01	yes	single-source	OpenSubtitles
кобуре	15	140	0	OpenSubtitles	risk-accepted:no-grant	0.00	yes	single-source	OpenSubtitles
лоббист	15	140	0	OpenSubtitles	risk-accepted:no-grant	0.03	yes	single-source	OpenSubtitles
очу	15	140	0	OpenSubtitles	risk-accepted:no-grant	0.05	yes	single-source	OpenSubtitles
парфюма	15	140	0	OpenSubtitles	risk-accepted:no-grant	0.01	yes	single-source	OpenSubtitles
первопроходец	15	140	0	OpenSubtitles	risk-accepted:no-grant	0.08	yes	single-source	OpenSubtitles
пинбол	15	140	0	OpenSubtitles	risk-accepted:no-grant	0.01	yes	single-source	OpenSubtitles
потрошить	15	140	0	OpenSubtitles	risk-accepted:no-grant	0.00	yes	single-source	OpenSubtitles
радиограмму	15	140	0	OpenSubtitles	risk-accepted:no-grant	0.02	yes	single-source	OpenSubtitles
стриптизер	15	140	0	OpenSubtitles	risk-accepted:no-grant	0.01	yes	single-source	OpenSubtitles
афтепати	15	139	0	OpenSubtitles	risk-accepted:no-grant	0.01	yes	single-source	OpenSubtitles
ключики	15	139	0	OpenSubtitles	risk-accepted:no-grant	0.01	yes	single-source	OpenSubtitles
негодяйка	15	138	0	OpenSubtitles	risk-accepted:no-grant	0.02	yes	single-source	OpenSubtitles
отите	15	138	0	OpenSubtitles	risk-accepted:no-grant	0.00	yes	single-source	OpenSubtitles
пронюхали	15	138	0	OpenSubtitles	risk-accepted:no-grant	0.00	yes	single-source	OpenSubtitles
расистское	15	138	0	OpenSubtitles	risk-accepted:no-grant	0.01	yes	single-source	OpenSubtitles
форс	15	138	0	OpenSubtitles	risk-accepted:no-grant	0.75	yes	proper-noun-evidence	cap_ratio=0.75>=0.50
вашингтонский	15	137	0	OpenSubtitles	risk-accepted:no-grant	0.62	yes	proper-noun-evidence	cap_ratio=0.62>=0.50
вдохнули	15	137	0	OpenSubtitles	risk-accepted:no-grant	0.00	yes	single-source	OpenSubtitles
докторша	15	137	0	OpenSubtitles	risk-accepted:no-grant	0.01	yes	single-source	OpenSubtitles
засадила	15	137	0	OpenSubtitles	risk-accepted:no-grant	0.00	yes	single-source	OpenSubtitles
мяб	15	137	0	OpenSubtitles	risk-accepted:no-grant	0.07	yes	single-source	OpenSubtitles
прыткий	15	137	0	OpenSubtitles	risk-accepted:no-grant	0.15	yes	single-source	OpenSubtitles
убивших	15	137	0	OpenSubtitles	risk-accepted:no-grant	0.01	yes	single-source	OpenSubtitles
амор	15	136	0	OpenSubtitles	risk-accepted:no-grant	0.27	yes	single-source	OpenSubtitles
ангеле	15	136	0	OpenSubtitles	risk-accepted:no-grant	0.53	yes	proper-noun-evidence	cap_ratio=0.53>=0.50
блудного	15	136	0	OpenSubtitles	risk-accepted:no-grant	0.02	yes	single-source	OpenSubtitles
маскироваться	15	136	0	OpenSubtitles	risk-accepted:no-grant	0.00	yes	single-source	OpenSubtitles
погрузочной	15	136	0	OpenSubtitles	risk-accepted:no-grant	0.00	yes	single-source	OpenSubtitles
подстраховать	15	136	0	OpenSubtitles	risk-accepted:no-grant	0.00	yes	single-source	OpenSubtitles
приплыла	15	136	0	OpenSubtitles	risk-accepted:no-grant	0.00	yes	single-source	OpenSubtitles
психопаткой	15	136	0	OpenSubtitles	risk-accepted:no-grant	0.00	yes	single-source	OpenSubtitles
слушанье	15	136	0	OpenSubtitles	risk-accepted:no-grant	0.02	yes	single-source	OpenSubtitles
сталкера	15	136	0	OpenSubtitles	risk-accepted:no-grant	0.16	yes	single-source	OpenSubtitles
чадом	15	136	0	OpenSubtitles	risk-accepted:no-grant	0.77	yes	proper-noun-evidence	cap_ratio=0.77>=0.50
экскрементов	15	136	0	OpenSubtitles	risk-accepted:no-grant	0.02	yes	single-source	OpenSubtitles
мэсб	15	135	0	OpenSubtitles	risk-accepted:no-grant	0.01	yes	single-source	OpenSubtitles
обалденное	15	135	0	OpenSubtitles	risk-accepted:no-grant	0.00	yes	single-source	OpenSubtitles
перестреляли	15	135	0	OpenSubtitles	risk-accepted:no-grant	0.00	yes	single-source	OpenSubtitles
прослушиваем	15	135	0	OpenSubtitles	risk-accepted:no-grant	0.00	yes	single-source	OpenSubtitles
хищница	15	135	0	OpenSubtitles	risk-accepted:no-grant	0.02	yes	single-source	OpenSubtitles
мыслишки	15	134	0	OpenSubtitles	risk-accepted:no-grant	0.00	yes	single-source	OpenSubtitles
ресепшен	15	134	0	OpenSubtitles	risk-accepted:no-grant	0.00	yes	single-source	OpenSubtitles
соскользнул	15	134	0	OpenSubtitles	risk-accepted:no-grant	0.00	yes	single-source	OpenSubtitles
поцелуйтесь	15	133	0	OpenSubtitles	risk-accepted:no-grant	0.03	yes	single-source	OpenSubtitles
развяжешь	15	133	0	OpenSubtitles	risk-accepted:no-grant	0.00	yes	single-source	OpenSubtitles
техпаспорт	15	133	0	OpenSubtitles	risk-accepted:no-grant	0.00	yes	single-source	OpenSubtitles
запрыгивайте	15	132	0	OpenSubtitles	risk-accepted:no-grant	0.02	yes	single-source	OpenSubtitles
канцелярская	15	132	0	OpenSubtitles	risk-accepted:no-grant	0.03	yes	single-source	OpenSubtitles
натирает	15	132	0	OpenSubtitles	risk-accepted:no-grant	0.00	yes	single-source	OpenSubtitles
отворачиваешься	15	132	0	OpenSubtitles	risk-accepted:no-grant	0.00	yes	single-source	OpenSubtitles
пастрами	15	132	0	OpenSubtitles	risk-accepted:no-grant	0.05	yes	single-source	OpenSubtitles
рвешь	15	132	0	OpenSubtitles	risk-accepted:no-grant	0.00	yes	single-source	OpenSubtitles
согревать	15	132	0	OpenSubtitles	risk-accepted:no-grant	0.00	yes	single-source	OpenSubtitles
спрыгнули	15	132	0	OpenSubtitles	risk-accepted:no-grant	0.01	yes	single-source	OpenSubtitles
стимуляцию	15	132	0	OpenSubtitles	risk-accepted:no-grant	0.02	yes	single-source	OpenSubtitles
ярла	15	132	0	OpenSubtitles	risk-accepted:no-grant	0.18	yes	single-source	OpenSubtitles
викодина	15	131	0	OpenSubtitles	risk-accepted:no-grant	0.27	yes	single-source	OpenSubtitles
вознагражден	15	131	0	OpenSubtitles	risk-accepted:no-grant	0.00	yes	single-source	OpenSubtitles
вульгарной	15	131	0	OpenSubtitles	risk-accepted:no-grant	0.00	yes	single-source	OpenSubtitles
кафешки	15	131	0	OpenSubtitles	risk-accepted:no-grant	0.00	yes	single-source	OpenSubtitles
оральным	15	131	0	OpenSubtitles	risk-accepted:no-grant	0.00	yes	single-source	OpenSubtitles
руно	15	131	0	OpenSubtitles	risk-accepted:no-grant	0.35	yes	single-source	OpenSubtitles
сигарами	15	131	0	OpenSubtitles	risk-accepted:no-grant	0.02	yes	single-source	OpenSubtitles
стреле	15	131	1	OpenSubtitles+Tatoeba	clean:CC-BY-2.0-FR	0.50	yes	proper-noun-evidence	cap_ratio=0.50>=0.50
уважуха	15	131	0	OpenSubtitles	risk-accepted:no-grant	0.05	yes	single-source	OpenSubtitles
княже	15	130	0	OpenSubtitles	risk-accepted:no-grant	0.02	yes	single-source	OpenSubtitles
копнул	15	130	0	OpenSubtitles	risk-accepted:no-grant	0.00	yes	single-source	OpenSubtitles
мастурбирую	15	130	0	OpenSubtitles	risk-accepted:no-grant	0.00	yes	single-source	OpenSubtitles
синьорины	15	130	0	OpenSubtitles	risk-accepted:no-grant	0.02	yes	single-source	OpenSubtitles
чистеньким	15	130	0	OpenSubtitles	risk-accepted:no-grant	0.00	yes	single-source	OpenSubtitles
влезем	15	129	0	OpenSubtitles	risk-accepted:no-grant	0.00	yes	single-source	OpenSubtitles
восьмёрки	15	129	0	OpenSubtitles	risk-accepted:no-grant	0.11	yes	single-source	OpenSubtitles
огузок	15	129	0	OpenSubtitles	risk-accepted:no-grant	0.60	yes	proper-noun-evidence	cap_ratio=0.60>=0.50
погоняем	15	129	0	OpenSubtitles	risk-accepted:no-grant	0.00	yes	single-source	OpenSubtitles
поминальной	15	129	0	OpenSubtitles	risk-accepted:no-grant	0.01	yes	single-source	OpenSubtitles
прикроете	15	129	0	OpenSubtitles	risk-accepted:no-grant	0.00	yes	single-source	OpenSubtitles
улетите	15	129	0	OpenSubtitles	risk-accepted:no-grant	0.00	yes	single-source	OpenSubtitles
фотонные	15	129	0	OpenSubtitles	risk-accepted:no-grant	0.00	yes	single-source	OpenSubtitles
хостесс	15	129	0	OpenSubtitles	risk-accepted:no-grant	0.04	yes	single-source	OpenSubtitles
вколю	15	128	0	OpenSubtitles	risk-accepted:no-grant	0.00	yes	single-source	OpenSubtitles
дурости	15	128	0	OpenSubtitles	risk-accepted:no-grant	0.00	yes	single-source	OpenSubtitles
немерено	15	128	0	OpenSubtitles	risk-accepted:no-grant	0.00	yes	single-source	OpenSubtitles
рейв	15	128	0	OpenSubtitles	risk-accepted:no-grant	0.04	yes	single-source	OpenSubtitles
сестрицы	15	128	0	OpenSubtitles	risk-accepted:no-grant	0.05	yes	single-source	OpenSubtitles
сокамерника	15	128	0	OpenSubtitles	risk-accepted:no-grant	0.00	yes	single-source	OpenSubtitles
документики	15	127	0	OpenSubtitles	risk-accepted:no-grant	0.01	yes	single-source	OpenSubtitles
замерзнем	15	127	0	OpenSubtitles	risk-accepted:no-grant	0.00	yes	single-source	OpenSubtitles
изолируем	15	127	0	OpenSubtitles	risk-accepted:no-grant	0.00	yes	single-source	OpenSubtitles
качаешь	15	127	0	OpenSubtitles	risk-accepted:no-grant	0.00	yes	single-source	OpenSubtitles
подпустят	15	127	0	OpenSubtitles	risk-accepted:no-grant	0.00	yes	single-source	OpenSubtitles
росомахи	15	127	2	OpenSubtitles+Tatoeba	clean:CC-BY-2.0-FR	0.69	yes	proper-noun-evidence	cap_ratio=0.69>=0.50
синьором	15	127	0	OpenSubtitles	risk-accepted:no-grant	0.02	yes	single-source	OpenSubtitles
убогим	15	127	0	OpenSubtitles	risk-accepted:no-grant	0.00	yes	single-source	OpenSubtitles
шезлонг	15	127	0	OpenSubtitles	risk-accepted:no-grant	0.00	yes	single-source	OpenSubtitles
обладания	15	126	0	OpenSubtitles	risk-accepted:no-grant	0.00	yes	single-source	OpenSubtitles
подлетел	15	126	0	OpenSubtitles	risk-accepted:no-grant	0.01	yes	single-source	OpenSubtitles
подопытной	15	126	0	OpenSubtitles	risk-accepted:no-grant	0.02	yes	single-source	OpenSubtitles
подохнет	15	126	0	OpenSubtitles	risk-accepted:no-grant	0.01	yes	single-source	OpenSubtitles
пощёчины	15	126	0	OpenSubtitles	risk-accepted:no-grant	0.02	yes	single-source	OpenSubtitles
предсвадебный	15	126	0	OpenSubtitles	risk-accepted:no-grant	0.02	yes	single-source	OpenSubtitles
пропан	15	126	0	OpenSubtitles	risk-accepted:no-grant	0.01	yes	single-source	OpenSubtitles
прославит	15	126	0	OpenSubtitles	risk-accepted:no-grant	0.00	yes	single-source	OpenSubtitles
простыне	15	126	0	OpenSubtitles	risk-accepted:no-grant	0.02	yes	single-source	OpenSubtitles
ретранслятор	15	126	0	OpenSubtitles	risk-accepted:no-grant	0.01	yes	single-source	OpenSubtitles
танцпола	15	126	0	OpenSubtitles	risk-accepted:no-grant	0.02	yes	single-source	OpenSubtitles
безнадежны	15	125	0	OpenSubtitles	risk-accepted:no-grant	0.00	yes	single-source	OpenSubtitles
ведьмин	15	125	0	OpenSubtitles	risk-accepted:no-grant	0.17	yes	single-source	OpenSubtitles
дикости	15	125	0	OpenSubtitles	risk-accepted:no-grant	0.15	yes	single-source	OpenSubtitles
прогуляешься	15	125	0	OpenSubtitles	risk-accepted:no-grant	0.01	yes	single-source	OpenSubtitles
рассортировать	15	125	0	OpenSubtitles	risk-accepted:no-grant	0.00	yes	single-source	OpenSubtitles
текучка	15	125	0	OpenSubtitles	risk-accepted:no-grant	0.01	yes	single-source	OpenSubtitles
гематому	15	124	0	OpenSubtitles	risk-accepted:no-grant	0.00	yes	single-source	OpenSubtitles
мразью	15	124	0	OpenSubtitles	risk-accepted:no-grant	0.00	yes	single-source	OpenSubtitles
незарегистрированный	15	124	0	OpenSubtitles	risk-accepted:no-grant	0.00	yes	single-source	OpenSubtitles
паршивцы	15	124	0	OpenSubtitles	risk-accepted:no-grant	0.00	yes	single-source	OpenSubtitles
побрею	15	124	0	OpenSubtitles	risk-accepted:no-grant	0.01	yes	single-source	OpenSubtitles
поплавок	15	124	0	OpenSubtitles	risk-accepted:no-grant	0.08	yes	single-source	OpenSubtitles
тарантул	15	124	0	OpenSubtitles	risk-accepted:no-grant	0.34	yes	single-source	OpenSubtitles
усложнила	15	124	0	OpenSubtitles	risk-accepted:no-grant	0.00	yes	single-source	OpenSubtitles
эстрогена	15	124	0	OpenSubtitles	risk-accepted:no-grant	0.01	yes	single-source	OpenSubtitles
ждущие	15	123	0	OpenSubtitles	risk-accepted:no-grant	0.01	yes	single-source	OpenSubtitles
извращенцами	15	123	0	OpenSubtitles	risk-accepted:no-grant	0.01	yes	single-source	OpenSubtitles
подмышкой	15	123	0	OpenSubtitles	risk-accepted:no-grant	0.00	yes	single-source	OpenSubtitles
помечено	15	123	0	OpenSubtitles	risk-accepted:no-grant	0.01	yes	single-source	OpenSubtitles
анархию	15	122	0	OpenSubtitles	risk-accepted:no-grant	0.05	yes	single-source	OpenSubtitles
винтики	15	122	0	OpenSubtitles	risk-accepted:no-grant	0.01	yes	single-source	OpenSubtitles
гареме	15	122	0	OpenSubtitles	risk-accepted:no-grant	0.00	yes	single-source	OpenSubtitles
гик	15	122	0	OpenSubtitles	risk-accepted:no-grant	0.16	yes	single-source	OpenSubtitles
гравировку	15	122	0	OpenSubtitles	risk-accepted:no-grant	0.00	yes	single-source	OpenSubtitles
звукорежиссер	15	122	0	OpenSubtitles	risk-accepted:no-grant	0.21	yes	single-source	OpenSubtitles
кьрпйпн	15	122	0	OpenSubtitles	risk-accepted:no-grant	0.00	yes	single-source	OpenSubtitles
плаху	15	122	0	OpenSubtitles	risk-accepted:no-grant	0.02	yes	single-source	OpenSubtitles
поимеет	15	122	0	OpenSubtitles	risk-accepted:no-grant	0.00	yes	single-source	OpenSubtitles
скормим	15	122	0	OpenSubtitles	risk-accepted:no-grant	0.03	yes	single-source	OpenSubtitles
тысячелетний	15	122	0	OpenSubtitles	risk-accepted:no-grant	0.37	yes	single-source	OpenSubtitles
фьюжн	15	122	0	OpenSubtitles	risk-accepted:no-grant	0.34	yes	single-source	OpenSubtitles
женушку	15	121	0	OpenSubtitles	risk-accepted:no-grant	0.01	yes	single-source	OpenSubtitles
ленивца	15	121	0	OpenSubtitles	risk-accepted:no-grant	0.10	yes	single-source	OpenSubtitles
отбойный	15	121	0	OpenSubtitles	risk-accepted:no-grant	0.02	yes	single-source	OpenSubtitles
оттащили	15	120	0	OpenSubtitles	risk-accepted:no-grant	0.00	yes	single-source	OpenSubtitles
писсуар	15	120	0	OpenSubtitles	risk-accepted:no-grant	0.07	yes	single-source	OpenSubtitles
почуять	15	120	0	OpenSubtitles	risk-accepted:no-grant	0.00	yes	single-source	OpenSubtitles
притащите	15	120	0	OpenSubtitles	risk-accepted:no-grant	0.01	yes	single-source	OpenSubtitles
хрясь	15	120	0	OpenSubtitles	risk-accepted:no-grant	0.12	yes	single-source	OpenSubtitles
чирлидерши	15	120	0	OpenSubtitles	risk-accepted:no-grant	0.00	yes	single-source	OpenSubtitles
ёчейт	15	120	0	OpenSubtitles	risk-accepted:no-grant	0.00	yes	single-source	OpenSubtitles
воровской	15	119	0	OpenSubtitles	risk-accepted:no-grant	0.05	yes	single-source	OpenSubtitles
желудочков	15	119	0	OpenSubtitles	risk-accepted:no-grant	0.00	yes	single-source	OpenSubtitles
зенки	15	119	0	OpenSubtitles	risk-accepted:no-grant	0.00	yes	single-source	OpenSubtitles
натер	15	119	0	OpenSubtitles	risk-accepted:no-grant	0.01	yes	single-source	OpenSubtitles
натягивай	15	119	0	OpenSubtitles	risk-accepted:no-grant	0.00	yes	single-source	OpenSubtitles
нэцкэ	15	119	0	OpenSubtitles	risk-accepted:no-grant	0.05	yes	single-source	OpenSubtitles
помериться	15	119	0	OpenSubtitles	risk-accepted:no-grant	0.00	yes	single-source	OpenSubtitles
растоптала	15	119	0	OpenSubtitles	risk-accepted:no-grant	0.00	yes	single-source	OpenSubtitles
фригидная	15	119	0	OpenSubtitles	risk-accepted:no-grant	0.05	yes	single-source	OpenSubtitles
чету	15	119	0	OpenSubtitles	risk-accepted:no-grant	0.49	yes	single-source	OpenSubtitles
вихря	15	118	0	OpenSubtitles	risk-accepted:no-grant	0.44	yes	single-source	OpenSubtitles
полюбуюсь	15	118	0	OpenSubtitles	risk-accepted:no-grant	0.00	yes	single-source	OpenSubtitles
сгниешь	15	118	0	OpenSubtitles	risk-accepted:no-grant	0.00	yes	single-source	OpenSubtitles
шейкер	15	118	0	OpenSubtitles	risk-accepted:no-grant	0.60	yes	proper-noun-evidence	cap_ratio=0.60>=0.50
видеозвонок	15	117	0	OpenSubtitles	risk-accepted:no-grant	0.11	yes	single-source	OpenSubtitles
козлиной	15	117	0	OpenSubtitles	risk-accepted:no-grant	0.04	yes	single-source	OpenSubtitles
напыщенным	15	117	0	OpenSubtitles	risk-accepted:no-grant	0.00	yes	single-source	OpenSubtitles
обожаемый	15	117	0	OpenSubtitles	risk-accepted:no-grant	0.01	yes	single-source	OpenSubtitles
покалечила	15	117	0	OpenSubtitles	risk-accepted:no-grant	0.00	yes	single-source	OpenSubtitles
прихватим	15	117	0	OpenSubtitles	risk-accepted:no-grant	0.00	yes	single-source	OpenSubtitles
розмарином	15	117	0	OpenSubtitles	risk-accepted:no-grant	0.02	yes	single-source	OpenSubtitles
стезя	15	117	0	OpenSubtitles	risk-accepted:no-grant	0.02	yes	single-source	OpenSubtitles
танцульки	15	117	0	OpenSubtitles	risk-accepted:no-grant	0.00	yes	single-source	OpenSubtitles
татуха	15	117	0	OpenSubtitles	risk-accepted:no-grant	0.00	yes	single-source	OpenSubtitles
уведем	15	117	0	OpenSubtitles	risk-accepted:no-grant	0.00	yes	single-source	OpenSubtitles
чистильщика	15	117	0	OpenSubtitles	risk-accepted:no-grant	0.04	yes	single-source	OpenSubtitles
блюет	15	116	0	OpenSubtitles	risk-accepted:no-grant	0.03	yes	single-source	OpenSubtitles
заряжу	15	116	0	OpenSubtitles	risk-accepted:no-grant	0.00	yes	single-source	OpenSubtitles
каемочкой	15	116	0	OpenSubtitles	risk-accepted:no-grant	0.00	yes	single-source	OpenSubtitles
кашку	15	116	0	OpenSubtitles	risk-accepted:no-grant	0.01	yes	single-source	OpenSubtitles
мерзком	15	116	0	OpenSubtitles	risk-accepted:no-grant	0.00	yes	single-source	OpenSubtitles
сеял	15	116	0	OpenSubtitles	risk-accepted:no-grant	0.01	yes	single-source	OpenSubtitles
сломило	15	116	0	OpenSubtitles	risk-accepted:no-grant	0.00	yes	single-source	OpenSubtitles
упомянет	15	116	0	OpenSubtitles	risk-accepted:no-grant	0.00	yes	single-source	OpenSubtitles
факелом	15	116	0	OpenSubtitles	risk-accepted:no-grant	0.12	yes	single-source	OpenSubtitles
экзотично	15	116	0	OpenSubtitles	risk-accepted:no-grant	0.00	yes	single-source	OpenSubtitles
богадельню	15	115	0	OpenSubtitles	risk-accepted:no-grant	0.01	yes	single-source	OpenSubtitles
игнор	15	115	0	OpenSubtitles	risk-accepted:no-grant	0.01	yes	single-source	OpenSubtitles
конгу	15	115	0	OpenSubtitles	risk-accepted:no-grant	0.75	yes	proper-noun-evidence	cap_ratio=0.75>=0.50
лактозу	15	115	0	OpenSubtitles	risk-accepted:no-grant	0.00	yes	single-source	OpenSubtitles
лукавить	15	115	0	OpenSubtitles	risk-accepted:no-grant	0.00	yes	single-source	OpenSubtitles
мацу	15	115	0	OpenSubtitles	risk-accepted:no-grant	0.60	yes	proper-noun-evidence	cap_ratio=0.60>=0.50
монолога	15	115	0	OpenSubtitles	risk-accepted:no-grant	0.01	yes	single-source	OpenSubtitles
наглостью	15	115	0	OpenSubtitles	risk-accepted:no-grant	0.00	yes	single-source	OpenSubtitles
протестируем	15	115	0	OpenSubtitles	risk-accepted:no-grant	0.00	yes	single-source	OpenSubtitles
чудило	15	115	0	OpenSubtitles	risk-accepted:no-grant	0.02	yes	single-source	OpenSubtitles
шабли	15	115	0	OpenSubtitles	risk-accepted:no-grant	0.67	yes	proper-noun-evidence	cap_ratio=0.67>=0.50
щиколотки	15	115	0	OpenSubtitles	risk-accepted:no-grant	0.02	yes	single-source	OpenSubtitles
разгадаем	15	114	0	OpenSubtitles	risk-accepted:no-grant	0.00	yes	single-source	OpenSubtitles
расшифровала	15	114	0	OpenSubtitles	risk-accepted:no-grant	0.00	yes	single-source	OpenSubtitles
соскочила	15	114	0	OpenSubtitles	risk-accepted:no-grant	0.00	yes	single-source	OpenSubtitles
увезём	15	114	0	OpenSubtitles	risk-accepted:no-grant	0.00	yes	single-source	OpenSubtitles
хэш	15	114	0	OpenSubtitles	risk-accepted:no-grant	0.46	yes	single-source	OpenSubtitles
бедняг	15	113	0	OpenSubtitles	risk-accepted:no-grant	0.00	yes	single-source	OpenSubtitles
выдерну	15	113	0	OpenSubtitles	risk-accepted:no-grant	0.00	yes	single-source	OpenSubtitles
глушители	15	113	0	OpenSubtitles	risk-accepted:no-grant	0.01	yes	single-source	OpenSubtitles
записочки	15	113	0	OpenSubtitles	risk-accepted:no-grant	0.00	yes	single-source	OpenSubtitles
ика	15	113	0	OpenSubtitles	risk-accepted:no-grant	0.68	yes	proper-noun-evidence	cap_ratio=0.68>=0.50
поменяйтесь	15	113	0	OpenSubtitles	risk-accepted:no-grant	0.00	yes	single-source	OpenSubtitles
приемником	15	113	0	OpenSubtitles	risk-accepted:no-grant	0.00	yes	single-source	OpenSubtitles
разносчика	15	113	0	OpenSubtitles	risk-accepted:no-grant	0.01	yes	single-source	OpenSubtitles
санчасть	15	113	0	OpenSubtitles	risk-accepted:no-grant	0.00	yes	single-source	OpenSubtitles
завоевателя	15	112	0	OpenSubtitles	risk-accepted:no-grant	0.44	yes	single-source	OpenSubtitles
зелий	15	112	0	OpenSubtitles	risk-accepted:no-grant	0.02	yes	single-source	OpenSubtitles
отнимаете	15	112	0	OpenSubtitles	risk-accepted:no-grant	0.00	yes	single-source	OpenSubtitles
отравленное	15	112	0	OpenSubtitles	risk-accepted:no-grant	0.04	yes	single-source	OpenSubtitles
саморазрушению	15	112	0	OpenSubtitles	risk-accepted:no-grant	0.00	yes	single-source	OpenSubtitles
сея	15	112	0	OpenSubtitles	risk-accepted:no-grant	0.31	yes	single-source	OpenSubtitles
фермерство	15	112	0	OpenSubtitles	risk-accepted:no-grant	0.01	yes	single-source	OpenSubtitles
аткнись	15	111	0	OpenSubtitles	risk-accepted:no-grant	0.00	yes	single-source	OpenSubtitles
выжали	15	111	0	OpenSubtitles	risk-accepted:no-grant	0.00	yes	single-source	OpenSubtitles
гипсом	15	111	0	OpenSubtitles	risk-accepted:no-grant	0.01	yes	single-source	OpenSubtitles
даровано	15	111	0	OpenSubtitles	risk-accepted:no-grant	0.00	yes	single-source	OpenSubtitles
довезем	15	111	0	OpenSubtitles	risk-accepted:no-grant	0.01	yes	single-source	OpenSubtitles
кблю	15	111	0	OpenSubtitles	risk-accepted:no-grant	0.00	yes	single-source	OpenSubtitles
миримся	15	111	0	OpenSubtitles	risk-accepted:no-grant	0.00	yes	single-source	OpenSubtitles
одичалые	15	111	0	OpenSubtitles	risk-accepted:no-grant	0.14	yes	single-source	OpenSubtitles
ортопеда	15	111	0	OpenSubtitles	risk-accepted:no-grant	0.00	yes	single-source	OpenSubtitles
разболтать	15	111	0	OpenSubtitles	risk-accepted:no-grant	0.00	yes	single-source	OpenSubtitles
телемарафон	15	111	0	OpenSubtitles	risk-accepted:no-grant	0.04	no	single-source	OpenSubtitles
надрезы	15	110	0	OpenSubtitles	risk-accepted:no-grant	0.00	no	single-source	OpenSubtitles
ноздрей	15	110	0	OpenSubtitles	risk-accepted:no-grant	0.01	no	single-source	OpenSubtitles
похотью	15	110	0	OpenSubtitles	risk-accepted:no-grant	0.03	no	single-source	OpenSubtitles
проделок	15	110	0	OpenSubtitles	risk-accepted:no-grant	0.01	no	single-source	OpenSubtitles
прохлаждаешься	15	110	0	OpenSubtitles	risk-accepted:no-grant	0.00	no	single-source	OpenSubtitles
растлитель	15	110	0	OpenSubtitles	risk-accepted:no-grant	0.01	no	single-source	OpenSubtitles
сломил	15	110	0	OpenSubtitles	risk-accepted:no-grant	0.00	no	single-source	OpenSubtitles
телками	15	110	0	OpenSubtitles	risk-accepted:no-grant	0.00	no	single-source	OpenSubtitles
телочек	15	110	0	OpenSubtitles	risk-accepted:no-grant	0.00	no	single-source	OpenSubtitles
хрьсчпхн	15	110	0	OpenSubtitles	risk-accepted:no-grant	0.00	no	single-source	OpenSubtitles
бананового	15	109	0	OpenSubtitles	risk-accepted:no-grant	0.07	no	single-source	OpenSubtitles
безнадежное	15	109	0	OpenSubtitles	risk-accepted:no-grant	0.01	no	single-source	OpenSubtitles
бодуна	15	109	0	OpenSubtitles	risk-accepted:no-grant	0.02	no	single-source	OpenSubtitles
болонью	15	109	0	OpenSubtitles	risk-accepted:no-grant	0.80	no	proper-noun-evidence	cap_ratio=0.80>=0.50
ириса	15	109	0	OpenSubtitles	risk-accepted:no-grant	0.65	no	proper-noun-evidence	cap_ratio=0.65>=0.50
молочница	15	109	0	OpenSubtitles	risk-accepted:no-grant	0.00	no	single-source	OpenSubtitles
негодная	15	109	0	OpenSubtitles	risk-accepted:no-grant	0.03	no	single-source	OpenSubtitles
окрестить	15	109	0	OpenSubtitles	risk-accepted:no-grant	0.01	no	single-source	OpenSubtitles
отрубают	15	109	0	OpenSubtitles	risk-accepted:no-grant	0.00	no	single-source	OpenSubtitles
перевертыш	15	109	0	OpenSubtitles	risk-accepted:no-grant	0.02	no	single-source	OpenSubtitles
подпевает	15	109	0	OpenSubtitles	risk-accepted:no-grant	0.12	no	single-source	OpenSubtitles
прелестным	15	109	0	OpenSubtitles	risk-accepted:no-grant	0.01	no	single-source	OpenSubtitles
разрублю	15	109	0	OpenSubtitles	risk-accepted:no-grant	0.01	no	single-source	OpenSubtitles
расказать	15	109	0	OpenSubtitles	risk-accepted:no-grant	0.00	no	single-source	OpenSubtitles
уморить	15	109	0	OpenSubtitles	risk-accepted:no-grant	0.00	no	single-source	OpenSubtitles
утопленник	15	109	0	OpenSubtitles	risk-accepted:no-grant	0.02	no	single-source	OpenSubtitles
берёмся	15	108	0	OpenSubtitles	risk-accepted:no-grant	0.00	no	single-source	OpenSubtitles
грешные	15	108	0	OpenSubtitles	risk-accepted:no-grant	0.03	no	single-source	OpenSubtitles
отвратительнее	15	108	0	OpenSubtitles	risk-accepted:no-grant	0.00	no	single-source	OpenSubtitles
вишу	15	107	0	OpenSubtitles	risk-accepted:no-grant	0.05	no	single-source	OpenSubtitles
данке	15	107	0	OpenSubtitles	risk-accepted:no-grant	0.08	no	single-source	OpenSubtitles
затуманен	15	107	0	OpenSubtitles	risk-accepted:no-grant	0.00	no	single-source	OpenSubtitles
кренделя	15	107	0	OpenSubtitles	risk-accepted:no-grant	0.14	no	single-source	OpenSubtitles
ктому	15	107	0	OpenSubtitles	risk-accepted:no-grant	0.06	no	single-source	OpenSubtitles
набей	15	107	0	OpenSubtitles	risk-accepted:no-grant	0.07	no	single-source	OpenSubtitles
пальнуть	15	107	0	OpenSubtitles	risk-accepted:no-grant	0.00	no	single-source	OpenSubtitles
хамона	15	107	0	OpenSubtitles	risk-accepted:no-grant	0.78	no	proper-noun-evidence	cap_ratio=0.78>=0.50
взлечу	15	106	0	OpenSubtitles	risk-accepted:no-grant	0.00	no	single-source	OpenSubtitles
вспэме	15	106	0	OpenSubtitles	risk-accepted:no-grant	0.00	no	single-source	OpenSubtitles
наряжаются	15	106	0	OpenSubtitles	risk-accepted:no-grant	0.00	no	single-source	OpenSubtitles
натыкаться	15	106	0	OpenSubtitles	risk-accepted:no-grant	0.01	no	single-source	OpenSubtitles
неприкасаемый	15	106	0	OpenSubtitles	risk-accepted:no-grant	0.07	no	single-source	OpenSubtitles
оповещать	15	106	0	OpenSubtitles	risk-accepted:no-grant	0.00	no	single-source	OpenSubtitles
отрубим	15	106	0	OpenSubtitles	risk-accepted:no-grant	0.00	no	single-source	OpenSubtitles
поддашься	15	106	0	OpenSubtitles	risk-accepted:no-grant	0.00	no	single-source	OpenSubtitles
бабские	15	105	0	OpenSubtitles	risk-accepted:no-grant	0.00	no	single-source	OpenSubtitles
возглавите	15	105	0	OpenSubtitles	risk-accepted:no-grant	0.00	no	single-source	OpenSubtitles
депрессивная	15	105	0	OpenSubtitles	risk-accepted:no-grant	0.02	no	single-source	OpenSubtitles
наряжался	15	105	0	OpenSubtitles	risk-accepted:no-grant	0.00	no	single-source	OpenSubtitles
проворачивали	15	105	0	OpenSubtitles	risk-accepted:no-grant	0.00	no	single-source	OpenSubtitles
разбежалась	15	105	0	OpenSubtitles	risk-accepted:no-grant	0.01	no	single-source	OpenSubtitles
церемониальный	15	105	0	OpenSubtitles	risk-accepted:no-grant	0.05	no	single-source	OpenSubtitles
шестёрку	15	105	0	OpenSubtitles	risk-accepted:no-grant	0.11	no	single-source	OpenSubtitles
блонд	15	104	0	OpenSubtitles	risk-accepted:no-grant	0.33	no	single-source	OpenSubtitles
вторгаюсь	15	104	0	OpenSubtitles	risk-accepted:no-grant	0.00	no	single-source	OpenSubtitles
инквизитора	15	104	0	OpenSubtitles	risk-accepted:no-grant	0.67	no	proper-noun-evidence	cap_ratio=0.67>=0.50
лерфь	15	104	0	OpenSubtitles	risk-accepted:no-grant	0.00	no	single-source	OpenSubtitles
мушкетёра	15	104	0	OpenSubtitles	risk-accepted:no-grant	0.13	no	single-source	OpenSubtitles
посмелее	15	104	0	OpenSubtitles	risk-accepted:no-grant	0.00	no	single-source	OpenSubtitles
акваланг	15	103	0	OpenSubtitles	risk-accepted:no-grant	0.07	no	single-source	OpenSubtitles
бром	15	103	2	OpenSubtitles+Tatoeba	clean:CC-BY-2.0-FR	0.60	no	proper-noun-evidence	cap_ratio=0.60>=0.50
заведётся	15	103	0	OpenSubtitles	risk-accepted:no-grant	0.00	no	single-source	OpenSubtitles
набивал	15	103	0	OpenSubtitles	risk-accepted:no-grant	0.00	no	single-source	OpenSubtitles
пастушка	15	103	0	OpenSubtitles	risk-accepted:no-grant	0.09	no	single-source	OpenSubtitles
башмак	14	250	0	OpenSubtitles	risk-accepted:no-grant	0.10	yes	single-source	OpenSubtitles
завяжешь	14	229	0	OpenSubtitles	risk-accepted:no-grant	0.00	yes	single-source	OpenSubtitles
соври	14	213	0	OpenSubtitles	risk-accepted:no-grant	0.04	yes	single-source	OpenSubtitles
нарисует	14	212	0	OpenSubtitles	risk-accepted:no-grant	0.00	yes	single-source	OpenSubtitles
крикету	14	209	0	OpenSubtitles	risk-accepted:no-grant	0.06	yes	single-source	OpenSubtitles
онеуюкх	14	208	0	OpenSubtitles	risk-accepted:no-grant	0.16	yes	single-source	OpenSubtitles
ие	14	206	0	OpenSubtitles	risk-accepted:no-grant	0.02	yes	single-source	OpenSubtitles
убившая	14	205	0	OpenSubtitles	risk-accepted:no-grant	0.01	yes	single-source	OpenSubtitles
больничку	14	201	0	OpenSubtitles	risk-accepted:no-grant	0.00	yes	single-source	OpenSubtitles
активированы	14	199	0	OpenSubtitles	risk-accepted:no-grant	0.02	yes	single-source	OpenSubtitles
барышней	14	197	0	OpenSubtitles	risk-accepted:no-grant	0.02	yes	single-source	OpenSubtitles
миньон	14	197	0	OpenSubtitles	risk-accepted:no-grant	0.50	yes	proper-noun-evidence	cap_ratio=0.50>=0.50
акие	14	195	0	OpenSubtitles	risk-accepted:no-grant	0.06	yes	single-source	OpenSubtitles
гиперпространство	14	191	0	OpenSubtitles	risk-accepted:no-grant	0.00	yes	single-source	OpenSubtitles
провозглашаю	14	191	0	OpenSubtitles	risk-accepted:no-grant	0.00	yes	single-source	OpenSubtitles
кьнпхме	14	189	0	OpenSubtitles	risk-accepted:no-grant	0.00	yes	single-source	OpenSubtitles
рамена	14	189	0	OpenSubtitles	risk-accepted:no-grant	0.03	yes	single-source	OpenSubtitles
боепед	14	188	0	OpenSubtitles	risk-accepted:no-grant	0.25	yes	single-source	OpenSubtitles
пуддинг	14	187	0	OpenSubtitles	risk-accepted:no-grant	0.05	yes	single-source	OpenSubtitles
заклинаниями	14	185	0	OpenSubtitles	risk-accepted:no-grant	0.01	yes	single-source	OpenSubtitles
преобразователь	14	185	0	OpenSubtitles	risk-accepted:no-grant	0.10	yes	single-source	OpenSubtitles
названивал	14	184	0	OpenSubtitles	risk-accepted:no-grant	0.00	yes	single-source	OpenSubtitles
дьякон	14	183	0	OpenSubtitles	risk-accepted:no-grant	0.17	yes	single-source	OpenSubtitles
реверанс	14	182	0	OpenSubtitles	risk-accepted:no-grant	0.01	yes	single-source	OpenSubtitles
жмешь	14	181	0	OpenSubtitles	risk-accepted:no-grant	0.00	yes	single-source	OpenSubtitles
закрасить	14	181	0	OpenSubtitles	risk-accepted:no-grant	0.00	yes	single-source	OpenSubtitles
пикантные	14	181	0	OpenSubtitles	risk-accepted:no-grant	0.03	yes	single-source	OpenSubtitles
скафандра	14	181	0	OpenSubtitles	risk-accepted:no-grant	0.02	yes	single-source	OpenSubtitles
автомойку	14	180	0	OpenSubtitles	risk-accepted:no-grant	0.03	yes	single-source	OpenSubtitles
пересечемся	14	178	0	OpenSubtitles	risk-accepted:no-grant	0.01	yes	single-source	OpenSubtitles
болтовне	14	176	0	OpenSubtitles	risk-accepted:no-grant	0.01	yes	single-source	OpenSubtitles
сломаюсь	14	176	0	OpenSubtitles	risk-accepted:no-grant	0.00	yes	single-source	OpenSubtitles
клеймом	14	175	0	OpenSubtitles	risk-accepted:no-grant	0.01	yes	single-source	OpenSubtitles
покрасивее	14	175	0	OpenSubtitles	risk-accepted:no-grant	0.00	yes	single-source	OpenSubtitles
пюанрю	14	175	0	OpenSubtitles	risk-accepted:no-grant	0.66	yes	proper-noun-evidence	cap_ratio=0.66>=0.50
тусит	14	174	0	OpenSubtitles	risk-accepted:no-grant	0.01	yes	single-source	OpenSubtitles
вою	14	173	0	OpenSubtitles	risk-accepted:no-grant	0.01	yes	single-source	OpenSubtitles
домогались	14	172	0	OpenSubtitles	risk-accepted:no-grant	0.01	yes	single-source	OpenSubtitles
таймлайн	14	172	0	OpenSubtitles	risk-accepted:no-grant	0.13	yes	single-source	OpenSubtitles
автомастерская	14	171	0	OpenSubtitles	risk-accepted:no-grant	0.07	yes	single-source	OpenSubtitles
выметаться	14	171	0	OpenSubtitles	risk-accepted:no-grant	0.00	yes	single-source	OpenSubtitles
поцапались	14	171	0	OpenSubtitles	risk-accepted:no-grant	0.00	yes	single-source	OpenSubtitles
рисовое	14	171	0	OpenSubtitles	risk-accepted:no-grant	0.02	yes	single-source	OpenSubtitles
нажили	14	170	0	OpenSubtitles	risk-accepted:no-grant	0.00	yes	single-source	OpenSubtitles
освободитель	14	170	0	OpenSubtitles	risk-accepted:no-grant	0.51	yes	proper-noun-evidence	cap_ratio=0.51>=0.50
рубец	14	170	0	OpenSubtitles	risk-accepted:no-grant	0.02	yes	single-source	OpenSubtitles
заскучаешь	14	169	0	OpenSubtitles	risk-accepted:no-grant	0.00	yes	single-source	OpenSubtitles
сочувствуешь	14	169	0	OpenSubtitles	risk-accepted:no-grant	0.00	yes	single-source	OpenSubtitles
гадюшник	14	168	0	OpenSubtitles	risk-accepted:no-grant	0.01	yes	single-source	OpenSubtitles
отвлекающим	14	168	0	OpenSubtitles	risk-accepted:no-grant	0.00	yes	single-source	OpenSubtitles
побуждения	14	168	0	OpenSubtitles	risk-accepted:no-grant	0.00	yes	single-source	OpenSubtitles
благослави	14	166	0	OpenSubtitles	risk-accepted:no-grant	0.07	yes	single-source	OpenSubtitles
передряг	14	166	0	OpenSubtitles	risk-accepted:no-grant	0.00	yes	single-source	OpenSubtitles
сломлены	14	166	0	OpenSubtitles	risk-accepted:no-grant	0.00	yes	single-source	OpenSubtitles
потрахаемся	14	165	0	OpenSubtitles	risk-accepted:no-grant	0.01	yes	single-source	OpenSubtitles
упырей	14	165	0	OpenSubtitles	risk-accepted:no-grant	0.28	yes	single-source	OpenSubtitles
климакс	14	164	0	OpenSubtitles	risk-accepted:no-grant	0.04	yes	single-source	OpenSubtitles
мэни	14	164	0	OpenSubtitles	risk-accepted:no-grant	0.78	yes	proper-noun-evidence	cap_ratio=0.78>=0.50
дыханье	14	163	0	OpenSubtitles	risk-accepted:no-grant	0.03	yes	single-source	OpenSubtitles
занозы	14	163	0	OpenSubtitles	risk-accepted:no-grant	0.01	yes	single-source	OpenSubtitles
лески	14	163	0	OpenSubtitles	risk-accepted:no-grant	0.26	yes	single-source	OpenSubtitles
порочные	14	163	0	OpenSubtitles	risk-accepted:no-grant	0.03	yes	single-source	OpenSubtitles
пузырьками	14	163	0	OpenSubtitles	risk-accepted:no-grant	0.00	yes	single-source	OpenSubtitles
шутница	14	163	0	OpenSubtitles	risk-accepted:no-grant	0.01	yes	single-source	OpenSubtitles
высасывать	14	162	0	OpenSubtitles	risk-accepted:no-grant	0.00	yes	single-source	OpenSubtitles
финишная	14	162	0	OpenSubtitles	risk-accepted:no-grant	0.06	yes	single-source	OpenSubtitles
нитрат	14	161	0	OpenSubtitles	risk-accepted:no-grant	0.02	yes	single-source	OpenSubtitles
пьянке	14	161	0	OpenSubtitles	risk-accepted:no-grant	0.00	yes	single-source	OpenSubtitles
гейские	14	160	0	OpenSubtitles	risk-accepted:no-grant	0.03	yes	single-source	OpenSubtitles
поимеют	14	160	0	OpenSubtitles	risk-accepted:no-grant	0.01	yes	single-source	OpenSubtitles
сдуру	14	160	0	OpenSubtitles	risk-accepted:no-grant	0.01	yes	single-source	OpenSubtitles
вламывается	14	159	0	OpenSubtitles	risk-accepted:no-grant	0.00	yes	single-source	OpenSubtitles
олдермен	14	159	0	OpenSubtitles	risk-accepted:no-grant	0.10	yes	single-source	OpenSubtitles
почечная	14	159	0	OpenSubtitles	risk-accepted:no-grant	0.00	yes	single-source	OpenSubtitles
туба	14	159	0	OpenSubtitles	risk-accepted:no-grant	0.52	yes	proper-noun-evidence	cap_ratio=0.52>=0.50
коралл	14	158	0	OpenSubtitles	risk-accepted:no-grant	0.19	yes	single-source	OpenSubtitles
облегчать	14	158	0	OpenSubtitles	risk-accepted:no-grant	0.00	yes	single-source	OpenSubtitles
дорогуши	14	157	0	OpenSubtitles	risk-accepted:no-grant	0.04	yes	single-source	OpenSubtitles
навроде	14	157	0	OpenSubtitles	risk-accepted:no-grant	0.00	yes	single-source	OpenSubtitles
токсикология	14	157	0	OpenSubtitles	risk-accepted:no-grant	0.00	yes	single-source	OpenSubtitles
цветочков	14	157	0	OpenSubtitles	risk-accepted:no-grant	0.09	yes	single-source	OpenSubtitles
аптекаря	14	156	0	OpenSubtitles	risk-accepted:no-grant	0.01	yes	single-source	OpenSubtitles
отпрысков	14	156	0	OpenSubtitles	risk-accepted:no-grant	0.01	yes	single-source	OpenSubtitles
прорвется	14	156	0	OpenSubtitles	risk-accepted:no-grant	0.01	yes	single-source	OpenSubtitles
столешницы	14	156	0	OpenSubtitles	risk-accepted:no-grant	0.00	yes	single-source	OpenSubtitles
борга	14	155	0	OpenSubtitles	risk-accepted:no-grant	0.72	yes	proper-noun-evidence	cap_ratio=0.72>=0.50
бульдога	14	155	0	OpenSubtitles	risk-accepted:no-grant	0.26	yes	single-source	OpenSubtitles
зануду	14	155	0	OpenSubtitles	risk-accepted:no-grant	0.05	yes	single-source	OpenSubtitles
медэксперта	14	155	0	OpenSubtitles	risk-accepted:no-grant	0.03	yes	single-source	OpenSubtitles
мятное	14	155	0	OpenSubtitles	risk-accepted:no-grant	0.02	yes	single-source	OpenSubtitles
стаялпай	14	155	0	OpenSubtitles	risk-accepted:no-grant	0.00	yes	single-source	OpenSubtitles
шортики	14	155	0	OpenSubtitles	risk-accepted:no-grant	0.03	yes	single-source	OpenSubtitles
отсидели	14	154	0	OpenSubtitles	risk-accepted:no-grant	0.01	yes	single-source	OpenSubtitles
скройся	14	154	0	OpenSubtitles	risk-accepted:no-grant	0.03	yes	single-source	OpenSubtitles
тетрис	14	154	5	OpenSubtitles+Tatoeba	clean:CC-BY-2.0-FR	0.63	yes	proper-noun-evidence	cap_ratio=0.63>=0.50
колл	14	153	0	OpenSubtitles	risk-accepted:no-grant	0.78	yes	proper-noun-evidence	cap_ratio=0.78>=0.50
нирвана	14	153	0	OpenSubtitles	risk-accepted:no-grant	0.56	yes	proper-noun-evidence	cap_ratio=0.56>=0.50
пальбу	14	153	0	OpenSubtitles	risk-accepted:no-grant	0.00	yes	single-source	OpenSubtitles
бычий	14	152	0	OpenSubtitles	risk-accepted:no-grant	0.23	yes	single-source	OpenSubtitles
кричащих	14	152	0	OpenSubtitles	risk-accepted:no-grant	0.04	yes	single-source	OpenSubtitles
похитим	14	152	0	OpenSubtitles	risk-accepted:no-grant	0.00	yes	single-source	OpenSubtitles
прилегла	14	152	0	OpenSubtitles	risk-accepted:no-grant	0.00	yes	single-source	OpenSubtitles
япошек	14	152	0	OpenSubtitles	risk-accepted:no-grant	0.02	yes	single-source	OpenSubtitles
вазэктомию	14	151	0	OpenSubtitles	risk-accepted:no-grant	0.00	yes	single-source	OpenSubtitles
боло	14	150	0	OpenSubtitles	risk-accepted:no-grant	0.64	yes	proper-noun-evidence	cap_ratio=0.64>=0.50
конклава	14	150	0	OpenSubtitles	risk-accepted:no-grant	0.65	yes	proper-noun-evidence	cap_ratio=0.65>=0.50
ликером	14	150	0	OpenSubtitles	risk-accepted:no-grant	0.00	yes	single-source	OpenSubtitles
маек	14	150	0	OpenSubtitles	risk-accepted:no-grant	0.02	yes	single-source	OpenSubtitles
макаки	14	150	0	OpenSubtitles	risk-accepted:no-grant	0.03	yes	single-source	OpenSubtitles
объятьями	14	150	0	OpenSubtitles	risk-accepted:no-grant	0.00	yes	single-source	OpenSubtitles
подвергнется	14	150	0	OpenSubtitles	risk-accepted:no-grant	0.00	yes	single-source	OpenSubtitles
приманить	14	150	0	OpenSubtitles	risk-accepted:no-grant	0.00	yes	single-source	OpenSubtitles
зубе	14	149	0	OpenSubtitles	risk-accepted:no-grant	0.06	yes	single-source	OpenSubtitles
поганого	14	149	0	OpenSubtitles	risk-accepted:no-grant	0.08	yes	single-source	OpenSubtitles
вок	14	148	0	OpenSubtitles	risk-accepted:no-grant	0.48	yes	single-source	OpenSubtitles
вселилось	14	148	0	OpenSubtitles	risk-accepted:no-grant	0.00	yes	single-source	OpenSubtitles
колесиках	14	148	0	OpenSubtitles	risk-accepted:no-grant	0.00	yes	single-source	OpenSubtitles
багровый	14	147	1	OpenSubtitles+Tatoeba	clean:CC-BY-2.0-FR	0.58	yes	proper-noun-evidence	cap_ratio=0.58>=0.50
дядьки	14	147	0	OpenSubtitles	risk-accepted:no-grant	0.01	yes	single-source	OpenSubtitles
лупил	14	147	0	OpenSubtitles	risk-accepted:no-grant	0.00	yes	single-source	OpenSubtitles
мопс	14	147	0	OpenSubtitles	risk-accepted:no-grant	0.34	yes	single-source	OpenSubtitles
подожги	14	147	0	OpenSubtitles	risk-accepted:no-grant	0.05	yes	single-source	OpenSubtitles
спалился	14	147	0	OpenSubtitles	risk-accepted:no-grant	0.00	yes	single-source	OpenSubtitles
экзорциста	14	147	0	OpenSubtitles	risk-accepted:no-grant	0.30	yes	single-source	OpenSubtitles
бешусь	14	146	0	OpenSubtitles	risk-accepted:no-grant	0.00	yes	single-source	OpenSubtitles
осквернять	14	146	0	OpenSubtitles	risk-accepted:no-grant	0.00	yes	single-source	OpenSubtitles
отметин	14	146	0	OpenSubtitles	risk-accepted:no-grant	0.00	yes	single-source	OpenSubtitles
проберёмся	14	146	0	OpenSubtitles	risk-accepted:no-grant	0.00	yes	single-source	OpenSubtitles
разоблачит	14	146	0	OpenSubtitles	risk-accepted:no-grant	0.00	yes	single-source	OpenSubtitles
расчистим	14	146	0	OpenSubtitles	risk-accepted:no-grant	0.00	yes	single-source	OpenSubtitles
таскался	14	146	0	OpenSubtitles	risk-accepted:no-grant	0.00	yes	single-source	OpenSubtitles
активировано	14	145	0	OpenSubtitles	risk-accepted:no-grant	0.12	yes	single-source	OpenSubtitles
накуриться	14	145	0	OpenSubtitles	risk-accepted:no-grant	0.00	yes	single-source	OpenSubtitles
герыч	14	144	0	OpenSubtitles	risk-accepted:no-grant	0.08	yes	single-source	OpenSubtitles
континуума	14	144	0	OpenSubtitles	risk-accepted:no-grant	0.15	yes	single-source	OpenSubtitles
лидокаин	14	144	0	OpenSubtitles	risk-accepted:no-grant	0.10	yes	single-source	OpenSubtitles
раскусят	14	144	0	OpenSubtitles	risk-accepted:no-grant	0.00	yes	single-source	OpenSubtitles
соболезнуем	14	144	0	OpenSubtitles	risk-accepted:no-grant	0.00	yes	single-source	OpenSubtitles
сучкам	14	144	0	OpenSubtitles	risk-accepted:no-grant	0.02	yes	single-source	OpenSubtitles
крикните	14	143	0	OpenSubtitles	risk-accepted:no-grant	0.01	yes	single-source	OpenSubtitles
кувалду	14	143	0	OpenSubtitles	risk-accepted:no-grant	0.04	yes	single-source	OpenSubtitles
непредвзято	14	143	0	OpenSubtitles	risk-accepted:no-grant	0.00	yes	single-source	OpenSubtitles
обождать	14	143	0	OpenSubtitles	risk-accepted:no-grant	0.00	yes	single-source	OpenSubtitles
поселюсь	14	143	0	OpenSubtitles	risk-accepted:no-grant	0.00	yes	single-source	OpenSubtitles
сбрендила	14	143	0	OpenSubtitles	risk-accepted:no-grant	0.00	yes	single-source	OpenSubtitles
высосет	14	142	0	OpenSubtitles	risk-accepted:no-grant	0.00	yes	single-source	OpenSubtitles
перепадает	14	142	0	OpenSubtitles	risk-accepted:no-grant	0.00	yes	single-source	OpenSubtitles
сэры	14	142	0	OpenSubtitles	risk-accepted:no-grant	0.13	yes	single-source	OpenSubtitles
минивэне	14	141	0	OpenSubtitles	risk-accepted:no-grant	0.01	yes	single-source	OpenSubtitles
просветил	14	141	0	OpenSubtitles	risk-accepted:no-grant	0.00	yes	single-source	OpenSubtitles
рьнщ	14	141	0	OpenSubtitles	risk-accepted:no-grant	0.00	yes	single-source	OpenSubtitles
монсеньер	14	140	0	OpenSubtitles	risk-accepted:no-grant	0.15	yes	single-source	OpenSubtitles
необъяснимых	14	140	0	OpenSubtitles	risk-accepted:no-grant	0.01	yes	single-source	OpenSubtitles
племяшка	14	140	0	OpenSubtitles	risk-accepted:no-grant	0.00	yes	single-source	OpenSubtitles
постояльца	14	140	0	OpenSubtitles	risk-accepted:no-grant	0.06	yes	single-source	OpenSubtitles
пропавшее	14	140	0	OpenSubtitles	risk-accepted:no-grant	0.03	yes	single-source	OpenSubtitles
сексуальностью	14	140	0	OpenSubtitles	risk-accepted:no-grant	0.01	yes	single-source	OpenSubtitles
цнрнбш	14	140	0	OpenSubtitles	risk-accepted:no-grant	0.57	yes	proper-noun-evidence	cap_ratio=0.57>=0.50
вагончике	14	139	0	OpenSubtitles	risk-accepted:no-grant	0.00	yes	single-source	OpenSubtitles
выйграть	14	139	0	OpenSubtitles	risk-accepted:no-grant	0.01	yes	single-source	OpenSubtitles
комедиант	14	139	0	OpenSubtitles	risk-accepted:no-grant	0.21	yes	single-source	OpenSubtitles
кпяфб	14	139	0	OpenSubtitles	risk-accepted:no-grant	0.00	yes	single-source	OpenSubtitles
напористая	14	139	0	OpenSubtitles	risk-accepted:no-grant	0.01	yes	single-source	OpenSubtitles
таном	14	139	0	OpenSubtitles	risk-accepted:no-grant	0.70	yes	proper-noun-evidence	cap_ratio=0.70>=0.50
тиару	14	139	0	OpenSubtitles	risk-accepted:no-grant	0.03	yes	single-source	OpenSubtitles
озабоченные	14	138	0	OpenSubtitles	risk-accepted:no-grant	0.00	yes	single-source	OpenSubtitles
поплатились	14	138	0	OpenSubtitles	risk-accepted:no-grant	0.00	yes	single-source	OpenSubtitles
разделывать	14	138	0	OpenSubtitles	risk-accepted:no-grant	0.00	yes	single-source	OpenSubtitles
ине	14	137	0	OpenSubtitles	risk-accepted:no-grant	0.45	yes	single-source	OpenSubtitles
леггинсы	14	137	0	OpenSubtitles	risk-accepted:no-grant	0.01	yes	single-source	OpenSubtitles
предоплаченный	14	137	0	OpenSubtitles	risk-accepted:no-grant	0.01	yes	single-source	OpenSubtitles
просекко	14	137	0	OpenSubtitles	risk-accepted:no-grant	0.32	yes	single-source	OpenSubtitles
радиограмма	14	137	0	OpenSubtitles	risk-accepted:no-grant	0.00	yes	single-source	OpenSubtitles
упертая	14	137	0	OpenSubtitles	risk-accepted:no-grant	0.00	yes	single-source	OpenSubtitles
эсперов	14	137	0	OpenSubtitles	risk-accepted:no-grant	0.01	yes	single-source	OpenSubtitles
лона	14	136	0	OpenSubtitles	risk-accepted:no-grant	0.53	yes	proper-noun-evidence	cap_ratio=0.53>=0.50
рвешься	14	136	0	OpenSubtitles	risk-accepted:no-grant	0.00	yes	single-source	OpenSubtitles
сфинкса	14	136	1	OpenSubtitles+Tatoeba	clean:CC-BY-2.0-FR	0.62	yes	proper-noun-evidence	cap_ratio=0.62>=0.50
теликом	14	136	0	OpenSubtitles	risk-accepted:no-grant	0.00	yes	single-source	OpenSubtitles
видеокассеты	14	135	0	OpenSubtitles	risk-accepted:no-grant	0.01	yes	single-source	OpenSubtitles
дюнах	14	135	0	OpenSubtitles	risk-accepted:no-grant	0.08	yes	single-source	OpenSubtitles
кутузку	14	135	0	OpenSubtitles	risk-accepted:no-grant	0.01	yes	single-source	OpenSubtitles
левиафана	14	135	0	OpenSubtitles	risk-accepted:no-grant	0.80	yes	proper-noun-evidence	cap_ratio=0.80>=0.50
мятную	14	135	0	OpenSubtitles	risk-accepted:no-grant	0.04	yes	single-source	OpenSubtitles
плотские	14	135	0	OpenSubtitles	risk-accepted:no-grant	0.01	yes	single-source	OpenSubtitles
погоняло	14	135	0	OpenSubtitles	risk-accepted:no-grant	0.02	yes	single-source	OpenSubtitles
поил	14	135	0	OpenSubtitles	risk-accepted:no-grant	0.00	yes	single-source	OpenSubtitles
пукнуть	14	135	0	OpenSubtitles	risk-accepted:no-grant	0.01	yes	single-source	OpenSubtitles
упрек	14	135	0	OpenSubtitles	risk-accepted:no-grant	0.00	yes	single-source	OpenSubtitles
целлофан	14	135	0	OpenSubtitles	risk-accepted:no-grant	0.18	yes	single-source	OpenSubtitles
кардассианцев	14	134	0	OpenSubtitles	risk-accepted:no-grant	0.02	yes	single-source	OpenSubtitles
куртизанки	14	134	0	OpenSubtitles	risk-accepted:no-grant	0.03	yes	single-source	OpenSubtitles
продажной	14	134	0	OpenSubtitles	risk-accepted:no-grant	0.00	yes	single-source	OpenSubtitles
протру	14	134	0	OpenSubtitles	risk-accepted:no-grant	0.00	yes	single-source	OpenSubtitles
сдержи	14	134	0	OpenSubtitles	risk-accepted:no-grant	0.03	yes	single-source	OpenSubtitles
утруждайтесь	14	134	0	OpenSubtitles	risk-accepted:no-grant	0.00	yes	single-source	OpenSubtitles
цыплятами	14	134	0	OpenSubtitles	risk-accepted:no-grant	0.01	yes	single-source	OpenSubtitles
бредовое	14	133	0	OpenSubtitles	risk-accepted:no-grant	0.00	yes	single-source	OpenSubtitles
ките	14	133	0	OpenSubtitles	risk-accepted:no-grant	0.61	yes	proper-noun-evidence	cap_ratio=0.61>=0.50
кремацию	14	133	0	OpenSubtitles	risk-accepted:no-grant	0.01	yes	single-source	OpenSubtitles
мэнб	14	133	0	OpenSubtitles	risk-accepted:no-grant	0.00	yes	single-source	OpenSubtitles
наливаем	14	133	0	OpenSubtitles	risk-accepted:no-grant	0.00	yes	single-source	OpenSubtitles
непобедимой	14	133	0	OpenSubtitles	risk-accepted:no-grant	0.06	yes	single-source	OpenSubtitles
нотками	14	133	0	OpenSubtitles	risk-accepted:no-grant	0.00	yes	single-source	OpenSubtitles
отсидит	14	133	0	OpenSubtitles	risk-accepted:no-grant	0.01	yes	single-source	OpenSubtitles
паззла	14	133	0	OpenSubtitles	risk-accepted:no-grant	0.06	yes	single-source	OpenSubtitles
переоценили	14	133	0	OpenSubtitles	risk-accepted:no-grant	0.02	yes	single-source	OpenSubtitles
подвозила	14	133	0	OpenSubtitles	risk-accepted:no-grant	0.00	yes	single-source	OpenSubtitles
помрут	14	133	0	OpenSubtitles	risk-accepted:no-grant	0.00	yes	single-source	OpenSubtitles
нахаляву	14	132	0	OpenSubtitles	risk-accepted:no-grant	0.00	yes	single-source	OpenSubtitles
нуждающийся	14	132	0	OpenSubtitles	risk-accepted:no-grant	0.02	yes	single-source	OpenSubtitles
отбивной	14	132	0	OpenSubtitles	risk-accepted:no-grant	0.02	yes	single-source	OpenSubtitles
хрюй	14	132	0	OpenSubtitles	risk-accepted:no-grant	0.08	yes	single-source	OpenSubtitles
блокнотом	14	131	0	OpenSubtitles	risk-accepted:no-grant	0.00	yes	single-source	OpenSubtitles
ботаном	14	131	0	OpenSubtitles	risk-accepted:no-grant	0.02	yes	single-source	OpenSubtitles
никчемного	14	131	0	OpenSubtitles	risk-accepted:no-grant	0.01	yes	single-source	OpenSubtitles
тронном	14	131	0	OpenSubtitles	risk-accepted:no-grant	0.05	yes	single-source	OpenSubtitles
вознестись	14	130	0	OpenSubtitles	risk-accepted:no-grant	0.00	yes	single-source	OpenSubtitles
гелкч	14	130	0	OpenSubtitles	risk-accepted:no-grant	0.37	yes	single-source	OpenSubtitles
догадливый	14	130	0	OpenSubtitles	risk-accepted:no-grant	0.00	yes	single-source	OpenSubtitles
железку	14	130	0	OpenSubtitles	risk-accepted:no-grant	0.01	yes	single-source	OpenSubtitles
отшлепаю	14	130	0	OpenSubtitles	risk-accepted:no-grant	0.01	yes	single-source	OpenSubtitles
пеаърю	14	130	0	OpenSubtitles	risk-accepted:no-grant	0.56	yes	proper-noun-evidence	cap_ratio=0.56>=0.50
первостепенная	14	130	0	OpenSubtitles	risk-accepted:no-grant	0.00	yes	single-source	OpenSubtitles
хлороформом	14	130	0	OpenSubtitles	risk-accepted:no-grant	0.00	yes	single-source	OpenSubtitles
шэф	14	130	0	OpenSubtitles	risk-accepted:no-grant	0.27	yes	single-source	OpenSubtitles
вертелся	14	129	0	OpenSubtitles	risk-accepted:no-grant	0.00	yes	single-source	OpenSubtitles
врываетесь	14	129	0	OpenSubtitles	risk-accepted:no-grant	0.00	yes	single-source	OpenSubtitles
грошей	14	129	0	OpenSubtitles	risk-accepted:no-grant	0.00	yes	single-source	OpenSubtitles
деревенщину	14	129	0	OpenSubtitles	risk-accepted:no-grant	0.04	yes	single-source	OpenSubtitles
драгоценностях	14	129	0	OpenSubtitles	risk-accepted:no-grant	0.02	yes	single-source	OpenSubtitles
жульничества	14	129	0	OpenSubtitles	risk-accepted:no-grant	0.01	yes	single-source	OpenSubtitles
испоганили	14	129	0	OpenSubtitles	risk-accepted:no-grant	0.00	yes	single-source	OpenSubtitles
кнопочка	14	129	0	OpenSubtitles	risk-accepted:no-grant	0.31	yes	single-source	OpenSubtitles
кошерно	14	129	0	OpenSubtitles	risk-accepted:no-grant	0.02	yes	single-source	OpenSubtitles
отстегнуть	14	129	0	OpenSubtitles	risk-accepted:no-grant	0.00	yes	single-source	OpenSubtitles
пожуй	14	129	0	OpenSubtitles	risk-accepted:no-grant	0.03	yes	single-source	OpenSubtitles
предотвратим	14	129	0	OpenSubtitles	risk-accepted:no-grant	0.00	yes	single-source	OpenSubtitles
прикольнее	14	129	0	OpenSubtitles	risk-accepted:no-grant	0.00	yes	single-source	OpenSubtitles
пробации	14	129	0	OpenSubtitles	risk-accepted:no-grant	0.12	yes	single-source	OpenSubtitles
состарилась	14	129	0	OpenSubtitles	risk-accepted:no-grant	0.01	yes	single-source	OpenSubtitles
усах	14	129	0	OpenSubtitles	risk-accepted:no-grant	0.00	yes	single-source	OpenSubtitles
дунь	14	128	0	OpenSubtitles	risk-accepted:no-grant	0.51	yes	proper-noun-evidence	cap_ratio=0.51>=0.50
еиласте	14	128	0	OpenSubtitles	risk-accepted:no-grant	0.00	yes	single-source	OpenSubtitles
картошечку	14	128	0	OpenSubtitles	risk-accepted:no-grant	0.03	yes	single-source	OpenSubtitles
омлетом	14	128	0	OpenSubtitles	risk-accepted:no-grant	0.00	yes	single-source	OpenSubtitles
перестрелял	14	128	0	OpenSubtitles	risk-accepted:no-grant	0.00	yes	single-source	OpenSubtitles
бельевой	14	127	0	OpenSubtitles	risk-accepted:no-grant	0.00	yes	single-source	OpenSubtitles
вынимаю	14	127	0	OpenSubtitles	risk-accepted:no-grant	0.00	yes	single-source	OpenSubtitles
кликуха	14	127	0	OpenSubtitles	risk-accepted:no-grant	0.00	yes	single-source	OpenSubtitles
мандарина	14	127	2	OpenSubtitles+Tatoeba	clean:CC-BY-2.0-FR	0.66	yes	proper-noun-evidence	cap_ratio=0.66>=0.50
поддон	14	127	0	OpenSubtitles	risk-accepted:no-grant	0.01	yes	single-source	OpenSubtitles
техподдержки	14	127	0	OpenSubtitles	risk-accepted:no-grant	0.02	yes	single-source	OpenSubtitles
толковые	14	127	0	OpenSubtitles	risk-accepted:no-grant	0.01	yes	single-source	OpenSubtitles
будуар	14	126	0	OpenSubtitles	risk-accepted:no-grant	0.08	yes	single-source	OpenSubtitles
вдохновляющее	14	126	0	OpenSubtitles	risk-accepted:no-grant	0.00	yes	single-source	OpenSubtitles
извлеку	14	126	0	OpenSubtitles	risk-accepted:no-grant	0.00	yes	single-source	OpenSubtitles
ненадежны	14	126	0	OpenSubtitles	risk-accepted:no-grant	0.00	yes	single-source	OpenSubtitles
подкладки	14	126	0	OpenSubtitles	risk-accepted:no-grant	0.00	yes	single-source	OpenSubtitles
приватно	14	126	0	OpenSubtitles	risk-accepted:no-grant	0.02	yes	single-source	OpenSubtitles
просканировал	14	126	0	OpenSubtitles	risk-accepted:no-grant	0.00	yes	single-source	OpenSubtitles
сковывает	14	126	0	OpenSubtitles	risk-accepted:no-grant	0.01	yes	single-source	OpenSubtitles
сменную	14	126	0	OpenSubtitles	risk-accepted:no-grant	0.00	yes	single-source	OpenSubtitles
сопливая	14	126	0	OpenSubtitles	risk-accepted:no-grant	0.00	yes	single-source	OpenSubtitles
фреш	14	126	1	OpenSubtitles+Tatoeba	clean:CC-BY-2.0-FR	0.68	yes	proper-noun-evidence	cap_ratio=0.68>=0.50
чародеев	14	126	0	OpenSubtitles	risk-accepted:no-grant	0.48	yes	single-source	OpenSubtitles
кордона	14	125	0	OpenSubtitles	risk-accepted:no-grant	0.14	yes	single-source	OpenSubtitles
мути	14	125	0	OpenSubtitles	risk-accepted:no-grant	0.18	yes	single-source	OpenSubtitles
пну	14	125	0	OpenSubtitles	risk-accepted:no-grant	0.01	yes	single-source	OpenSubtitles
сберегла	14	125	0	OpenSubtitles	risk-accepted:no-grant	0.00	yes	single-source	OpenSubtitles
шабат	14	125	0	OpenSubtitles	risk-accepted:no-grant	0.41	yes	single-source	OpenSubtitles
шампань	14	125	0	OpenSubtitles	risk-accepted:no-grant	0.75	yes	proper-noun-evidence	cap_ratio=0.75>=0.50
вышвырнем	14	124	0	OpenSubtitles	risk-accepted:no-grant	0.00	yes	single-source	OpenSubtitles
вьется	14	124	0	OpenSubtitles	risk-accepted:no-grant	0.03	yes	single-source	OpenSubtitles
итальяшка	14	124	0	OpenSubtitles	risk-accepted:no-grant	0.02	yes	single-source	OpenSubtitles
облажайтесь	14	124	0	OpenSubtitles	risk-accepted:no-grant	0.00	yes	single-source	OpenSubtitles
просканируй	14	124	0	OpenSubtitles	risk-accepted:no-grant	0.00	yes	single-source	OpenSubtitles
учтем	14	124	0	OpenSubtitles	risk-accepted:no-grant	0.03	yes	single-source	OpenSubtitles
шмотками	14	124	0	OpenSubtitles	risk-accepted:no-grant	0.00	yes	single-source	OpenSubtitles
ювелиру	14	124	0	OpenSubtitles	risk-accepted:no-grant	0.00	yes	single-source	OpenSubtitles
иву	14	123	0	OpenSubtitles	risk-accepted:no-grant	0.50	yes	proper-noun-evidence	cap_ratio=0.50>=0.50
потрепаться	14	123	0	OpenSubtitles	risk-accepted:no-grant	0.00	yes	single-source	OpenSubtitles
распутывать	14	123	0	OpenSubtitles	risk-accepted:no-grant	0.00	yes	single-source	OpenSubtitles
трахея	14	123	0	OpenSubtitles	risk-accepted:no-grant	0.05	yes	single-source	OpenSubtitles
цыганку	14	123	0	OpenSubtitles	risk-accepted:no-grant	0.10	yes	single-source	OpenSubtitles
вист	14	122	0	OpenSubtitles	risk-accepted:no-grant	0.11	yes	single-source	OpenSubtitles
дедсьйю	14	122	0	OpenSubtitles	risk-accepted:no-grant	0.47	yes	single-source	OpenSubtitles
пабом	14	122	0	OpenSubtitles	risk-accepted:no-grant	0.00	yes	single-source	OpenSubtitles
плаванья	14	122	0	OpenSubtitles	risk-accepted:no-grant	0.01	yes	single-source	OpenSubtitles
поганым	14	122	0	OpenSubtitles	risk-accepted:no-grant	0.02	yes	single-source	OpenSubtitles
помпа	14	122	0	OpenSubtitles	risk-accepted:no-grant	0.15	yes	single-source	OpenSubtitles
радиошоу	14	122	0	OpenSubtitles	risk-accepted:no-grant	0.00	yes	single-source	OpenSubtitles
разрушителя	14	122	0	OpenSubtitles	risk-accepted:no-grant	0.52	yes	proper-noun-evidence	cap_ratio=0.52>=0.50
светлостью	14	122	0	OpenSubtitles	risk-accepted:no-grant	0.30	yes	single-source	OpenSubtitles
яф	14	122	0	OpenSubtitles	risk-accepted:no-grant	0.00	yes	single-source	OpenSubtitles
адью	14	121	0	OpenSubtitles	risk-accepted:no-grant	0.10	yes	single-source	OpenSubtitles
напуганных	14	121	0	OpenSubtitles	risk-accepted:no-grant	0.02	yes	single-source	OpenSubtitles
подавленные	14	121	0	OpenSubtitles	risk-accepted:no-grant	0.00	yes	single-source	OpenSubtitles
ромуланский	14	121	0	OpenSubtitles	risk-accepted:no-grant	0.08	yes	single-source	OpenSubtitles
чщсят	14	121	0	OpenSubtitles	risk-accepted:no-grant	0.00	yes	single-source	OpenSubtitles
брызжет	14	120	0	OpenSubtitles	risk-accepted:no-grant	0.01	yes	single-source	OpenSubtitles
дйкь	14	120	0	OpenSubtitles	risk-accepted:no-grant	0.00	yes	single-source	OpenSubtitles
желанья	14	120	0	OpenSubtitles	risk-accepted:no-grant	0.04	yes	single-source	OpenSubtitles
конча	14	120	0	OpenSubtitles	risk-accepted:no-grant	0.58	yes	proper-noun-evidence	cap_ratio=0.58>=0.50
покалечу	14	120	0	OpenSubtitles	risk-accepted:no-grant	0.01	yes	single-source	OpenSubtitles
покорного	14	120	0	OpenSubtitles	risk-accepted:no-grant	0.00	yes	single-source	OpenSubtitles
приставлю	14	120	0	OpenSubtitles	risk-accepted:no-grant	0.00	yes	single-source	OpenSubtitles
стремные	14	120	0	OpenSubtitles	risk-accepted:no-grant	0.00	yes	single-source	OpenSubtitles
зафиксируй	14	119	0	OpenSubtitles	risk-accepted:no-grant	0.00	yes	single-source	OpenSubtitles
иэлей	14	119	0	OpenSubtitles	risk-accepted:no-grant	0.00	yes	single-source	OpenSubtitles
конфирмации	14	119	0	OpenSubtitles	risk-accepted:no-grant	0.03	yes	single-source	OpenSubtitles
яслей	14	119	0	OpenSubtitles	risk-accepted:no-grant	0.00	yes	single-source	OpenSubtitles
безвременной	14	118	0	OpenSubtitles	risk-accepted:no-grant	0.00	yes	single-source	OpenSubtitles
вывалить	14	118	0	OpenSubtitles	risk-accepted:no-grant	0.00	yes	single-source	OpenSubtitles
гадаете	14	118	0	OpenSubtitles	risk-accepted:no-grant	0.00	yes	single-source	OpenSubtitles
газонокосилки	14	118	0	OpenSubtitles	risk-accepted:no-grant	0.00	yes	single-source	OpenSubtitles
евреях	14	118	0	OpenSubtitles	risk-accepted:no-grant	0.04	yes	single-source	OpenSubtitles
задохнется	14	118	0	OpenSubtitles	risk-accepted:no-grant	0.00	yes	single-source	OpenSubtitles
замужнюю	14	118	0	OpenSubtitles	risk-accepted:no-grant	0.00	yes	single-source	OpenSubtitles
мангал	14	118	0	OpenSubtitles	risk-accepted:no-grant	0.18	yes	single-source	OpenSubtitles
нацепили	14	118	0	OpenSubtitles	risk-accepted:no-grant	0.00	yes	single-source	OpenSubtitles
ниндзюцу	14	118	0	OpenSubtitles	risk-accepted:no-grant	0.32	yes	single-source	OpenSubtitles
ослушаешься	14	118	0	OpenSubtitles	risk-accepted:no-grant	0.02	yes	single-source	OpenSubtitles
плевое	14	118	0	OpenSubtitles	risk-accepted:no-grant	0.01	yes	single-source	OpenSubtitles
порублю	14	118	0	OpenSubtitles	risk-accepted:no-grant	0.04	yes	single-source	OpenSubtitles
посыпкой	14	118	0	OpenSubtitles	risk-accepted:no-grant	0.00	yes	single-source	OpenSubtitles
протеиновые	14	118	0	OpenSubtitles	risk-accepted:no-grant	0.00	yes	single-source	OpenSubtitles
томиться	14	118	0	OpenSubtitles	risk-accepted:no-grant	0.01	yes	single-source	OpenSubtitles
благословлен	14	117	0	OpenSubtitles	risk-accepted:no-grant	0.01	yes	single-source	OpenSubtitles
вао	14	117	0	OpenSubtitles	risk-accepted:no-grant	0.16	yes	single-source	OpenSubtitles
дёрнуть	14	117	0	OpenSubtitles	risk-accepted:no-grant	0.03	yes	single-source	OpenSubtitles
заколот	14	117	0	OpenSubtitles	risk-accepted:no-grant	0.02	yes	single-source	OpenSubtitles
кулона	14	117	0	OpenSubtitles	risk-accepted:no-grant	0.03	yes	single-source	OpenSubtitles
лазутчик	14	117	0	OpenSubtitles	risk-accepted:no-grant	0.03	yes	single-source	OpenSubtitles
подкидыш	14	117	0	OpenSubtitles	risk-accepted:no-grant	0.03	yes	single-source	OpenSubtitles
прорезать	14	117	0	OpenSubtitles	risk-accepted:no-grant	0.00	yes	single-source	OpenSubtitles
скидывай	14	117	0	OpenSubtitles	risk-accepted:no-grant	0.00	yes	single-source	OpenSubtitles
спланированное	14	117	0	OpenSubtitles	risk-accepted:no-grant	0.01	yes	single-source	OpenSubtitles
бхдхре	14	116	0	OpenSubtitles	risk-accepted:no-grant	0.51	yes	proper-noun-evidence	cap_ratio=0.51>=0.50
вкушать	14	116	0	OpenSubtitles	risk-accepted:no-grant	0.00	yes	single-source	OpenSubtitles
гусары	14	116	0	OpenSubtitles	risk-accepted:no-grant	0.02	yes	single-source	OpenSubtitles
обманщиков	14	115	0	OpenSubtitles	risk-accepted:no-grant	0.02	yes	single-source	OpenSubtitles
онднфдхре	14	115	0	OpenSubtitles	risk-accepted:no-grant	0.77	yes	proper-noun-evidence	cap_ratio=0.77>=0.50
подтяну	14	115	0	OpenSubtitles	risk-accepted:no-grant	0.00	yes	single-source	OpenSubtitles
славьте	14	115	0	OpenSubtitles	risk-accepted:no-grant	0.06	yes	single-source	OpenSubtitles
словили	14	115	0	OpenSubtitles	risk-accepted:no-grant	0.01	yes	single-source	OpenSubtitles
вазелин	14	114	0	OpenSubtitles	risk-accepted:no-grant	0.04	yes	single-source	OpenSubtitles
вишневого	14	114	0	OpenSubtitles	risk-accepted:no-grant	0.06	yes	single-source	OpenSubtitles
вознагражу	14	114	0	OpenSubtitles	risk-accepted:no-grant	0.00	yes	single-source	OpenSubtitles
дади	14	114	0	OpenSubtitles	risk-accepted:no-grant	0.52	yes	proper-noun-evidence	cap_ratio=0.52>=0.50
корпорейшн	14	114	1	OpenSubtitles+Tatoeba	clean:CC-BY-2.0-FR	0.78	yes	proper-noun-evidence	cap_ratio=0.78>=0.50
кровную	14	114	0	OpenSubtitles	risk-accepted:no-grant	0.00	yes	single-source	OpenSubtitles
опрошу	14	114	0	OpenSubtitles	risk-accepted:no-grant	0.00	yes	single-source	OpenSubtitles
отблагодарила	14	114	0	OpenSubtitles	risk-accepted:no-grant	0.00	yes	single-source	OpenSubtitles
передозировкой	14	114	0	OpenSubtitles	risk-accepted:no-grant	0.01	yes	single-source	OpenSubtitles
убойные	14	114	0	OpenSubtitles	risk-accepted:no-grant	0.20	yes	single-source	OpenSubtitles
фанка	14	114	0	OpenSubtitles	risk-accepted:no-grant	0.16	yes	single-source	OpenSubtitles
девственная	14	113	0	OpenSubtitles	risk-accepted:no-grant	0.07	yes	single-source	OpenSubtitles
переманили	14	113	0	OpenSubtitles	risk-accepted:no-grant	0.00	yes	single-source	OpenSubtitles
погоревать	14	113	0	OpenSubtitles	risk-accepted:no-grant	0.00	yes	single-source	OpenSubtitles
пологаю	14	113	0	OpenSubtitles	risk-accepted:no-grant	0.00	yes	single-source	OpenSubtitles
развяжем	14	113	0	OpenSubtitles	risk-accepted:no-grant	0.00	yes	single-source	OpenSubtitles
стажерка	14	113	0	OpenSubtitles	risk-accepted:no-grant	0.01	yes	single-source	OpenSubtitles
були	14	112	0	OpenSubtitles	risk-accepted:no-grant	0.76	yes	proper-noun-evidence	cap_ratio=0.76>=0.50
девственники	14	112	0	OpenSubtitles	risk-accepted:no-grant	0.01	yes	single-source	OpenSubtitles
кроссовками	14	112	0	OpenSubtitles	risk-accepted:no-grant	0.02	yes	single-source	OpenSubtitles
натворишь	14	112	0	OpenSubtitles	risk-accepted:no-grant	0.00	yes	single-source	OpenSubtitles
пикантное	14	112	0	OpenSubtitles	risk-accepted:no-grant	0.01	yes	single-source	OpenSubtitles
поплатятся	14	112	0	OpenSubtitles	risk-accepted:no-grant	0.00	yes	single-source	OpenSubtitles
расшифровывать	14	112	0	OpenSubtitles	risk-accepted:no-grant	0.01	yes	single-source	OpenSubtitles
стервозная	14	112	0	OpenSubtitles	risk-accepted:no-grant	0.03	yes	single-source	OpenSubtitles
флаконы	14	112	0	OpenSubtitles	risk-accepted:no-grant	0.00	yes	single-source	OpenSubtitles
вживили	14	111	0	OpenSubtitles	risk-accepted:no-grant	0.00	yes	single-source	OpenSubtitles
взламываю	14	111	0	OpenSubtitles	risk-accepted:no-grant	0.00	yes	single-source	OpenSubtitles
гастрономе	14	111	0	OpenSubtitles	risk-accepted:no-grant	0.00	yes	single-source	OpenSubtitles
девяток	14	111	0	OpenSubtitles	risk-accepted:no-grant	0.62	yes	proper-noun-evidence	cap_ratio=0.62>=0.50
мажет	14	111	0	OpenSubtitles	risk-accepted:no-grant	0.01	yes	single-source	OpenSubtitles
нянчился	14	111	0	OpenSubtitles	risk-accepted:no-grant	0.00	yes	single-source	OpenSubtitles
пикантно	14	111	0	OpenSubtitles	risk-accepted:no-grant	0.01	yes	single-source	OpenSubtitles
подмазать	14	111	0	OpenSubtitles	risk-accepted:no-grant	0.00	yes	single-source	OpenSubtitles
продыху	14	111	0	OpenSubtitles	risk-accepted:no-grant	0.00	yes	single-source	OpenSubtitles
сдирать	14	111	0	OpenSubtitles	risk-accepted:no-grant	0.00	no	single-source	OpenSubtitles
терияки	14	111	0	OpenSubtitles	risk-accepted:no-grant	0.08	no	single-source	OpenSubtitles
трясина	14	111	0	OpenSubtitles	risk-accepted:no-grant	0.15	no	single-source	OpenSubtitles
хати	14	111	0	OpenSubtitles	risk-accepted:no-grant	0.76	no	proper-noun-evidence	cap_ratio=0.76>=0.50
цепляясь	14	111	0	OpenSubtitles	risk-accepted:no-grant	0.01	no	single-source	OpenSubtitles
байю	14	110	0	OpenSubtitles	risk-accepted:no-grant	0.79	no	proper-noun-evidence	cap_ratio=0.79>=0.50
вытрезвитель	14	110	0	OpenSubtitles	risk-accepted:no-grant	0.00	no	single-source	OpenSubtitles
грёбанная	14	110	0	OpenSubtitles	risk-accepted:no-grant	0.00	no	single-source	OpenSubtitles
исцеляться	14	110	0	OpenSubtitles	risk-accepted:no-grant	0.00	no	single-source	OpenSubtitles
медовая	14	110	0	OpenSubtitles	risk-accepted:no-grant	0.10	no	single-source	OpenSubtitles
оден	14	110	1	OpenSubtitles+Tatoeba	clean:CC-BY-2.0-FR	0.73	no	proper-noun-evidence	cap_ratio=0.73>=0.50
переспав	14	110	0	OpenSubtitles	risk-accepted:no-grant	0.00	no	single-source	OpenSubtitles
предсмертных	14	110	0	OpenSubtitles	risk-accepted:no-grant	0.00	no	single-source	OpenSubtitles
распаковала	14	110	0	OpenSubtitles	risk-accepted:no-grant	0.01	no	single-source	OpenSubtitles
сорвём	14	110	0	OpenSubtitles	risk-accepted:no-grant	0.00	no	single-source	OpenSubtitles
эксгумировать	14	110	0	OpenSubtitles	risk-accepted:no-grant	0.00	no	single-source	OpenSubtitles
богатенькая	14	109	0	OpenSubtitles	risk-accepted:no-grant	0.00	no	single-source	OpenSubtitles
воссоединимся	14	109	0	OpenSubtitles	risk-accepted:no-grant	0.00	no	single-source	OpenSubtitles
выпытывать	14	109	0	OpenSubtitles	risk-accepted:no-grant	0.00	no	single-source	OpenSubtitles
конунга	14	109	0	OpenSubtitles	risk-accepted:no-grant	0.02	no	single-source	OpenSubtitles
кьрпйб	14	109	0	OpenSubtitles	risk-accepted:no-grant	0.00	no	single-source	OpenSubtitles
лупи	14	109	0	OpenSubtitles	risk-accepted:no-grant	0.36	no	single-source	OpenSubtitles
наезжал	14	109	0	OpenSubtitles	risk-accepted:no-grant	0.02	no	single-source	OpenSubtitles
сентиментальна	14	109	0	OpenSubtitles	risk-accepted:no-grant	0.00	no	single-source	OpenSubtitles
сунешь	14	109	0	OpenSubtitles	risk-accepted:no-grant	0.00	no	single-source	OpenSubtitles
вычеркнем	14	108	0	OpenSubtitles	risk-accepted:no-grant	0.00	no	single-source	OpenSubtitles
заклятием	14	108	0	OpenSubtitles	risk-accepted:no-grant	0.01	no	single-source	OpenSubtitles
змейка	14	108	0	OpenSubtitles	risk-accepted:no-grant	0.07	no	single-source	OpenSubtitles
зяблик	14	108	0	OpenSubtitles	risk-accepted:no-grant	0.44	no	single-source	OpenSubtitles
камердинера	14	108	0	OpenSubtitles	risk-accepted:no-grant	0.00	no	single-source	OpenSubtitles
кейтеринг	14	108	0	OpenSubtitles	risk-accepted:no-grant	0.10	no	single-source	OpenSubtitles
кошерное	14	108	0	OpenSubtitles	risk-accepted:no-grant	0.01	no	single-source	OpenSubtitles
макраме	14	108	0	OpenSubtitles	risk-accepted:no-grant	0.02	no	single-source	OpenSubtitles
медкарте	14	108	0	OpenSubtitles	risk-accepted:no-grant	0.00	no	single-source	OpenSubtitles
напоим	14	108	0	OpenSubtitles	risk-accepted:no-grant	0.00	no	single-source	OpenSubtitles
ноткой	14	108	0	OpenSubtitles	risk-accepted:no-grant	0.00	no	single-source	OpenSubtitles
подожжем	14	108	0	OpenSubtitles	risk-accepted:no-grant	0.00	no	single-source	OpenSubtitles
потакал	14	108	0	OpenSubtitles	risk-accepted:no-grant	0.00	no	single-source	OpenSubtitles
проклянут	14	108	0	OpenSubtitles	risk-accepted:no-grant	0.00	no	single-source	OpenSubtitles
просидит	14	108	0	OpenSubtitles	risk-accepted:no-grant	0.00	no	single-source	OpenSubtitles
боготворить	14	107	0	OpenSubtitles	risk-accepted:no-grant	0.01	no	single-source	OpenSubtitles
вжился	14	107	0	OpenSubtitles	risk-accepted:no-grant	0.01	no	single-source	OpenSubtitles
злодейства	14	107	0	OpenSubtitles	risk-accepted:no-grant	0.02	no	single-source	OpenSubtitles
конвульсиях	14	107	0	OpenSubtitles	risk-accepted:no-grant	0.00	no	single-source	OpenSubtitles
кроватям	14	107	0	OpenSubtitles	risk-accepted:no-grant	0.00	no	single-source	OpenSubtitles
накаляются	14	107	0	OpenSubtitles	risk-accepted:no-grant	0.01	no	single-source	OpenSubtitles
недооценивала	14	107	0	OpenSubtitles	risk-accepted:no-grant	0.00	no	single-source	OpenSubtitles
пепле	14	107	0	OpenSubtitles	risk-accepted:no-grant	0.02	no	single-source	OpenSubtitles
подышите	14	107	0	OpenSubtitles	risk-accepted:no-grant	0.00	no	single-source	OpenSubtitles
постучишь	14	107	0	OpenSubtitles	risk-accepted:no-grant	0.01	no	single-source	OpenSubtitles
сортирую	14	107	0	OpenSubtitles	risk-accepted:no-grant	0.01	no	single-source	OpenSubtitles
торчка	14	107	0	OpenSubtitles	risk-accepted:no-grant	0.05	no	single-source	OpenSubtitles
чсьнп	14	107	0	OpenSubtitles	risk-accepted:no-grant	0.00	no	single-source	OpenSubtitles
восхитительного	14	106	0	OpenSubtitles	risk-accepted:no-grant	0.08	no	single-source	OpenSubtitles
картинг	14	106	0	OpenSubtitles	risk-accepted:no-grant	0.01	no	single-source	OpenSubtitles
невменяемый	14	106	0	OpenSubtitles	risk-accepted:no-grant	0.00	no	single-source	OpenSubtitles
неловком	14	106	0	OpenSubtitles	risk-accepted:no-grant	0.00	no	single-source	OpenSubtitles
оперируем	14	106	0	OpenSubtitles	risk-accepted:no-grant	0.00	no	single-source	OpenSubtitles
разденешься	14	106	0	OpenSubtitles	risk-accepted:no-grant	0.00	no	single-source	OpenSubtitles
циферки	14	106	0	OpenSubtitles	risk-accepted:no-grant	0.00	no	single-source	OpenSubtitles
беднягой	14	105	0	OpenSubtitles	risk-accepted:no-grant	0.02	no	single-source	OpenSubtitles
мустанги	14	105	0	OpenSubtitles	risk-accepted:no-grant	0.77	no	proper-noun-evidence	cap_ratio=0.77>=0.50
первосвященник	14	105	0	OpenSubtitles	risk-accepted:no-grant	0.21	no	single-source	OpenSubtitles
смоем	14	105	0	OpenSubtitles	risk-accepted:no-grant	0.01	no	single-source	OpenSubtitles
фитнесу	14	105	0	OpenSubtitles	risk-accepted:no-grant	0.03	no	single-source	OpenSubtitles
базуки	14	104	0	OpenSubtitles	risk-accepted:no-grant	0.03	no	single-source	OpenSubtitles
ворвемся	14	104	0	OpenSubtitles	risk-accepted:no-grant	0.00	no	single-source	OpenSubtitles
горгона	14	104	1	OpenSubtitles+Tatoeba	clean:CC-BY-2.0-FR	0.79	no	proper-noun-evidence	cap_ratio=0.79>=0.50
догоняем	14	104	0	OpenSubtitles	risk-accepted:no-grant	0.00	no	single-source	OpenSubtitles
достучался	14	104	0	OpenSubtitles	risk-accepted:no-grant	0.01	no	single-source	OpenSubtitles
задрота	14	104	0	OpenSubtitles	risk-accepted:no-grant	0.02	no	single-source	OpenSubtitles
импотенция	14	104	0	OpenSubtitles	risk-accepted:no-grant	0.03	no	single-source	OpenSubtitles
плюешь	14	104	0	OpenSubtitles	risk-accepted:no-grant	0.00	no	single-source	OpenSubtitles
посыпятся	14	104	0	OpenSubtitles	risk-accepted:no-grant	0.00	no	single-source	OpenSubtitles
привезёте	14	104	0	OpenSubtitles	risk-accepted:no-grant	0.00	no	single-source	OpenSubtitles
рулетке	14	104	0	OpenSubtitles	risk-accepted:no-grant	0.01	no	single-source	OpenSubtitles
халявный	14	104	0	OpenSubtitles	risk-accepted:no-grant	0.01	no	single-source	OpenSubtitles
цбянефбй	14	104	0	OpenSubtitles	risk-accepted:no-grant	0.00	no	single-source	OpenSubtitles
бксйвют	14	103	0	OpenSubtitles	risk-accepted:no-grant	0.00	no	single-source	OpenSubtitles
бубликов	14	103	0	OpenSubtitles	risk-accepted:no-grant	0.17	no	single-source	OpenSubtitles
вывернули	14	103	0	OpenSubtitles	risk-accepted:no-grant	0.00	no	single-source	OpenSubtitles
лапочкой	14	103	0	OpenSubtitles	risk-accepted:no-grant	0.03	no	single-source	OpenSubtitles
неудачницы	14	103	0	OpenSubtitles	risk-accepted:no-grant	0.02	no	single-source	OpenSubtitles
нося	14	103	0	OpenSubtitles	risk-accepted:no-grant	0.00	no	single-source	OpenSubtitles
нюхни	14	103	0	OpenSubtitles	risk-accepted:no-grant	0.02	no	single-source	OpenSubtitles
орудовал	14	103	0	OpenSubtitles	risk-accepted:no-grant	0.00	no	single-source	OpenSubtitles
прелюдию	14	103	0	OpenSubtitles	risk-accepted:no-grant	0.03	no	single-source	OpenSubtitles
приемчик	14	103	0	OpenSubtitles	risk-accepted:no-grant	0.00	no	single-source	OpenSubtitles
шлюшку	13	230	0	OpenSubtitles	risk-accepted:no-grant	0.03	yes	single-source	OpenSubtitles
пеленг	13	225	0	OpenSubtitles	risk-accepted:no-grant	0.01	yes	single-source	OpenSubtitles
месьё	13	213	0	OpenSubtitles	risk-accepted:no-grant	0.01	yes	single-source	OpenSubtitles
ковена	13	205	0	OpenSubtitles	risk-accepted:no-grant	0.23	yes	single-source	OpenSubtitles
запрем	13	202	0	OpenSubtitles	risk-accepted:no-grant	0.00	yes	single-source	OpenSubtitles
наезжаешь	13	201	0	OpenSubtitles	risk-accepted:no-grant	0.00	yes	single-source	OpenSubtitles
спаржа	13	199	0	OpenSubtitles	risk-accepted:no-grant	0.01	yes	single-source	OpenSubtitles
торгаш	13	198	0	OpenSubtitles	risk-accepted:no-grant	0.05	yes	single-source	OpenSubtitles
шотов	13	196	0	OpenSubtitles	risk-accepted:no-grant	0.00	yes	single-source	OpenSubtitles
выселят	13	195	0	OpenSubtitles	risk-accepted:no-grant	0.01	yes	single-source	OpenSubtitles
петушка	13	194	0	OpenSubtitles	risk-accepted:no-grant	0.18	yes	single-source	OpenSubtitles
бутылочек	13	191	0	OpenSubtitles	risk-accepted:no-grant	0.01	yes	single-source	OpenSubtitles
замышлял	13	191	0	OpenSubtitles	risk-accepted:no-grant	0.00	yes	single-source	OpenSubtitles
дару	13	186	0	OpenSubtitles	risk-accepted:no-grant	0.42	yes	single-source	OpenSubtitles
зачинщик	13	186	0	OpenSubtitles	risk-accepted:no-grant	0.02	yes	single-source	OpenSubtitles
мишке	13	185	3	OpenSubtitles+Tatoeba	clean:CC-BY-2.0-FR	0.60	yes	proper-noun-evidence	cap_ratio=0.60>=0.50
опюбхкэмн	13	184	0	OpenSubtitles	risk-accepted:no-grant	0.75	yes	proper-noun-evidence	cap_ratio=0.75>=0.50
докопаюсь	13	182	0	OpenSubtitles	risk-accepted:no-grant	0.00	yes	single-source	OpenSubtitles
эксгумацию	13	176	0	OpenSubtitles	risk-accepted:no-grant	0.01	yes	single-source	OpenSubtitles
восхвалять	13	175	0	OpenSubtitles	risk-accepted:no-grant	0.01	yes	single-source	OpenSubtitles
уладь	13	174	0	OpenSubtitles	risk-accepted:no-grant	0.00	yes	single-source	OpenSubtitles
подтвержу	13	173	0	OpenSubtitles	risk-accepted:no-grant	0.00	yes	single-source	OpenSubtitles
продуть	13	172	0	OpenSubtitles	risk-accepted:no-grant	0.01	yes	single-source	OpenSubtitles
пудингом	13	172	0	OpenSubtitles	risk-accepted:no-grant	0.02	yes	single-source	OpenSubtitles
взламывает	13	171	0	OpenSubtitles	risk-accepted:no-grant	0.01	yes	single-source	OpenSubtitles
опозорилась	13	169	0	OpenSubtitles	risk-accepted:no-grant	0.00	yes	single-source	OpenSubtitles
доложим	13	168	0	OpenSubtitles	risk-accepted:no-grant	0.01	yes	single-source	OpenSubtitles
дурачки	13	168	0	OpenSubtitles	risk-accepted:no-grant	0.01	yes	single-source	OpenSubtitles
каскадер	13	168	0	OpenSubtitles	risk-accepted:no-grant	0.06	yes	single-source	OpenSubtitles
раздавишь	13	168	0	OpenSubtitles	risk-accepted:no-grant	0.01	yes	single-source	OpenSubtitles
физраствора	13	168	0	OpenSubtitles	risk-accepted:no-grant	0.00	yes	single-source	OpenSubtitles
прибрали	13	167	0	OpenSubtitles	risk-accepted:no-grant	0.00	yes	single-source	OpenSubtitles
пробудилась	13	166	0	OpenSubtitles	risk-accepted:no-grant	0.00	yes	single-source	OpenSubtitles
флоу	13	166	0	OpenSubtitles	risk-accepted:no-grant	0.47	yes	single-source	OpenSubtitles
гувернанткой	13	165	0	OpenSubtitles	risk-accepted:no-grant	0.00	yes	single-source	OpenSubtitles
тетушкой	13	165	0	OpenSubtitles	risk-accepted:no-grant	0.06	yes	single-source	OpenSubtitles
пометила	13	164	0	OpenSubtitles	risk-accepted:no-grant	0.01	yes	single-source	OpenSubtitles
попрут	13	164	0	OpenSubtitles	risk-accepted:no-grant	0.00	yes	single-source	OpenSubtitles
пропадем	13	164	0	OpenSubtitles	risk-accepted:no-grant	0.01	yes	single-source	OpenSubtitles
расцвести	13	164	0	OpenSubtitles	risk-accepted:no-grant	0.01	yes	single-source	OpenSubtitles
фибрилляция	13	164	0	OpenSubtitles	risk-accepted:no-grant	0.01	yes	single-source	OpenSubtitles
кьянти	13	163	0	OpenSubtitles	risk-accepted:no-grant	0.57	yes	proper-noun-evidence	cap_ratio=0.57>=0.50
мэчсй	13	163	0	OpenSubtitles	risk-accepted:no-grant	0.00	yes	single-source	OpenSubtitles
изобьют	13	162	0	OpenSubtitles	risk-accepted:no-grant	0.00	yes	single-source	OpenSubtitles
качков	13	162	0	OpenSubtitles	risk-accepted:no-grant	0.13	yes	single-source	OpenSubtitles
послужным	13	162	0	OpenSubtitles	risk-accepted:no-grant	0.00	yes	single-source	OpenSubtitles
япошки	13	162	0	OpenSubtitles	risk-accepted:no-grant	0.03	yes	single-source	OpenSubtitles
преступницы	13	161	0	OpenSubtitles	risk-accepted:no-grant	0.01	yes	single-source	OpenSubtitles
мчусь	13	160	0	OpenSubtitles	risk-accepted:no-grant	0.01	yes	single-source	OpenSubtitles
йака	13	159	0	OpenSubtitles	risk-accepted:no-grant	0.02	yes	single-source	OpenSubtitles
кулис	13	159	0	OpenSubtitles	risk-accepted:no-grant	0.04	yes	single-source	OpenSubtitles
лицензированный	13	159	0	OpenSubtitles	risk-accepted:no-grant	0.03	yes	single-source	OpenSubtitles
размерчик	13	159	0	OpenSubtitles	risk-accepted:no-grant	0.00	yes	single-source	OpenSubtitles
расстанешься	13	159	0	OpenSubtitles	risk-accepted:no-grant	0.01	yes	single-source	OpenSubtitles
ступила	13	159	0	OpenSubtitles	risk-accepted:no-grant	0.00	yes	single-source	OpenSubtitles
чертовыми	13	159	0	OpenSubtitles	risk-accepted:no-grant	0.00	yes	single-source	OpenSubtitles
алкашей	13	158	0	OpenSubtitles	risk-accepted:no-grant	0.00	yes	single-source	OpenSubtitles
визажисты	13	158	0	OpenSubtitles	risk-accepted:no-grant	0.01	yes	single-source	OpenSubtitles
дзюцу	13	158	0	OpenSubtitles	risk-accepted:no-grant	0.36	yes	single-source	OpenSubtitles
отойдешь	13	158	0	OpenSubtitles	risk-accepted:no-grant	0.00	yes	single-source	OpenSubtitles
соседушка	13	158	0	OpenSubtitles	risk-accepted:no-grant	0.00	yes	single-source	OpenSubtitles
стобой	13	158	0	OpenSubtitles	risk-accepted:no-grant	0.00	yes	single-source	OpenSubtitles
лесбийский	13	157	0	OpenSubtitles	risk-accepted:no-grant	0.02	yes	single-source	OpenSubtitles
поджаренный	13	157	0	OpenSubtitles	risk-accepted:no-grant	0.00	yes	single-source	OpenSubtitles
приземлюсь	13	157	0	OpenSubtitles	risk-accepted:no-grant	0.00	yes	single-source	OpenSubtitles
убедят	13	157	0	OpenSubtitles	risk-accepted:no-grant	0.00	yes	single-source	OpenSubtitles
гарпии	13	156	0	OpenSubtitles	risk-accepted:no-grant	0.47	yes	single-source	OpenSubtitles
заинтересуются	13	156	0	OpenSubtitles	risk-accepted:no-grant	0.00	yes	single-source	OpenSubtitles
грешки	13	155	0	OpenSubtitles	risk-accepted:no-grant	0.03	yes	single-source	OpenSubtitles
дюилн	13	155	0	OpenSubtitles	risk-accepted:no-grant	0.00	yes	single-source	OpenSubtitles
остаточные	13	155	0	OpenSubtitles	risk-accepted:no-grant	0.00	yes	single-source	OpenSubtitles
пахнете	13	155	0	OpenSubtitles	risk-accepted:no-grant	0.00	yes	single-source	OpenSubtitles
веслом	13	154	0	OpenSubtitles	risk-accepted:no-grant	0.01	yes	single-source	OpenSubtitles
взываем	13	154	0	OpenSubtitles	risk-accepted:no-grant	0.02	yes	single-source	OpenSubtitles
андроидов	13	153	0	OpenSubtitles	risk-accepted:no-grant	0.01	yes	single-source	OpenSubtitles
безоружны	13	153	0	OpenSubtitles	risk-accepted:no-grant	0.01	yes	single-source	OpenSubtitles
выдвигаюсь	13	153	0	OpenSubtitles	risk-accepted:no-grant	0.02	yes	single-source	OpenSubtitles
картеле	13	153	0	OpenSubtitles	risk-accepted:no-grant	0.04	yes	single-source	OpenSubtitles
когтя	13	153	1	OpenSubtitles+Tatoeba	clean:CC-BY-2.0-FR	0.61	yes	proper-noun-evidence	cap_ratio=0.61>=0.50
кэсйе	13	153	0	OpenSubtitles	risk-accepted:no-grant	0.05	yes	single-source	OpenSubtitles
лимузины	13	153	0	OpenSubtitles	risk-accepted:no-grant	0.05	yes	single-source	OpenSubtitles
мстительная	13	153	0	OpenSubtitles	risk-accepted:no-grant	0.02	yes	single-source	OpenSubtitles
отмазал	13	153	0	OpenSubtitles	risk-accepted:no-grant	0.00	yes	single-source	OpenSubtitles
отстойник	13	153	0	OpenSubtitles	risk-accepted:no-grant	0.00	yes	single-source	OpenSubtitles
предохраняться	13	153	0	OpenSubtitles	risk-accepted:no-grant	0.01	yes	single-source	OpenSubtitles
фиеста	13	153	0	OpenSubtitles	risk-accepted:no-grant	0.49	yes	single-source	OpenSubtitles
блёстками	13	152	0	OpenSubtitles	risk-accepted:no-grant	0.01	yes	single-source	OpenSubtitles
заведовать	13	152	0	OpenSubtitles	risk-accepted:no-grant	0.00	yes	single-source	OpenSubtitles
пе	13	152	0	OpenSubtitles	risk-accepted:no-grant	0.39	yes	single-source	OpenSubtitles
проебался	13	152	0	OpenSubtitles	risk-accepted:no-grant	0.01	yes	single-source	OpenSubtitles
скрутил	13	152	0	OpenSubtitles	risk-accepted:no-grant	0.00	yes	single-source	OpenSubtitles
неопознанные	13	151	0	OpenSubtitles	risk-accepted:no-grant	0.02	yes	single-source	OpenSubtitles
обследуем	13	151	0	OpenSubtitles	risk-accepted:no-grant	0.01	yes	single-source	OpenSubtitles
эрол	13	151	0	OpenSubtitles	risk-accepted:no-grant	0.66	yes	proper-noun-evidence	cap_ratio=0.66>=0.50
барыги	13	150	0	OpenSubtitles	risk-accepted:no-grant	0.02	yes	single-source	OpenSubtitles
бесстрашной	13	150	0	OpenSubtitles	risk-accepted:no-grant	0.06	yes	single-source	OpenSubtitles
иэлейт	13	150	0	OpenSubtitles	risk-accepted:no-grant	0.00	yes	single-source	OpenSubtitles
ласси	13	150	0	OpenSubtitles	risk-accepted:no-grant	0.65	yes	proper-noun-evidence	cap_ratio=0.65>=0.50
созвала	13	150	0	OpenSubtitles	risk-accepted:no-grant	0.00	yes	single-source	OpenSubtitles
засудим	13	149	0	OpenSubtitles	risk-accepted:no-grant	0.00	yes	single-source	OpenSubtitles
племяш	13	149	0	OpenSubtitles	risk-accepted:no-grant	0.02	yes	single-source	OpenSubtitles
шифровка	13	149	0	OpenSubtitles	risk-accepted:no-grant	0.02	yes	single-source	OpenSubtitles
встряхнись	13	148	0	OpenSubtitles	risk-accepted:no-grant	0.07	yes	single-source	OpenSubtitles
высматривать	13	148	0	OpenSubtitles	risk-accepted:no-grant	0.00	yes	single-source	OpenSubtitles
примеряла	13	148	0	OpenSubtitles	risk-accepted:no-grant	0.00	yes	single-source	OpenSubtitles
разрушители	13	148	0	OpenSubtitles	risk-accepted:no-grant	0.27	yes	single-source	OpenSubtitles
тираннозавр	13	148	0	OpenSubtitles	risk-accepted:no-grant	0.10	yes	single-source	OpenSubtitles
вселилась	13	147	0	OpenSubtitles	risk-accepted:no-grant	0.01	yes	single-source	OpenSubtitles
вышибет	13	147	0	OpenSubtitles	risk-accepted:no-grant	0.00	yes	single-source	OpenSubtitles
окровавленную	13	147	0	OpenSubtitles	risk-accepted:no-grant	0.00	yes	single-source	OpenSubtitles
выбьют	13	146	0	OpenSubtitles	risk-accepted:no-grant	0.00	yes	single-source	OpenSubtitles
гауптвахту	13	146	0	OpenSubtitles	risk-accepted:no-grant	0.00	yes	single-source	OpenSubtitles
продохнуть	13	146	0	OpenSubtitles	risk-accepted:no-grant	0.00	yes	single-source	OpenSubtitles
ступили	13	146	0	OpenSubtitles	risk-accepted:no-grant	0.01	yes	single-source	OpenSubtitles
шелковая	13	146	0	OpenSubtitles	risk-accepted:no-grant	0.03	yes	single-source	OpenSubtitles
бритье	13	145	0	OpenSubtitles	risk-accepted:no-grant	0.04	yes	single-source	OpenSubtitles
ньокки	13	145	0	OpenSubtitles	risk-accepted:no-grant	0.11	yes	single-source	OpenSubtitles
обрезан	13	145	0	OpenSubtitles	risk-accepted:no-grant	0.00	yes	single-source	OpenSubtitles
прьфе	13	145	0	OpenSubtitles	risk-accepted:no-grant	0.02	yes	single-source	OpenSubtitles
бронировали	13	144	0	OpenSubtitles	risk-accepted:no-grant	0.00	yes	single-source	OpenSubtitles
злодейство	13	144	0	OpenSubtitles	risk-accepted:no-grant	0.04	yes	single-source	OpenSubtitles
передозировку	13	144	0	OpenSubtitles	risk-accepted:no-grant	0.00	yes	single-source	OpenSubtitles
упеку	13	144	0	OpenSubtitles	risk-accepted:no-grant	0.01	yes	single-source	OpenSubtitles
хард	13	144	0	OpenSubtitles	risk-accepted:no-grant	0.66	yes	proper-noun-evidence	cap_ratio=0.66>=0.50
допросную	13	143	0	OpenSubtitles	risk-accepted:no-grant	0.00	yes	single-source	OpenSubtitles
косых	13	143	0	OpenSubtitles	risk-accepted:no-grant	0.07	yes	single-source	OpenSubtitles
нянчится	13	143	0	OpenSubtitles	risk-accepted:no-grant	0.00	yes	single-source	OpenSubtitles
отсасывает	13	143	0	OpenSubtitles	risk-accepted:no-grant	0.01	yes	single-source	OpenSubtitles
феромонов	13	143	0	OpenSubtitles	risk-accepted:no-grant	0.00	yes	single-source	OpenSubtitles
контрас	13	142	0	OpenSubtitles	risk-accepted:no-grant	0.34	yes	single-source	OpenSubtitles
перережем	13	142	0	OpenSubtitles	risk-accepted:no-grant	0.01	yes	single-source	OpenSubtitles
пивком	13	142	0	OpenSubtitles	risk-accepted:no-grant	0.02	yes	single-source	OpenSubtitles
ссыкун	13	142	0	OpenSubtitles	risk-accepted:no-grant	0.03	yes	single-source	OpenSubtitles
знаменатель	13	141	0	OpenSubtitles	risk-accepted:no-grant	0.00	yes	single-source	OpenSubtitles
первобытное	13	141	0	OpenSubtitles	risk-accepted:no-grant	0.02	yes	single-source	OpenSubtitles
прижмет	13	141	0	OpenSubtitles	risk-accepted:no-grant	0.00	yes	single-source	OpenSubtitles
прилег	13	141	0	OpenSubtitles	risk-accepted:no-grant	0.00	yes	single-source	OpenSubtitles
вульгарным	13	140	0	OpenSubtitles	risk-accepted:no-grant	0.00	yes	single-source	OpenSubtitles
дочурки	13	140	0	OpenSubtitles	risk-accepted:no-grant	0.00	yes	single-source	OpenSubtitles
засовываешь	13	140	0	OpenSubtitles	risk-accepted:no-grant	0.00	yes	single-source	OpenSubtitles
разбомбить	13	140	0	OpenSubtitles	risk-accepted:no-grant	0.01	yes	single-source	OpenSubtitles
раскладушка	13	140	0	OpenSubtitles	risk-accepted:no-grant	0.01	yes	single-source	OpenSubtitles
распутной	13	140	0	OpenSubtitles	risk-accepted:no-grant	0.02	yes	single-source	OpenSubtitles
староваты	13	140	0	OpenSubtitles	risk-accepted:no-grant	0.00	yes	single-source	OpenSubtitles
аутг	13	139	0	OpenSubtitles	risk-accepted:no-grant	0.00	yes	single-source	OpenSubtitles
благороднее	13	139	0	OpenSubtitles	risk-accepted:no-grant	0.00	yes	single-source	OpenSubtitles
женах	13	139	0	OpenSubtitles	risk-accepted:no-grant	0.00	yes	single-source	OpenSubtitles
задействуй	13	139	0	OpenSubtitles	risk-accepted:no-grant	0.04	yes	single-source	OpenSubtitles
замышляли	13	139	0	OpenSubtitles	risk-accepted:no-grant	0.00	yes	single-source	OpenSubtitles
запрём	13	139	0	OpenSubtitles	risk-accepted:no-grant	0.00	yes	single-source	OpenSubtitles
кушетка	13	139	0	OpenSubtitles	risk-accepted:no-grant	0.00	yes	single-source	OpenSubtitles
наведаюсь	13	139	0	OpenSubtitles	risk-accepted:no-grant	0.00	yes	single-source	OpenSubtitles
насадить	13	139	0	OpenSubtitles	risk-accepted:no-grant	0.00	yes	single-source	OpenSubtitles
регенерировать	13	139	0	OpenSubtitles	risk-accepted:no-grant	0.01	yes	single-source	OpenSubtitles
усыплять	13	139	0	OpenSubtitles	risk-accepted:no-grant	0.00	yes	single-source	OpenSubtitles
бардаком	13	138	0	OpenSubtitles	risk-accepted:no-grant	0.01	yes	single-source	OpenSubtitles
волшебницы	13	138	0	OpenSubtitles	risk-accepted:no-grant	0.08	yes	single-source	OpenSubtitles
запираешь	13	138	0	OpenSubtitles	risk-accepted:no-grant	0.00	yes	single-source	OpenSubtitles
корешами	13	138	0	OpenSubtitles	risk-accepted:no-grant	0.00	yes	single-source	OpenSubtitles
куй	13	138	5	OpenSubtitles+Tatoeba	clean:CC-BY-2.0-FR	0.65	yes	proper-noun-evidence	cap_ratio=0.65>=0.50
отверткой	13	138	0	OpenSubtitles	risk-accepted:no-grant	0.02	yes	single-source	OpenSubtitles
подогнали	13	138	0	OpenSubtitles	risk-accepted:no-grant	0.00	yes	single-source	OpenSubtitles
выродка	13	137	0	OpenSubtitles	risk-accepted:no-grant	0.00	yes	single-source	OpenSubtitles
данов	13	137	0	OpenSubtitles	risk-accepted:no-grant	0.04	yes	single-source	OpenSubtitles
зорд	13	137	0	OpenSubtitles	risk-accepted:no-grant	0.72	yes	proper-noun-evidence	cap_ratio=0.72>=0.50
мчимся	13	137	0	OpenSubtitles	risk-accepted:no-grant	0.05	yes	single-source	OpenSubtitles
напьешься	13	137	0	OpenSubtitles	risk-accepted:no-grant	0.00	yes	single-source	OpenSubtitles
обезжиренное	13	137	0	OpenSubtitles	risk-accepted:no-grant	0.02	yes	single-source	OpenSubtitles
румба	13	137	0	OpenSubtitles	risk-accepted:no-grant	0.21	yes	single-source	OpenSubtitles
утопит	13	137	0	OpenSubtitles	risk-accepted:no-grant	0.00	yes	single-source	OpenSubtitles
вазой	13	136	0	OpenSubtitles	risk-accepted:no-grant	0.00	yes	single-source	OpenSubtitles
вога	13	136	0	OpenSubtitles	risk-accepted:no-grant	0.39	yes	single-source	OpenSubtitles
догадку	13	136	0	OpenSubtitles	risk-accepted:no-grant	0.00	yes	single-source	OpenSubtitles
дои	13	136	2	OpenSubtitles+Tatoeba	clean:CC-BY-2.0-FR	0.73	yes	proper-noun-evidence	cap_ratio=0.73>=0.50
любуешься	13	136	0	OpenSubtitles	risk-accepted:no-grant	0.00	yes	single-source	OpenSubtitles
менопаузы	13	136	0	OpenSubtitles	risk-accepted:no-grant	0.00	yes	single-source	OpenSubtitles
ограбит	13	136	0	OpenSubtitles	risk-accepted:no-grant	0.00	yes	single-source	OpenSubtitles
отморозка	13	136	0	OpenSubtitles	risk-accepted:no-grant	0.02	yes	single-source	OpenSubtitles
переметнуться	13	136	0	OpenSubtitles	risk-accepted:no-grant	0.00	yes	single-source	OpenSubtitles
песика	13	136	0	OpenSubtitles	risk-accepted:no-grant	0.01	yes	single-source	OpenSubtitles
посоха	13	136	0	OpenSubtitles	risk-accepted:no-grant	0.20	yes	single-source	OpenSubtitles
раскололи	13	136	0	OpenSubtitles	risk-accepted:no-grant	0.01	yes	single-source	OpenSubtitles
сиськам	13	136	0	OpenSubtitles	risk-accepted:no-grant	0.03	yes	single-source	OpenSubtitles
факсы	13	136	0	OpenSubtitles	risk-accepted:no-grant	0.00	yes	single-source	OpenSubtitles
драматичный	13	135	0	OpenSubtitles	risk-accepted:no-grant	0.00	yes	single-source	OpenSubtitles
неровные	13	135	0	OpenSubtitles	risk-accepted:no-grant	0.01	yes	single-source	OpenSubtitles
потаскухой	13	135	0	OpenSubtitles	risk-accepted:no-grant	0.00	yes	single-source	OpenSubtitles
прибила	13	135	0	OpenSubtitles	risk-accepted:no-grant	0.01	yes	single-source	OpenSubtitles
припрятала	13	135	0	OpenSubtitles	risk-accepted:no-grant	0.00	yes	single-source	OpenSubtitles
трэк	13	135	0	OpenSubtitles	risk-accepted:no-grant	0.24	yes	single-source	OpenSubtitles
безвредный	13	134	0	OpenSubtitles	risk-accepted:no-grant	0.00	yes	single-source	OpenSubtitles
ливров	13	134	0	OpenSubtitles	risk-accepted:no-grant	0.01	yes	single-source	OpenSubtitles
надгробную	13	134	0	OpenSubtitles	risk-accepted:no-grant	0.00	yes	single-source	OpenSubtitles
эротики	13	134	0	OpenSubtitles	risk-accepted:no-grant	0.03	yes	single-source	OpenSubtitles
выглядить	13	133	0	OpenSubtitles	risk-accepted:no-grant	0.01	yes	single-source	OpenSubtitles
котеночек	13	133	0	OpenSubtitles	risk-accepted:no-grant	0.01	yes	single-source	OpenSubtitles
трахнемся	13	133	0	OpenSubtitles	risk-accepted:no-grant	0.00	yes	single-source	OpenSubtitles
автра	13	132	0	OpenSubtitles	risk-accepted:no-grant	0.00	yes	single-source	OpenSubtitles
медиумов	13	132	0	OpenSubtitles	risk-accepted:no-grant	0.01	yes	single-source	OpenSubtitles
такс	13	132	0	OpenSubtitles	risk-accepted:no-grant	0.47	yes	single-source	OpenSubtitles
топайте	13	132	0	OpenSubtitles	risk-accepted:no-grant	0.01	yes	single-source	OpenSubtitles
тотемы	13	132	0	OpenSubtitles	risk-accepted:no-grant	0.08	yes	single-source	OpenSubtitles
чудиком	13	132	0	OpenSubtitles	risk-accepted:no-grant	0.02	yes	single-source	OpenSubtitles
беремся	13	131	0	OpenSubtitles	risk-accepted:no-grant	0.01	yes	single-source	OpenSubtitles
виноградника	13	131	0	OpenSubtitles	risk-accepted:no-grant	0.05	yes	single-source	OpenSubtitles
нерожденного	13	131	0	OpenSubtitles	risk-accepted:no-grant	0.00	yes	single-source	OpenSubtitles
орально	13	131	0	OpenSubtitles	risk-accepted:no-grant	0.02	yes	single-source	OpenSubtitles
подыграю	13	131	0	OpenSubtitles	risk-accepted:no-grant	0.00	yes	single-source	OpenSubtitles
траулер	13	131	0	OpenSubtitles	risk-accepted:no-grant	0.12	yes	single-source	OpenSubtitles
джоулей	13	130	0	OpenSubtitles	risk-accepted:no-grant	0.09	yes	single-source	OpenSubtitles
занятное	13	130	0	OpenSubtitles	risk-accepted:no-grant	0.00	yes	single-source	OpenSubtitles
осьминогом	13	130	0	OpenSubtitles	risk-accepted:no-grant	0.06	yes	single-source	OpenSubtitles
ресивер	13	130	0	OpenSubtitles	risk-accepted:no-grant	0.16	yes	single-source	OpenSubtitles
убогую	13	130	0	OpenSubtitles	risk-accepted:no-grant	0.01	yes	single-source	OpenSubtitles
утопим	13	130	0	OpenSubtitles	risk-accepted:no-grant	0.00	yes	single-source	OpenSubtitles
фрейлейн	13	130	0	OpenSubtitles	risk-accepted:no-grant	0.02	yes	single-source	OpenSubtitles
фрика	13	130	0	OpenSubtitles	risk-accepted:no-grant	0.36	yes	single-source	OpenSubtitles
бандитской	13	129	0	OpenSubtitles	risk-accepted:no-grant	0.00	yes	single-source	OpenSubtitles
вписываться	13	129	0	OpenSubtitles	risk-accepted:no-grant	0.00	yes	single-source	OpenSubtitles
дозорных	13	129	0	OpenSubtitles	risk-accepted:no-grant	0.23	yes	single-source	OpenSubtitles
макиато	13	129	0	OpenSubtitles	risk-accepted:no-grant	0.01	yes	single-source	OpenSubtitles
перепихона	13	129	0	OpenSubtitles	risk-accepted:no-grant	0.01	yes	single-source	OpenSubtitles
риталин	13	129	0	OpenSubtitles	risk-accepted:no-grant	0.38	yes	single-source	OpenSubtitles
сгинуть	13	129	0	OpenSubtitles	risk-accepted:no-grant	0.00	yes	single-source	OpenSubtitles
страшусь	13	129	0	OpenSubtitles	risk-accepted:no-grant	0.00	yes	single-source	OpenSubtitles
сузил	13	129	0	OpenSubtitles	risk-accepted:no-grant	0.00	yes	single-source	OpenSubtitles
эмоджи	13	129	0	OpenSubtitles	risk-accepted:no-grant	0.06	yes	single-source	OpenSubtitles
головорезами	13	128	0	OpenSubtitles	risk-accepted:no-grant	0.02	yes	single-source	OpenSubtitles
грабануть	13	128	0	OpenSubtitles	risk-accepted:no-grant	0.01	yes	single-source	OpenSubtitles
талмуд	13	128	2	OpenSubtitles+Tatoeba	clean:CC-BY-2.0-FR	0.76	yes	proper-noun-evidence	cap_ratio=0.76>=0.50
ааааа	13	127	0	OpenSubtitles	risk-accepted:no-grant	0.64	yes	proper-noun-evidence	cap_ratio=0.64>=0.50
вожатым	13	127	0	OpenSubtitles	risk-accepted:no-grant	0.00	yes	single-source	OpenSubtitles
качаешься	13	127	0	OpenSubtitles	risk-accepted:no-grant	0.00	yes	single-source	OpenSubtitles
латиноамериканка	13	127	0	OpenSubtitles	risk-accepted:no-grant	0.00	yes	single-source	OpenSubtitles
непротив	13	127	0	OpenSubtitles	risk-accepted:no-grant	0.00	yes	single-source	OpenSubtitles
подключусь	13	127	0	OpenSubtitles	risk-accepted:no-grant	0.01	yes	single-source	OpenSubtitles
режиссировать	13	127	0	OpenSubtitles	risk-accepted:no-grant	0.00	yes	single-source	OpenSubtitles
тугая	13	127	0	OpenSubtitles	risk-accepted:no-grant	0.01	yes	single-source	OpenSubtitles
царапинки	13	127	0	OpenSubtitles	risk-accepted:no-grant	0.00	yes	single-source	OpenSubtitles
чудотворец	13	127	0	OpenSubtitles	risk-accepted:no-grant	0.21	yes	single-source	OpenSubtitles
закусывай	13	126	0	OpenSubtitles	risk-accepted:no-grant	0.00	yes	single-source	OpenSubtitles
иннинга	13	126	0	OpenSubtitles	risk-accepted:no-grant	0.03	yes	single-source	OpenSubtitles
лозу	13	126	0	OpenSubtitles	risk-accepted:no-grant	0.00	yes	single-source	OpenSubtitles
орлу	13	126	1	OpenSubtitles+Tatoeba	clean:CC-BY-2.0-FR	0.54	yes	proper-noun-evidence	cap_ratio=0.54>=0.50
отлета	13	126	0	OpenSubtitles	risk-accepted:no-grant	0.01	yes	single-source	OpenSubtitles
отражатели	13	126	0	OpenSubtitles	risk-accepted:no-grant	0.00	yes	single-source	OpenSubtitles
просидим	13	126	0	OpenSubtitles	risk-accepted:no-grant	0.00	yes	single-source	OpenSubtitles
согнать	13	126	0	OpenSubtitles	risk-accepted:no-grant	0.01	yes	single-source	OpenSubtitles
соперничали	13	126	0	OpenSubtitles	risk-accepted:no-grant	0.00	yes	single-source	OpenSubtitles
стремная	13	126	0	OpenSubtitles	risk-accepted:no-grant	0.01	yes	single-source	OpenSubtitles
уныния	13	126	0	OpenSubtitles	risk-accepted:no-grant	0.01	yes	single-source	OpenSubtitles
вцепится	13	125	0	OpenSubtitles	risk-accepted:no-grant	0.00	yes	single-source	OpenSubtitles
закрывайся	13	125	0	OpenSubtitles	risk-accepted:no-grant	0.00	yes	single-source	OpenSubtitles
лодыри	13	125	0	OpenSubtitles	risk-accepted:no-grant	0.02	yes	single-source	OpenSubtitles
людное	13	125	0	OpenSubtitles	risk-accepted:no-grant	0.00	yes	single-source	OpenSubtitles
подскочит	13	125	0	OpenSubtitles	risk-accepted:no-grant	0.00	yes	single-source	OpenSubtitles
пташку	13	125	0	OpenSubtitles	risk-accepted:no-grant	0.05	yes	single-source	OpenSubtitles
ржет	13	125	0	OpenSubtitles	risk-accepted:no-grant	0.03	yes	single-source	OpenSubtitles
срослись	13	125	0	OpenSubtitles	risk-accepted:no-grant	0.01	yes	single-source	OpenSubtitles
тусуетесь	13	125	0	OpenSubtitles	risk-accepted:no-grant	0.00	yes	single-source	OpenSubtitles
уронит	13	125	0	OpenSubtitles	risk-accepted:no-grant	0.00	yes	single-source	OpenSubtitles
учащенное	13	125	0	OpenSubtitles	risk-accepted:no-grant	0.00	yes	single-source	OpenSubtitles
фотомодель	13	125	0	OpenSubtitles	risk-accepted:no-grant	0.01	yes	single-source	OpenSubtitles
инфлюенсеры	13	124	0	OpenSubtitles	risk-accepted:no-grant	0.05	yes	single-source	OpenSubtitles
мединституте	13	124	0	OpenSubtitles	risk-accepted:no-grant	0.00	yes	single-source	OpenSubtitles
напрягись	13	124	0	OpenSubtitles	risk-accepted:no-grant	0.04	yes	single-source	OpenSubtitles
ограничитель	13	124	0	OpenSubtitles	risk-accepted:no-grant	0.01	yes	single-source	OpenSubtitles
полароид	13	124	0	OpenSubtitles	risk-accepted:no-grant	0.57	yes	proper-noun-evidence	cap_ratio=0.57>=0.50
сапер	13	124	0	OpenSubtitles	risk-accepted:no-grant	0.08	yes	single-source	OpenSubtitles
солнышка	13	124	0	OpenSubtitles	risk-accepted:no-grant	0.24	yes	single-source	OpenSubtitles
телесеть	13	124	0	OpenSubtitles	risk-accepted:no-grant	0.14	yes	single-source	OpenSubtitles
чтоя	13	124	0	OpenSubtitles	risk-accepted:no-grant	0.00	yes	single-source	OpenSubtitles
выключат	13	123	0	OpenSubtitles	risk-accepted:no-grant	0.00	yes	single-source	OpenSubtitles
марионетками	13	123	0	OpenSubtitles	risk-accepted:no-grant	0.02	yes	single-source	OpenSubtitles
наберусь	13	123	0	OpenSubtitles	risk-accepted:no-grant	0.00	yes	single-source	OpenSubtitles
нищенка	13	123	0	OpenSubtitles	risk-accepted:no-grant	0.01	yes	single-source	OpenSubtitles
обвенчаться	13	123	0	OpenSubtitles	risk-accepted:no-grant	0.00	yes	single-source	OpenSubtitles
оне	13	123	0	OpenSubtitles	risk-accepted:no-grant	0.25	yes	single-source	OpenSubtitles
потрахались	13	123	0	OpenSubtitles	risk-accepted:no-grant	0.00	yes	single-source	OpenSubtitles
газетчик	13	122	0	OpenSubtitles	risk-accepted:no-grant	0.10	yes	single-source	OpenSubtitles
кланяйся	13	122	0	OpenSubtitles	risk-accepted:no-grant	0.02	yes	single-source	OpenSubtitles
кроличьей	13	122	0	OpenSubtitles	risk-accepted:no-grant	0.04	yes	single-source	OpenSubtitles
надоумила	13	122	0	OpenSubtitles	risk-accepted:no-grant	0.00	yes	single-source	OpenSubtitles
насмешку	13	122	0	OpenSubtitles	risk-accepted:no-grant	0.00	yes	single-source	OpenSubtitles
прознает	13	122	0	OpenSubtitles	risk-accepted:no-grant	0.00	yes	single-source	OpenSubtitles
слабаками	13	122	0	OpenSubtitles	risk-accepted:no-grant	0.00	yes	single-source	OpenSubtitles
уберетесь	13	122	0	OpenSubtitles	risk-accepted:no-grant	0.00	yes	single-source	OpenSubtitles
антилоп	13	121	0	OpenSubtitles	risk-accepted:no-grant	0.09	yes	single-source	OpenSubtitles
навались	13	121	0	OpenSubtitles	risk-accepted:no-grant	0.00	yes	single-source	OpenSubtitles
неяеис	13	121	0	OpenSubtitles	risk-accepted:no-grant	0.00	yes	single-source	OpenSubtitles
пастушок	13	121	0	OpenSubtitles	risk-accepted:no-grant	0.02	yes	single-source	OpenSubtitles
праведные	13	121	0	OpenSubtitles	risk-accepted:no-grant	0.02	yes	single-source	OpenSubtitles
прибавлю	13	121	0	OpenSubtitles	risk-accepted:no-grant	0.00	yes	single-source	OpenSubtitles
приглушенный	13	121	0	OpenSubtitles	risk-accepted:no-grant	0.04	yes	single-source	OpenSubtitles
разделаемся	13	121	0	OpenSubtitles	risk-accepted:no-grant	0.00	yes	single-source	OpenSubtitles
слухай	13	121	0	OpenSubtitles	risk-accepted:no-grant	0.00	yes	single-source	OpenSubtitles
аниса	13	120	3	OpenSubtitles+Tatoeba	clean:CC-BY-2.0-FR	0.50	yes	proper-noun-evidence	cap_ratio=0.50>=0.50
больничке	13	120	0	OpenSubtitles	risk-accepted:no-grant	0.01	yes	single-source	OpenSubtitles
директрисе	13	120	0	OpenSubtitles	risk-accepted:no-grant	0.02	yes	single-source	OpenSubtitles
дхп	13	120	0	OpenSubtitles	risk-accepted:no-grant	0.02	yes	single-source	OpenSubtitles
куколкой	13	120	0	OpenSubtitles	risk-accepted:no-grant	0.03	yes	single-source	OpenSubtitles
мамба	13	120	1	OpenSubtitles+Tatoeba	clean:CC-BY-2.0-FR	0.56	yes	proper-noun-evidence	cap_ratio=0.56>=0.50
неуклюж	13	120	0	OpenSubtitles	risk-accepted:no-grant	0.01	yes	single-source	OpenSubtitles
обетованная	13	120	0	OpenSubtitles	risk-accepted:no-grant	0.19	yes	single-source	OpenSubtitles
отвернешься	13	120	0	OpenSubtitles	risk-accepted:no-grant	0.00	yes	single-source	OpenSubtitles
отметину	13	120	0	OpenSubtitles	risk-accepted:no-grant	0.00	yes	single-source	OpenSubtitles
повредите	13	120	0	OpenSubtitles	risk-accepted:no-grant	0.00	yes	single-source	OpenSubtitles
пошатнуть	13	120	0	OpenSubtitles	risk-accepted:no-grant	0.00	yes	single-source	OpenSubtitles
притесняют	13	120	0	OpenSubtitles	risk-accepted:no-grant	0.01	yes	single-source	OpenSubtitles
старикана	13	120	0	OpenSubtitles	risk-accepted:no-grant	0.02	yes	single-source	OpenSubtitles
чёртом	13	120	0	OpenSubtitles	risk-accepted:no-grant	0.02	yes	single-source	OpenSubtitles
ейеи	13	119	0	OpenSubtitles	risk-accepted:no-grant	0.00	yes	single-source	OpenSubtitles
маллет	13	119	0	OpenSubtitles	risk-accepted:no-grant	0.46	yes	single-source	OpenSubtitles
мети	13	119	0	OpenSubtitles	risk-accepted:no-grant	0.45	yes	single-source	OpenSubtitles
ниточке	13	119	0	OpenSubtitles	risk-accepted:no-grant	0.00	yes	single-source	OpenSubtitles
перегибаю	13	119	0	OpenSubtitles	risk-accepted:no-grant	0.00	yes	single-source	OpenSubtitles
прибиралась	13	119	0	OpenSubtitles	risk-accepted:no-grant	0.00	yes	single-source	OpenSubtitles
прижало	13	119	0	OpenSubtitles	risk-accepted:no-grant	0.00	yes	single-source	OpenSubtitles
седлай	13	119	0	OpenSubtitles	risk-accepted:no-grant	0.04	yes	single-source	OpenSubtitles
соблазняешь	13	119	0	OpenSubtitles	risk-accepted:no-grant	0.00	yes	single-source	OpenSubtitles
ссут	13	119	0	OpenSubtitles	risk-accepted:no-grant	0.00	yes	single-source	OpenSubtitles
супервайзер	13	119	0	OpenSubtitles	risk-accepted:no-grant	0.07	yes	single-source	OpenSubtitles
усыпила	13	119	0	OpenSubtitles	risk-accepted:no-grant	0.01	yes	single-source	OpenSubtitles
грудинки	13	118	0	OpenSubtitles	risk-accepted:no-grant	0.00	yes	single-source	OpenSubtitles
дуешь	13	118	0	OpenSubtitles	risk-accepted:no-grant	0.00	yes	single-source	OpenSubtitles
легочная	13	118	0	OpenSubtitles	risk-accepted:no-grant	0.00	yes	single-source	OpenSubtitles
опустошены	13	118	0	OpenSubtitles	risk-accepted:no-grant	0.00	yes	single-source	OpenSubtitles
отражатель	13	118	0	OpenSubtitles	risk-accepted:no-grant	0.02	yes	single-source	OpenSubtitles
парящий	13	118	0	OpenSubtitles	risk-accepted:no-grant	0.10	yes	single-source	OpenSubtitles
ранч	13	118	0	OpenSubtitles	risk-accepted:no-grant	0.50	yes	proper-noun-evidence	cap_ratio=0.50>=0.50
силиконовые	13	118	0	OpenSubtitles	risk-accepted:no-grant	0.04	yes	single-source	OpenSubtitles
цыпочками	13	118	0	OpenSubtitles	risk-accepted:no-grant	0.00	yes	single-source	OpenSubtitles
благословлены	13	117	0	OpenSubtitles	risk-accepted:no-grant	0.00	yes	single-source	OpenSubtitles
взламывали	13	117	0	OpenSubtitles	risk-accepted:no-grant	0.00	yes	single-source	OpenSubtitles
выдвинем	13	117	0	OpenSubtitles	risk-accepted:no-grant	0.00	yes	single-source	OpenSubtitles
вышибал	13	117	0	OpenSubtitles	risk-accepted:no-grant	0.11	yes	single-source	OpenSubtitles
налезет	13	117	0	OpenSubtitles	risk-accepted:no-grant	0.00	yes	single-source	OpenSubtitles
напрягаешь	13	117	0	OpenSubtitles	risk-accepted:no-grant	0.00	yes	single-source	OpenSubtitles
необычайное	13	117	0	OpenSubtitles	risk-accepted:no-grant	0.01	yes	single-source	OpenSubtitles
перекосило	13	117	0	OpenSubtitles	risk-accepted:no-grant	0.01	yes	single-source	OpenSubtitles
приглядываешь	13	117	0	OpenSubtitles	risk-accepted:no-grant	0.01	yes	single-source	OpenSubtitles
сисечки	13	117	0	OpenSubtitles	risk-accepted:no-grant	0.04	yes	single-source	OpenSubtitles
ухажера	13	117	0	OpenSubtitles	risk-accepted:no-grant	0.00	yes	single-source	OpenSubtitles
хватаюсь	13	117	0	OpenSubtitles	risk-accepted:no-grant	0.00	yes	single-source	OpenSubtitles
безликий	13	116	0	OpenSubtitles	risk-accepted:no-grant	0.22	yes	single-source	OpenSubtitles
денемся	13	116	0	OpenSubtitles	risk-accepted:no-grant	0.00	yes	single-source	OpenSubtitles
лизни	13	116	0	OpenSubtitles	risk-accepted:no-grant	0.12	yes	single-source	OpenSubtitles
подкол	13	116	0	OpenSubtitles	risk-accepted:no-grant	0.02	yes	single-source	OpenSubtitles
сакуру	13	116	0	OpenSubtitles	risk-accepted:no-grant	0.72	yes	proper-noun-evidence	cap_ratio=0.72>=0.50
слежение	13	116	0	OpenSubtitles	risk-accepted:no-grant	0.02	yes	single-source	OpenSubtitles
совпадёт	13	116	0	OpenSubtitles	risk-accepted:no-grant	0.00	yes	single-source	OpenSubtitles
тааак	13	116	0	OpenSubtitles	risk-accepted:no-grant	0.13	yes	single-source	OpenSubtitles
фиброз	13	116	0	OpenSubtitles	risk-accepted:no-grant	0.01	yes	single-source	OpenSubtitles
шифровку	13	116	0	OpenSubtitles	risk-accepted:no-grant	0.02	yes	single-source	OpenSubtitles
боготворю	13	115	0	OpenSubtitles	risk-accepted:no-grant	0.01	yes	single-source	OpenSubtitles
диетические	13	115	0	OpenSubtitles	risk-accepted:no-grant	0.00	yes	single-source	OpenSubtitles
коронеру	13	115	0	OpenSubtitles	risk-accepted:no-grant	0.02	yes	single-source	OpenSubtitles
мож	13	115	0	OpenSubtitles	risk-accepted:no-grant	0.03	yes	single-source	OpenSubtitles
объявишься	13	115	0	OpenSubtitles	risk-accepted:no-grant	0.00	yes	single-source	OpenSubtitles
покарал	13	115	0	OpenSubtitles	risk-accepted:no-grant	0.00	yes	single-source	OpenSubtitles
покопать	13	115	0	OpenSubtitles	risk-accepted:no-grant	0.00	yes	single-source	OpenSubtitles
раздуло	13	115	0	OpenSubtitles	risk-accepted:no-grant	0.02	yes	single-source	OpenSubtitles
разобьются	13	115	0	OpenSubtitles	risk-accepted:no-grant	0.01	yes	single-source	OpenSubtitles
скорбящей	13	115	0	OpenSubtitles	risk-accepted:no-grant	0.13	yes	single-source	OpenSubtitles
фартуки	13	115	0	OpenSubtitles	risk-accepted:no-grant	0.02	yes	single-source	OpenSubtitles
шарада	13	115	0	OpenSubtitles	risk-accepted:no-grant	0.17	yes	single-source	OpenSubtitles
железяку	13	114	0	OpenSubtitles	risk-accepted:no-grant	0.01	yes	single-source	OpenSubtitles
жжется	13	114	0	OpenSubtitles	risk-accepted:no-grant	0.03	yes	single-source	OpenSubtitles
заика	13	114	0	OpenSubtitles	risk-accepted:no-grant	0.23	yes	single-source	OpenSubtitles
макколли	13	114	0	OpenSubtitles	risk-accepted:no-grant	0.09	yes	single-source	OpenSubtitles
могучее	13	114	0	OpenSubtitles	risk-accepted:no-grant	0.02	yes	single-source	OpenSubtitles
мушкетёров	13	114	0	OpenSubtitles	risk-accepted:no-grant	0.07	yes	single-source	OpenSubtitles
вкусностей	13	113	0	OpenSubtitles	risk-accepted:no-grant	0.00	yes	single-source	OpenSubtitles
вписывался	13	113	0	OpenSubtitles	risk-accepted:no-grant	0.00	yes	single-source	OpenSubtitles
дозвонится	13	113	0	OpenSubtitles	risk-accepted:no-grant	0.00	yes	single-source	OpenSubtitles
неприемлимо	13	113	0	OpenSubtitles	risk-accepted:no-grant	0.00	yes	single-source	OpenSubtitles
обанкротиться	13	113	0	OpenSubtitles	risk-accepted:no-grant	0.00	yes	single-source	OpenSubtitles
отвозили	13	113	0	OpenSubtitles	risk-accepted:no-grant	0.00	yes	single-source	OpenSubtitles
оторвешь	13	113	0	OpenSubtitles	risk-accepted:no-grant	0.00	yes	single-source	OpenSubtitles
писька	13	113	0	OpenSubtitles	risk-accepted:no-grant	0.07	yes	single-source	OpenSubtitles
вобью	13	112	0	OpenSubtitles	risk-accepted:no-grant	0.00	yes	single-source	OpenSubtitles
грудями	13	112	0	OpenSubtitles	risk-accepted:no-grant	0.03	yes	single-source	OpenSubtitles
гуманоид	13	112	0	OpenSubtitles	risk-accepted:no-grant	0.01	yes	single-source	OpenSubtitles
замел	13	112	0	OpenSubtitles	risk-accepted:no-grant	0.00	yes	single-source	OpenSubtitles
искушает	13	112	0	OpenSubtitles	risk-accepted:no-grant	0.00	yes	single-source	OpenSubtitles
мансарде	13	112	0	OpenSubtitles	risk-accepted:no-grant	0.00	yes	single-source	OpenSubtitles
приправу	13	112	0	OpenSubtitles	risk-accepted:no-grant	0.01	yes	single-source	OpenSubtitles
селедки	13	112	0	OpenSubtitles	risk-accepted:no-grant	0.03	yes	single-source	OpenSubtitles
созову	13	112	0	OpenSubtitles	risk-accepted:no-grant	0.00	yes	single-source	OpenSubtitles
бантики	13	111	0	OpenSubtitles	risk-accepted:no-grant	0.01	yes	single-source	OpenSubtitles
боулер	13	111	0	OpenSubtitles	risk-accepted:no-grant	0.31	yes	single-source	OpenSubtitles
громовой	13	111	0	OpenSubtitles	risk-accepted:no-grant	0.70	yes	proper-noun-evidence	cap_ratio=0.70>=0.50
девственников	13	111	0	OpenSubtitles	risk-accepted:no-grant	0.02	yes	single-source	OpenSubtitles
драные	13	111	0	OpenSubtitles	risk-accepted:no-grant	0.04	yes	single-source	OpenSubtitles
заседать	13	111	0	OpenSubtitles	risk-accepted:no-grant	0.00	yes	single-source	OpenSubtitles
зефиром	13	111	0	OpenSubtitles	risk-accepted:no-grant	0.09	yes	single-source	OpenSubtitles
крутыш	13	111	0	OpenSubtitles	risk-accepted:no-grant	0.28	yes	single-source	OpenSubtitles
куму	13	111	0	OpenSubtitles	risk-accepted:no-grant	0.60	yes	proper-noun-evidence	cap_ratio=0.60>=0.50
людским	13	111	0	OpenSubtitles	risk-accepted:no-grant	0.03	yes	single-source	OpenSubtitles
отремонтируем	13	111	0	OpenSubtitles	risk-accepted:no-grant	0.00	yes	single-source	OpenSubtitles
поскакали	13	111	0	OpenSubtitles	risk-accepted:no-grant	0.01	yes	single-source	OpenSubtitles
продырявлю	13	111	0	OpenSubtitles	risk-accepted:no-grant	0.00	yes	single-source	OpenSubtitles
пуэрториканец	13	111	0	OpenSubtitles	risk-accepted:no-grant	0.04	yes	single-source	OpenSubtitles
сумочек	13	111	0	OpenSubtitles	risk-accepted:no-grant	0.00	no	single-source	OpenSubtitles
эдельвейс	13	111	1	OpenSubtitles+Tatoeba	clean:CC-BY-2.0-FR	0.59	no	proper-noun-evidence	cap_ratio=0.59>=0.50
быстрейший	13	110	0	OpenSubtitles	risk-accepted:no-grant	0.03	no	single-source	OpenSubtitles
вляпаешься	13	110	0	OpenSubtitles	risk-accepted:no-grant	0.00	no	single-source	OpenSubtitles
вселять	13	110	0	OpenSubtitles	risk-accepted:no-grant	0.00	no	single-source	OpenSubtitles
заткнешь	13	110	0	OpenSubtitles	risk-accepted:no-grant	0.00	no	single-source	OpenSubtitles
кастрация	13	110	0	OpenSubtitles	risk-accepted:no-grant	0.06	no	single-source	OpenSubtitles
крутышка	13	110	0	OpenSubtitles	risk-accepted:no-grant	0.06	no	single-source	OpenSubtitles
милашек	13	110	0	OpenSubtitles	risk-accepted:no-grant	0.06	no	single-source	OpenSubtitles
ползунки	13	110	0	OpenSubtitles	risk-accepted:no-grant	0.01	no	single-source	OpenSubtitles
причесон	13	110	0	OpenSubtitles	risk-accepted:no-grant	0.08	no	single-source	OpenSubtitles
пробьём	13	110	0	OpenSubtitles	risk-accepted:no-grant	0.00	no	single-source	OpenSubtitles
раскаленной	13	110	0	OpenSubtitles	risk-accepted:no-grant	0.02	no	single-source	OpenSubtitles
евнуха	13	109	0	OpenSubtitles	risk-accepted:no-grant	0.10	no	single-source	OpenSubtitles
когды	13	109	0	OpenSubtitles	risk-accepted:no-grant	0.01	no	single-source	OpenSubtitles
колосс	13	109	3	OpenSubtitles+Tatoeba	clean:CC-BY-2.0-FR	0.59	no	proper-noun-evidence	cap_ratio=0.59>=0.50
лакота	13	109	3	OpenSubtitles+Tatoeba	clean:CC-BY-2.0-FR	0.64	no	proper-noun-evidence	cap_ratio=0.64>=0.50
разогрелся	13	109	0	OpenSubtitles	risk-accepted:no-grant	0.02	no	single-source	OpenSubtitles
созови	13	109	0	OpenSubtitles	risk-accepted:no-grant	0.00	no	single-source	OpenSubtitles
ютьюбе	13	109	1	OpenSubtitles+Tatoeba	clean:CC-BY-2.0-FR	0.71	no	proper-noun-evidence	cap_ratio=0.71>=0.50
перетягивание	13	108	0	OpenSubtitles	risk-accepted:no-grant	0.01	no	single-source	OpenSubtitles
подставляю	13	108	0	OpenSubtitles	risk-accepted:no-grant	0.00	no	single-source	OpenSubtitles
святоши	13	108	0	OpenSubtitles	risk-accepted:no-grant	0.03	no	single-source	OpenSubtitles
тёлочки	13	108	0	OpenSubtitles	risk-accepted:no-grant	0.01	no	single-source	OpenSubtitles
чокнуться	13	108	0	OpenSubtitles	risk-accepted:no-grant	0.01	no	single-source	OpenSubtitles
загнулся	13	107	0	OpenSubtitles	risk-accepted:no-grant	0.01	no	single-source	OpenSubtitles
заступаешься	13	107	0	OpenSubtitles	risk-accepted:no-grant	0.02	no	single-source	OpenSubtitles
недурна	13	107	0	OpenSubtitles	risk-accepted:no-grant	0.00	no	single-source	OpenSubtitles
официантками	13	107	0	OpenSubtitles	risk-accepted:no-grant	0.01	no	single-source	OpenSubtitles
парилке	13	107	0	OpenSubtitles	risk-accepted:no-grant	0.04	no	single-source	OpenSubtitles
песочницу	13	107	0	OpenSubtitles	risk-accepted:no-grant	0.29	no	single-source	OpenSubtitles
разорюсь	13	107	0	OpenSubtitles	risk-accepted:no-grant	0.00	no	single-source	OpenSubtitles
рыболюдей	13	107	0	OpenSubtitles	risk-accepted:no-grant	0.72	no	proper-noun-evidence	cap_ratio=0.72>=0.50
скользящий	13	107	0	OpenSubtitles	risk-accepted:no-grant	0.05	no	single-source	OpenSubtitles
сытный	13	107	0	OpenSubtitles	risk-accepted:no-grant	0.02	no	single-source	OpenSubtitles
теток	13	107	0	OpenSubtitles	risk-accepted:no-grant	0.01	no	single-source	OpenSubtitles
бите	13	106	0	OpenSubtitles	risk-accepted:no-grant	0.09	no	single-source	OpenSubtitles
завивки	13	106	0	OpenSubtitles	risk-accepted:no-grant	0.02	no	single-source	OpenSubtitles
загони	13	106	0	OpenSubtitles	risk-accepted:no-grant	0.02	no	single-source	OpenSubtitles
измеритель	13	106	0	OpenSubtitles	risk-accepted:no-grant	0.05	no	single-source	OpenSubtitles
камзол	13	106	0	OpenSubtitles	risk-accepted:no-grant	0.03	no	single-source	OpenSubtitles
лемура	13	106	0	OpenSubtitles	risk-accepted:no-grant	0.05	no	single-source	OpenSubtitles
мустангов	13	106	0	OpenSubtitles	risk-accepted:no-grant	0.49	no	single-source	OpenSubtitles
ненадежные	13	106	0	OpenSubtitles	risk-accepted:no-grant	0.00	no	single-source	OpenSubtitles
потопит	13	106	0	OpenSubtitles	risk-accepted:no-grant	0.00	no	single-source	OpenSubtitles
приглядишь	13	106	0	OpenSubtitles	risk-accepted:no-grant	0.00	no	single-source	OpenSubtitles
прото	13	106	0	OpenSubtitles	risk-accepted:no-grant	0.60	no	proper-noun-evidence	cap_ratio=0.60>=0.50
разгадаю	13	106	0	OpenSubtitles	risk-accepted:no-grant	0.00	no	single-source	OpenSubtitles
щупал	13	106	0	OpenSubtitles	risk-accepted:no-grant	0.00	no	single-source	OpenSubtitles
забой	13	105	0	OpenSubtitles	risk-accepted:no-grant	0.05	no	single-source	OpenSubtitles
завоюй	13	105	0	OpenSubtitles	risk-accepted:no-grant	0.07	no	single-source	OpenSubtitles
заскок	13	105	0	OpenSubtitles	risk-accepted:no-grant	0.11	no	single-source	OpenSubtitles
кайфануть	13	105	0	OpenSubtitles	risk-accepted:no-grant	0.00	no	single-source	OpenSubtitles
лоботомия	13	105	0	OpenSubtitles	risk-accepted:no-grant	0.01	no	single-source	OpenSubtitles
мажешь	13	105	0	OpenSubtitles	risk-accepted:no-grant	0.00	no	single-source	OpenSubtitles
окоченения	13	105	0	OpenSubtitles	risk-accepted:no-grant	0.00	no	single-source	OpenSubtitles
проболтаюсь	13	105	0	OpenSubtitles	risk-accepted:no-grant	0.00	no	single-source	OpenSubtitles
пустовать	13	105	0	OpenSubtitles	risk-accepted:no-grant	0.00	no	single-source	OpenSubtitles
слиняла	13	105	0	OpenSubtitles	risk-accepted:no-grant	0.03	no	single-source	OpenSubtitles
утренник	13	105	0	OpenSubtitles	risk-accepted:no-grant	0.01	no	single-source	OpenSubtitles
яву	13	105	0	OpenSubtitles	risk-accepted:no-grant	0.43	no	single-source	OpenSubtitles
бюстгальтеры	13	104	0	OpenSubtitles	risk-accepted:no-grant	0.01	no	single-source	OpenSubtitles
есаул	13	104	0	OpenSubtitles	risk-accepted:no-grant	0.16	no	single-source	OpenSubtitles
качалке	13	104	0	OpenSubtitles	risk-accepted:no-grant	0.00	no	single-source	OpenSubtitles
постыдные	13	104	0	OpenSubtitles	risk-accepted:no-grant	0.01	no	single-source	OpenSubtitles
рее	13	104	0	OpenSubtitles	risk-accepted:no-grant	0.27	no	single-source	OpenSubtitles
траста	13	104	0	OpenSubtitles	risk-accepted:no-grant	0.15	no	single-source	OpenSubtitles
трахнем	13	104	0	OpenSubtitles	risk-accepted:no-grant	0.00	no	single-source	OpenSubtitles
вуали	13	103	0	OpenSubtitles	risk-accepted:no-grant	0.04	no	single-source	OpenSubtitles
зажигании	13	103	0	OpenSubtitles	risk-accepted:no-grant	0.00	no	single-source	OpenSubtitles
кузене	13	103	0	OpenSubtitles	risk-accepted:no-grant	0.00	no	single-source	OpenSubtitles
лнпрх	13	103	0	OpenSubtitles	risk-accepted:no-grant	0.00	no	single-source	OpenSubtitles
обшарили	13	103	0	OpenSubtitles	risk-accepted:no-grant	0.00	no	single-source	OpenSubtitles
прогоняешь	13	103	0	OpenSubtitles	risk-accepted:no-grant	0.00	no	single-source	OpenSubtitles
расчувствовалась	13	103	0	OpenSubtitles	risk-accepted:no-grant	0.00	no	single-source	OpenSubtitles
утонченный	12	213	0	OpenSubtitles	risk-accepted:no-grant	0.00	yes	single-source	OpenSubtitles
био	12	197	0	OpenSubtitles	risk-accepted:no-grant	0.42	yes	single-source	OpenSubtitles
ядекюч	12	196	0	OpenSubtitles	risk-accepted:no-grant	0.79	yes	proper-noun-evidence	cap_ratio=0.79>=0.50
возненавижу	12	187	0	OpenSubtitles	risk-accepted:no-grant	0.00	yes	single-source	OpenSubtitles
сентиментальные	12	187	0	OpenSubtitles	risk-accepted:no-grant	0.01	yes	single-source	OpenSubtitles
ношей	12	186	0	OpenSubtitles	risk-accepted:no-grant	0.00	yes	single-source	OpenSubtitles
провонял	12	180	0	OpenSubtitles	risk-accepted:no-grant	0.00	yes	single-source	OpenSubtitles
прозябать	12	180	0	OpenSubtitles	risk-accepted:no-grant	0.00	yes	single-source	OpenSubtitles
скомпрометирован	12	180	0	OpenSubtitles	risk-accepted:no-grant	0.02	yes	single-source	OpenSubtitles
безупречных	12	179	0	OpenSubtitles	risk-accepted:no-grant	0.62	yes	proper-noun-evidence	cap_ratio=0.62>=0.50
приперлись	12	179	0	OpenSubtitles	risk-accepted:no-grant	0.00	yes	single-source	OpenSubtitles
зверушка	12	178	0	OpenSubtitles	risk-accepted:no-grant	0.02	yes	single-source	OpenSubtitles
кафешку	12	177	0	OpenSubtitles	risk-accepted:no-grant	0.00	yes	single-source	OpenSubtitles
швырнули	12	176	0	OpenSubtitles	risk-accepted:no-grant	0.00	yes	single-source	OpenSubtitles
пучит	12	175	0	OpenSubtitles	risk-accepted:no-grant	0.00	yes	single-source	OpenSubtitles
звёздном	12	171	1	OpenSubtitles+Tatoeba	clean:CC-BY-2.0-FR	0.71	yes	proper-noun-evidence	cap_ratio=0.71>=0.50
лазарета	12	171	0	OpenSubtitles	risk-accepted:no-grant	0.01	yes	single-source	OpenSubtitles
фехтовальщик	12	171	0	OpenSubtitles	risk-accepted:no-grant	0.03	yes	single-source	OpenSubtitles
кашемир	12	169	0	OpenSubtitles	risk-accepted:no-grant	0.04	yes	single-source	OpenSubtitles
блинчиками	12	168	0	OpenSubtitles	risk-accepted:no-grant	0.01	yes	single-source	OpenSubtitles
сперме	12	167	0	OpenSubtitles	risk-accepted:no-grant	0.02	yes	single-source	OpenSubtitles
трак	12	167	0	OpenSubtitles	risk-accepted:no-grant	0.55	yes	proper-noun-evidence	cap_ratio=0.55>=0.50
ключица	12	164	0	OpenSubtitles	risk-accepted:no-grant	0.03	yes	single-source	OpenSubtitles
омерзительный	12	164	0	OpenSubtitles	risk-accepted:no-grant	0.01	yes	single-source	OpenSubtitles
самоконтроля	12	164	0	OpenSubtitles	risk-accepted:no-grant	0.01	yes	single-source	OpenSubtitles
чикагский	12	164	1	OpenSubtitles+Tatoeba	clean:CC-BY-2.0-FR	0.55	yes	proper-noun-evidence	cap_ratio=0.55>=0.50
визитеров	12	163	0	OpenSubtitles	risk-accepted:no-grant	0.44	yes	single-source	OpenSubtitles
гиперпространства	12	163	0	OpenSubtitles	risk-accepted:no-grant	0.01	yes	single-source	OpenSubtitles
нуль	12	163	0	OpenSubtitles	risk-accepted:no-grant	0.20	yes	single-source	OpenSubtitles
шефов	12	163	0	OpenSubtitles	risk-accepted:no-grant	0.01	yes	single-source	OpenSubtitles
вынашивала	12	161	0	OpenSubtitles	risk-accepted:no-grant	0.00	yes	single-source	OpenSubtitles
вмятину	12	160	0	OpenSubtitles	risk-accepted:no-grant	0.00	yes	single-source	OpenSubtitles
грезы	12	160	0	OpenSubtitles	risk-accepted:no-grant	0.16	yes	single-source	OpenSubtitles
отмотал	12	159	0	OpenSubtitles	risk-accepted:no-grant	0.00	yes	single-source	OpenSubtitles
тритон	12	157	1	OpenSubtitles+Tatoeba	clean:CC-BY-2.0-FR	0.72	yes	proper-noun-evidence	cap_ratio=0.72>=0.50
односолодовый	12	156	0	OpenSubtitles	risk-accepted:no-grant	0.01	yes	single-source	OpenSubtitles
баночка	12	155	0	OpenSubtitles	risk-accepted:no-grant	0.00	yes	single-source	OpenSubtitles
желудочек	12	155	0	OpenSubtitles	risk-accepted:no-grant	0.00	yes	single-source	OpenSubtitles
поведете	12	155	0	OpenSubtitles	risk-accepted:no-grant	0.00	yes	single-source	OpenSubtitles
терьер	12	155	0	OpenSubtitles	risk-accepted:no-grant	0.12	yes	single-source	OpenSubtitles
евеи	12	154	0	OpenSubtitles	risk-accepted:no-grant	0.00	yes	single-source	OpenSubtitles
прикалывался	12	153	0	OpenSubtitles	risk-accepted:no-grant	0.00	yes	single-source	OpenSubtitles
пробегусь	12	153	0	OpenSubtitles	risk-accepted:no-grant	0.00	yes	single-source	OpenSubtitles
уродливее	12	153	0	OpenSubtitles	risk-accepted:no-grant	0.01	yes	single-source	OpenSubtitles
перекличка	12	152	0	OpenSubtitles	risk-accepted:no-grant	0.05	yes	single-source	OpenSubtitles
хаггис	12	152	1	OpenSubtitles+Tatoeba	clean:CC-BY-2.0-FR	0.55	yes	proper-noun-evidence	cap_ratio=0.55>=0.50
хочеш	12	152	0	OpenSubtitles	risk-accepted:no-grant	0.00	yes	single-source	OpenSubtitles
нахальство	12	151	0	OpenSubtitles	risk-accepted:no-grant	0.00	yes	single-source	OpenSubtitles
тезка	12	151	0	OpenSubtitles	risk-accepted:no-grant	0.02	yes	single-source	OpenSubtitles
убийственные	12	150	0	OpenSubtitles	risk-accepted:no-grant	0.06	yes	single-source	OpenSubtitles
упадём	12	150	0	OpenSubtitles	risk-accepted:no-grant	0.00	yes	single-source	OpenSubtitles
мессией	12	149	2	OpenSubtitles+Tatoeba	clean:CC-BY-2.0-FR	0.50	yes	proper-noun-evidence	cap_ratio=0.50>=0.50
рвалась	12	149	0	OpenSubtitles	risk-accepted:no-grant	0.00	yes	single-source	OpenSubtitles
мухе	12	148	0	OpenSubtitles	risk-accepted:no-grant	0.19	yes	single-source	OpenSubtitles
пэфе	12	148	0	OpenSubtitles	risk-accepted:no-grant	0.01	yes	single-source	OpenSubtitles
оперирую	12	147	0	OpenSubtitles	risk-accepted:no-grant	0.00	yes	single-source	OpenSubtitles
приласкать	12	147	0	OpenSubtitles	risk-accepted:no-grant	0.01	yes	single-source	OpenSubtitles
соцстрахования	12	147	0	OpenSubtitles	risk-accepted:no-grant	0.03	yes	single-source	OpenSubtitles
занудство	12	146	0	OpenSubtitles	risk-accepted:no-grant	0.01	yes	single-source	OpenSubtitles
породниться	12	146	0	OpenSubtitles	risk-accepted:no-grant	0.00	yes	single-source	OpenSubtitles
посвятишь	12	146	0	OpenSubtitles	risk-accepted:no-grant	0.01	yes	single-source	OpenSubtitles
продиктую	12	146	0	OpenSubtitles	risk-accepted:no-grant	0.00	yes	single-source	OpenSubtitles
проклясть	12	146	0	OpenSubtitles	risk-accepted:no-grant	0.00	yes	single-source	OpenSubtitles
святейшества	12	146	0	OpenSubtitles	risk-accepted:no-grant	0.77	yes	proper-noun-evidence	cap_ratio=0.77>=0.50
сексапильная	12	146	0	OpenSubtitles	risk-accepted:no-grant	0.02	yes	single-source	OpenSubtitles
ханжой	12	146	0	OpenSubtitles	risk-accepted:no-grant	0.00	yes	single-source	OpenSubtitles
базука	12	145	0	OpenSubtitles	risk-accepted:no-grant	0.34	yes	single-source	OpenSubtitles
вожделения	12	145	0	OpenSubtitles	risk-accepted:no-grant	0.01	yes	single-source	OpenSubtitles
гондоле	12	145	0	OpenSubtitles	risk-accepted:no-grant	0.02	yes	single-source	OpenSubtitles
наврать	12	145	0	OpenSubtitles	risk-accepted:no-grant	0.00	yes	single-source	OpenSubtitles
покорной	12	145	0	OpenSubtitles	risk-accepted:no-grant	0.00	yes	single-source	OpenSubtitles
утешь	12	145	0	OpenSubtitles	risk-accepted:no-grant	0.01	yes	single-source	OpenSubtitles
хипстеры	12	145	0	OpenSubtitles	risk-accepted:no-grant	0.03	yes	single-source	OpenSubtitles
бунтарей	12	144	0	OpenSubtitles	risk-accepted:no-grant	0.18	yes	single-source	OpenSubtitles
имбирное	12	144	0	OpenSubtitles	risk-accepted:no-grant	0.00	yes	single-source	OpenSubtitles
киношку	12	144	0	OpenSubtitles	risk-accepted:no-grant	0.01	yes	single-source	OpenSubtitles
приревновала	12	144	0	OpenSubtitles	risk-accepted:no-grant	0.00	yes	single-source	OpenSubtitles
хекы	12	144	0	OpenSubtitles	risk-accepted:no-grant	0.00	yes	single-source	OpenSubtitles
карабинеры	12	143	0	OpenSubtitles	risk-accepted:no-grant	0.02	yes	single-source	OpenSubtitles
киберлюдей	12	143	0	OpenSubtitles	risk-accepted:no-grant	0.19	yes	single-source	OpenSubtitles
мобильнике	12	143	0	OpenSubtitles	risk-accepted:no-grant	0.00	yes	single-source	OpenSubtitles
мымра	12	143	0	OpenSubtitles	risk-accepted:no-grant	0.05	yes	single-source	OpenSubtitles
пересечём	12	143	0	OpenSubtitles	risk-accepted:no-grant	0.00	yes	single-source	OpenSubtitles
райского	12	143	0	OpenSubtitles	risk-accepted:no-grant	0.37	yes	single-source	OpenSubtitles
рентгеном	12	143	0	OpenSubtitles	risk-accepted:no-grant	0.00	yes	single-source	OpenSubtitles
хмрепеямн	12	143	0	OpenSubtitles	risk-accepted:no-grant	0.79	yes	proper-noun-evidence	cap_ratio=0.79>=0.50
вестями	12	142	0	OpenSubtitles	risk-accepted:no-grant	0.00	yes	single-source	OpenSubtitles
горбатого	12	142	0	OpenSubtitles	risk-accepted:no-grant	0.09	yes	single-source	OpenSubtitles
порвется	12	142	0	OpenSubtitles	risk-accepted:no-grant	0.01	yes	single-source	OpenSubtitles
разлетятся	12	142	0	OpenSubtitles	risk-accepted:no-grant	0.01	yes	single-source	OpenSubtitles
сендвичи	12	142	0	OpenSubtitles	risk-accepted:no-grant	0.02	yes	single-source	OpenSubtitles
сраку	12	142	0	OpenSubtitles	risk-accepted:no-grant	0.01	yes	single-source	OpenSubtitles
братвы	12	141	0	OpenSubtitles	risk-accepted:no-grant	0.46	yes	single-source	OpenSubtitles
мобиле	12	141	0	OpenSubtitles	risk-accepted:no-grant	0.59	yes	proper-noun-evidence	cap_ratio=0.59>=0.50
надзирателю	12	141	0	OpenSubtitles	risk-accepted:no-grant	0.02	yes	single-source	OpenSubtitles
шалавы	12	141	0	OpenSubtitles	risk-accepted:no-grant	0.03	yes	single-source	OpenSubtitles
вливание	12	140	0	OpenSubtitles	risk-accepted:no-grant	0.01	yes	single-source	OpenSubtitles
нормальность	12	140	0	OpenSubtitles	risk-accepted:no-grant	0.04	yes	single-source	OpenSubtitles
первородный	12	140	0	OpenSubtitles	risk-accepted:no-grant	0.18	yes	single-source	OpenSubtitles
ромулан	12	140	0	OpenSubtitles	risk-accepted:no-grant	0.04	yes	single-source	OpenSubtitles
серчай	12	140	0	OpenSubtitles	risk-accepted:no-grant	0.00	yes	single-source	OpenSubtitles
чешешь	12	140	0	OpenSubtitles	risk-accepted:no-grant	0.00	yes	single-source	OpenSubtitles
апплодисменты	12	138	0	OpenSubtitles	risk-accepted:no-grant	0.10	yes	single-source	OpenSubtitles
баллистиков	12	138	0	OpenSubtitles	risk-accepted:no-grant	0.01	yes	single-source	OpenSubtitles
вымогатель	12	138	0	OpenSubtitles	risk-accepted:no-grant	0.01	yes	single-source	OpenSubtitles
завестись	12	138	0	OpenSubtitles	risk-accepted:no-grant	0.01	yes	single-source	OpenSubtitles
импотентом	12	138	0	OpenSubtitles	risk-accepted:no-grant	0.00	yes	single-source	OpenSubtitles
лягушатник	12	138	0	OpenSubtitles	risk-accepted:no-grant	0.18	yes	single-source	OpenSubtitles
пшел	12	138	0	OpenSubtitles	risk-accepted:no-grant	0.08	yes	single-source	OpenSubtitles
тварям	12	138	0	OpenSubtitles	risk-accepted:no-grant	0.02	yes	single-source	OpenSubtitles
генная	12	137	0	OpenSubtitles	risk-accepted:no-grant	0.00	yes	single-source	OpenSubtitles
забеспокоились	12	137	0	OpenSubtitles	risk-accepted:no-grant	0.01	yes	single-source	OpenSubtitles
обождите	12	137	0	OpenSubtitles	risk-accepted:no-grant	0.04	yes	single-source	OpenSubtitles
прийдут	12	137	0	OpenSubtitles	risk-accepted:no-grant	0.00	yes	single-source	OpenSubtitles
сумеречный	12	137	0	OpenSubtitles	risk-accepted:no-grant	0.72	yes	proper-noun-evidence	cap_ratio=0.72>=0.50
застынет	12	136	0	OpenSubtitles	risk-accepted:no-grant	0.01	yes	single-source	OpenSubtitles
пончиком	12	135	0	OpenSubtitles	risk-accepted:no-grant	0.11	yes	single-source	OpenSubtitles
разваливаются	12	134	0	OpenSubtitles	risk-accepted:no-grant	0.00	yes	single-source	OpenSubtitles
рампы	12	134	0	OpenSubtitles	risk-accepted:no-grant	0.01	yes	single-source	OpenSubtitles
трындеть	12	134	0	OpenSubtitles	risk-accepted:no-grant	0.00	yes	single-source	OpenSubtitles
эксцентричным	12	134	0	OpenSubtitles	risk-accepted:no-grant	0.01	yes	single-source	OpenSubtitles
восславим	12	133	0	OpenSubtitles	risk-accepted:no-grant	0.04	yes	single-source	OpenSubtitles
грудины	12	133	0	OpenSubtitles	risk-accepted:no-grant	0.01	yes	single-source	OpenSubtitles
заточкой	12	133	0	OpenSubtitles	risk-accepted:no-grant	0.01	yes	single-source	OpenSubtitles
нани	12	133	0	OpenSubtitles	risk-accepted:no-grant	0.73	yes	proper-noun-evidence	cap_ratio=0.73>=0.50
неполадка	12	133	0	OpenSubtitles	risk-accepted:no-grant	0.00	yes	single-source	OpenSubtitles
отбей	12	133	0	OpenSubtitles	risk-accepted:no-grant	0.03	yes	single-source	OpenSubtitles
подлецов	12	133	0	OpenSubtitles	risk-accepted:no-grant	0.00	yes	single-source	OpenSubtitles
соевые	12	133	0	OpenSubtitles	risk-accepted:no-grant	0.02	yes	single-source	OpenSubtitles
вендетту	12	132	0	OpenSubtitles	risk-accepted:no-grant	0.03	yes	single-source	OpenSubtitles
лаунж	12	132	0	OpenSubtitles	risk-accepted:no-grant	0.79	yes	proper-noun-evidence	cap_ratio=0.79>=0.50
многообещающая	12	132	0	OpenSubtitles	risk-accepted:no-grant	0.01	yes	single-source	OpenSubtitles
пасет	12	132	0	OpenSubtitles	risk-accepted:no-grant	0.00	yes	single-source	OpenSubtitles
сберегу	12	132	0	OpenSubtitles	risk-accepted:no-grant	0.00	yes	single-source	OpenSubtitles
цто	12	132	0	OpenSubtitles	risk-accepted:no-grant	0.02	yes	single-source	OpenSubtitles
заглянут	12	131	0	OpenSubtitles	risk-accepted:no-grant	0.00	yes	single-source	OpenSubtitles
крепком	12	131	0	OpenSubtitles	risk-accepted:no-grant	0.56	yes	proper-noun-evidence	cap_ratio=0.56>=0.50
мэспт	12	131	0	OpenSubtitles	risk-accepted:no-grant	0.00	yes	single-source	OpenSubtitles
непохожа	12	131	0	OpenSubtitles	risk-accepted:no-grant	0.00	yes	single-source	OpenSubtitles
расцвел	12	131	0	OpenSubtitles	risk-accepted:no-grant	0.00	yes	single-source	OpenSubtitles
женишок	12	130	0	OpenSubtitles	risk-accepted:no-grant	0.01	yes	single-source	OpenSubtitles
одарен	12	130	0	OpenSubtitles	risk-accepted:no-grant	0.00	yes	single-source	OpenSubtitles
прочтем	12	130	0	OpenSubtitles	risk-accepted:no-grant	0.03	yes	single-source	OpenSubtitles
умолчала	12	130	0	OpenSubtitles	risk-accepted:no-grant	0.00	yes	single-source	OpenSubtitles
ухаживаний	12	130	0	OpenSubtitles	risk-accepted:no-grant	0.01	yes	single-source	OpenSubtitles
эи	12	130	0	OpenSubtitles	risk-accepted:no-grant	0.33	yes	single-source	OpenSubtitles
бюью	12	129	0	OpenSubtitles	risk-accepted:no-grant	0.76	yes	proper-noun-evidence	cap_ratio=0.76>=0.50
вместилище	12	129	0	OpenSubtitles	risk-accepted:no-grant	0.00	yes	single-source	OpenSubtitles
грелка	12	129	0	OpenSubtitles	risk-accepted:no-grant	0.05	yes	single-source	OpenSubtitles
лачуги	12	129	0	OpenSubtitles	risk-accepted:no-grant	0.04	yes	single-source	OpenSubtitles
разгуливаешь	12	129	0	OpenSubtitles	risk-accepted:no-grant	0.00	yes	single-source	OpenSubtitles
торса	12	129	0	OpenSubtitles	risk-accepted:no-grant	0.23	yes	single-source	OpenSubtitles
черножопый	12	129	0	OpenSubtitles	risk-accepted:no-grant	0.00	yes	single-source	OpenSubtitles
всемогущая	12	128	0	OpenSubtitles	risk-accepted:no-grant	0.15	yes	single-source	OpenSubtitles
жаренный	12	128	0	OpenSubtitles	risk-accepted:no-grant	0.05	yes	single-source	OpenSubtitles
команчи	12	128	0	OpenSubtitles	risk-accepted:no-grant	0.39	yes	single-source	OpenSubtitles
коснешься	12	128	0	OpenSubtitles	risk-accepted:no-grant	0.00	yes	single-source	OpenSubtitles
неуязвимый	12	128	0	OpenSubtitles	risk-accepted:no-grant	0.18	yes	single-source	OpenSubtitles
обжечь	12	128	0	OpenSubtitles	risk-accepted:no-grant	0.00	yes	single-source	OpenSubtitles
прозвал	12	128	0	OpenSubtitles	risk-accepted:no-grant	0.01	yes	single-source	OpenSubtitles
шизанутая	12	128	0	OpenSubtitles	risk-accepted:no-grant	0.02	yes	single-source	OpenSubtitles
брешешь	12	127	0	OpenSubtitles	risk-accepted:no-grant	0.02	yes	single-source	OpenSubtitles
извращенная	12	127	0	OpenSubtitles	risk-accepted:no-grant	0.01	yes	single-source	OpenSubtitles
протрезвеешь	12	127	0	OpenSubtitles	risk-accepted:no-grant	0.00	yes	single-source	OpenSubtitles
размытые	12	127	0	OpenSubtitles	risk-accepted:no-grant	0.03	yes	single-source	OpenSubtitles
раста	12	127	0	OpenSubtitles	risk-accepted:no-grant	0.76	yes	proper-noun-evidence	cap_ratio=0.76>=0.50
бриджи	12	126	0	OpenSubtitles	risk-accepted:no-grant	0.25	yes	single-source	OpenSubtitles
волчьим	12	126	2	OpenSubtitles+Tatoeba	clean:CC-BY-2.0-FR	0.51	yes	proper-noun-evidence	cap_ratio=0.51>=0.50
домогается	12	126	0	OpenSubtitles	risk-accepted:no-grant	0.00	yes	single-source	OpenSubtitles
етого	12	126	0	OpenSubtitles	risk-accepted:no-grant	0.00	yes	single-source	OpenSubtitles
неполноценным	12	126	0	OpenSubtitles	risk-accepted:no-grant	0.01	yes	single-source	OpenSubtitles
прибамбасы	12	126	0	OpenSubtitles	risk-accepted:no-grant	0.01	yes	single-source	OpenSubtitles
разрулил	12	126	0	OpenSubtitles	risk-accepted:no-grant	0.00	yes	single-source	OpenSubtitles
величественная	12	125	0	OpenSubtitles	risk-accepted:no-grant	0.05	yes	single-source	OpenSubtitles
выслеживаем	12	125	0	OpenSubtitles	risk-accepted:no-grant	0.00	yes	single-source	OpenSubtitles
разлучил	12	125	0	OpenSubtitles	risk-accepted:no-grant	0.00	yes	single-source	OpenSubtitles
старья	12	125	0	OpenSubtitles	risk-accepted:no-grant	0.00	yes	single-source	OpenSubtitles
упомянешь	12	125	0	OpenSubtitles	risk-accepted:no-grant	0.00	yes	single-source	OpenSubtitles
усыновим	12	125	0	OpenSubtitles	risk-accepted:no-grant	0.00	yes	single-source	OpenSubtitles
чартер	12	125	0	OpenSubtitles	risk-accepted:no-grant	0.28	yes	single-source	OpenSubtitles
булочкой	12	124	0	OpenSubtitles	risk-accepted:no-grant	0.08	yes	single-source	OpenSubtitles
буржуй	12	124	0	OpenSubtitles	risk-accepted:no-grant	0.01	yes	single-source	OpenSubtitles
дивное	12	124	0	OpenSubtitles	risk-accepted:no-grant	0.00	yes	single-source	OpenSubtitles
протянете	12	124	0	OpenSubtitles	risk-accepted:no-grant	0.00	yes	single-source	OpenSubtitles
выбесить	12	123	0	OpenSubtitles	risk-accepted:no-grant	0.00	yes	single-source	OpenSubtitles
вычислит	12	123	0	OpenSubtitles	risk-accepted:no-grant	0.00	yes	single-source	OpenSubtitles
курева	12	123	0	OpenSubtitles	risk-accepted:no-grant	0.01	yes	single-source	OpenSubtitles
курятника	12	123	0	OpenSubtitles	risk-accepted:no-grant	0.05	yes	single-source	OpenSubtitles
подтекста	12	123	0	OpenSubtitles	risk-accepted:no-grant	0.00	yes	single-source	OpenSubtitles
приправами	12	123	0	OpenSubtitles	risk-accepted:no-grant	0.00	yes	single-source	OpenSubtitles
психованной	12	123	0	OpenSubtitles	risk-accepted:no-grant	0.02	yes	single-source	OpenSubtitles
урки	12	123	0	OpenSubtitles	risk-accepted:no-grant	0.61	yes	proper-noun-evidence	cap_ratio=0.61>=0.50
хлопаешь	12	123	0	OpenSubtitles	risk-accepted:no-grant	0.00	yes	single-source	OpenSubtitles
яде	12	123	0	OpenSubtitles	risk-accepted:no-grant	0.05	yes	single-source	OpenSubtitles
гадкой	12	122	0	OpenSubtitles	risk-accepted:no-grant	0.02	yes	single-source	OpenSubtitles
дельца	12	122	0	OpenSubtitles	risk-accepted:no-grant	0.02	yes	single-source	OpenSubtitles
кардиохирург	12	122	0	OpenSubtitles	risk-accepted:no-grant	0.02	yes	single-source	OpenSubtitles
нашивку	12	122	0	OpenSubtitles	risk-accepted:no-grant	0.00	yes	single-source	OpenSubtitles
нехватает	12	122	0	OpenSubtitles	risk-accepted:no-grant	0.00	yes	single-source	OpenSubtitles
перевяжи	12	122	0	OpenSubtitles	risk-accepted:no-grant	0.02	yes	single-source	OpenSubtitles
пустячок	12	122	0	OpenSubtitles	risk-accepted:no-grant	0.00	yes	single-source	OpenSubtitles
фриком	12	122	0	OpenSubtitles	risk-accepted:no-grant	0.09	yes	single-source	OpenSubtitles
человечнее	12	122	0	OpenSubtitles	risk-accepted:no-grant	0.01	yes	single-source	OpenSubtitles
ёнб	12	122	0	OpenSubtitles	risk-accepted:no-grant	0.00	yes	single-source	OpenSubtitles
бифштексы	12	121	0	OpenSubtitles	risk-accepted:no-grant	0.03	yes	single-source	OpenSubtitles
крысиным	12	121	0	OpenSubtitles	risk-accepted:no-grant	0.03	yes	single-source	OpenSubtitles
масаи	12	121	0	OpenSubtitles	risk-accepted:no-grant	0.49	yes	single-source	OpenSubtitles
отвертки	12	121	0	OpenSubtitles	risk-accepted:no-grant	0.02	yes	single-source	OpenSubtitles
параноики	12	121	0	OpenSubtitles	risk-accepted:no-grant	0.00	yes	single-source	OpenSubtitles
покопались	12	121	0	OpenSubtitles	risk-accepted:no-grant	0.00	yes	single-source	OpenSubtitles
сокрушим	12	121	0	OpenSubtitles	risk-accepted:no-grant	0.02	yes	single-source	OpenSubtitles
бенто	12	120	0	OpenSubtitles	risk-accepted:no-grant	0.05	yes	single-source	OpenSubtitles
возим	12	120	0	OpenSubtitles	risk-accepted:no-grant	0.00	yes	single-source	OpenSubtitles
жиле	12	120	0	OpenSubtitles	risk-accepted:no-grant	0.31	yes	single-source	OpenSubtitles
ничтожен	12	120	0	OpenSubtitles	risk-accepted:no-grant	0.00	yes	single-source	OpenSubtitles
орлиное	12	120	1	OpenSubtitles+Tatoeba	clean:CC-BY-2.0-FR	0.69	yes	proper-noun-evidence	cap_ratio=0.69>=0.50
паду	12	120	0	OpenSubtitles	risk-accepted:no-grant	0.04	yes	single-source	OpenSubtitles
пайку	12	120	0	OpenSubtitles	risk-accepted:no-grant	0.59	yes	proper-noun-evidence	cap_ratio=0.59>=0.50
съезжают	12	120	0	OpenSubtitles	risk-accepted:no-grant	0.00	yes	single-source	OpenSubtitles
бедолаг	12	119	0	OpenSubtitles	risk-accepted:no-grant	0.00	yes	single-source	OpenSubtitles
выпотрошили	12	119	0	OpenSubtitles	risk-accepted:no-grant	0.00	yes	single-source	OpenSubtitles
заклеймили	12	119	0	OpenSubtitles	risk-accepted:no-grant	0.02	yes	single-source	OpenSubtitles
крадется	12	119	0	OpenSubtitles	risk-accepted:no-grant	0.00	yes	single-source	OpenSubtitles
повержена	12	119	0	OpenSubtitles	risk-accepted:no-grant	0.02	yes	single-source	OpenSubtitles
польется	12	119	0	OpenSubtitles	risk-accepted:no-grant	0.01	yes	single-source	OpenSubtitles
признаёшься	12	119	0	OpenSubtitles	risk-accepted:no-grant	0.01	yes	single-source	OpenSubtitles
пропаном	12	119	0	OpenSubtitles	risk-accepted:no-grant	0.00	yes	single-source	OpenSubtitles
сражу	12	119	0	OpenSubtitles	risk-accepted:no-grant	0.00	yes	single-source	OpenSubtitles
наблевал	12	118	0	OpenSubtitles	risk-accepted:no-grant	0.00	yes	single-source	OpenSubtitles
познают	12	118	0	OpenSubtitles	risk-accepted:no-grant	0.00	yes	single-source	OpenSubtitles
придурочный	12	118	0	OpenSubtitles	risk-accepted:no-grant	0.00	yes	single-source	OpenSubtitles
пронзит	12	118	0	OpenSubtitles	risk-accepted:no-grant	0.00	yes	single-source	OpenSubtitles
разденемся	12	118	0	OpenSubtitles	risk-accepted:no-grant	0.00	yes	single-source	OpenSubtitles
уюмесб	12	118	0	OpenSubtitles	risk-accepted:no-grant	0.00	yes	single-source	OpenSubtitles
байках	12	117	0	OpenSubtitles	risk-accepted:no-grant	0.03	yes	single-source	OpenSubtitles
бегающих	12	117	0	OpenSubtitles	risk-accepted:no-grant	0.00	yes	single-source	OpenSubtitles
вломимся	12	117	0	OpenSubtitles	risk-accepted:no-grant	0.00	yes	single-source	OpenSubtitles
грифон	12	117	0	OpenSubtitles	risk-accepted:no-grant	0.63	yes	proper-noun-evidence	cap_ratio=0.63>=0.50
грубил	12	117	0	OpenSubtitles	risk-accepted:no-grant	0.00	yes	single-source	OpenSubtitles
кхал	12	117	0	OpenSubtitles	risk-accepted:no-grant	0.34	yes	single-source	OpenSubtitles
лэйбл	12	117	0	OpenSubtitles	risk-accepted:no-grant	0.04	yes	single-source	OpenSubtitles
опередим	12	117	0	OpenSubtitles	risk-accepted:no-grant	0.01	yes	single-source	OpenSubtitles
опечатать	12	117	0	OpenSubtitles	risk-accepted:no-grant	0.00	yes	single-source	OpenSubtitles
отплатишь	12	117	0	OpenSubtitles	risk-accepted:no-grant	0.00	yes	single-source	OpenSubtitles
сардар	12	117	0	OpenSubtitles	risk-accepted:no-grant	0.76	yes	proper-noun-evidence	cap_ratio=0.76>=0.50
селки	12	117	0	OpenSubtitles	risk-accepted:no-grant	0.14	yes	single-source	OpenSubtitles
утянуть	12	117	0	OpenSubtitles	risk-accepted:no-grant	0.00	yes	single-source	OpenSubtitles
вегетарианские	12	116	0	OpenSubtitles	risk-accepted:no-grant	0.00	yes	single-source	OpenSubtitles
кия	12	116	0	OpenSubtitles	risk-accepted:no-grant	0.56	yes	proper-noun-evidence	cap_ratio=0.56>=0.50
личика	12	116	0	OpenSubtitles	risk-accepted:no-grant	0.01	yes	single-source	OpenSubtitles
объедков	12	116	0	OpenSubtitles	risk-accepted:no-grant	0.02	yes	single-source	OpenSubtitles
осмелитесь	12	116	0	OpenSubtitles	risk-accepted:no-grant	0.00	yes	single-source	OpenSubtitles
павшего	12	116	0	OpenSubtitles	risk-accepted:no-grant	0.02	yes	single-source	OpenSubtitles
свелось	12	116	0	OpenSubtitles	risk-accepted:no-grant	0.00	yes	single-source	OpenSubtitles
топиться	12	116	0	OpenSubtitles	risk-accepted:no-grant	0.00	yes	single-source	OpenSubtitles
украсьте	12	116	0	OpenSubtitles	risk-accepted:no-grant	0.29	yes	single-source	OpenSubtitles
барыг	12	115	0	OpenSubtitles	risk-accepted:no-grant	0.01	yes	single-source	OpenSubtitles
бвана	12	115	0	OpenSubtitles	risk-accepted:no-grant	0.32	yes	single-source	OpenSubtitles
городишки	12	115	0	OpenSubtitles	risk-accepted:no-grant	0.01	yes	single-source	OpenSubtitles
ев	12	115	0	OpenSubtitles	risk-accepted:no-grant	0.78	yes	proper-noun-evidence	cap_ratio=0.78>=0.50
мотрите	12	115	0	OpenSubtitles	risk-accepted:no-grant	0.00	yes	single-source	OpenSubtitles
нянчилась	12	115	0	OpenSubtitles	risk-accepted:no-grant	0.00	yes	single-source	OpenSubtitles
повергнуть	12	115	0	OpenSubtitles	risk-accepted:no-grant	0.00	yes	single-source	OpenSubtitles
подпускают	12	115	0	OpenSubtitles	risk-accepted:no-grant	0.00	yes	single-source	OpenSubtitles
пытающаяся	12	115	0	OpenSubtitles	risk-accepted:no-grant	0.00	yes	single-source	OpenSubtitles
спецотряда	12	115	0	OpenSubtitles	risk-accepted:no-grant	0.31	yes	single-source	OpenSubtitles
шкварки	12	115	0	OpenSubtitles	risk-accepted:no-grant	0.05	yes	single-source	OpenSubtitles
шприцем	12	115	0	OpenSubtitles	risk-accepted:no-grant	0.00	yes	single-source	OpenSubtitles
бластеров	12	114	0	OpenSubtitles	risk-accepted:no-grant	0.00	yes	single-source	OpenSubtitles
буэно	12	114	0	OpenSubtitles	risk-accepted:no-grant	0.42	yes	single-source	OpenSubtitles
лузерами	12	114	0	OpenSubtitles	risk-accepted:no-grant	0.01	yes	single-source	OpenSubtitles
мясцо	12	114	0	OpenSubtitles	risk-accepted:no-grant	0.04	yes	single-source	OpenSubtitles
отребьем	12	114	0	OpenSubtitles	risk-accepted:no-grant	0.00	yes	single-source	OpenSubtitles
приставучий	12	114	0	OpenSubtitles	risk-accepted:no-grant	0.00	yes	single-source	OpenSubtitles
притащим	12	114	0	OpenSubtitles	risk-accepted:no-grant	0.00	yes	single-source	OpenSubtitles
пустоголовый	12	114	0	OpenSubtitles	risk-accepted:no-grant	0.03	yes	single-source	OpenSubtitles
радиопередатчик	12	114	0	OpenSubtitles	risk-accepted:no-grant	0.00	yes	single-source	OpenSubtitles
слоганы	12	114	0	OpenSubtitles	risk-accepted:no-grant	0.02	yes	single-source	OpenSubtitles
стайл	12	114	0	OpenSubtitles	risk-accepted:no-grant	0.51	yes	proper-noun-evidence	cap_ratio=0.51>=0.50
таи	12	114	0	OpenSubtitles	risk-accepted:no-grant	0.44	yes	single-source	OpenSubtitles
эгоистичного	12	114	0	OpenSubtitles	risk-accepted:no-grant	0.04	yes	single-source	OpenSubtitles
бандюга	12	113	0	OpenSubtitles	risk-accepted:no-grant	0.01	yes	single-source	OpenSubtitles
вламываются	12	113	0	OpenSubtitles	risk-accepted:no-grant	0.00	yes	single-source	OpenSubtitles
дожны	12	113	0	OpenSubtitles	risk-accepted:no-grant	0.00	yes	single-source	OpenSubtitles
зампрокурора	12	113	0	OpenSubtitles	risk-accepted:no-grant	0.01	yes	single-source	OpenSubtitles
зарою	12	113	0	OpenSubtitles	risk-accepted:no-grant	0.00	yes	single-source	OpenSubtitles
истязать	12	113	0	OpenSubtitles	risk-accepted:no-grant	0.00	yes	single-source	OpenSubtitles
липосакцию	12	113	0	OpenSubtitles	risk-accepted:no-grant	0.00	yes	single-source	OpenSubtitles
мечешься	12	113	0	OpenSubtitles	risk-accepted:no-grant	0.00	yes	single-source	OpenSubtitles
нэй	12	113	0	OpenSubtitles	risk-accepted:no-grant	0.77	yes	proper-noun-evidence	cap_ratio=0.77>=0.50
обручения	12	113	0	OpenSubtitles	risk-accepted:no-grant	0.01	yes	single-source	OpenSubtitles
перерывчик	12	113	0	OpenSubtitles	risk-accepted:no-grant	0.00	yes	single-source	OpenSubtitles
пищеводе	12	113	0	OpenSubtitles	risk-accepted:no-grant	0.02	yes	single-source	OpenSubtitles
фантазирую	12	113	0	OpenSubtitles	risk-accepted:no-grant	0.00	yes	single-source	OpenSubtitles
яичным	12	113	0	OpenSubtitles	risk-accepted:no-grant	0.00	yes	single-source	OpenSubtitles
ансаб	12	112	0	OpenSubtitles	risk-accepted:no-grant	0.00	yes	single-source	OpenSubtitles
вепрь	12	112	1	OpenSubtitles+Tatoeba	clean:CC-BY-2.0-FR	0.50	yes	proper-noun-evidence	cap_ratio=0.50>=0.50
вколи	12	112	0	OpenSubtitles	risk-accepted:no-grant	0.00	yes	single-source	OpenSubtitles
тосо	12	112	0	OpenSubtitles	risk-accepted:no-grant	0.02	yes	single-source	OpenSubtitles
чирлидерша	12	112	0	OpenSubtitles	risk-accepted:no-grant	0.03	yes	single-source	OpenSubtitles
шмара	12	112	0	OpenSubtitles	risk-accepted:no-grant	0.13	yes	single-source	OpenSubtitles
щелкнуло	12	112	0	OpenSubtitles	risk-accepted:no-grant	0.00	yes	single-source	OpenSubtitles
бели	12	111	0	OpenSubtitles	risk-accepted:no-grant	0.20	yes	single-source	OpenSubtitles
докопались	12	111	0	OpenSubtitles	risk-accepted:no-grant	0.01	yes	single-source	OpenSubtitles
заделали	12	111	0	OpenSubtitles	risk-accepted:no-grant	0.00	yes	single-source	OpenSubtitles
закодирован	12	111	0	OpenSubtitles	risk-accepted:no-grant	0.01	yes	single-source	OpenSubtitles
заскочишь	12	111	0	OpenSubtitles	risk-accepted:no-grant	0.00	yes	single-source	OpenSubtitles
красавчику	12	111	0	OpenSubtitles	risk-accepted:no-grant	0.21	yes	single-source	OpenSubtitles
навалился	12	111	0	OpenSubtitles	risk-accepted:no-grant	0.01	yes	single-source	OpenSubtitles
опустимся	12	111	0	OpenSubtitles	risk-accepted:no-grant	0.01	yes	single-source	OpenSubtitles
противнее	12	111	0	OpenSubtitles	risk-accepted:no-grant	0.00	yes	single-source	OpenSubtitles
смирительной	12	111	0	OpenSubtitles	risk-accepted:no-grant	0.01	no	single-source	OpenSubtitles
суперская	12	111	0	OpenSubtitles	risk-accepted:no-grant	0.00	no	single-source	OpenSubtitles
телесети	12	111	0	OpenSubtitles	risk-accepted:no-grant	0.02	no	single-source	OpenSubtitles
топорик	12	111	0	OpenSubtitles	risk-accepted:no-grant	0.23	no	single-source	OpenSubtitles
тухлой	12	111	0	OpenSubtitles	risk-accepted:no-grant	0.00	no	single-source	OpenSubtitles
абнормалов	12	110	0	OpenSubtitles	risk-accepted:no-grant	0.00	no	single-source	OpenSubtitles
здесы	12	110	0	OpenSubtitles	risk-accepted:no-grant	0.00	no	single-source	OpenSubtitles
нежданный	12	110	0	OpenSubtitles	risk-accepted:no-grant	0.03	no	single-source	OpenSubtitles
подохнем	12	110	0	OpenSubtitles	risk-accepted:no-grant	0.01	no	single-source	OpenSubtitles
смахиваешь	12	110	0	OpenSubtitles	risk-accepted:no-grant	0.00	no	single-source	OpenSubtitles
утенка	12	110	0	OpenSubtitles	risk-accepted:no-grant	0.09	no	single-source	OpenSubtitles
бабенка	12	109	0	OpenSubtitles	risk-accepted:no-grant	0.02	no	single-source	OpenSubtitles
босяк	12	109	0	OpenSubtitles	risk-accepted:no-grant	0.01	no	single-source	OpenSubtitles
вфсм	12	109	0	OpenSubtitles	risk-accepted:no-grant	0.00	no	single-source	OpenSubtitles
выедет	12	109	0	OpenSubtitles	risk-accepted:no-grant	0.00	no	single-source	OpenSubtitles
довесок	12	109	0	OpenSubtitles	risk-accepted:no-grant	0.00	no	single-source	OpenSubtitles
краснокожих	12	109	0	OpenSubtitles	risk-accepted:no-grant	0.16	no	single-source	OpenSubtitles
поведется	12	109	0	OpenSubtitles	risk-accepted:no-grant	0.00	no	single-source	OpenSubtitles
подставную	12	109	0	OpenSubtitles	risk-accepted:no-grant	0.00	no	single-source	OpenSubtitles
сострадании	12	109	0	OpenSubtitles	risk-accepted:no-grant	0.01	no	single-source	OpenSubtitles
вкалывала	12	108	0	OpenSubtitles	risk-accepted:no-grant	0.00	no	single-source	OpenSubtitles
вываливается	12	108	0	OpenSubtitles	risk-accepted:no-grant	0.00	no	single-source	OpenSubtitles
геях	12	108	0	OpenSubtitles	risk-accepted:no-grant	0.01	no	single-source	OpenSubtitles
игристое	12	108	0	OpenSubtitles	risk-accepted:no-grant	0.01	no	single-source	OpenSubtitles
кблэфесб	12	108	0	OpenSubtitles	risk-accepted:no-grant	0.00	no	single-source	OpenSubtitles
освети	12	108	0	OpenSubtitles	risk-accepted:no-grant	0.09	no	single-source	OpenSubtitles
подсознательном	12	108	0	OpenSubtitles	risk-accepted:no-grant	0.01	no	single-source	OpenSubtitles
поцарапай	12	108	0	OpenSubtitles	risk-accepted:no-grant	0.01	no	single-source	OpenSubtitles
угрожающее	12	108	0	OpenSubtitles	risk-accepted:no-grant	0.00	no	single-source	OpenSubtitles
волкодав	12	107	0	OpenSubtitles	risk-accepted:no-grant	0.63	no	proper-noun-evidence	cap_ratio=0.63>=0.50
вынюхивал	12	107	0	OpenSubtitles	risk-accepted:no-grant	0.00	no	single-source	OpenSubtitles
заковали	12	107	0	OpenSubtitles	risk-accepted:no-grant	0.01	no	single-source	OpenSubtitles
здеоь	12	107	0	OpenSubtitles	risk-accepted:no-grant	0.01	no	single-source	OpenSubtitles
онемело	12	107	0	OpenSubtitles	risk-accepted:no-grant	0.00	no	single-source	OpenSubtitles
осм	12	107	0	OpenSubtitles	risk-accepted:no-grant	0.06	no	single-source	OpenSubtitles
отлупить	12	107	0	OpenSubtitles	risk-accepted:no-grant	0.00	no	single-source	OpenSubtitles
потушу	12	107	0	OpenSubtitles	risk-accepted:no-grant	0.00	no	single-source	OpenSubtitles
сокамерников	12	107	0	OpenSubtitles	risk-accepted:no-grant	0.00	no	single-source	OpenSubtitles
убогом	12	107	0	OpenSubtitles	risk-accepted:no-grant	0.00	no	single-source	OpenSubtitles
ягодицах	12	107	0	OpenSubtitles	risk-accepted:no-grant	0.00	no	single-source	OpenSubtitles
бейглы	12	106	0	OpenSubtitles	risk-accepted:no-grant	0.02	no	single-source	OpenSubtitles
вахтенный	12	106	0	OpenSubtitles	risk-accepted:no-grant	0.07	no	single-source	OpenSubtitles
вышибалу	12	106	0	OpenSubtitles	risk-accepted:no-grant	0.03	no	single-source	OpenSubtitles
засекреченный	12	106	0	OpenSubtitles	risk-accepted:no-grant	0.00	no	single-source	OpenSubtitles
мете	12	106	0	OpenSubtitles	risk-accepted:no-grant	0.36	no	single-source	OpenSubtitles
ненадежен	12	106	0	OpenSubtitles	risk-accepted:no-grant	0.00	no	single-source	OpenSubtitles
помета	12	106	0	OpenSubtitles	risk-accepted:no-grant	0.00	no	single-source	OpenSubtitles
попозировать	12	106	0	OpenSubtitles	risk-accepted:no-grant	0.00	no	single-source	OpenSubtitles
раздроблена	12	106	0	OpenSubtitles	risk-accepted:no-grant	0.01	no	single-source	OpenSubtitles
разруливать	12	106	0	OpenSubtitles	risk-accepted:no-grant	0.00	no	single-source	OpenSubtitles
усыпит	12	106	0	OpenSubtitles	risk-accepted:no-grant	0.00	no	single-source	OpenSubtitles
возми	12	105	0	OpenSubtitles	risk-accepted:no-grant	0.03	no	single-source	OpenSubtitles
гранж	12	105	0	OpenSubtitles	risk-accepted:no-grant	0.41	no	single-source	OpenSubtitles
изуродовано	12	105	0	OpenSubtitles	risk-accepted:no-grant	0.00	no	single-source	OpenSubtitles
кроличьи	12	105	0	OpenSubtitles	risk-accepted:no-grant	0.05	no	single-source	OpenSubtitles
лифчиков	12	105	0	OpenSubtitles	risk-accepted:no-grant	0.02	no	single-source	OpenSubtitles
озорница	12	105	0	OpenSubtitles	risk-accepted:no-grant	0.37	no	single-source	OpenSubtitles
оккультизм	12	105	0	OpenSubtitles	risk-accepted:no-grant	0.07	no	single-source	OpenSubtitles
онмърмн	12	105	0	OpenSubtitles	risk-accepted:no-grant	0.76	no	proper-noun-evidence	cap_ratio=0.76>=0.50
поднажмите	12	105	0	OpenSubtitles	risk-accepted:no-grant	0.00	no	single-source	OpenSubtitles
прервется	12	105	0	OpenSubtitles	risk-accepted:no-grant	0.00	no	single-source	OpenSubtitles
прооперируют	12	105	0	OpenSubtitles	risk-accepted:no-grant	0.00	no	single-source	OpenSubtitles
рйуфеэщ	12	105	0	OpenSubtitles	risk-accepted:no-grant	0.00	no	single-source	OpenSubtitles
снизойдет	12	105	0	OpenSubtitles	risk-accepted:no-grant	0.00	no	single-source	OpenSubtitles
таблоидов	12	105	0	OpenSubtitles	risk-accepted:no-grant	0.02	no	single-source	OpenSubtitles
тачками	12	105	0	OpenSubtitles	risk-accepted:no-grant	0.01	no	single-source	OpenSubtitles
усердствовать	12	105	0	OpenSubtitles	risk-accepted:no-grant	0.00	no	single-source	OpenSubtitles
бьыть	12	104	0	OpenSubtitles	risk-accepted:no-grant	0.00	no	single-source	OpenSubtitles
вешь	12	104	0	OpenSubtitles	risk-accepted:no-grant	0.00	no	single-source	OpenSubtitles
вырублюсь	12	104	0	OpenSubtitles	risk-accepted:no-grant	0.00	no	single-source	OpenSubtitles
евин	12	104	0	OpenSubtitles	risk-accepted:no-grant	0.01	no	single-source	OpenSubtitles
зажигалок	12	104	0	OpenSubtitles	risk-accepted:no-grant	0.02	no	single-source	OpenSubtitles
звездолёта	12	104	0	OpenSubtitles	risk-accepted:no-grant	0.05	no	single-source	OpenSubtitles
искусен	12	104	0	OpenSubtitles	risk-accepted:no-grant	0.00	no	single-source	OpenSubtitles
лохушка	12	104	0	OpenSubtitles	risk-accepted:no-grant	0.04	no	single-source	OpenSubtitles
настучали	12	104	0	OpenSubtitles	risk-accepted:no-grant	0.00	no	single-source	OpenSubtitles
никчемную	12	104	0	OpenSubtitles	risk-accepted:no-grant	0.00	no	single-source	OpenSubtitles
рыдай	12	104	0	OpenSubtitles	risk-accepted:no-grant	0.01	no	single-source	OpenSubtitles
спецгруппа	12	104	0	OpenSubtitles	risk-accepted:no-grant	0.00	no	single-source	OpenSubtitles
стучатся	12	104	0	OpenSubtitles	risk-accepted:no-grant	0.00	no	single-source	OpenSubtitles
угаре	12	104	0	OpenSubtitles	risk-accepted:no-grant	0.01	no	single-source	OpenSubtitles
анкэьни	12	103	0	OpenSubtitles	risk-accepted:no-grant	0.78	no	proper-noun-evidence	cap_ratio=0.78>=0.50
вазектомию	12	103	0	OpenSubtitles	risk-accepted:no-grant	0.01	no	single-source	OpenSubtitles
внемлите	12	103	0	OpenSubtitles	risk-accepted:no-grant	0.08	no	single-source	OpenSubtitles
долетела	12	103	0	OpenSubtitles	risk-accepted:no-grant	0.00	no	single-source	OpenSubtitles
клоунаду	12	103	0	OpenSubtitles	risk-accepted:no-grant	0.00	no	single-source	OpenSubtitles
распечатали	12	103	0	OpenSubtitles	risk-accepted:no-grant	0.00	no	single-source	OpenSubtitles
распухло	12	103	0	OpenSubtitles	risk-accepted:no-grant	0.00	no	single-source	OpenSubtitles
словечка	11	195	0	OpenSubtitles	risk-accepted:no-grant	0.01	yes	single-source	OpenSubtitles
пинт	11	190	0	OpenSubtitles	risk-accepted:no-grant	0.01	yes	single-source	OpenSubtitles
сгоняем	11	190	0	OpenSubtitles	risk-accepted:no-grant	0.00	yes	single-source	OpenSubtitles
наложницей	11	188	0	OpenSubtitles	risk-accepted:no-grant	0.02	yes	single-source	OpenSubtitles
обслужи	11	188	0	OpenSubtitles	risk-accepted:no-grant	0.01	yes	single-source	OpenSubtitles
ора	11	183	1	OpenSubtitles+Tatoeba	clean:CC-BY-2.0-FR	0.56	yes	proper-noun-evidence	cap_ratio=0.56>=0.50
глотаешь	11	181	0	OpenSubtitles	risk-accepted:no-grant	0.01	yes	single-source	OpenSubtitles
приставлен	11	181	0	OpenSubtitles	risk-accepted:no-grant	0.01	yes	single-source	OpenSubtitles
извиняйте	11	180	0	OpenSubtitles	risk-accepted:no-grant	0.01	yes	single-source	OpenSubtitles
слуховые	11	174	0	OpenSubtitles	risk-accepted:no-grant	0.00	yes	single-source	OpenSubtitles
вертиго	11	172	0	OpenSubtitles	risk-accepted:no-grant	0.75	yes	proper-noun-evidence	cap_ratio=0.75>=0.50
спариваться	11	169	0	OpenSubtitles	risk-accepted:no-grant	0.01	yes	single-source	OpenSubtitles
игрушечных	11	168	0	OpenSubtitles	risk-accepted:no-grant	0.00	yes	single-source	OpenSubtitles
дурачился	11	166	0	OpenSubtitles	risk-accepted:no-grant	0.01	yes	single-source	OpenSubtitles
страшилище	11	166	0	OpenSubtitles	risk-accepted:no-grant	0.10	yes	single-source	OpenSubtitles
нахальная	11	164	0	OpenSubtitles	risk-accepted:no-grant	0.02	yes	single-source	OpenSubtitles
поклонитесь	11	163	0	OpenSubtitles	risk-accepted:no-grant	0.01	yes	single-source	OpenSubtitles
сосчитаю	11	163	0	OpenSubtitles	risk-accepted:no-grant	0.00	yes	single-source	OpenSubtitles
армада	11	162	0	OpenSubtitles	risk-accepted:no-grant	0.21	yes	single-source	OpenSubtitles
дохера	11	162	0	OpenSubtitles	risk-accepted:no-grant	0.00	yes	single-source	OpenSubtitles
мюдечяэ	11	162	0	OpenSubtitles	risk-accepted:no-grant	0.75	yes	proper-noun-evidence	cap_ratio=0.75>=0.50
облаве	11	161	0	OpenSubtitles	risk-accepted:no-grant	0.04	yes	single-source	OpenSubtitles
шмаль	11	161	0	OpenSubtitles	risk-accepted:no-grant	0.01	yes	single-source	OpenSubtitles
слетаю	11	157	0	OpenSubtitles	risk-accepted:no-grant	0.00	yes	single-source	OpenSubtitles
ахает	11	155	0	OpenSubtitles	risk-accepted:no-grant	0.01	yes	single-source	OpenSubtitles
вяленое	11	155	0	OpenSubtitles	risk-accepted:no-grant	0.02	yes	single-source	OpenSubtitles
долбоеб	11	155	0	OpenSubtitles	risk-accepted:no-grant	0.03	yes	single-source	OpenSubtitles
закрутила	11	153	0	OpenSubtitles	risk-accepted:no-grant	0.01	yes	single-source	OpenSubtitles
клею	11	153	0	OpenSubtitles	risk-accepted:no-grant	0.18	yes	single-source	OpenSubtitles
оттащил	11	153	0	OpenSubtitles	risk-accepted:no-grant	0.00	yes	single-source	OpenSubtitles
партнершей	11	153	0	OpenSubtitles	risk-accepted:no-grant	0.01	yes	single-source	OpenSubtitles
разорвем	11	153	0	OpenSubtitles	risk-accepted:no-grant	0.00	yes	single-source	OpenSubtitles
скомпрометированы	11	153	0	OpenSubtitles	risk-accepted:no-grant	0.00	yes	single-source	OpenSubtitles
уфйт	11	153	0	OpenSubtitles	risk-accepted:no-grant	0.00	yes	single-source	OpenSubtitles
обновим	11	152	0	OpenSubtitles	risk-accepted:no-grant	0.00	yes	single-source	OpenSubtitles
первоклассной	11	152	0	OpenSubtitles	risk-accepted:no-grant	0.01	yes	single-source	OpenSubtitles
восхитительных	11	151	0	OpenSubtitles	risk-accepted:no-grant	0.01	yes	single-source	OpenSubtitles
акушерки	11	150	0	OpenSubtitles	risk-accepted:no-grant	0.00	yes	single-source	OpenSubtitles
обелить	11	150	0	OpenSubtitles	risk-accepted:no-grant	0.00	yes	single-source	OpenSubtitles
оторвусь	11	150	0	OpenSubtitles	risk-accepted:no-grant	0.01	yes	single-source	OpenSubtitles
превосходительству	11	150	0	OpenSubtitles	risk-accepted:no-grant	0.47	yes	single-source	OpenSubtitles
угонял	11	150	0	OpenSubtitles	risk-accepted:no-grant	0.00	yes	single-source	OpenSubtitles
забьешь	11	148	0	OpenSubtitles	risk-accepted:no-grant	0.00	yes	single-source	OpenSubtitles
пузико	11	148	0	OpenSubtitles	risk-accepted:no-grant	0.01	yes	single-source	OpenSubtitles
ужасающим	11	148	0	OpenSubtitles	risk-accepted:no-grant	0.00	yes	single-source	OpenSubtitles
ягодицами	11	148	0	OpenSubtitles	risk-accepted:no-grant	0.01	yes	single-source	OpenSubtitles
галлюцинациями	11	146	0	OpenSubtitles	risk-accepted:no-grant	0.00	yes	single-source	OpenSubtitles
каки	11	146	0	OpenSubtitles	risk-accepted:no-grant	0.13	yes	single-source	OpenSubtitles
подгоните	11	146	0	OpenSubtitles	risk-accepted:no-grant	0.01	yes	single-source	OpenSubtitles
напряга	11	145	0	OpenSubtitles	risk-accepted:no-grant	0.02	yes	single-source	OpenSubtitles
сигнатура	11	145	0	OpenSubtitles	risk-accepted:no-grant	0.02	yes	single-source	OpenSubtitles
тещей	11	145	0	OpenSubtitles	risk-accepted:no-grant	0.01	yes	single-source	OpenSubtitles
уважить	11	145	0	OpenSubtitles	risk-accepted:no-grant	0.00	yes	single-source	OpenSubtitles
гулянку	11	144	0	OpenSubtitles	risk-accepted:no-grant	0.01	yes	single-source	OpenSubtitles
оргий	11	144	0	OpenSubtitles	risk-accepted:no-grant	0.02	yes	single-source	OpenSubtitles
пустышкой	11	144	0	OpenSubtitles	risk-accepted:no-grant	0.02	yes	single-source	OpenSubtitles
втяни	11	143	0	OpenSubtitles	risk-accepted:no-grant	0.11	yes	single-source	OpenSubtitles
клякса	11	143	0	OpenSubtitles	risk-accepted:no-grant	0.51	yes	proper-noun-evidence	cap_ratio=0.51>=0.50
онялнрпхре	11	143	0	OpenSubtitles	risk-accepted:no-grant	0.51	yes	proper-noun-evidence	cap_ratio=0.51>=0.50
порадую	11	143	0	OpenSubtitles	risk-accepted:no-grant	0.00	yes	single-source	OpenSubtitles
бутс	11	142	0	OpenSubtitles	risk-accepted:no-grant	0.73	yes	proper-noun-evidence	cap_ratio=0.73>=0.50
взорвешь	11	142	0	OpenSubtitles	risk-accepted:no-grant	0.00	yes	single-source	OpenSubtitles
детонатора	11	142	0	OpenSubtitles	risk-accepted:no-grant	0.04	yes	single-source	OpenSubtitles
завалялась	11	142	0	OpenSubtitles	risk-accepted:no-grant	0.01	yes	single-source	OpenSubtitles
угнетенных	11	142	0	OpenSubtitles	risk-accepted:no-grant	0.01	yes	single-source	OpenSubtitles
выключит	11	141	0	OpenSubtitles	risk-accepted:no-grant	0.01	yes	single-source	OpenSubtitles
гонимся	11	141	0	OpenSubtitles	risk-accepted:no-grant	0.00	yes	single-source	OpenSubtitles
ния	11	141	0	OpenSubtitles	risk-accepted:no-grant	0.61	yes	proper-noun-evidence	cap_ratio=0.61>=0.50
буки	11	140	0	OpenSubtitles	risk-accepted:no-grant	0.63	yes	proper-noun-evidence	cap_ratio=0.63>=0.50
вайфай	11	140	0	OpenSubtitles	risk-accepted:no-grant	0.05	yes	single-source	OpenSubtitles
геройский	11	140	0	OpenSubtitles	risk-accepted:no-grant	0.01	yes	single-source	OpenSubtitles
копе	11	140	0	OpenSubtitles	risk-accepted:no-grant	0.29	yes	single-source	OpenSubtitles
окуни	11	140	0	OpenSubtitles	risk-accepted:no-grant	0.21	yes	single-source	OpenSubtitles
плеск	11	140	0	OpenSubtitles	risk-accepted:no-grant	0.04	yes	single-source	OpenSubtitles
прийдёт	11	140	0	OpenSubtitles	risk-accepted:no-grant	0.00	yes	single-source	OpenSubtitles
ступишь	11	140	0	OpenSubtitles	risk-accepted:no-grant	0.00	yes	single-source	OpenSubtitles
включайся	11	139	0	OpenSubtitles	risk-accepted:no-grant	0.06	yes	single-source	OpenSubtitles
медчасть	11	139	0	OpenSubtitles	risk-accepted:no-grant	0.09	yes	single-source	OpenSubtitles
мамкой	11	138	0	OpenSubtitles	risk-accepted:no-grant	0.03	yes	single-source	OpenSubtitles
медотсеке	11	138	0	OpenSubtitles	risk-accepted:no-grant	0.02	yes	single-source	OpenSubtitles
накидки	11	138	0	OpenSubtitles	risk-accepted:no-grant	0.01	yes	single-source	OpenSubtitles
тупому	11	138	0	OpenSubtitles	risk-accepted:no-grant	0.01	yes	single-source	OpenSubtitles
лепрекона	11	137	0	OpenSubtitles	risk-accepted:no-grant	0.09	yes	single-source	OpenSubtitles
маячка	11	137	0	OpenSubtitles	risk-accepted:no-grant	0.11	yes	single-source	OpenSubtitles
ночлежка	11	137	0	OpenSubtitles	risk-accepted:no-grant	0.02	yes	single-source	OpenSubtitles
причуд	11	137	0	OpenSubtitles	risk-accepted:no-grant	0.03	yes	single-source	OpenSubtitles
хто	11	137	0	OpenSubtitles	risk-accepted:no-grant	0.07	yes	single-source	OpenSubtitles
возбуждаешь	11	136	0	OpenSubtitles	risk-accepted:no-grant	0.02	yes	single-source	OpenSubtitles
высунуть	11	136	0	OpenSubtitles	risk-accepted:no-grant	0.00	yes	single-source	OpenSubtitles
дергаешься	11	136	0	OpenSubtitles	risk-accepted:no-grant	0.00	yes	single-source	OpenSubtitles
заслужишь	11	136	0	OpenSubtitles	risk-accepted:no-grant	0.00	yes	single-source	OpenSubtitles
клочка	11	136	0	OpenSubtitles	risk-accepted:no-grant	0.01	yes	single-source	OpenSubtitles
вознести	11	135	0	OpenSubtitles	risk-accepted:no-grant	0.00	yes	single-source	OpenSubtitles
вселяется	11	135	0	OpenSubtitles	risk-accepted:no-grant	0.00	yes	single-source	OpenSubtitles
инсайдерской	11	135	0	OpenSubtitles	risk-accepted:no-grant	0.01	yes	single-source	OpenSubtitles
криминалистике	11	135	0	OpenSubtitles	risk-accepted:no-grant	0.00	yes	single-source	OpenSubtitles
притаился	11	135	0	OpenSubtitles	risk-accepted:no-grant	0.01	yes	single-source	OpenSubtitles
декюер	11	134	0	OpenSubtitles	risk-accepted:no-grant	0.58	yes	proper-noun-evidence	cap_ratio=0.58>=0.50
загубила	11	134	0	OpenSubtitles	risk-accepted:no-grant	0.00	yes	single-source	OpenSubtitles
канистр	11	134	0	OpenSubtitles	risk-accepted:no-grant	0.01	yes	single-source	OpenSubtitles
поговрить	11	134	0	OpenSubtitles	risk-accepted:no-grant	0.00	yes	single-source	OpenSubtitles
вантуз	11	133	0	OpenSubtitles	risk-accepted:no-grant	0.02	yes	single-source	OpenSubtitles
дула	11	133	0	OpenSubtitles	risk-accepted:no-grant	0.07	yes	single-source	OpenSubtitles
инфанта	11	133	0	OpenSubtitles	risk-accepted:no-grant	0.30	yes	single-source	OpenSubtitles
радиологию	11	133	0	OpenSubtitles	risk-accepted:no-grant	0.02	yes	single-source	OpenSubtitles
слабачка	11	133	0	OpenSubtitles	risk-accepted:no-grant	0.02	yes	single-source	OpenSubtitles
сотрешь	11	133	0	OpenSubtitles	risk-accepted:no-grant	0.01	yes	single-source	OpenSubtitles
батата	11	132	0	OpenSubtitles	risk-accepted:no-grant	0.02	yes	single-source	OpenSubtitles
изнасилует	11	132	0	OpenSubtitles	risk-accepted:no-grant	0.02	yes	single-source	OpenSubtitles
приватной	11	132	0	OpenSubtitles	risk-accepted:no-grant	0.01	yes	single-source	OpenSubtitles
уб	11	132	0	OpenSubtitles	risk-accepted:no-grant	0.25	yes	single-source	OpenSubtitles
шлите	11	132	0	OpenSubtitles	risk-accepted:no-grant	0.02	yes	single-source	OpenSubtitles
выкладываюсь	11	131	0	OpenSubtitles	risk-accepted:no-grant	0.00	yes	single-source	OpenSubtitles
легавого	11	131	0	OpenSubtitles	risk-accepted:no-grant	0.01	yes	single-source	OpenSubtitles
стрёмная	11	131	0	OpenSubtitles	risk-accepted:no-grant	0.03	yes	single-source	OpenSubtitles
геройства	11	130	0	OpenSubtitles	risk-accepted:no-grant	0.00	yes	single-source	OpenSubtitles
цэ	11	130	0	OpenSubtitles	risk-accepted:no-grant	0.73	yes	proper-noun-evidence	cap_ratio=0.73>=0.50
атта	11	129	0	OpenSubtitles	risk-accepted:no-grant	0.53	yes	proper-noun-evidence	cap_ratio=0.53>=0.50
договариваюсь	11	129	0	OpenSubtitles	risk-accepted:no-grant	0.00	yes	single-source	OpenSubtitles
подпространственный	11	129	0	OpenSubtitles	risk-accepted:no-grant	0.00	yes	single-source	OpenSubtitles
райончик	11	129	0	OpenSubtitles	risk-accepted:no-grant	0.01	yes	single-source	OpenSubtitles
тянемся	11	129	0	OpenSubtitles	risk-accepted:no-grant	0.01	yes	single-source	OpenSubtitles
хипстеров	11	129	0	OpenSubtitles	risk-accepted:no-grant	0.02	yes	single-source	OpenSubtitles
дедуле	11	128	0	OpenSubtitles	risk-accepted:no-grant	0.04	yes	single-source	OpenSubtitles
диазепам	11	128	0	OpenSubtitles	risk-accepted:no-grant	0.17	yes	single-source	OpenSubtitles
конченые	11	128	0	OpenSubtitles	risk-accepted:no-grant	0.02	yes	single-source	OpenSubtitles
медовым	11	128	0	OpenSubtitles	risk-accepted:no-grant	0.02	yes	single-source	OpenSubtitles
обжиматься	11	128	0	OpenSubtitles	risk-accepted:no-grant	0.00	yes	single-source	OpenSubtitles
онялнрпхл	11	128	0	OpenSubtitles	risk-accepted:no-grant	0.69	yes	proper-noun-evidence	cap_ratio=0.69>=0.50
отсижу	11	128	0	OpenSubtitles	risk-accepted:no-grant	0.00	yes	single-source	OpenSubtitles
перепих	11	128	0	OpenSubtitles	risk-accepted:no-grant	0.03	yes	single-source	OpenSubtitles
посвятит	11	128	0	OpenSubtitles	risk-accepted:no-grant	0.00	yes	single-source	OpenSubtitles
сандали	11	128	0	OpenSubtitles	risk-accepted:no-grant	0.07	yes	single-source	OpenSubtitles
сдвинемся	11	128	0	OpenSubtitles	risk-accepted:no-grant	0.00	yes	single-source	OpenSubtitles
уверовал	11	128	0	OpenSubtitles	risk-accepted:no-grant	0.00	yes	single-source	OpenSubtitles
отравой	11	127	0	OpenSubtitles	risk-accepted:no-grant	0.02	yes	single-source	OpenSubtitles
потискать	11	127	0	OpenSubtitles	risk-accepted:no-grant	0.00	yes	single-source	OpenSubtitles
пятнистый	11	127	0	OpenSubtitles	risk-accepted:no-grant	0.26	yes	single-source	OpenSubtitles
скотобойни	11	127	0	OpenSubtitles	risk-accepted:no-grant	0.03	yes	single-source	OpenSubtitles
чипотле	11	127	0	OpenSubtitles	risk-accepted:no-grant	0.61	yes	proper-noun-evidence	cap_ratio=0.61>=0.50
грохнула	11	126	0	OpenSubtitles	risk-accepted:no-grant	0.00	yes	single-source	OpenSubtitles
затолкаю	11	126	0	OpenSubtitles	risk-accepted:no-grant	0.01	yes	single-source	OpenSubtitles
облажаетесь	11	126	0	OpenSubtitles	risk-accepted:no-grant	0.00	yes	single-source	OpenSubtitles
огнетушители	11	126	0	OpenSubtitles	risk-accepted:no-grant	0.01	yes	single-source	OpenSubtitles
подпускала	11	126	0	OpenSubtitles	risk-accepted:no-grant	0.00	yes	single-source	OpenSubtitles
поохотимся	11	126	0	OpenSubtitles	risk-accepted:no-grant	0.00	yes	single-source	OpenSubtitles
размозжу	11	126	0	OpenSubtitles	risk-accepted:no-grant	0.00	yes	single-source	OpenSubtitles
рестлинга	11	126	0	OpenSubtitles	risk-accepted:no-grant	0.12	yes	single-source	OpenSubtitles
капитанский	11	125	0	OpenSubtitles	risk-accepted:no-grant	0.13	yes	single-source	OpenSubtitles
копченая	11	125	0	OpenSubtitles	risk-accepted:no-grant	0.03	yes	single-source	OpenSubtitles
ненавидя	11	125	0	OpenSubtitles	risk-accepted:no-grant	0.00	yes	single-source	OpenSubtitles
поджарился	11	125	0	OpenSubtitles	risk-accepted:no-grant	0.01	yes	single-source	OpenSubtitles
слоник	11	125	0	OpenSubtitles	risk-accepted:no-grant	0.18	yes	single-source	OpenSubtitles
хамишь	11	125	0	OpenSubtitles	risk-accepted:no-grant	0.01	yes	single-source	OpenSubtitles
впишу	11	124	0	OpenSubtitles	risk-accepted:no-grant	0.00	yes	single-source	OpenSubtitles
гидравлика	11	124	0	OpenSubtitles	risk-accepted:no-grant	0.00	yes	single-source	OpenSubtitles
кайфовать	11	124	0	OpenSubtitles	risk-accepted:no-grant	0.00	yes	single-source	OpenSubtitles
поспрашивала	11	124	0	OpenSubtitles	risk-accepted:no-grant	0.00	yes	single-source	OpenSubtitles
пятизвездочный	11	124	0	OpenSubtitles	risk-accepted:no-grant	0.01	yes	single-source	OpenSubtitles
сверхсекретный	11	124	0	OpenSubtitles	risk-accepted:no-grant	0.01	yes	single-source	OpenSubtitles
систолическое	11	124	0	OpenSubtitles	risk-accepted:no-grant	0.00	yes	single-source	OpenSubtitles
таскаешься	11	124	0	OpenSubtitles	risk-accepted:no-grant	0.00	yes	single-source	OpenSubtitles
трусливых	11	124	0	OpenSubtitles	risk-accepted:no-grant	0.02	yes	single-source	OpenSubtitles
уберёте	11	124	0	OpenSubtitles	risk-accepted:no-grant	0.00	yes	single-source	OpenSubtitles
идиотском	11	123	0	OpenSubtitles	risk-accepted:no-grant	0.00	yes	single-source	OpenSubtitles
кондора	11	123	0	OpenSubtitles	risk-accepted:no-grant	0.47	yes	single-source	OpenSubtitles
ломо	11	123	0	OpenSubtitles	risk-accepted:no-grant	0.05	yes	single-source	OpenSubtitles
мотается	11	123	0	OpenSubtitles	risk-accepted:no-grant	0.00	yes	single-source	OpenSubtitles
нюхом	11	123	0	OpenSubtitles	risk-accepted:no-grant	0.00	yes	single-source	OpenSubtitles
симбионта	11	123	0	OpenSubtitles	risk-accepted:no-grant	0.00	yes	single-source	OpenSubtitles
фуу	11	123	0	OpenSubtitles	risk-accepted:no-grant	0.41	yes	single-source	OpenSubtitles
якшаться	11	123	0	OpenSubtitles	risk-accepted:no-grant	0.00	yes	single-source	OpenSubtitles
аъд	11	122	0	OpenSubtitles	risk-accepted:no-grant	0.00	yes	single-source	OpenSubtitles
бабках	11	122	0	OpenSubtitles	risk-accepted:no-grant	0.01	yes	single-source	OpenSubtitles
девчёнка	11	122	0	OpenSubtitles	risk-accepted:no-grant	0.00	yes	single-source	OpenSubtitles
диадему	11	122	0	OpenSubtitles	risk-accepted:no-grant	0.02	yes	single-source	OpenSubtitles
костюмер	11	122	0	OpenSubtitles	risk-accepted:no-grant	0.11	yes	single-source	OpenSubtitles
лхмср	11	122	0	OpenSubtitles	risk-accepted:no-grant	0.80	yes	proper-noun-evidence	cap_ratio=0.80>=0.50
мочевым	11	122	0	OpenSubtitles	risk-accepted:no-grant	0.00	yes	single-source	OpenSubtitles
перехвачен	11	122	0	OpenSubtitles	risk-accepted:no-grant	0.01	yes	single-source	OpenSubtitles
фрейлина	11	122	0	OpenSubtitles	risk-accepted:no-grant	0.02	yes	single-source	OpenSubtitles
катакомб	11	121	0	OpenSubtitles	risk-accepted:no-grant	0.03	yes	single-source	OpenSubtitles
крестин	11	121	0	OpenSubtitles	risk-accepted:no-grant	0.02	yes	single-source	OpenSubtitles
морфином	11	121	0	OpenSubtitles	risk-accepted:no-grant	0.03	yes	single-source	OpenSubtitles
нейронный	11	121	0	OpenSubtitles	risk-accepted:no-grant	0.01	yes	single-source	OpenSubtitles
полистать	11	121	0	OpenSubtitles	risk-accepted:no-grant	0.00	yes	single-source	OpenSubtitles
пощечин	11	121	0	OpenSubtitles	risk-accepted:no-grant	0.00	yes	single-source	OpenSubtitles
проследят	11	121	0	OpenSubtitles	risk-accepted:no-grant	0.00	yes	single-source	OpenSubtitles
самовлюбленная	11	121	0	OpenSubtitles	risk-accepted:no-grant	0.00	yes	single-source	OpenSubtitles
трясите	11	121	0	OpenSubtitles	risk-accepted:no-grant	0.02	yes	single-source	OpenSubtitles
энергона	11	121	0	OpenSubtitles	risk-accepted:no-grant	0.48	yes	single-source	OpenSubtitles
безрассудные	11	120	0	OpenSubtitles	risk-accepted:no-grant	0.01	yes	single-source	OpenSubtitles
выкрала	11	120	0	OpenSubtitles	risk-accepted:no-grant	0.00	yes	single-source	OpenSubtitles
жеребенка	11	120	0	OpenSubtitles	risk-accepted:no-grant	0.01	yes	single-source	OpenSubtitles
кракен	11	120	0	OpenSubtitles	risk-accepted:no-grant	0.60	yes	proper-noun-evidence	cap_ratio=0.60>=0.50
предохранителе	11	120	0	OpenSubtitles	risk-accepted:no-grant	0.01	yes	single-source	OpenSubtitles
техасская	11	120	0	OpenSubtitles	risk-accepted:no-grant	0.41	yes	single-source	OpenSubtitles
чизбургера	11	120	0	OpenSubtitles	risk-accepted:no-grant	0.07	yes	single-source	OpenSubtitles
бульдогов	11	119	0	OpenSubtitles	risk-accepted:no-grant	0.67	yes	proper-noun-evidence	cap_ratio=0.67>=0.50
влэрщ	11	119	0	OpenSubtitles	risk-accepted:no-grant	0.00	yes	single-source	OpenSubtitles
ежегодника	11	119	0	OpenSubtitles	risk-accepted:no-grant	0.00	yes	single-source	OpenSubtitles
повстанец	11	119	0	OpenSubtitles	risk-accepted:no-grant	0.03	yes	single-source	OpenSubtitles
прожарка	11	119	0	OpenSubtitles	risk-accepted:no-grant	0.06	yes	single-source	OpenSubtitles
проницательная	11	119	0	OpenSubtitles	risk-accepted:no-grant	0.00	yes	single-source	OpenSubtitles
анестезиолога	11	118	0	OpenSubtitles	risk-accepted:no-grant	0.00	yes	single-source	OpenSubtitles
блеванул	11	118	0	OpenSubtitles	risk-accepted:no-grant	0.00	yes	single-source	OpenSubtitles
дро	11	118	0	OpenSubtitles	risk-accepted:no-grant	0.60	yes	proper-noun-evidence	cap_ratio=0.60>=0.50
заарканить	11	118	0	OpenSubtitles	risk-accepted:no-grant	0.00	yes	single-source	OpenSubtitles
моногамии	11	118	0	OpenSubtitles	risk-accepted:no-grant	0.03	yes	single-source	OpenSubtitles
пиджачок	11	118	0	OpenSubtitles	risk-accepted:no-grant	0.00	yes	single-source	OpenSubtitles
повкуснее	11	118	0	OpenSubtitles	risk-accepted:no-grant	0.00	yes	single-source	OpenSubtitles
собиратель	11	118	0	OpenSubtitles	risk-accepted:no-grant	0.20	yes	single-source	OpenSubtitles
спущены	11	118	0	OpenSubtitles	risk-accepted:no-grant	0.00	yes	single-source	OpenSubtitles
шлепки	11	118	0	OpenSubtitles	risk-accepted:no-grant	0.02	yes	single-source	OpenSubtitles
выжму	11	117	0	OpenSubtitles	risk-accepted:no-grant	0.01	yes	single-source	OpenSubtitles
лиру	11	117	1	OpenSubtitles+Tatoeba	clean:CC-BY-2.0-FR	0.56	yes	proper-noun-evidence	cap_ratio=0.56>=0.50
разнесём	11	117	0	OpenSubtitles	risk-accepted:no-grant	0.00	yes	single-source	OpenSubtitles
рибай	11	117	0	OpenSubtitles	risk-accepted:no-grant	0.12	yes	single-source	OpenSubtitles
рыбешка	11	117	0	OpenSubtitles	risk-accepted:no-grant	0.01	yes	single-source	OpenSubtitles
сверкающая	11	117	0	OpenSubtitles	risk-accepted:no-grant	0.07	yes	single-source	OpenSubtitles
тугие	11	117	0	OpenSubtitles	risk-accepted:no-grant	0.00	yes	single-source	OpenSubtitles
уплачено	11	117	0	OpenSubtitles	risk-accepted:no-grant	0.01	yes	single-source	OpenSubtitles
цементный	11	117	0	OpenSubtitles	risk-accepted:no-grant	0.01	yes	single-source	OpenSubtitles
шурупы	11	117	0	OpenSubtitles	risk-accepted:no-grant	0.00	yes	single-source	OpenSubtitles
внм	11	116	0	OpenSubtitles	risk-accepted:no-grant	0.01	yes	single-source	OpenSubtitles
кудесник	11	116	0	OpenSubtitles	risk-accepted:no-grant	0.03	yes	single-source	OpenSubtitles
неразберихе	11	116	0	OpenSubtitles	risk-accepted:no-grant	0.02	yes	single-source	OpenSubtitles
отмывают	11	116	0	OpenSubtitles	risk-accepted:no-grant	0.00	yes	single-source	OpenSubtitles
паном	11	116	0	OpenSubtitles	risk-accepted:no-grant	0.27	yes	single-source	OpenSubtitles
похотливых	11	116	0	OpenSubtitles	risk-accepted:no-grant	0.04	yes	single-source	OpenSubtitles
типота	11	116	0	OpenSubtitles	risk-accepted:no-grant	0.00	yes	single-source	OpenSubtitles
успокоим	11	116	0	OpenSubtitles	risk-accepted:no-grant	0.01	yes	single-source	OpenSubtitles
блевануть	11	115	0	OpenSubtitles	risk-accepted:no-grant	0.00	yes	single-source	OpenSubtitles
гниды	11	115	0	OpenSubtitles	risk-accepted:no-grant	0.00	yes	single-source	OpenSubtitles
идиотина	11	115	0	OpenSubtitles	risk-accepted:no-grant	0.00	yes	single-source	OpenSubtitles
кракена	11	115	0	OpenSubtitles	risk-accepted:no-grant	0.67	yes	proper-noun-evidence	cap_ratio=0.67>=0.50
обдумав	11	115	0	OpenSubtitles	risk-accepted:no-grant	0.00	yes	single-source	OpenSubtitles
облапал	11	115	0	OpenSubtitles	risk-accepted:no-grant	0.00	yes	single-source	OpenSubtitles
синдикатом	11	115	0	OpenSubtitles	risk-accepted:no-grant	0.18	yes	single-source	OpenSubtitles
слойки	11	115	0	OpenSubtitles	risk-accepted:no-grant	0.01	yes	single-source	OpenSubtitles
слюнявый	11	115	0	OpenSubtitles	risk-accepted:no-grant	0.18	yes	single-source	OpenSubtitles
фуре	11	115	0	OpenSubtitles	risk-accepted:no-grant	0.00	yes	single-source	OpenSubtitles
химзащиты	11	115	0	OpenSubtitles	risk-accepted:no-grant	0.00	yes	single-source	OpenSubtitles
агаши	11	114	0	OpenSubtitles	risk-accepted:no-grant	0.00	yes	single-source	OpenSubtitles
винтажная	11	114	0	OpenSubtitles	risk-accepted:no-grant	0.02	yes	single-source	OpenSubtitles
клубничные	11	114	0	OpenSubtitles	risk-accepted:no-grant	0.01	yes	single-source	OpenSubtitles
отмотаем	11	114	0	OpenSubtitles	risk-accepted:no-grant	0.01	yes	single-source	OpenSubtitles
привратника	11	114	0	OpenSubtitles	risk-accepted:no-grant	0.10	yes	single-source	OpenSubtitles
рваных	11	114	0	OpenSubtitles	risk-accepted:no-grant	0.00	yes	single-source	OpenSubtitles
толкуете	11	114	0	OpenSubtitles	risk-accepted:no-grant	0.00	yes	single-source	OpenSubtitles
треплешься	11	114	0	OpenSubtitles	risk-accepted:no-grant	0.00	yes	single-source	OpenSubtitles
ушастик	11	114	0	OpenSubtitles	risk-accepted:no-grant	0.75	yes	proper-noun-evidence	cap_ratio=0.75>=0.50
шифровки	11	114	0	OpenSubtitles	risk-accepted:no-grant	0.01	yes	single-source	OpenSubtitles
дойки	11	113	0	OpenSubtitles	risk-accepted:no-grant	0.18	yes	single-source	OpenSubtitles
миллионерша	11	113	0	OpenSubtitles	risk-accepted:no-grant	0.01	yes	single-source	OpenSubtitles
обвалится	11	113	0	OpenSubtitles	risk-accepted:no-grant	0.00	yes	single-source	OpenSubtitles
подступает	11	113	0	OpenSubtitles	risk-accepted:no-grant	0.00	yes	single-source	OpenSubtitles
поплывешь	11	113	0	OpenSubtitles	risk-accepted:no-grant	0.01	yes	single-source	OpenSubtitles
приставания	11	113	0	OpenSubtitles	risk-accepted:no-grant	0.00	yes	single-source	OpenSubtitles
раскраска	11	113	0	OpenSubtitles	risk-accepted:no-grant	0.00	yes	single-source	OpenSubtitles
спецподразделение	11	113	0	OpenSubtitles	risk-accepted:no-grant	0.07	yes	single-source	OpenSubtitles
стащу	11	113	0	OpenSubtitles	risk-accepted:no-grant	0.02	yes	single-source	OpenSubtitles
сшивание	11	113	0	OpenSubtitles	risk-accepted:no-grant	0.00	yes	single-source	OpenSubtitles
телочка	11	113	0	OpenSubtitles	risk-accepted:no-grant	0.00	yes	single-source	OpenSubtitles
упер	11	113	0	OpenSubtitles	risk-accepted:no-grant	0.02	yes	single-source	OpenSubtitles
безнадежных	11	112	0	OpenSubtitles	risk-accepted:no-grant	0.00	yes	single-source	OpenSubtitles
подгонит	11	112	0	OpenSubtitles	risk-accepted:no-grant	0.00	yes	single-source	OpenSubtitles
удостоверится	11	112	0	OpenSubtitles	risk-accepted:no-grant	0.00	yes	single-source	OpenSubtitles
утончённый	11	112	0	OpenSubtitles	risk-accepted:no-grant	0.02	yes	single-source	OpenSubtitles
уфйгмю	11	112	0	OpenSubtitles	risk-accepted:no-grant	0.00	yes	single-source	OpenSubtitles
анабиоза	11	111	0	OpenSubtitles	risk-accepted:no-grant	0.01	yes	single-source	OpenSubtitles
деа	11	111	0	OpenSubtitles	risk-accepted:no-grant	0.51	yes	proper-noun-evidence	cap_ratio=0.51>=0.50
дедок	11	111	0	OpenSubtitles	risk-accepted:no-grant	0.00	yes	single-source	OpenSubtitles
желудь	11	111	0	OpenSubtitles	risk-accepted:no-grant	0.09	yes	single-source	OpenSubtitles
задействуйте	11	111	0	OpenSubtitles	risk-accepted:no-grant	0.03	yes	single-source	OpenSubtitles
запутывает	11	111	0	OpenSubtitles	risk-accepted:no-grant	0.01	yes	single-source	OpenSubtitles
изолируют	11	111	0	OpenSubtitles	risk-accepted:no-grant	0.00	yes	single-source	OpenSubtitles
конспиративная	11	111	0	OpenSubtitles	risk-accepted:no-grant	0.04	yes	single-source	OpenSubtitles
носильщики	11	111	0	OpenSubtitles	risk-accepted:no-grant	0.03	yes	single-source	OpenSubtitles
педалей	11	111	0	OpenSubtitles	risk-accepted:no-grant	0.00	yes	single-source	OpenSubtitles
пекле	11	111	0	OpenSubtitles	risk-accepted:no-grant	0.05	yes	single-source	OpenSubtitles
салуна	11	111	0	OpenSubtitles	risk-accepted:no-grant	0.04	no	single-source	OpenSubtitles
стрелявших	11	111	0	OpenSubtitles	risk-accepted:no-grant	0.00	no	single-source	OpenSubtitles
дальнобойщика	11	110	0	OpenSubtitles	risk-accepted:no-grant	0.02	no	single-source	OpenSubtitles
прорабом	11	110	0	OpenSubtitles	risk-accepted:no-grant	0.00	no	single-source	OpenSubtitles
ренегат	11	110	0	OpenSubtitles	risk-accepted:no-grant	0.51	no	proper-noun-evidence	cap_ratio=0.51>=0.50
шлепни	11	110	0	OpenSubtitles	risk-accepted:no-grant	0.09	no	single-source	OpenSubtitles
богатеньким	11	109	0	OpenSubtitles	risk-accepted:no-grant	0.03	no	single-source	OpenSubtitles
коротать	11	109	0	OpenSubtitles	risk-accepted:no-grant	0.00	no	single-source	OpenSubtitles
креветочный	11	109	0	OpenSubtitles	risk-accepted:no-grant	0.03	no	single-source	OpenSubtitles
макаронник	11	109	0	OpenSubtitles	risk-accepted:no-grant	0.03	no	single-source	OpenSubtitles
окорока	11	109	0	OpenSubtitles	risk-accepted:no-grant	0.00	no	single-source	OpenSubtitles
отвлечём	11	109	0	OpenSubtitles	risk-accepted:no-grant	0.01	no	single-source	OpenSubtitles
перевыборы	11	109	0	OpenSubtitles	risk-accepted:no-grant	0.01	no	single-source	OpenSubtitles
порнушка	11	109	0	OpenSubtitles	risk-accepted:no-grant	0.01	no	single-source	OpenSubtitles
разузнайте	11	109	0	OpenSubtitles	risk-accepted:no-grant	0.00	no	single-source	OpenSubtitles
рбт	11	109	0	OpenSubtitles	risk-accepted:no-grant	0.01	no	single-source	OpenSubtitles
стогу	11	109	0	OpenSubtitles	risk-accepted:no-grant	0.00	no	single-source	OpenSubtitles
трусить	11	109	0	OpenSubtitles	risk-accepted:no-grant	0.00	no	single-source	OpenSubtitles
яксьюи	11	109	0	OpenSubtitles	risk-accepted:no-grant	0.42	no	single-source	OpenSubtitles
ант	11	108	0	OpenSubtitles	risk-accepted:no-grant	0.66	no	proper-noun-evidence	cap_ratio=0.66>=0.50
выгребной	11	108	0	OpenSubtitles	risk-accepted:no-grant	0.01	no	single-source	OpenSubtitles
гриши	11	108	1	OpenSubtitles+Tatoeba	clean:CC-BY-2.0-FR	0.79	no	proper-noun-evidence	cap_ratio=0.79>=0.50
осведомители	11	108	0	OpenSubtitles	risk-accepted:no-grant	0.00	no	single-source	OpenSubtitles
смажь	11	108	0	OpenSubtitles	risk-accepted:no-grant	0.02	no	single-source	OpenSubtitles
таймера	11	108	0	OpenSubtitles	risk-accepted:no-grant	0.04	no	single-source	OpenSubtitles
уборных	11	108	0	OpenSubtitles	risk-accepted:no-grant	0.00	no	single-source	OpenSubtitles
флекс	11	108	0	OpenSubtitles	risk-accepted:no-grant	0.70	no	proper-noun-evidence	cap_ratio=0.70>=0.50
хитростей	11	108	0	OpenSubtitles	risk-accepted:no-grant	0.00	no	single-source	OpenSubtitles
чекист	11	108	0	OpenSubtitles	risk-accepted:no-grant	0.04	no	single-source	OpenSubtitles
шпильку	11	108	0	OpenSubtitles	risk-accepted:no-grant	0.09	no	single-source	OpenSubtitles
вдохновляющей	11	107	0	OpenSubtitles	risk-accepted:no-grant	0.03	no	single-source	OpenSubtitles
искупит	11	107	0	OpenSubtitles	risk-accepted:no-grant	0.01	no	single-source	OpenSubtitles
ковбоями	11	107	0	OpenSubtitles	risk-accepted:no-grant	0.09	no	single-source	OpenSubtitles
нальют	11	107	0	OpenSubtitles	risk-accepted:no-grant	0.00	no	single-source	OpenSubtitles
напялить	11	107	0	OpenSubtitles	risk-accepted:no-grant	0.00	no	single-source	OpenSubtitles
наряжается	11	107	0	OpenSubtitles	risk-accepted:no-grant	0.00	no	single-source	OpenSubtitles
подеремся	11	107	0	OpenSubtitles	risk-accepted:no-grant	0.00	no	single-source	OpenSubtitles
подрезала	11	107	0	OpenSubtitles	risk-accepted:no-grant	0.01	no	single-source	OpenSubtitles
протектора	11	107	0	OpenSubtitles	risk-accepted:no-grant	0.03	no	single-source	OpenSubtitles
психопатами	11	107	0	OpenSubtitles	risk-accepted:no-grant	0.00	no	single-source	OpenSubtitles
резекцию	11	107	0	OpenSubtitles	risk-accepted:no-grant	0.00	no	single-source	OpenSubtitles
сбегутся	11	107	0	OpenSubtitles	risk-accepted:no-grant	0.00	no	single-source	OpenSubtitles
снизошла	11	107	0	OpenSubtitles	risk-accepted:no-grant	0.01	no	single-source	OpenSubtitles
хрустящую	11	107	0	OpenSubtitles	risk-accepted:no-grant	0.02	no	single-source	OpenSubtitles
выдавлю	11	106	0	OpenSubtitles	risk-accepted:no-grant	0.00	no	single-source	OpenSubtitles
драконьи	11	106	0	OpenSubtitles	risk-accepted:no-grant	0.17	no	single-source	OpenSubtitles
душителя	11	106	0	OpenSubtitles	risk-accepted:no-grant	0.45	no	single-source	OpenSubtitles
изнасилованной	11	106	0	OpenSubtitles	risk-accepted:no-grant	0.01	no	single-source	OpenSubtitles
манду	11	106	0	OpenSubtitles	risk-accepted:no-grant	0.15	no	single-source	OpenSubtitles
мокка	11	106	0	OpenSubtitles	risk-accepted:no-grant	0.58	no	proper-noun-evidence	cap_ratio=0.58>=0.50
париках	11	106	0	OpenSubtitles	risk-accepted:no-grant	0.03	no	single-source	OpenSubtitles
парковщика	11	106	0	OpenSubtitles	risk-accepted:no-grant	0.04	no	single-source	OpenSubtitles
переборки	11	106	0	OpenSubtitles	risk-accepted:no-grant	0.01	no	single-source	OpenSubtitles
приволокли	11	106	0	OpenSubtitles	risk-accepted:no-grant	0.00	no	single-source	OpenSubtitles
продастся	11	106	0	OpenSubtitles	risk-accepted:no-grant	0.00	no	single-source	OpenSubtitles
сучары	11	106	0	OpenSubtitles	risk-accepted:no-grant	0.02	no	single-source	OpenSubtitles
удержите	11	106	0	OpenSubtitles	risk-accepted:no-grant	0.00	no	single-source	OpenSubtitles
анонимки	11	105	0	OpenSubtitles	risk-accepted:no-grant	0.00	no	single-source	OpenSubtitles
воображают	11	105	0	OpenSubtitles	risk-accepted:no-grant	0.01	no	single-source	OpenSubtitles
дьяк	11	105	0	OpenSubtitles	risk-accepted:no-grant	0.09	no	single-source	OpenSubtitles
завидная	11	105	0	OpenSubtitles	risk-accepted:no-grant	0.00	no	single-source	OpenSubtitles
коммуняки	11	105	0	OpenSubtitles	risk-accepted:no-grant	0.02	no	single-source	OpenSubtitles
муся	11	105	0	OpenSubtitles	risk-accepted:no-grant	0.79	no	proper-noun-evidence	cap_ratio=0.79>=0.50
мутил	11	105	0	OpenSubtitles	risk-accepted:no-grant	0.01	no	single-source	OpenSubtitles
опаньки	11	105	0	OpenSubtitles	risk-accepted:no-grant	0.17	no	single-source	OpenSubtitles
предприму	11	105	0	OpenSubtitles	risk-accepted:no-grant	0.00	no	single-source	OpenSubtitles
прибежать	11	105	0	OpenSubtitles	risk-accepted:no-grant	0.00	no	single-source	OpenSubtitles
прикрепим	11	105	0	OpenSubtitles	risk-accepted:no-grant	0.00	no	single-source	OpenSubtitles
пустошах	11	105	0	OpenSubtitles	risk-accepted:no-grant	0.35	no	single-source	OpenSubtitles
рсьгмб	11	105	0	OpenSubtitles	risk-accepted:no-grant	0.02	no	single-source	OpenSubtitles
самоконтролем	11	105	0	OpenSubtitles	risk-accepted:no-grant	0.00	no	single-source	OpenSubtitles
сморщенный	11	105	0	OpenSubtitles	risk-accepted:no-grant	0.01	no	single-source	OpenSubtitles
барменшей	11	104	0	OpenSubtitles	risk-accepted:no-grant	0.00	no	single-source	OpenSubtitles
выразите	11	104	0	OpenSubtitles	risk-accepted:no-grant	0.02	no	single-source	OpenSubtitles
изнасилую	11	104	0	OpenSubtitles	risk-accepted:no-grant	0.02	no	single-source	OpenSubtitles
мазал	11	104	0	OpenSubtitles	risk-accepted:no-grant	0.01	no	single-source	OpenSubtitles
наркобизнес	11	104	0	OpenSubtitles	risk-accepted:no-grant	0.00	no	single-source	OpenSubtitles
объелись	11	104	0	OpenSubtitles	risk-accepted:no-grant	0.00	no	single-source	OpenSubtitles
подберемся	11	104	0	OpenSubtitles	risk-accepted:no-grant	0.00	no	single-source	OpenSubtitles
просветишь	11	104	0	OpenSubtitles	risk-accepted:no-grant	0.00	no	single-source	OpenSubtitles
северо	11	104	0	OpenSubtitles	risk-accepted:no-grant	0.66	no	proper-noun-evidence	cap_ratio=0.66>=0.50
засовываю	11	103	0	OpenSubtitles	risk-accepted:no-grant	0.01	no	single-source	OpenSubtitles
крушитель	11	103	0	OpenSubtitles	risk-accepted:no-grant	0.64	no	proper-noun-evidence	cap_ratio=0.64>=0.50
летун	11	103	0	OpenSubtitles	risk-accepted:no-grant	0.10	no	single-source	OpenSubtitles
притона	11	103	0	OpenSubtitles	risk-accepted:no-grant	0.01	no	single-source	OpenSubtitles
прошерстить	11	103	0	OpenSubtitles	risk-accepted:no-grant	0.00	no	single-source	OpenSubtitles
разрежут	11	103	0	OpenSubtitles	risk-accepted:no-grant	0.00	no	single-source	OpenSubtitles
распределитель	11	103	0	OpenSubtitles	risk-accepted:no-grant	0.06	no	single-source	OpenSubtitles
рейхсфюрер	11	103	0	OpenSubtitles	risk-accepted:no-grant	0.06	no	single-source	OpenSubtitles
сахиб	10	177	0	OpenSubtitles	risk-accepted:no-grant	0.26	yes	single-source	OpenSubtitles
смуглый	10	173	0	OpenSubtitles	risk-accepted:no-grant	0.03	yes	single-source	OpenSubtitles
нюхач	10	170	0	OpenSubtitles	risk-accepted:no-grant	0.34	yes	single-source	OpenSubtitles
свернет	10	169	0	OpenSubtitles	risk-accepted:no-grant	0.00	yes	single-source	OpenSubtitles
притащит	10	165	0	OpenSubtitles	risk-accepted:no-grant	0.00	yes	single-source	OpenSubtitles
манто	10	164	0	OpenSubtitles	risk-accepted:no-grant	0.08	yes	single-source	OpenSubtitles
нарыла	10	164	0	OpenSubtitles	risk-accepted:no-grant	0.00	yes	single-source	OpenSubtitles
выходками	10	162	0	OpenSubtitles	risk-accepted:no-grant	0.00	yes	single-source	OpenSubtitles
гришей	10	162	5	OpenSubtitles+Tatoeba	clean:CC-BY-2.0-FR	0.65	yes	proper-noun-evidence	cap_ratio=0.65>=0.50
сломленный	10	162	0	OpenSubtitles	risk-accepted:no-grant	0.11	yes	single-source	OpenSubtitles
гуль	10	161	0	OpenSubtitles	risk-accepted:no-grant	0.52	yes	proper-noun-evidence	cap_ratio=0.52>=0.50
топил	10	160	0	OpenSubtitles	risk-accepted:no-grant	0.01	yes	single-source	OpenSubtitles
злило	10	158	0	OpenSubtitles	risk-accepted:no-grant	0.00	yes	single-source	OpenSubtitles
триместре	10	158	0	OpenSubtitles	risk-accepted:no-grant	0.00	yes	single-source	OpenSubtitles
белью	10	152	2	OpenSubtitles+Tatoeba	clean:CC-BY-2.0-FR	0.52	yes	proper-noun-evidence	cap_ratio=0.52>=0.50
глазницы	10	152	0	OpenSubtitles	risk-accepted:no-grant	0.01	yes	single-source	OpenSubtitles
демонические	10	152	0	OpenSubtitles	risk-accepted:no-grant	0.12	yes	single-source	OpenSubtitles
пластыря	10	152	0	OpenSubtitles	risk-accepted:no-grant	0.02	yes	single-source	OpenSubtitles
сорвем	10	151	0	OpenSubtitles	risk-accepted:no-grant	0.00	yes	single-source	OpenSubtitles
бутылочке	10	150	0	OpenSubtitles	risk-accepted:no-grant	0.02	yes	single-source	OpenSubtitles
панна	10	150	0	OpenSubtitles	risk-accepted:no-grant	0.22	yes	single-source	OpenSubtitles
почуяли	10	150	0	OpenSubtitles	risk-accepted:no-grant	0.00	yes	single-source	OpenSubtitles
свекор	10	149	0	OpenSubtitles	risk-accepted:no-grant	0.02	yes	single-source	OpenSubtitles
балабол	10	148	0	OpenSubtitles	risk-accepted:no-grant	0.17	yes	single-source	OpenSubtitles
питчера	10	144	0	OpenSubtitles	risk-accepted:no-grant	0.00	yes	single-source	OpenSubtitles
стервец	10	144	0	OpenSubtitles	risk-accepted:no-grant	0.01	yes	single-source	OpenSubtitles
завяжем	10	143	0	OpenSubtitles	risk-accepted:no-grant	0.01	yes	single-source	OpenSubtitles
пилигрима	10	143	0	OpenSubtitles	risk-accepted:no-grant	0.65	yes	proper-noun-evidence	cap_ratio=0.65>=0.50
наведет	10	142	0	OpenSubtitles	risk-accepted:no-grant	0.01	yes	single-source	OpenSubtitles
отталкиваю	10	142	0	OpenSubtitles	risk-accepted:no-grant	0.00	yes	single-source	OpenSubtitles
щёлк	10	142	0	OpenSubtitles	risk-accepted:no-grant	0.13	yes	single-source	OpenSubtitles
замерзну	10	141	0	OpenSubtitles	risk-accepted:no-grant	0.00	yes	single-source	OpenSubtitles
ныряю	10	141	0	OpenSubtitles	risk-accepted:no-grant	0.02	yes	single-source	OpenSubtitles
повозкой	10	141	0	OpenSubtitles	risk-accepted:no-grant	0.00	yes	single-source	OpenSubtitles
командер	10	140	0	OpenSubtitles	risk-accepted:no-grant	0.19	yes	single-source	OpenSubtitles
кофты	10	140	0	OpenSubtitles	risk-accepted:no-grant	0.00	yes	single-source	OpenSubtitles
орете	10	140	0	OpenSubtitles	risk-accepted:no-grant	0.00	yes	single-source	OpenSubtitles
сережек	10	140	0	OpenSubtitles	risk-accepted:no-grant	0.02	yes	single-source	OpenSubtitles
приглядывала	10	139	0	OpenSubtitles	risk-accepted:no-grant	0.00	yes	single-source	OpenSubtitles
прикинься	10	139	0	OpenSubtitles	risk-accepted:no-grant	0.00	yes	single-source	OpenSubtitles
друида	10	138	0	OpenSubtitles	risk-accepted:no-grant	0.41	yes	single-source	OpenSubtitles
тейлоны	10	138	0	OpenSubtitles	risk-accepted:no-grant	0.03	yes	single-source	OpenSubtitles
чепчик	10	138	0	OpenSubtitles	risk-accepted:no-grant	0.02	yes	single-source	OpenSubtitles
бобах	10	137	0	OpenSubtitles	risk-accepted:no-grant	0.03	yes	single-source	OpenSubtitles
вовлек	10	137	0	OpenSubtitles	risk-accepted:no-grant	0.00	yes	single-source	OpenSubtitles
вылью	10	137	0	OpenSubtitles	risk-accepted:no-grant	0.00	yes	single-source	OpenSubtitles
лайв	10	137	0	OpenSubtitles	risk-accepted:no-grant	0.76	yes	proper-noun-evidence	cap_ratio=0.76>=0.50
размолвки	10	137	0	OpenSubtitles	risk-accepted:no-grant	0.01	yes	single-source	OpenSubtitles
индюка	10	136	0	OpenSubtitles	risk-accepted:no-grant	0.08	yes	single-source	OpenSubtitles
недоумка	10	136	0	OpenSubtitles	risk-accepted:no-grant	0.01	yes	single-source	OpenSubtitles
драматичная	10	135	0	OpenSubtitles	risk-accepted:no-grant	0.02	yes	single-source	OpenSubtitles
червячок	10	135	0	OpenSubtitles	risk-accepted:no-grant	0.08	yes	single-source	OpenSubtitles
интернатуру	10	134	0	OpenSubtitles	risk-accepted:no-grant	0.00	yes	single-source	OpenSubtitles
краш	10	134	0	OpenSubtitles	risk-accepted:no-grant	0.58	yes	proper-noun-evidence	cap_ratio=0.58>=0.50
отстрелить	10	134	0	OpenSubtitles	risk-accepted:no-grant	0.01	yes	single-source	OpenSubtitles
подтяжка	10	134	0	OpenSubtitles	risk-accepted:no-grant	0.01	yes	single-source	OpenSubtitles
убежденный	10	134	0	OpenSubtitles	risk-accepted:no-grant	0.02	yes	single-source	OpenSubtitles
лейка	10	133	4	OpenSubtitles+Tatoeba	clean:CC-BY-2.0-FR	0.61	yes	proper-noun-evidence	cap_ratio=0.61>=0.50
перетащил	10	133	0	OpenSubtitles	risk-accepted:no-grant	0.00	yes	single-source	OpenSubtitles
табаско	10	133	0	OpenSubtitles	risk-accepted:no-grant	0.51	yes	proper-noun-evidence	cap_ratio=0.51>=0.50
отвлечем	10	132	0	OpenSubtitles	risk-accepted:no-grant	0.01	yes	single-source	OpenSubtitles
наслал	10	131	0	OpenSubtitles	risk-accepted:no-grant	0.00	yes	single-source	OpenSubtitles
убежусь	10	131	0	OpenSubtitles	risk-accepted:no-grant	0.01	yes	single-source	OpenSubtitles
ялнрпхре	10	131	0	OpenSubtitles	risk-accepted:no-grant	0.51	yes	proper-noun-evidence	cap_ratio=0.51>=0.50
выйграл	10	130	0	OpenSubtitles	risk-accepted:no-grant	0.00	yes	single-source	OpenSubtitles
сплетение	10	130	0	OpenSubtitles	risk-accepted:no-grant	0.01	yes	single-source	OpenSubtitles
чумовые	10	130	0	OpenSubtitles	risk-accepted:no-grant	0.20	yes	single-source	OpenSubtitles
ямой	10	130	0	OpenSubtitles	risk-accepted:no-grant	0.12	yes	single-source	OpenSubtitles
амо	10	129	0	OpenSubtitles	risk-accepted:no-grant	0.65	yes	proper-noun-evidence	cap_ratio=0.65>=0.50
бумера	10	129	0	OpenSubtitles	risk-accepted:no-grant	0.61	yes	proper-noun-evidence	cap_ratio=0.61>=0.50
изысканность	10	129	0	OpenSubtitles	risk-accepted:no-grant	0.22	yes	single-source	OpenSubtitles
пожиратели	10	129	0	OpenSubtitles	risk-accepted:no-grant	0.29	yes	single-source	OpenSubtitles
рейху	10	129	0	OpenSubtitles	risk-accepted:no-grant	0.58	yes	proper-noun-evidence	cap_ratio=0.58>=0.50
рулетки	10	129	0	OpenSubtitles	risk-accepted:no-grant	0.05	yes	single-source	OpenSubtitles
татуху	10	129	0	OpenSubtitles	risk-accepted:no-grant	0.00	yes	single-source	OpenSubtitles
батько	10	128	0	OpenSubtitles	risk-accepted:no-grant	0.01	yes	single-source	OpenSubtitles
вампирша	10	128	0	OpenSubtitles	risk-accepted:no-grant	0.02	yes	single-source	OpenSubtitles
засекреченной	10	128	0	OpenSubtitles	risk-accepted:no-grant	0.00	yes	single-source	OpenSubtitles
конунгом	10	128	0	OpenSubtitles	risk-accepted:no-grant	0.01	yes	single-source	OpenSubtitles
натурала	10	128	0	OpenSubtitles	risk-accepted:no-grant	0.05	yes	single-source	OpenSubtitles
перерезанным	10	128	0	OpenSubtitles	risk-accepted:no-grant	0.01	yes	single-source	OpenSubtitles
потянут	10	128	0	OpenSubtitles	risk-accepted:no-grant	0.00	yes	single-source	OpenSubtitles
сознаю	10	128	0	OpenSubtitles	risk-accepted:no-grant	0.00	yes	single-source	OpenSubtitles
абонентский	10	127	0	OpenSubtitles	risk-accepted:no-grant	0.00	yes	single-source	OpenSubtitles
орк	10	127	0	OpenSubtitles	risk-accepted:no-grant	0.30	yes	single-source	OpenSubtitles
оттягивать	10	127	0	OpenSubtitles	risk-accepted:no-grant	0.00	yes	single-source	OpenSubtitles
пайком	10	127	0	OpenSubtitles	risk-accepted:no-grant	0.57	yes	proper-noun-evidence	cap_ratio=0.57>=0.50
свистнуть	10	127	0	OpenSubtitles	risk-accepted:no-grant	0.00	yes	single-source	OpenSubtitles
сдуть	10	127	0	OpenSubtitles	risk-accepted:no-grant	0.01	yes	single-source	OpenSubtitles
сынку	10	127	0	OpenSubtitles	risk-accepted:no-grant	0.02	yes	single-source	OpenSubtitles
навредим	10	126	0	OpenSubtitles	risk-accepted:no-grant	0.00	yes	single-source	OpenSubtitles
обзвонили	10	126	0	OpenSubtitles	risk-accepted:no-grant	0.00	yes	single-source	OpenSubtitles
паучье	10	126	0	OpenSubtitles	risk-accepted:no-grant	0.06	yes	single-source	OpenSubtitles
электросеть	10	126	0	OpenSubtitles	risk-accepted:no-grant	0.00	yes	single-source	OpenSubtitles
какя	10	125	0	OpenSubtitles	risk-accepted:no-grant	0.00	yes	single-source	OpenSubtitles
катетера	10	125	0	OpenSubtitles	risk-accepted:no-grant	0.01	yes	single-source	OpenSubtitles
маринованный	10	125	0	OpenSubtitles	risk-accepted:no-grant	0.04	yes	single-source	OpenSubtitles
нацелиться	10	125	0	OpenSubtitles	risk-accepted:no-grant	0.00	yes	single-source	OpenSubtitles
обосралась	10	125	0	OpenSubtitles	risk-accepted:no-grant	0.00	yes	single-source	OpenSubtitles
повязок	10	125	0	OpenSubtitles	risk-accepted:no-grant	0.08	yes	single-source	OpenSubtitles
слэш	10	125	0	OpenSubtitles	risk-accepted:no-grant	0.37	yes	single-source	OpenSubtitles
убившие	10	125	0	OpenSubtitles	risk-accepted:no-grant	0.01	yes	single-source	OpenSubtitles
заглотил	10	124	0	OpenSubtitles	risk-accepted:no-grant	0.00	yes	single-source	OpenSubtitles
накопала	10	124	0	OpenSubtitles	risk-accepted:no-grant	0.01	yes	single-source	OpenSubtitles
направлюсь	10	124	0	OpenSubtitles	risk-accepted:no-grant	0.00	yes	single-source	OpenSubtitles
орка	10	124	1	OpenSubtitles+Tatoeba	clean:CC-BY-2.0-FR	0.51	yes	proper-noun-evidence	cap_ratio=0.51>=0.50
эгоистичное	10	124	0	OpenSubtitles	risk-accepted:no-grant	0.00	yes	single-source	OpenSubtitles
евеис	10	123	0	OpenSubtitles	risk-accepted:no-grant	0.00	yes	single-source	OpenSubtitles
жилетке	10	123	0	OpenSubtitles	risk-accepted:no-grant	0.01	yes	single-source	OpenSubtitles
кровищи	10	123	0	OpenSubtitles	risk-accepted:no-grant	0.00	yes	single-source	OpenSubtitles
обертки	10	123	0	OpenSubtitles	risk-accepted:no-grant	0.00	yes	single-source	OpenSubtitles
оксикодона	10	123	0	OpenSubtitles	risk-accepted:no-grant	0.14	yes	single-source	OpenSubtitles
переслала	10	123	0	OpenSubtitles	risk-accepted:no-grant	0.00	yes	single-source	OpenSubtitles
профайлер	10	123	0	OpenSubtitles	risk-accepted:no-grant	0.01	yes	single-source	OpenSubtitles
радужном	10	123	0	OpenSubtitles	risk-accepted:no-grant	0.69	yes	proper-noun-evidence	cap_ratio=0.69>=0.50
халявные	10	123	0	OpenSubtitles	risk-accepted:no-grant	0.00	yes	single-source	OpenSubtitles
борзая	10	122	0	OpenSubtitles	risk-accepted:no-grant	0.04	yes	single-source	OpenSubtitles
висяк	10	122	0	OpenSubtitles	risk-accepted:no-grant	0.03	yes	single-source	OpenSubtitles
застукать	10	122	0	OpenSubtitles	risk-accepted:no-grant	0.00	yes	single-source	OpenSubtitles
расчленение	10	122	0	OpenSubtitles	risk-accepted:no-grant	0.03	yes	single-source	OpenSubtitles
удвоит	10	122	0	OpenSubtitles	risk-accepted:no-grant	0.00	yes	single-source	OpenSubtitles
вякнешь	10	121	0	OpenSubtitles	risk-accepted:no-grant	0.00	yes	single-source	OpenSubtitles
гнетет	10	121	0	OpenSubtitles	risk-accepted:no-grant	0.01	yes	single-source	OpenSubtitles
клизмы	10	121	0	OpenSubtitles	risk-accepted:no-grant	0.03	yes	single-source	OpenSubtitles
меде	10	121	0	OpenSubtitles	risk-accepted:no-grant	0.29	yes	single-source	OpenSubtitles
моцарелла	10	121	0	OpenSubtitles	risk-accepted:no-grant	0.07	yes	single-source	OpenSubtitles
отжигает	10	121	0	OpenSubtitles	risk-accepted:no-grant	0.01	yes	single-source	OpenSubtitles
равнение	10	121	0	OpenSubtitles	risk-accepted:no-grant	0.07	yes	single-source	OpenSubtitles
соба	10	121	0	OpenSubtitles	risk-accepted:no-grant	0.28	yes	single-source	OpenSubtitles
таращится	10	121	0	OpenSubtitles	risk-accepted:no-grant	0.00	yes	single-source	OpenSubtitles
утаила	10	121	0	OpenSubtitles	risk-accepted:no-grant	0.00	yes	single-source	OpenSubtitles
ать	10	120	0	OpenSubtitles	risk-accepted:no-grant	0.16	yes	single-source	OpenSubtitles
говноед	10	120	0	OpenSubtitles	risk-accepted:no-grant	0.00	yes	single-source	OpenSubtitles
массаже	10	120	0	OpenSubtitles	risk-accepted:no-grant	0.01	yes	single-source	OpenSubtitles
мединститут	10	120	0	OpenSubtitles	risk-accepted:no-grant	0.02	yes	single-source	OpenSubtitles
опередит	10	120	0	OpenSubtitles	risk-accepted:no-grant	0.00	yes	single-source	OpenSubtitles
отжигать	10	120	0	OpenSubtitles	risk-accepted:no-grant	0.01	yes	single-source	OpenSubtitles
пикнуть	10	120	0	OpenSubtitles	risk-accepted:no-grant	0.00	yes	single-source	OpenSubtitles
притупляет	10	120	0	OpenSubtitles	risk-accepted:no-grant	0.00	yes	single-source	OpenSubtitles
радиомаяк	10	120	0	OpenSubtitles	risk-accepted:no-grant	0.02	yes	single-source	OpenSubtitles
уюм	10	120	0	OpenSubtitles	risk-accepted:no-grant	0.00	yes	single-source	OpenSubtitles
корейца	10	119	0	OpenSubtitles	risk-accepted:no-grant	0.03	yes	single-source	OpenSubtitles
миндалем	10	119	0	OpenSubtitles	risk-accepted:no-grant	0.02	yes	single-source	OpenSubtitles
неотразимый	10	119	0	OpenSubtitles	risk-accepted:no-grant	0.01	yes	single-source	OpenSubtitles
непокорный	10	119	0	OpenSubtitles	risk-accepted:no-grant	0.41	yes	single-source	OpenSubtitles
просканируйте	10	119	0	OpenSubtitles	risk-accepted:no-grant	0.00	yes	single-source	OpenSubtitles
лоразепам	10	118	0	OpenSubtitles	risk-accepted:no-grant	0.29	yes	single-source	OpenSubtitles
холлом	10	118	0	OpenSubtitles	risk-accepted:no-grant	0.67	yes	proper-noun-evidence	cap_ratio=0.67>=0.50
вякнул	10	117	0	OpenSubtitles	risk-accepted:no-grant	0.01	yes	single-source	OpenSubtitles
кровопийца	10	117	0	OpenSubtitles	risk-accepted:no-grant	0.06	yes	single-source	OpenSubtitles
несносная	10	117	0	OpenSubtitles	risk-accepted:no-grant	0.01	yes	single-source	OpenSubtitles
ном	10	117	0	OpenSubtitles	risk-accepted:no-grant	0.56	yes	proper-noun-evidence	cap_ratio=0.56>=0.50
оппу	10	117	0	OpenSubtitles	risk-accepted:no-grant	0.03	yes	single-source	OpenSubtitles
перепихнулись	10	117	0	OpenSubtitles	risk-accepted:no-grant	0.00	yes	single-source	OpenSubtitles
прерий	10	117	0	OpenSubtitles	risk-accepted:no-grant	0.12	yes	single-source	OpenSubtitles
птичками	10	117	0	OpenSubtitles	risk-accepted:no-grant	0.00	yes	single-source	OpenSubtitles
убогого	10	117	0	OpenSubtitles	risk-accepted:no-grant	0.00	yes	single-source	OpenSubtitles
хамит	10	117	0	OpenSubtitles	risk-accepted:no-grant	0.11	yes	single-source	OpenSubtitles
шоры	10	117	0	OpenSubtitles	risk-accepted:no-grant	0.01	yes	single-source	OpenSubtitles
бездействует	10	116	0	OpenSubtitles	risk-accepted:no-grant	0.02	yes	single-source	OpenSubtitles
бродяжничество	10	116	0	OpenSubtitles	risk-accepted:no-grant	0.00	yes	single-source	OpenSubtitles
взламывают	10	116	0	OpenSubtitles	risk-accepted:no-grant	0.00	yes	single-source	OpenSubtitles
врежешь	10	116	0	OpenSubtitles	risk-accepted:no-grant	0.00	yes	single-source	OpenSubtitles
вытягивай	10	116	0	OpenSubtitles	risk-accepted:no-grant	0.00	yes	single-source	OpenSubtitles
камеди	10	116	0	OpenSubtitles	risk-accepted:no-grant	0.61	yes	proper-noun-evidence	cap_ratio=0.61>=0.50
кланяются	10	116	0	OpenSubtitles	risk-accepted:no-grant	0.00	yes	single-source	OpenSubtitles
косишь	10	116	0	OpenSubtitles	risk-accepted:no-grant	0.00	yes	single-source	OpenSubtitles
мени	10	116	0	OpenSubtitles	risk-accepted:no-grant	0.67	yes	proper-noun-evidence	cap_ratio=0.67>=0.50
обламывать	10	116	0	OpenSubtitles	risk-accepted:no-grant	0.00	yes	single-source	OpenSubtitles
отымели	10	116	0	OpenSubtitles	risk-accepted:no-grant	0.00	yes	single-source	OpenSubtitles
печенку	10	116	0	OpenSubtitles	risk-accepted:no-grant	0.00	yes	single-source	OpenSubtitles
расчитываю	10	116	0	OpenSubtitles	risk-accepted:no-grant	0.01	yes	single-source	OpenSubtitles
силикона	10	116	0	OpenSubtitles	risk-accepted:no-grant	0.00	yes	single-source	OpenSubtitles
ворвется	10	115	0	OpenSubtitles	risk-accepted:no-grant	0.01	yes	single-source	OpenSubtitles
звонарь	10	115	0	OpenSubtitles	risk-accepted:no-grant	0.06	yes	single-source	OpenSubtitles
кви	10	115	0	OpenSubtitles	risk-accepted:no-grant	0.78	yes	proper-noun-evidence	cap_ratio=0.78>=0.50
подмешать	10	115	0	OpenSubtitles	risk-accepted:no-grant	0.00	yes	single-source	OpenSubtitles
подставим	10	115	0	OpenSubtitles	risk-accepted:no-grant	0.01	yes	single-source	OpenSubtitles
постелью	10	115	0	OpenSubtitles	risk-accepted:no-grant	0.00	yes	single-source	OpenSubtitles
разбудят	10	115	0	OpenSubtitles	risk-accepted:no-grant	0.00	yes	single-source	OpenSubtitles
ретрит	10	115	0	OpenSubtitles	risk-accepted:no-grant	0.06	yes	single-source	OpenSubtitles
суперзлодей	10	115	0	OpenSubtitles	risk-accepted:no-grant	0.03	yes	single-source	OpenSubtitles
неее	10	114	0	OpenSubtitles	risk-accepted:no-grant	0.14	yes	single-source	OpenSubtitles
обер	10	114	4	OpenSubtitles+Tatoeba	clean:CC-BY-2.0-FR	0.55	yes	proper-noun-evidence	cap_ratio=0.55>=0.50
отрубите	10	114	0	OpenSubtitles	risk-accepted:no-grant	0.00	yes	single-source	OpenSubtitles
партитуру	10	114	0	OpenSubtitles	risk-accepted:no-grant	0.00	yes	single-source	OpenSubtitles
ролла	10	114	0	OpenSubtitles	risk-accepted:no-grant	0.52	yes	proper-noun-evidence	cap_ratio=0.52>=0.50
сфинктер	10	114	0	OpenSubtitles	risk-accepted:no-grant	0.03	yes	single-source	OpenSubtitles
тазу	10	114	0	OpenSubtitles	risk-accepted:no-grant	0.05	yes	single-source	OpenSubtitles
урчание	10	114	0	OpenSubtitles	risk-accepted:no-grant	0.09	yes	single-source	OpenSubtitles
гремлин	10	113	0	OpenSubtitles	risk-accepted:no-grant	0.35	yes	single-source	OpenSubtitles
зажжет	10	113	0	OpenSubtitles	risk-accepted:no-grant	0.00	yes	single-source	OpenSubtitles
мсфмю	10	113	0	OpenSubtitles	risk-accepted:no-grant	0.77	yes	proper-noun-evidence	cap_ratio=0.77>=0.50
паралитик	10	113	0	OpenSubtitles	risk-accepted:no-grant	0.03	yes	single-source	OpenSubtitles
рое	10	113	0	OpenSubtitles	risk-accepted:no-grant	0.76	yes	proper-noun-evidence	cap_ratio=0.76>=0.50
голодовка	10	112	0	OpenSubtitles	risk-accepted:no-grant	0.05	yes	single-source	OpenSubtitles
етси	10	112	0	OpenSubtitles	risk-accepted:no-grant	0.00	yes	single-source	OpenSubtitles
задраить	10	112	0	OpenSubtitles	risk-accepted:no-grant	0.00	yes	single-source	OpenSubtitles
кинозвезд	10	112	0	OpenSubtitles	risk-accepted:no-grant	0.04	yes	single-source	OpenSubtitles
поправочка	10	112	0	OpenSubtitles	risk-accepted:no-grant	0.03	yes	single-source	OpenSubtitles
репликатор	10	112	0	OpenSubtitles	risk-accepted:no-grant	0.04	yes	single-source	OpenSubtitles
свитке	10	112	0	OpenSubtitles	risk-accepted:no-grant	0.12	yes	single-source	OpenSubtitles
совпасть	10	112	0	OpenSubtitles	risk-accepted:no-grant	0.00	yes	single-source	OpenSubtitles
сраному	10	112	0	OpenSubtitles	risk-accepted:no-grant	0.00	yes	single-source	OpenSubtitles
сфабриковали	10	112	0	OpenSubtitles	risk-accepted:no-grant	0.00	yes	single-source	OpenSubtitles
бьло	10	111	0	OpenSubtitles	risk-accepted:no-grant	0.01	yes	single-source	OpenSubtitles
другана	10	111	0	OpenSubtitles	risk-accepted:no-grant	0.00	yes	single-source	OpenSubtitles
люкса	10	111	0	OpenSubtitles	risk-accepted:no-grant	0.28	yes	single-source	OpenSubtitles
модифицировали	10	111	0	OpenSubtitles	risk-accepted:no-grant	0.00	yes	single-source	OpenSubtitles
порешать	10	111	0	OpenSubtitles	risk-accepted:no-grant	0.01	yes	single-source	OpenSubtitles
прижиматься	10	111	0	OpenSubtitles	risk-accepted:no-grant	0.00	yes	single-source	OpenSubtitles
рейдер	10	111	0	OpenSubtitles	risk-accepted:no-grant	0.57	no	proper-noun-evidence	cap_ratio=0.57>=0.50
слетаем	10	111	0	OpenSubtitles	risk-accepted:no-grant	0.01	no	single-source	OpenSubtitles
бруклинского	10	110	0	OpenSubtitles	risk-accepted:no-grant	0.80	no	proper-noun-evidence	cap_ratio=0.80>=0.50
записывающее	10	110	0	OpenSubtitles	risk-accepted:no-grant	0.01	no	single-source	OpenSubtitles
кастрировали	10	110	0	OpenSubtitles	risk-accepted:no-grant	0.01	no	single-source	OpenSubtitles
невтерпеж	10	110	0	OpenSubtitles	risk-accepted:no-grant	0.03	no	single-source	OpenSubtitles
пируэт	10	110	0	OpenSubtitles	risk-accepted:no-grant	0.08	no	single-source	OpenSubtitles
погаснут	10	110	0	OpenSubtitles	risk-accepted:no-grant	0.02	no	single-source	OpenSubtitles
редиску	10	110	0	OpenSubtitles	risk-accepted:no-grant	0.02	no	single-source	OpenSubtitles
ценою	10	110	0	OpenSubtitles	risk-accepted:no-grant	0.01	no	single-source	OpenSubtitles
восковой	10	109	0	OpenSubtitles	risk-accepted:no-grant	0.02	no	single-source	OpenSubtitles
вызволим	10	109	0	OpenSubtitles	risk-accepted:no-grant	0.00	no	single-source	OpenSubtitles
оберни	10	109	0	OpenSubtitles	risk-accepted:no-grant	0.02	no	single-source	OpenSubtitles
одури	10	109	0	OpenSubtitles	risk-accepted:no-grant	0.01	no	single-source	OpenSubtitles
покопайся	10	109	0	OpenSubtitles	risk-accepted:no-grant	0.00	no	single-source	OpenSubtitles
пряток	10	109	0	OpenSubtitles	risk-accepted:no-grant	0.02	no	single-source	OpenSubtitles
борова	10	108	0	OpenSubtitles	risk-accepted:no-grant	0.14	no	single-source	OpenSubtitles
винодельня	10	108	0	OpenSubtitles	risk-accepted:no-grant	0.05	no	single-source	OpenSubtitles
вираж	10	108	0	OpenSubtitles	risk-accepted:no-grant	0.08	no	single-source	OpenSubtitles
итальяшки	10	108	0	OpenSubtitles	risk-accepted:no-grant	0.02	no	single-source	OpenSubtitles
кутерьма	10	108	0	OpenSubtitles	risk-accepted:no-grant	0.02	no	single-source	OpenSubtitles
ободрить	10	108	0	OpenSubtitles	risk-accepted:no-grant	0.00	no	single-source	OpenSubtitles
транквилизаторами	10	108	0	OpenSubtitles	risk-accepted:no-grant	0.00	no	single-source	OpenSubtitles
ухггнюмз	10	108	0	OpenSubtitles	risk-accepted:no-grant	0.00	no	single-source	OpenSubtitles
баллотируешься	10	107	0	OpenSubtitles	risk-accepted:no-grant	0.00	no	single-source	OpenSubtitles
влетели	10	107	0	OpenSubtitles	risk-accepted:no-grant	0.00	no	single-source	OpenSubtitles
дешевкой	10	107	0	OpenSubtitles	risk-accepted:no-grant	0.00	no	single-source	OpenSubtitles
дрянных	10	107	0	OpenSubtitles	risk-accepted:no-grant	0.18	no	single-source	OpenSubtitles
дую	10	107	0	OpenSubtitles	risk-accepted:no-grant	0.00	no	single-source	OpenSubtitles
засранцами	10	107	0	OpenSubtitles	risk-accepted:no-grant	0.00	no	single-source	OpenSubtitles
мамулечка	10	107	0	OpenSubtitles	risk-accepted:no-grant	0.02	no	single-source	OpenSubtitles
мысленный	10	107	0	OpenSubtitles	risk-accepted:no-grant	0.03	no	single-source	OpenSubtitles
обгоним	10	107	0	OpenSubtitles	risk-accepted:no-grant	0.00	no	single-source	OpenSubtitles
окситоцин	10	107	0	OpenSubtitles	risk-accepted:no-grant	0.06	no	single-source	OpenSubtitles
отличненько	10	107	0	OpenSubtitles	risk-accepted:no-grant	0.08	no	single-source	OpenSubtitles
полярную	10	107	10	OpenSubtitles+Tatoeba	clean:CC-BY-2.0-FR	0.55	no	proper-noun-evidence	cap_ratio=0.55>=0.50
продемонстрируй	10	107	0	OpenSubtitles	risk-accepted:no-grant	0.00	no	single-source	OpenSubtitles
свернём	10	107	0	OpenSubtitles	risk-accepted:no-grant	0.00	no	single-source	OpenSubtitles
билборд	10	106	0	OpenSubtitles	risk-accepted:no-grant	0.12	no	single-source	OpenSubtitles
влюбитесь	10	106	0	OpenSubtitles	risk-accepted:no-grant	0.01	no	single-source	OpenSubtitles
впутали	10	106	0	OpenSubtitles	risk-accepted:no-grant	0.00	no	single-source	OpenSubtitles
звучите	10	106	0	OpenSubtitles	risk-accepted:no-grant	0.00	no	single-source	OpenSubtitles
злыдень	10	106	0	OpenSubtitles	risk-accepted:no-grant	0.39	no	single-source	OpenSubtitles
навигатором	10	106	0	OpenSubtitles	risk-accepted:no-grant	0.02	no	single-source	OpenSubtitles
навынос	10	106	0	OpenSubtitles	risk-accepted:no-grant	0.05	no	single-source	OpenSubtitles
паидиа	10	106	0	OpenSubtitles	risk-accepted:no-grant	0.00	no	single-source	OpenSubtitles
переступишь	10	106	0	OpenSubtitles	risk-accepted:no-grant	0.00	no	single-source	OpenSubtitles
поверг	10	106	0	OpenSubtitles	risk-accepted:no-grant	0.00	no	single-source	OpenSubtitles
разлучены	10	106	0	OpenSubtitles	risk-accepted:no-grant	0.01	no	single-source	OpenSubtitles
распутство	10	106	0	OpenSubtitles	risk-accepted:no-grant	0.01	no	single-source	OpenSubtitles
смущаешься	10	106	0	OpenSubtitles	risk-accepted:no-grant	0.00	no	single-source	OpenSubtitles
тои	10	106	2	OpenSubtitles+Tatoeba	clean:CC-BY-2.0-FR	0.71	no	proper-noun-evidence	cap_ratio=0.71>=0.50
топике	10	106	0	OpenSubtitles	risk-accepted:no-grant	0.38	no	single-source	OpenSubtitles
трюфеля	10	106	0	OpenSubtitles	risk-accepted:no-grant	0.14	no	single-source	OpenSubtitles
возите	10	105	0	OpenSubtitles	risk-accepted:no-grant	0.00	no	single-source	OpenSubtitles
закуток	10	105	0	OpenSubtitles	risk-accepted:no-grant	0.00	no	single-source	OpenSubtitles
карабинеров	10	105	0	OpenSubtitles	risk-accepted:no-grant	0.08	no	single-source	OpenSubtitles
миракуру	10	105	0	OpenSubtitles	risk-accepted:no-grant	0.75	no	proper-noun-evidence	cap_ratio=0.75>=0.50
непристойном	10	105	0	OpenSubtitles	risk-accepted:no-grant	0.04	no	single-source	OpenSubtitles
обертке	10	105	0	OpenSubtitles	risk-accepted:no-grant	0.00	no	single-source	OpenSubtitles
пулях	10	105	0	OpenSubtitles	risk-accepted:no-grant	0.00	no	single-source	OpenSubtitles
раскладываю	10	105	0	OpenSubtitles	risk-accepted:no-grant	0.00	no	single-source	OpenSubtitles
сундуком	10	105	0	OpenSubtitles	risk-accepted:no-grant	0.02	no	single-source	OpenSubtitles
утиные	10	105	0	OpenSubtitles	risk-accepted:no-grant	0.18	no	single-source	OpenSubtitles
боксерские	10	104	0	OpenSubtitles	risk-accepted:no-grant	0.02	no	single-source	OpenSubtitles
вспылила	10	104	0	OpenSubtitles	risk-accepted:no-grant	0.00	no	single-source	OpenSubtitles
горчичный	10	104	0	OpenSubtitles	risk-accepted:no-grant	0.07	no	single-source	OpenSubtitles
изумрудов	10	104	0	OpenSubtitles	risk-accepted:no-grant	0.20	no	single-source	OpenSubtitles
кабздец	10	104	0	OpenSubtitles	risk-accepted:no-grant	0.01	no	single-source	OpenSubtitles
наметан	10	104	0	OpenSubtitles	risk-accepted:no-grant	0.00	no	single-source	OpenSubtitles
ог	10	104	1	OpenSubtitles+Tatoeba	clean:CC-BY-2.0-FR	0.79	no	proper-noun-evidence	cap_ratio=0.79>=0.50
отключайтесь	10	104	0	OpenSubtitles	risk-accepted:no-grant	0.02	no	single-source	OpenSubtitles
падло	10	104	0	OpenSubtitles	risk-accepted:no-grant	0.01	no	single-source	OpenSubtitles
пленить	10	104	0	OpenSubtitles	risk-accepted:no-grant	0.01	no	single-source	OpenSubtitles
прихвостни	10	104	0	OpenSubtitles	risk-accepted:no-grant	0.00	no	single-source	OpenSubtitles
соображают	10	104	0	OpenSubtitles	risk-accepted:no-grant	0.00	no	single-source	OpenSubtitles
судмедэкспертом	10	104	0	OpenSubtitles	risk-accepted:no-grant	0.01	no	single-source	OpenSubtitles
темнокожим	10	104	0	OpenSubtitles	risk-accepted:no-grant	0.00	no	single-source	OpenSubtitles
убегающего	10	104	0	OpenSubtitles	risk-accepted:no-grant	0.00	no	single-source	OpenSubtitles
ящичек	10	104	0	OpenSubtitles	risk-accepted:no-grant	0.00	no	single-source	OpenSubtitles
аза	10	103	0	OpenSubtitles	risk-accepted:no-grant	0.72	no	proper-noun-evidence	cap_ratio=0.72>=0.50
весточка	10	103	0	OpenSubtitles	risk-accepted:no-grant	0.00	no	single-source	OpenSubtitles
внеземные	10	103	0	OpenSubtitles	risk-accepted:no-grant	0.00	no	single-source	OpenSubtitles
возбудит	10	103	0	OpenSubtitles	risk-accepted:no-grant	0.01	no	single-source	OpenSubtitles
даи	10	103	0	OpenSubtitles	risk-accepted:no-grant	0.76	no	proper-noun-evidence	cap_ratio=0.76>=0.50
драконья	10	103	0	OpenSubtitles	risk-accepted:no-grant	0.26	no	single-source	OpenSubtitles
загибается	10	103	0	OpenSubtitles	risk-accepted:no-grant	0.00	no	single-source	OpenSubtitles
кирпичик	10	103	0	OpenSubtitles	risk-accepted:no-grant	0.02	no	single-source	OpenSubtitles
клонировал	10	103	0	OpenSubtitles	risk-accepted:no-grant	0.01	no	single-source	OpenSubtitles
мьллпн	10	103	0	OpenSubtitles	risk-accepted:no-grant	0.00	no	single-source	OpenSubtitles
розах	10	103	0	OpenSubtitles	risk-accepted:no-grant	0.03	no	single-source	OpenSubtitles
опхбер	9	191	0	OpenSubtitles	risk-accepted:no-grant	0.40	yes	single-source	OpenSubtitles
сочувствуют	9	183	0	OpenSubtitles	risk-accepted:no-grant	0.01	yes	single-source	OpenSubtitles
жизнерадостная	9	164	0	OpenSubtitles	risk-accepted:no-grant	0.00	yes	single-source	OpenSubtitles
вепр	9	161	0	OpenSubtitles	risk-accepted:no-grant	0.58	yes	proper-noun-evidence	cap_ratio=0.58>=0.50
засовывают	9	160	0	OpenSubtitles	risk-accepted:no-grant	0.00	yes	single-source	OpenSubtitles
кумихо	9	160	0	OpenSubtitles	risk-accepted:no-grant	0.25	yes	single-source	OpenSubtitles
лажаю	9	160	0	OpenSubtitles	risk-accepted:no-grant	0.00	yes	single-source	OpenSubtitles
сунуться	9	159	0	OpenSubtitles	risk-accepted:no-grant	0.00	yes	single-source	OpenSubtitles
арй	9	157	0	OpenSubtitles	risk-accepted:no-grant	0.00	yes	single-source	OpenSubtitles
карцера	9	155	0	OpenSubtitles	risk-accepted:no-grant	0.14	yes	single-source	OpenSubtitles
онькх	9	155	0	OpenSubtitles	risk-accepted:no-grant	0.72	yes	proper-noun-evidence	cap_ratio=0.72>=0.50
постоишь	9	155	0	OpenSubtitles	risk-accepted:no-grant	0.00	yes	single-source	OpenSubtitles
маршу	9	154	2	OpenSubtitles+Tatoeba	clean:CC-BY-2.0-FR	0.55	yes	proper-noun-evidence	cap_ratio=0.55>=0.50
филина	9	154	1	OpenSubtitles+Tatoeba	clean:CC-BY-2.0-FR	0.62	yes	proper-noun-evidence	cap_ratio=0.62>=0.50
благодатью	9	153	0	OpenSubtitles	risk-accepted:no-grant	0.02	yes	single-source	OpenSubtitles
заткнетесь	9	153	0	OpenSubtitles	risk-accepted:no-grant	0.00	yes	single-source	OpenSubtitles
нука	9	152	0	OpenSubtitles	risk-accepted:no-grant	0.16	yes	single-source	OpenSubtitles
разлучат	9	152	0	OpenSubtitles	risk-accepted:no-grant	0.00	yes	single-source	OpenSubtitles
кантор	9	151	0	OpenSubtitles	risk-accepted:no-grant	0.63	yes	proper-noun-evidence	cap_ratio=0.63>=0.50
благословенная	9	150	0	OpenSubtitles	risk-accepted:no-grant	0.08	yes	single-source	OpenSubtitles
одарить	9	150	0	OpenSubtitles	risk-accepted:no-grant	0.01	yes	single-source	OpenSubtitles
уболтать	9	149	0	OpenSubtitles	risk-accepted:no-grant	0.00	yes	single-source	OpenSubtitles
чаво	9	148	4	OpenSubtitles+Tatoeba	clean:CC-BY-2.0-FR	0.51	yes	proper-noun-evidence	cap_ratio=0.51>=0.50
коровник	9	147	0	OpenSubtitles	risk-accepted:no-grant	0.01	yes	single-source	OpenSubtitles
подуть	9	145	0	OpenSubtitles	risk-accepted:no-grant	0.00	yes	single-source	OpenSubtitles
полночный	9	145	0	OpenSubtitles	risk-accepted:no-grant	0.25	yes	single-source	OpenSubtitles
денька	9	143	0	OpenSubtitles	risk-accepted:no-grant	0.03	yes	single-source	OpenSubtitles
окровавленные	9	143	0	OpenSubtitles	risk-accepted:no-grant	0.00	yes	single-source	OpenSubtitles
автозагар	9	142	0	OpenSubtitles	risk-accepted:no-grant	0.00	yes	single-source	OpenSubtitles
оборотнями	9	142	0	OpenSubtitles	risk-accepted:no-grant	0.01	yes	single-source	OpenSubtitles
рав	9	142	0	OpenSubtitles	risk-accepted:no-grant	0.59	yes	proper-noun-evidence	cap_ratio=0.59>=0.50
нырну	9	141	0	OpenSubtitles	risk-accepted:no-grant	0.00	yes	single-source	OpenSubtitles
оттянемся	9	140	0	OpenSubtitles	risk-accepted:no-grant	0.01	yes	single-source	OpenSubtitles
стент	9	140	0	OpenSubtitles	risk-accepted:no-grant	0.03	yes	single-source	OpenSubtitles
задрать	9	139	0	OpenSubtitles	risk-accepted:no-grant	0.01	yes	single-source	OpenSubtitles
завербовала	9	138	0	OpenSubtitles	risk-accepted:no-grant	0.00	yes	single-source	OpenSubtitles
проворачивает	9	136	0	OpenSubtitles	risk-accepted:no-grant	0.00	yes	single-source	OpenSubtitles
вероломный	9	135	0	OpenSubtitles	risk-accepted:no-grant	0.09	yes	single-source	OpenSubtitles
долбанное	9	135	0	OpenSubtitles	risk-accepted:no-grant	0.00	yes	single-source	OpenSubtitles
мышеловки	9	135	0	OpenSubtitles	risk-accepted:no-grant	0.06	yes	single-source	OpenSubtitles
стырить	9	135	0	OpenSubtitles	risk-accepted:no-grant	0.00	yes	single-source	OpenSubtitles
эпиляция	9	135	0	OpenSubtitles	risk-accepted:no-grant	0.03	yes	single-source	OpenSubtitles
лингвини	9	134	0	OpenSubtitles	risk-accepted:no-grant	0.51	yes	proper-noun-evidence	cap_ratio=0.51>=0.50
моток	9	134	0	OpenSubtitles	risk-accepted:no-grant	0.02	yes	single-source	OpenSubtitles
вои	9	133	0	OpenSubtitles	risk-accepted:no-grant	0.10	yes	single-source	OpenSubtitles
мотелей	9	133	0	OpenSubtitles	risk-accepted:no-grant	0.02	yes	single-source	OpenSubtitles
прочесал	9	133	0	OpenSubtitles	risk-accepted:no-grant	0.00	yes	single-source	OpenSubtitles
хула	9	133	3	OpenSubtitles+Tatoeba	clean:CC-BY-2.0-FR	0.52	yes	proper-noun-evidence	cap_ratio=0.52>=0.50
охрененный	9	132	0	OpenSubtitles	risk-accepted:no-grant	0.01	yes	single-source	OpenSubtitles
обслуги	9	131	0	OpenSubtitles	risk-accepted:no-grant	0.01	yes	single-source	OpenSubtitles
приправить	9	131	0	OpenSubtitles	risk-accepted:no-grant	0.01	yes	single-source	OpenSubtitles
пробники	9	131	0	OpenSubtitles	risk-accepted:no-grant	0.01	yes	single-source	OpenSubtitles
стерплю	9	131	0	OpenSubtitles	risk-accepted:no-grant	0.00	yes	single-source	OpenSubtitles
бледнолицый	9	130	0	OpenSubtitles	risk-accepted:no-grant	0.09	yes	single-source	OpenSubtitles
кодеин	9	130	0	OpenSubtitles	risk-accepted:no-grant	0.03	yes	single-source	OpenSubtitles
наболтал	9	130	0	OpenSubtitles	risk-accepted:no-grant	0.01	yes	single-source	OpenSubtitles
папаш	9	130	0	OpenSubtitles	risk-accepted:no-grant	0.02	yes	single-source	OpenSubtitles
стерт	9	130	0	OpenSubtitles	risk-accepted:no-grant	0.01	yes	single-source	OpenSubtitles
штучках	9	130	0	OpenSubtitles	risk-accepted:no-grant	0.01	yes	single-source	OpenSubtitles
вольность	9	129	0	OpenSubtitles	risk-accepted:no-grant	0.00	yes	single-source	OpenSubtitles
злобными	9	129	0	OpenSubtitles	risk-accepted:no-grant	0.00	yes	single-source	OpenSubtitles
разведенный	9	129	0	OpenSubtitles	risk-accepted:no-grant	0.04	yes	single-source	OpenSubtitles
законники	9	128	0	OpenSubtitles	risk-accepted:no-grant	0.02	yes	single-source	OpenSubtitles
наведываться	9	128	0	OpenSubtitles	risk-accepted:no-grant	0.00	yes	single-source	OpenSubtitles
примчусь	9	128	0	OpenSubtitles	risk-accepted:no-grant	0.00	yes	single-source	OpenSubtitles
колготок	9	127	0	OpenSubtitles	risk-accepted:no-grant	0.05	yes	single-source	OpenSubtitles
львиной	9	127	2	OpenSubtitles+Tatoeba	clean:CC-BY-2.0-FR	0.58	yes	proper-noun-evidence	cap_ratio=0.58>=0.50
пробегала	9	127	0	OpenSubtitles	risk-accepted:no-grant	0.00	yes	single-source	OpenSubtitles
сводник	9	127	0	OpenSubtitles	risk-accepted:no-grant	0.04	yes	single-source	OpenSubtitles
стройтесь	9	126	0	OpenSubtitles	risk-accepted:no-grant	0.01	yes	single-source	OpenSubtitles
угоняет	9	126	0	OpenSubtitles	risk-accepted:no-grant	0.00	yes	single-source	OpenSubtitles
успокоительным	9	126	0	OpenSubtitles	risk-accepted:no-grant	0.01	yes	single-source	OpenSubtitles
уютненько	9	126	0	OpenSubtitles	risk-accepted:no-grant	0.00	yes	single-source	OpenSubtitles
беспощадным	9	125	0	OpenSubtitles	risk-accepted:no-grant	0.01	yes	single-source	OpenSubtitles
крутизна	9	125	0	OpenSubtitles	risk-accepted:no-grant	0.05	yes	single-source	OpenSubtitles
опилок	9	125	0	OpenSubtitles	risk-accepted:no-grant	0.00	yes	single-source	OpenSubtitles
зловещих	9	124	0	OpenSubtitles	risk-accepted:no-grant	0.32	yes	single-source	OpenSubtitles
крестинах	9	124	0	OpenSubtitles	risk-accepted:no-grant	0.00	yes	single-source	OpenSubtitles
марля	9	124	0	OpenSubtitles	risk-accepted:no-grant	0.24	yes	single-source	OpenSubtitles
промазать	9	124	0	OpenSubtitles	risk-accepted:no-grant	0.00	yes	single-source	OpenSubtitles
автосервисе	9	123	0	OpenSubtitles	risk-accepted:no-grant	0.00	yes	single-source	OpenSubtitles
дегенераты	9	123	0	OpenSubtitles	risk-accepted:no-grant	0.04	yes	single-source	OpenSubtitles
келье	9	123	0	OpenSubtitles	risk-accepted:no-grant	0.01	yes	single-source	OpenSubtitles
моржовый	9	123	0	OpenSubtitles	risk-accepted:no-grant	0.05	yes	single-source	OpenSubtitles
отдаляешься	9	123	0	OpenSubtitles	risk-accepted:no-grant	0.00	yes	single-source	OpenSubtitles
раскрываемость	9	123	0	OpenSubtitles	risk-accepted:no-grant	0.01	yes	single-source	OpenSubtitles
смска	9	123	0	OpenSubtitles	risk-accepted:no-grant	0.21	yes	single-source	OpenSubtitles
удочерении	9	123	0	OpenSubtitles	risk-accepted:no-grant	0.03	yes	single-source	OpenSubtitles
бабулечка	9	122	0	OpenSubtitles	risk-accepted:no-grant	0.04	yes	single-source	OpenSubtitles
вырываться	9	122	0	OpenSubtitles	risk-accepted:no-grant	0.00	yes	single-source	OpenSubtitles
зеков	9	122	0	OpenSubtitles	risk-accepted:no-grant	0.00	yes	single-source	OpenSubtitles
сенсея	9	122	0	OpenSubtitles	risk-accepted:no-grant	0.31	yes	single-source	OpenSubtitles
трахнулись	9	122	0	OpenSubtitles	risk-accepted:no-grant	0.01	yes	single-source	OpenSubtitles
наркоотдела	9	121	0	OpenSubtitles	risk-accepted:no-grant	0.02	yes	single-source	OpenSubtitles
неуверенной	9	121	0	OpenSubtitles	risk-accepted:no-grant	0.00	yes	single-source	OpenSubtitles
отбросом	9	121	0	OpenSubtitles	risk-accepted:no-grant	0.03	yes	single-source	OpenSubtitles
поторопи	9	121	0	OpenSubtitles	risk-accepted:no-grant	0.00	yes	single-source	OpenSubtitles
прослушиваться	9	121	0	OpenSubtitles	risk-accepted:no-grant	0.00	yes	single-source	OpenSubtitles
разведенных	9	121	0	OpenSubtitles	risk-accepted:no-grant	0.01	yes	single-source	OpenSubtitles
сеичас	9	121	0	OpenSubtitles	risk-accepted:no-grant	0.01	yes	single-source	OpenSubtitles
странствия	9	121	0	OpenSubtitles	risk-accepted:no-grant	0.05	yes	single-source	OpenSubtitles
татушку	9	121	0	OpenSubtitles	risk-accepted:no-grant	0.00	yes	single-source	OpenSubtitles
поперся	9	120	0	OpenSubtitles	risk-accepted:no-grant	0.01	yes	single-source	OpenSubtitles
прихватит	9	120	0	OpenSubtitles	risk-accepted:no-grant	0.01	yes	single-source	OpenSubtitles
булимия	9	119	0	OpenSubtitles	risk-accepted:no-grant	0.01	yes	single-source	OpenSubtitles
откиньтесь	9	119	0	OpenSubtitles	risk-accepted:no-grant	0.02	yes	single-source	OpenSubtitles
повезём	9	119	0	OpenSubtitles	risk-accepted:no-grant	0.00	yes	single-source	OpenSubtitles
полетаем	9	119	0	OpenSubtitles	risk-accepted:no-grant	0.01	yes	single-source	OpenSubtitles
старикашки	9	119	0	OpenSubtitles	risk-accepted:no-grant	0.01	yes	single-source	OpenSubtitles
безнадежная	9	118	0	OpenSubtitles	risk-accepted:no-grant	0.00	yes	single-source	OpenSubtitles
вполсилы	9	118	0	OpenSubtitles	risk-accepted:no-grant	0.00	yes	single-source	OpenSubtitles
непоколебимой	9	118	0	OpenSubtitles	risk-accepted:no-grant	0.03	yes	single-source	OpenSubtitles
раскисать	9	118	0	OpenSubtitles	risk-accepted:no-grant	0.00	yes	single-source	OpenSubtitles
сестричек	9	118	0	OpenSubtitles	risk-accepted:no-grant	0.03	yes	single-source	OpenSubtitles
сиамских	9	118	0	OpenSubtitles	risk-accepted:no-grant	0.06	yes	single-source	OpenSubtitles
выдр	9	117	0	OpenSubtitles	risk-accepted:no-grant	0.01	yes	single-source	OpenSubtitles
починяшки	9	117	0	OpenSubtitles	risk-accepted:no-grant	0.50	yes	proper-noun-evidence	cap_ratio=0.50>=0.50
смыли	9	117	0	OpenSubtitles	risk-accepted:no-grant	0.00	yes	single-source	OpenSubtitles
хэштэг	9	117	0	OpenSubtitles	risk-accepted:no-grant	0.12	yes	single-source	OpenSubtitles
шелковых	9	117	0	OpenSubtitles	risk-accepted:no-grant	0.03	yes	single-source	OpenSubtitles
ёчей	9	117	0	OpenSubtitles	risk-accepted:no-grant	0.00	yes	single-source	OpenSubtitles
бильярда	9	116	0	OpenSubtitles	risk-accepted:no-grant	0.03	yes	single-source	OpenSubtitles
былом	9	116	0	OpenSubtitles	risk-accepted:no-grant	0.00	yes	single-source	OpenSubtitles
моторчик	9	116	0	OpenSubtitles	risk-accepted:no-grant	0.00	yes	single-source	OpenSubtitles
оповести	9	116	0	OpenSubtitles	risk-accepted:no-grant	0.00	yes	single-source	OpenSubtitles
фрейлин	9	116	0	OpenSubtitles	risk-accepted:no-grant	0.00	yes	single-source	OpenSubtitles
щеголь	9	116	0	OpenSubtitles	risk-accepted:no-grant	0.22	yes	single-source	OpenSubtitles
извозчика	9	115	0	OpenSubtitles	risk-accepted:no-grant	0.01	yes	single-source	OpenSubtitles
кланяйтесь	9	115	0	OpenSubtitles	risk-accepted:no-grant	0.02	yes	single-source	OpenSubtitles
кэпа	9	115	0	OpenSubtitles	risk-accepted:no-grant	0.77	yes	proper-noun-evidence	cap_ratio=0.77>=0.50
подопытными	9	115	0	OpenSubtitles	risk-accepted:no-grant	0.00	yes	single-source	OpenSubtitles
ранимой	9	115	0	OpenSubtitles	risk-accepted:no-grant	0.00	yes	single-source	OpenSubtitles
трусливое	9	115	0	OpenSubtitles	risk-accepted:no-grant	0.02	yes	single-source	OpenSubtitles
холодность	9	115	0	OpenSubtitles	risk-accepted:no-grant	0.01	yes	single-source	OpenSubtitles
вычтут	9	114	0	OpenSubtitles	risk-accepted:no-grant	0.01	yes	single-source	OpenSubtitles
йамы	9	114	0	OpenSubtitles	risk-accepted:no-grant	0.08	yes	single-source	OpenSubtitles
перетащили	9	114	0	OpenSubtitles	risk-accepted:no-grant	0.00	yes	single-source	OpenSubtitles
подвергнешь	9	114	0	OpenSubtitles	risk-accepted:no-grant	0.00	yes	single-source	OpenSubtitles
приблизитесь	9	114	0	OpenSubtitles	risk-accepted:no-grant	0.00	yes	single-source	OpenSubtitles
разорвётся	9	114	0	OpenSubtitles	risk-accepted:no-grant	0.01	yes	single-source	OpenSubtitles
родимые	9	114	0	OpenSubtitles	risk-accepted:no-grant	0.01	yes	single-source	OpenSubtitles
болельщица	9	113	0	OpenSubtitles	risk-accepted:no-grant	0.05	yes	single-source	OpenSubtitles
визитеры	9	113	0	OpenSubtitles	risk-accepted:no-grant	0.40	yes	single-source	OpenSubtitles
медцентр	9	113	0	OpenSubtitles	risk-accepted:no-grant	0.19	yes	single-source	OpenSubtitles
оказаки	9	113	0	OpenSubtitles	risk-accepted:no-grant	0.55	yes	proper-noun-evidence	cap_ratio=0.55>=0.50
подпускал	9	113	0	OpenSubtitles	risk-accepted:no-grant	0.00	yes	single-source	OpenSubtitles
пощадим	9	113	0	OpenSubtitles	risk-accepted:no-grant	0.00	yes	single-source	OpenSubtitles
припозднилась	9	113	0	OpenSubtitles	risk-accepted:no-grant	0.00	yes	single-source	OpenSubtitles
разминулся	9	113	0	OpenSubtitles	risk-accepted:no-grant	0.00	yes	single-source	OpenSubtitles
созваниваться	9	113	0	OpenSubtitles	risk-accepted:no-grant	0.00	yes	single-source	OpenSubtitles
уверили	9	113	0	OpenSubtitles	risk-accepted:no-grant	0.00	yes	single-source	OpenSubtitles
шторки	9	113	0	OpenSubtitles	risk-accepted:no-grant	0.03	yes	single-source	OpenSubtitles
даруют	9	112	0	OpenSubtitles	risk-accepted:no-grant	0.01	yes	single-source	OpenSubtitles
подберешь	9	112	0	OpenSubtitles	risk-accepted:no-grant	0.02	yes	single-source	OpenSubtitles
снисходительности	9	112	0	OpenSubtitles	risk-accepted:no-grant	0.01	yes	single-source	OpenSubtitles
беспорядочные	9	111	0	OpenSubtitles	risk-accepted:no-grant	0.01	yes	single-source	OpenSubtitles
вертела	9	111	0	OpenSubtitles	risk-accepted:no-grant	0.00	yes	single-source	OpenSubtitles
евоуле	9	111	0	OpenSubtitles	risk-accepted:no-grant	0.00	yes	single-source	OpenSubtitles
изворотливый	9	111	0	OpenSubtitles	risk-accepted:no-grant	0.00	yes	single-source	OpenSubtitles
клёвых	9	111	0	OpenSubtitles	risk-accepted:no-grant	0.00	yes	single-source	OpenSubtitles
кошмарным	9	111	0	OpenSubtitles	risk-accepted:no-grant	0.02	yes	single-source	OpenSubtitles
неконтролируемый	9	111	0	OpenSubtitles	risk-accepted:no-grant	0.01	yes	single-source	OpenSubtitles
садизм	9	111	0	OpenSubtitles	risk-accepted:no-grant	0.01	no	single-source	OpenSubtitles
сексизма	9	111	0	OpenSubtitles	risk-accepted:no-grant	0.02	no	single-source	OpenSubtitles
щенячий	9	111	0	OpenSubtitles	risk-accepted:no-grant	0.51	no	proper-noun-evidence	cap_ratio=0.51>=0.50
завернем	9	110	0	OpenSubtitles	risk-accepted:no-grant	0.00	no	single-source	OpenSubtitles
лунатизм	9	110	0	OpenSubtitles	risk-accepted:no-grant	0.04	no	single-source	OpenSubtitles
оэсей	9	110	0	OpenSubtitles	risk-accepted:no-grant	0.00	no	single-source	OpenSubtitles
плие	9	110	0	OpenSubtitles	risk-accepted:no-grant	0.01	no	single-source	OpenSubtitles
солжешь	9	110	0	OpenSubtitles	risk-accepted:no-grant	0.00	no	single-source	OpenSubtitles
ссу	9	110	0	OpenSubtitles	risk-accepted:no-grant	0.01	no	single-source	OpenSubtitles
фразочки	9	110	0	OpenSubtitles	risk-accepted:no-grant	0.00	no	single-source	OpenSubtitles
вопила	9	109	0	OpenSubtitles	risk-accepted:no-grant	0.00	no	single-source	OpenSubtitles
моля	9	109	0	OpenSubtitles	risk-accepted:no-grant	0.02	no	single-source	OpenSubtitles
надирает	9	109	0	OpenSubtitles	risk-accepted:no-grant	0.01	no	single-source	OpenSubtitles
чистокровная	9	109	0	OpenSubtitles	risk-accepted:no-grant	0.00	no	single-source	OpenSubtitles
эльфийский	9	109	0	OpenSubtitles	risk-accepted:no-grant	0.16	no	single-source	OpenSubtitles
поползут	9	108	0	OpenSubtitles	risk-accepted:no-grant	0.00	no	single-source	OpenSubtitles
упрячут	9	108	0	OpenSubtitles	risk-accepted:no-grant	0.00	no	single-source	OpenSubtitles
волнующим	9	107	0	OpenSubtitles	risk-accepted:no-grant	0.00	no	single-source	OpenSubtitles
дерн	9	107	0	OpenSubtitles	risk-accepted:no-grant	0.58	no	proper-noun-evidence	cap_ratio=0.58>=0.50
индюшки	9	107	0	OpenSubtitles	risk-accepted:no-grant	0.06	no	single-source	OpenSubtitles
инжектор	9	107	0	OpenSubtitles	risk-accepted:no-grant	0.00	no	single-source	OpenSubtitles
коллайдер	9	107	0	OpenSubtitles	risk-accepted:no-grant	0.20	no	single-source	OpenSubtitles
кухаркой	9	107	0	OpenSubtitles	risk-accepted:no-grant	0.00	no	single-source	OpenSubtitles
мескалин	9	107	0	OpenSubtitles	risk-accepted:no-grant	0.00	no	single-source	OpenSubtitles
чизбургеров	9	107	0	OpenSubtitles	risk-accepted:no-grant	0.01	no	single-source	OpenSubtitles
афтерпати	9	106	0	OpenSubtitles	risk-accepted:no-grant	0.00	no	single-source	OpenSubtitles
бараниной	9	106	0	OpenSubtitles	risk-accepted:no-grant	0.01	no	single-source	OpenSubtitles
бензоколонки	9	106	0	OpenSubtitles	risk-accepted:no-grant	0.01	no	single-source	OpenSubtitles
бычьи	9	106	0	OpenSubtitles	risk-accepted:no-grant	0.01	no	single-source	OpenSubtitles
волосатую	9	106	0	OpenSubtitles	risk-accepted:no-grant	0.02	no	single-source	OpenSubtitles
джампер	9	106	0	OpenSubtitles	risk-accepted:no-grant	0.12	no	single-source	OpenSubtitles
заскоки	9	106	0	OpenSubtitles	risk-accepted:no-grant	0.01	no	single-source	OpenSubtitles
изолируйте	9	106	0	OpenSubtitles	risk-accepted:no-grant	0.00	no	single-source	OpenSubtitles
наркобаронов	9	106	0	OpenSubtitles	risk-accepted:no-grant	0.01	no	single-source	OpenSubtitles
оглашу	9	106	0	OpenSubtitles	risk-accepted:no-grant	0.00	no	single-source	OpenSubtitles
очами	9	106	0	OpenSubtitles	risk-accepted:no-grant	0.07	no	single-source	OpenSubtitles
складку	9	106	0	OpenSubtitles	risk-accepted:no-grant	0.00	no	single-source	OpenSubtitles
соревнуешься	9	106	0	OpenSubtitles	risk-accepted:no-grant	0.00	no	single-source	OpenSubtitles
соцработником	9	106	0	OpenSubtitles	risk-accepted:no-grant	0.00	no	single-source	OpenSubtitles
эдаким	9	106	0	OpenSubtitles	risk-accepted:no-grant	0.00	no	single-source	OpenSubtitles
вытерпела	9	105	0	OpenSubtitles	risk-accepted:no-grant	0.00	no	single-source	OpenSubtitles
громилу	9	105	0	OpenSubtitles	risk-accepted:no-grant	0.05	no	single-source	OpenSubtitles
грув	9	105	0	OpenSubtitles	risk-accepted:no-grant	0.76	no	proper-noun-evidence	cap_ratio=0.76>=0.50
жернова	9	105	0	OpenSubtitles	risk-accepted:no-grant	0.00	no	single-source	OpenSubtitles
заварного	9	105	0	OpenSubtitles	risk-accepted:no-grant	0.00	no	single-source	OpenSubtitles
затуманивает	9	105	0	OpenSubtitles	risk-accepted:no-grant	0.00	no	single-source	OpenSubtitles
озорная	9	105	0	OpenSubtitles	risk-accepted:no-grant	0.08	no	single-source	OpenSubtitles
паникер	9	105	0	OpenSubtitles	risk-accepted:no-grant	0.39	no	single-source	OpenSubtitles
расисткой	9	105	0	OpenSubtitles	risk-accepted:no-grant	0.00	no	single-source	OpenSubtitles
расплату	9	105	0	OpenSubtitles	risk-accepted:no-grant	0.02	no	single-source	OpenSubtitles
уууу	9	105	0	OpenSubtitles	risk-accepted:no-grant	0.25	no	single-source	OpenSubtitles
фанта	9	105	0	OpenSubtitles	risk-accepted:no-grant	0.76	no	proper-noun-evidence	cap_ratio=0.76>=0.50
штрассе	9	105	0	OpenSubtitles	risk-accepted:no-grant	0.41	no	single-source	OpenSubtitles
беконе	9	104	0	OpenSubtitles	risk-accepted:no-grant	0.04	no	single-source	OpenSubtitles
гиг	9	104	0	OpenSubtitles	risk-accepted:no-grant	0.45	no	single-source	OpenSubtitles
гримерки	9	104	0	OpenSubtitles	risk-accepted:no-grant	0.00	no	single-source	OpenSubtitles
коньячок	9	104	0	OpenSubtitles	risk-accepted:no-grant	0.02	no	single-source	OpenSubtitles
потемках	9	104	0	OpenSubtitles	risk-accepted:no-grant	0.00	no	single-source	OpenSubtitles
шкафчику	9	104	0	OpenSubtitles	risk-accepted:no-grant	0.00	no	single-source	OpenSubtitles
асцендент	9	103	0	OpenSubtitles	risk-accepted:no-grant	0.07	no	single-source	OpenSubtitles
втянешь	9	103	0	OpenSubtitles	risk-accepted:no-grant	0.00	no	single-source	OpenSubtitles
выжег	9	103	0	OpenSubtitles	risk-accepted:no-grant	0.00	no	single-source	OpenSubtitles
коврика	9	103	0	OpenSubtitles	risk-accepted:no-grant	0.00	no	single-source	OpenSubtitles
офигительный	9	103	0	OpenSubtitles	risk-accepted:no-grant	0.00	no	single-source	OpenSubtitles
пронырливый	9	103	0	OpenSubtitles	risk-accepted:no-grant	0.03	no	single-source	OpenSubtitles
чикен	8	176	5	OpenSubtitles+Tatoeba	clean:CC-BY-2.0-FR	0.79	yes	proper-noun-evidence	cap_ratio=0.79>=0.50
фамильные	8	171	0	OpenSubtitles	risk-accepted:no-grant	0.01	yes	single-source	OpenSubtitles
пневмоторакс	8	162	0	OpenSubtitles	risk-accepted:no-grant	0.01	yes	single-source	OpenSubtitles
нама	8	155	1	OpenSubtitles+Tatoeba	clean:CC-BY-2.0-FR	0.79	yes	proper-noun-evidence	cap_ratio=0.79>=0.50
пейджера	8	155	0	OpenSubtitles	risk-accepted:no-grant	0.05	yes	single-source	OpenSubtitles
припрятать	8	153	0	OpenSubtitles	risk-accepted:no-grant	0.00	yes	single-source	OpenSubtitles
предателям	8	150	0	OpenSubtitles	risk-accepted:no-grant	0.02	yes	single-source	OpenSubtitles
сблизит	8	150	0	OpenSubtitles	risk-accepted:no-grant	0.00	yes	single-source	OpenSubtitles
мехатело	8	148	0	OpenSubtitles	risk-accepted:no-grant	0.00	yes	single-source	OpenSubtitles
убийственное	8	145	0	OpenSubtitles	risk-accepted:no-grant	0.04	yes	single-source	OpenSubtitles
потренируйся	8	143	0	OpenSubtitles	risk-accepted:no-grant	0.00	yes	single-source	OpenSubtitles
запоешь	8	142	0	OpenSubtitles	risk-accepted:no-grant	0.00	yes	single-source	OpenSubtitles
медиумом	8	142	0	OpenSubtitles	risk-accepted:no-grant	0.00	yes	single-source	OpenSubtitles
гео	8	141	0	OpenSubtitles	risk-accepted:no-grant	0.76	yes	proper-noun-evidence	cap_ratio=0.76>=0.50
неловкого	8	141	0	OpenSubtitles	risk-accepted:no-grant	0.00	yes	single-source	OpenSubtitles
откинься	8	141	0	OpenSubtitles	risk-accepted:no-grant	0.04	yes	single-source	OpenSubtitles
увечье	8	141	0	OpenSubtitles	risk-accepted:no-grant	0.02	yes	single-source	OpenSubtitles
неважен	8	140	0	OpenSubtitles	risk-accepted:no-grant	0.01	yes	single-source	OpenSubtitles
пердежа	8	140	0	OpenSubtitles	risk-accepted:no-grant	0.03	yes	single-source	OpenSubtitles
затерялось	8	138	0	OpenSubtitles	risk-accepted:no-grant	0.00	yes	single-source	OpenSubtitles
заценим	8	138	0	OpenSubtitles	risk-accepted:no-grant	0.00	yes	single-source	OpenSubtitles
бьемся	8	136	0	OpenSubtitles	risk-accepted:no-grant	0.00	yes	single-source	OpenSubtitles
вестью	8	136	0	OpenSubtitles	risk-accepted:no-grant	0.00	yes	single-source	OpenSubtitles
воришку	8	136	0	OpenSubtitles	risk-accepted:no-grant	0.00	yes	single-source	OpenSubtitles
скормила	8	135	0	OpenSubtitles	risk-accepted:no-grant	0.00	yes	single-source	OpenSubtitles
живенько	8	133	0	OpenSubtitles	risk-accepted:no-grant	0.00	yes	single-source	OpenSubtitles
скорбный	8	133	0	OpenSubtitles	risk-accepted:no-grant	0.03	yes	single-source	OpenSubtitles
вмести	8	132	0	OpenSubtitles	risk-accepted:no-grant	0.01	yes	single-source	OpenSubtitles
печешь	8	132	0	OpenSubtitles	risk-accepted:no-grant	0.00	yes	single-source	OpenSubtitles
прийдешь	8	132	0	OpenSubtitles	risk-accepted:no-grant	0.00	yes	single-source	OpenSubtitles
эсфени	8	132	0	OpenSubtitles	risk-accepted:no-grant	0.79	yes	proper-noun-evidence	cap_ratio=0.79>=0.50
отдаюсь	8	131	0	OpenSubtitles	risk-accepted:no-grant	0.00	yes	single-source	OpenSubtitles
писец	8	131	0	OpenSubtitles	risk-accepted:no-grant	0.00	yes	single-source	OpenSubtitles
ревешь	8	131	0	OpenSubtitles	risk-accepted:no-grant	0.00	yes	single-source	OpenSubtitles
сатанисты	8	131	0	OpenSubtitles	risk-accepted:no-grant	0.02	yes	single-source	OpenSubtitles
кибуц	8	130	0	OpenSubtitles	risk-accepted:no-grant	0.03	yes	single-source	OpenSubtitles
удочерения	8	130	0	OpenSubtitles	risk-accepted:no-grant	0.00	yes	single-source	OpenSubtitles
обертку	8	129	0	OpenSubtitles	risk-accepted:no-grant	0.00	yes	single-source	OpenSubtitles
пожалуйся	8	129	0	OpenSubtitles	risk-accepted:no-grant	0.01	yes	single-source	OpenSubtitles
усильте	8	129	0	OpenSubtitles	risk-accepted:no-grant	0.02	yes	single-source	OpenSubtitles
ионный	8	128	0	OpenSubtitles	risk-accepted:no-grant	0.01	yes	single-source	OpenSubtitles
манят	8	128	0	OpenSubtitles	risk-accepted:no-grant	0.03	yes	single-source	OpenSubtitles
подсвечники	8	128	0	OpenSubtitles	risk-accepted:no-grant	0.00	yes	single-source	OpenSubtitles
потаскухи	8	128	0	OpenSubtitles	risk-accepted:no-grant	0.01	yes	single-source	OpenSubtitles
раздеваются	8	128	0	OpenSubtitles	risk-accepted:no-grant	0.01	yes	single-source	OpenSubtitles
нажимаем	8	127	0	OpenSubtitles	risk-accepted:no-grant	0.00	yes	single-source	OpenSubtitles
винцо	8	125	0	OpenSubtitles	risk-accepted:no-grant	0.04	yes	single-source	OpenSubtitles
любуйся	8	125	0	OpenSubtitles	risk-accepted:no-grant	0.02	yes	single-source	OpenSubtitles
лилипут	8	124	0	OpenSubtitles	risk-accepted:no-grant	0.08	yes	single-source	OpenSubtitles
мандрагоры	8	124	0	OpenSubtitles	risk-accepted:no-grant	0.37	yes	single-source	OpenSubtitles
мигалки	8	124	0	OpenSubtitles	risk-accepted:no-grant	0.00	yes	single-source	OpenSubtitles
закидали	8	122	0	OpenSubtitles	risk-accepted:no-grant	0.01	yes	single-source	OpenSubtitles
замахнуться	8	122	0	OpenSubtitles	risk-accepted:no-grant	0.00	yes	single-source	OpenSubtitles
рьей	8	122	0	OpenSubtitles	risk-accepted:no-grant	0.00	yes	single-source	OpenSubtitles
сопливые	8	122	0	OpenSubtitles	risk-accepted:no-grant	0.00	yes	single-source	OpenSubtitles
усади	8	122	0	OpenSubtitles	risk-accepted:no-grant	0.00	yes	single-source	OpenSubtitles
болвану	8	121	0	OpenSubtitles	risk-accepted:no-grant	0.03	yes	single-source	OpenSubtitles
мустанге	8	121	0	OpenSubtitles	risk-accepted:no-grant	0.66	yes	proper-noun-evidence	cap_ratio=0.66>=0.50
невесомость	8	121	0	OpenSubtitles	risk-accepted:no-grant	0.01	yes	single-source	OpenSubtitles
подлетаем	8	121	0	OpenSubtitles	risk-accepted:no-grant	0.00	yes	single-source	OpenSubtitles
развратной	8	121	0	OpenSubtitles	risk-accepted:no-grant	0.01	yes	single-source	OpenSubtitles
уломал	8	121	0	OpenSubtitles	risk-accepted:no-grant	0.00	yes	single-source	OpenSubtitles
нажмем	8	120	0	OpenSubtitles	risk-accepted:no-grant	0.01	yes	single-source	OpenSubtitles
нечетное	8	120	0	OpenSubtitles	risk-accepted:no-grant	0.00	yes	single-source	OpenSubtitles
саксы	8	120	0	OpenSubtitles	risk-accepted:no-grant	0.13	yes	single-source	OpenSubtitles
сиреневый	8	120	0	OpenSubtitles	risk-accepted:no-grant	0.04	yes	single-source	OpenSubtitles
восковые	8	119	0	OpenSubtitles	risk-accepted:no-grant	0.01	yes	single-source	OpenSubtitles
клитора	8	119	0	OpenSubtitles	risk-accepted:no-grant	0.05	yes	single-source	OpenSubtitles
ковбойский	8	119	0	OpenSubtitles	risk-accepted:no-grant	0.07	yes	single-source	OpenSubtitles
спартанец	8	119	0	OpenSubtitles	risk-accepted:no-grant	0.36	yes	single-source	OpenSubtitles
котрый	8	118	0	OpenSubtitles	risk-accepted:no-grant	0.01	yes	single-source	OpenSubtitles
лейкемией	8	118	0	OpenSubtitles	risk-accepted:no-grant	0.03	yes	single-source	OpenSubtitles
ногтю	8	118	0	OpenSubtitles	risk-accepted:no-grant	0.00	yes	single-source	OpenSubtitles
подвернулось	8	118	0	OpenSubtitles	risk-accepted:no-grant	0.00	yes	single-source	OpenSubtitles
фантомы	8	118	0	OpenSubtitles	risk-accepted:no-grant	0.28	yes	single-source	OpenSubtitles
заправляли	8	117	0	OpenSubtitles	risk-accepted:no-grant	0.01	yes	single-source	OpenSubtitles
инкубаторе	8	117	0	OpenSubtitles	risk-accepted:no-grant	0.03	yes	single-source	OpenSubtitles
кобура	8	117	0	OpenSubtitles	risk-accepted:no-grant	0.01	yes	single-source	OpenSubtitles
поживете	8	117	0	OpenSubtitles	risk-accepted:no-grant	0.00	yes	single-source	OpenSubtitles
ёфуй	8	117	0	OpenSubtitles	risk-accepted:no-grant	0.00	yes	single-source	OpenSubtitles
волнительный	8	116	0	OpenSubtitles	risk-accepted:no-grant	0.00	yes	single-source	OpenSubtitles
зарывайся	8	116	0	OpenSubtitles	risk-accepted:no-grant	0.00	yes	single-source	OpenSubtitles
скорбящая	8	116	0	OpenSubtitles	risk-accepted:no-grant	0.04	yes	single-source	OpenSubtitles
убедятся	8	116	0	OpenSubtitles	risk-accepted:no-grant	0.00	yes	single-source	OpenSubtitles
дистрикта	8	115	0	OpenSubtitles	risk-accepted:no-grant	0.59	yes	proper-noun-evidence	cap_ratio=0.59>=0.50
захворал	8	115	0	OpenSubtitles	risk-accepted:no-grant	0.00	yes	single-source	OpenSubtitles
милостивая	8	115	0	OpenSubtitles	risk-accepted:no-grant	0.18	yes	single-source	OpenSubtitles
банзай	8	114	1	OpenSubtitles+Tatoeba	clean:CC-BY-2.0-FR	0.63	yes	proper-noun-evidence	cap_ratio=0.63>=0.50
парфюмом	8	114	0	OpenSubtitles	risk-accepted:no-grant	0.01	yes	single-source	OpenSubtitles
увольнительной	8	114	0	OpenSubtitles	risk-accepted:no-grant	0.00	yes	single-source	OpenSubtitles
фоткать	8	114	0	OpenSubtitles	risk-accepted:no-grant	0.00	yes	single-source	OpenSubtitles
хука	8	114	0	OpenSubtitles	risk-accepted:no-grant	0.50	yes	proper-noun-evidence	cap_ratio=0.50>=0.50
ьнс	8	114	0	OpenSubtitles	risk-accepted:no-grant	0.50	yes	proper-noun-evidence	cap_ratio=0.50>=0.50
ассистентке	8	113	0	OpenSubtitles	risk-accepted:no-grant	0.00	yes	single-source	OpenSubtitles
гарема	8	113	0	OpenSubtitles	risk-accepted:no-grant	0.12	yes	single-source	OpenSubtitles
ковырялся	8	113	0	OpenSubtitles	risk-accepted:no-grant	0.00	yes	single-source	OpenSubtitles
мозгоправа	8	113	0	OpenSubtitles	risk-accepted:no-grant	0.00	yes	single-source	OpenSubtitles
нэб	8	113	0	OpenSubtitles	risk-accepted:no-grant	0.38	yes	single-source	OpenSubtitles
затянись	8	112	0	OpenSubtitles	risk-accepted:no-grant	0.05	yes	single-source	OpenSubtitles
контрабандистом	8	112	0	OpenSubtitles	risk-accepted:no-grant	0.00	yes	single-source	OpenSubtitles
порадуешься	8	112	0	OpenSubtitles	risk-accepted:no-grant	0.00	yes	single-source	OpenSubtitles
развратница	8	112	0	OpenSubtitles	risk-accepted:no-grant	0.01	yes	single-source	OpenSubtitles
гребанную	8	111	0	OpenSubtitles	risk-accepted:no-grant	0.00	yes	single-source	OpenSubtitles
додзе	8	111	0	OpenSubtitles	risk-accepted:no-grant	0.04	yes	single-source	OpenSubtitles
еоли	8	111	0	OpenSubtitles	risk-accepted:no-grant	0.00	yes	single-source	OpenSubtitles
зэка	8	111	0	OpenSubtitles	risk-accepted:no-grant	0.24	yes	single-source	OpenSubtitles
инкорпорейтед	8	111	0	OpenSubtitles	risk-accepted:no-grant	0.74	yes	proper-noun-evidence	cap_ratio=0.74>=0.50
клоунада	8	111	0	OpenSubtitles	risk-accepted:no-grant	0.01	yes	single-source	OpenSubtitles
притихла	8	111	0	OpenSubtitles	risk-accepted:no-grant	0.00	yes	single-source	OpenSubtitles
рифмовать	8	111	0	OpenSubtitles	risk-accepted:no-grant	0.00	no	single-source	OpenSubtitles
снимусь	8	111	0	OpenSubtitles	risk-accepted:no-grant	0.00	no	single-source	OpenSubtitles
содомии	8	111	0	OpenSubtitles	risk-accepted:no-grant	0.01	no	single-source	OpenSubtitles
суперов	8	111	0	OpenSubtitles	risk-accepted:no-grant	0.17	no	single-source	OpenSubtitles
ядекюкх	8	111	0	OpenSubtitles	risk-accepted:no-grant	0.73	no	proper-noun-evidence	cap_ratio=0.73>=0.50
групповуха	8	110	0	OpenSubtitles	risk-accepted:no-grant	0.04	no	single-source	OpenSubtitles
дурацкому	8	110	0	OpenSubtitles	risk-accepted:no-grant	0.01	no	single-source	OpenSubtitles
притронешься	8	110	0	OpenSubtitles	risk-accepted:no-grant	0.00	no	single-source	OpenSubtitles
прокаженных	8	110	0	OpenSubtitles	risk-accepted:no-grant	0.06	no	single-source	OpenSubtitles
растекается	8	110	0	OpenSubtitles	risk-accepted:no-grant	0.00	no	single-source	OpenSubtitles
целеустремленная	8	110	0	OpenSubtitles	risk-accepted:no-grant	0.00	no	single-source	OpenSubtitles
шпиц	8	110	0	OpenSubtitles	risk-accepted:no-grant	0.41	no	single-source	OpenSubtitles
возглас	8	109	0	OpenSubtitles	risk-accepted:no-grant	0.10	no	single-source	OpenSubtitles
гипнотизер	8	109	0	OpenSubtitles	risk-accepted:no-grant	0.09	no	single-source	OpenSubtitles
забросим	8	109	0	OpenSubtitles	risk-accepted:no-grant	0.01	no	single-source	OpenSubtitles
извращенные	8	109	0	OpenSubtitles	risk-accepted:no-grant	0.00	no	single-source	OpenSubtitles
иллюминаты	8	109	0	OpenSubtitles	risk-accepted:no-grant	0.31	no	single-source	OpenSubtitles
могильщика	8	109	0	OpenSubtitles	risk-accepted:no-grant	0.64	no	proper-noun-evidence	cap_ratio=0.64>=0.50
настучит	8	109	0	OpenSubtitles	risk-accepted:no-grant	0.00	no	single-source	OpenSubtitles
непорочности	8	109	0	OpenSubtitles	risk-accepted:no-grant	0.07	no	single-source	OpenSubtitles
опоили	8	109	0	OpenSubtitles	risk-accepted:no-grant	0.00	no	single-source	OpenSubtitles
побросать	8	109	0	OpenSubtitles	risk-accepted:no-grant	0.00	no	single-source	OpenSubtitles
беретесь	8	108	0	OpenSubtitles	risk-accepted:no-grant	0.00	no	single-source	OpenSubtitles
задешево	8	108	0	OpenSubtitles	risk-accepted:no-grant	0.00	no	single-source	OpenSubtitles
нирвану	8	108	0	OpenSubtitles	risk-accepted:no-grant	0.65	no	proper-noun-evidence	cap_ratio=0.65>=0.50
прочувствуй	8	108	0	OpenSubtitles	risk-accepted:no-grant	0.02	no	single-source	OpenSubtitles
фуга	8	108	0	OpenSubtitles	risk-accepted:no-grant	0.43	no	single-source	OpenSubtitles
штучке	8	108	0	OpenSubtitles	risk-accepted:no-grant	0.06	no	single-source	OpenSubtitles
щелкну	8	108	0	OpenSubtitles	risk-accepted:no-grant	0.00	no	single-source	OpenSubtitles
бэтмобиль	8	107	0	OpenSubtitles	risk-accepted:no-grant	0.77	no	proper-noun-evidence	cap_ratio=0.77>=0.50
внеземных	8	107	0	OpenSubtitles	risk-accepted:no-grant	0.08	no	single-source	OpenSubtitles
высовывался	8	107	0	OpenSubtitles	risk-accepted:no-grant	0.00	no	single-source	OpenSubtitles
йюйне	8	107	0	OpenSubtitles	risk-accepted:no-grant	0.67	no	proper-noun-evidence	cap_ratio=0.67>=0.50
ощйве	8	107	0	OpenSubtitles	risk-accepted:no-grant	0.00	no	single-source	OpenSubtitles
улике	8	107	0	OpenSubtitles	risk-accepted:no-grant	0.03	no	single-source	OpenSubtitles
велюр	8	106	1	OpenSubtitles+Tatoeba	clean:CC-BY-2.0-FR	0.77	no	proper-noun-evidence	cap_ratio=0.77>=0.50
отсылал	8	106	0	OpenSubtitles	risk-accepted:no-grant	0.00	no	single-source	OpenSubtitles
подрочи	8	106	0	OpenSubtitles	risk-accepted:no-grant	0.03	no	single-source	OpenSubtitles
посмеются	8	106	0	OpenSubtitles	risk-accepted:no-grant	0.00	no	single-source	OpenSubtitles
пуэрториканка	8	106	0	OpenSubtitles	risk-accepted:no-grant	0.06	no	single-source	OpenSubtitles
распознала	8	106	0	OpenSubtitles	risk-accepted:no-grant	0.00	no	single-source	OpenSubtitles
дочуркой	8	105	0	OpenSubtitles	risk-accepted:no-grant	0.01	no	single-source	OpenSubtitles
заведете	8	105	0	OpenSubtitles	risk-accepted:no-grant	0.01	no	single-source	OpenSubtitles
загоните	8	105	0	OpenSubtitles	risk-accepted:no-grant	0.01	no	single-source	OpenSubtitles
заживать	8	105	0	OpenSubtitles	risk-accepted:no-grant	0.00	no	single-source	OpenSubtitles
заслали	8	105	0	OpenSubtitles	risk-accepted:no-grant	0.00	no	single-source	OpenSubtitles
киркой	8	105	0	OpenSubtitles	risk-accepted:no-grant	0.03	no	single-source	OpenSubtitles
наследная	8	105	0	OpenSubtitles	risk-accepted:no-grant	0.78	no	proper-noun-evidence	cap_ratio=0.78>=0.50
протрезвела	8	105	0	OpenSubtitles	risk-accepted:no-grant	0.00	no	single-source	OpenSubtitles
алую	8	104	0	OpenSubtitles	risk-accepted:no-grant	0.64	no	proper-noun-evidence	cap_ratio=0.64>=0.50
добропорядочные	8	104	0	OpenSubtitles	risk-accepted:no-grant	0.02	no	single-source	OpenSubtitles
жертвенный	8	104	0	OpenSubtitles	risk-accepted:no-grant	0.12	no	single-source	OpenSubtitles
исцелю	8	104	0	OpenSubtitles	risk-accepted:no-grant	0.00	no	single-source	OpenSubtitles
лесбийской	8	104	0	OpenSubtitles	risk-accepted:no-grant	0.00	no	single-source	OpenSubtitles
мятным	8	104	0	OpenSubtitles	risk-accepted:no-grant	0.05	no	single-source	OpenSubtitles
оборзели	8	104	0	OpenSubtitles	risk-accepted:no-grant	0.01	no	single-source	OpenSubtitles
рыскал	8	104	0	OpenSubtitles	risk-accepted:no-grant	0.00	no	single-source	OpenSubtitles
скрепок	8	104	0	OpenSubtitles	risk-accepted:no-grant	0.02	no	single-source	OpenSubtitles
спариться	8	104	0	OpenSubtitles	risk-accepted:no-grant	0.00	no	single-source	OpenSubtitles
стони	8	104	0	OpenSubtitles	risk-accepted:no-grant	0.49	no	single-source	OpenSubtitles
тада	8	104	0	OpenSubtitles	risk-accepted:no-grant	0.69	no	proper-noun-evidence	cap_ratio=0.69>=0.50
ведьмочка	8	103	0	OpenSubtitles	risk-accepted:no-grant	0.03	no	single-source	OpenSubtitles
выразит	8	103	0	OpenSubtitles	risk-accepted:no-grant	0.01	no	single-source	OpenSubtitles
микстура	8	103	0	OpenSubtitles	risk-accepted:no-grant	0.01	no	single-source	OpenSubtitles
опозорена	8	103	0	OpenSubtitles	risk-accepted:no-grant	0.01	no	single-source	OpenSubtitles
прокрались	8	103	0	OpenSubtitles	risk-accepted:no-grant	0.00	no	single-source	OpenSubtitles
расслабитесь	8	103	0	OpenSubtitles	risk-accepted:no-grant	0.00	no	single-source	OpenSubtitles
рулетики	7	187	0	OpenSubtitles	risk-accepted:no-grant	0.00	yes	single-source	OpenSubtitles
клизма	7	171	0	OpenSubtitles	risk-accepted:no-grant	0.10	yes	single-source	OpenSubtitles
октав	7	158	0	OpenSubtitles	risk-accepted:no-grant	0.80	yes	proper-noun-evidence	cap_ratio=0.80>=0.50
подонку	7	146	0	OpenSubtitles	risk-accepted:no-grant	0.00	yes	single-source	OpenSubtitles
пабы	7	140	0	OpenSubtitles	risk-accepted:no-grant	0.01	yes	single-source	OpenSubtitles
блистательный	7	139	0	OpenSubtitles	risk-accepted:no-grant	0.06	yes	single-source	OpenSubtitles
муру	7	139	0	OpenSubtitles	risk-accepted:no-grant	0.58	yes	proper-noun-evidence	cap_ratio=0.58>=0.50
потащишь	7	137	0	OpenSubtitles	risk-accepted:no-grant	0.00	yes	single-source	OpenSubtitles
магами	7	135	0	OpenSubtitles	risk-accepted:no-grant	0.02	yes	single-source	OpenSubtitles
мыслишка	7	135	0	OpenSubtitles	risk-accepted:no-grant	0.00	yes	single-source	OpenSubtitles
дато	7	133	1	OpenSubtitles+Tatoeba	clean:CC-BY-2.0-FR	0.76	yes	proper-noun-evidence	cap_ratio=0.76>=0.50
никчемных	7	128	0	OpenSubtitles	risk-accepted:no-grant	0.01	yes	single-source	OpenSubtitles
вкалывали	7	126	0	OpenSubtitles	risk-accepted:no-grant	0.00	yes	single-source	OpenSubtitles
трес	7	126	0	OpenSubtitles	risk-accepted:no-grant	0.68	yes	proper-noun-evidence	cap_ratio=0.68>=0.50
лушайте	7	125	0	OpenSubtitles	risk-accepted:no-grant	0.00	yes	single-source	OpenSubtitles
пачули	7	125	0	OpenSubtitles	risk-accepted:no-grant	0.04	yes	single-source	OpenSubtitles
дельфине	7	124	0	OpenSubtitles	risk-accepted:no-grant	0.66	yes	proper-noun-evidence	cap_ratio=0.66>=0.50
риэлтором	7	124	0	OpenSubtitles	risk-accepted:no-grant	0.00	yes	single-source	OpenSubtitles
скрытные	7	123	0	OpenSubtitles	risk-accepted:no-grant	0.00	yes	single-source	OpenSubtitles
перестреляю	7	122	0	OpenSubtitles	risk-accepted:no-grant	0.01	yes	single-source	OpenSubtitles
крутизны	7	121	0	OpenSubtitles	risk-accepted:no-grant	0.03	yes	single-source	OpenSubtitles
лепешек	7	121	0	OpenSubtitles	risk-accepted:no-grant	0.00	yes	single-source	OpenSubtitles
молитвенник	7	121	0	OpenSubtitles	risk-accepted:no-grant	0.04	yes	single-source	OpenSubtitles
мясца	7	121	0	OpenSubtitles	risk-accepted:no-grant	0.01	yes	single-source	OpenSubtitles
наркокартеля	7	121	0	OpenSubtitles	risk-accepted:no-grant	0.02	yes	single-source	OpenSubtitles
маскараде	7	120	0	OpenSubtitles	risk-accepted:no-grant	0.01	yes	single-source	OpenSubtitles
разведенная	7	120	0	OpenSubtitles	risk-accepted:no-grant	0.00	yes	single-source	OpenSubtitles
фентанилом	7	120	0	OpenSubtitles	risk-accepted:no-grant	0.15	yes	single-source	OpenSubtitles
жестянки	7	119	0	OpenSubtitles	risk-accepted:no-grant	0.01	yes	single-source	OpenSubtitles
джигу	7	118	0	OpenSubtitles	risk-accepted:no-grant	0.05	yes	single-source	OpenSubtitles
криллов	7	118	0	OpenSubtitles	risk-accepted:no-grant	0.01	yes	single-source	OpenSubtitles
чокнемся	7	118	0	OpenSubtitles	risk-accepted:no-grant	0.01	yes	single-source	OpenSubtitles
збттй	7	117	0	OpenSubtitles	risk-accepted:no-grant	0.00	yes	single-source	OpenSubtitles
колечка	7	117	0	OpenSubtitles	risk-accepted:no-grant	0.23	yes	single-source	OpenSubtitles
пикает	7	117	0	OpenSubtitles	risk-accepted:no-grant	0.10	yes	single-source	OpenSubtitles
серотонин	7	117	0	OpenSubtitles	risk-accepted:no-grant	0.16	yes	single-source	OpenSubtitles
бесила	7	116	0	OpenSubtitles	risk-accepted:no-grant	0.00	yes	single-source	OpenSubtitles
пачкаться	7	116	0	OpenSubtitles	risk-accepted:no-grant	0.00	yes	single-source	OpenSubtitles
засесть	7	115	0	OpenSubtitles	risk-accepted:no-grant	0.00	yes	single-source	OpenSubtitles
первоклассную	7	115	0	OpenSubtitles	risk-accepted:no-grant	0.00	yes	single-source	OpenSubtitles
признаётесь	7	115	0	OpenSubtitles	risk-accepted:no-grant	0.00	yes	single-source	OpenSubtitles
андалов	7	114	0	OpenSubtitles	risk-accepted:no-grant	0.30	yes	single-source	OpenSubtitles
гадину	7	114	0	OpenSubtitles	risk-accepted:no-grant	0.03	yes	single-source	OpenSubtitles
докам	7	114	0	OpenSubtitles	risk-accepted:no-grant	0.02	yes	single-source	OpenSubtitles
еуеят	7	114	0	OpenSubtitles	risk-accepted:no-grant	0.01	yes	single-source	OpenSubtitles
алхимиком	7	113	0	OpenSubtitles	risk-accepted:no-grant	0.33	yes	single-source	OpenSubtitles
кранч	7	113	0	OpenSubtitles	risk-accepted:no-grant	0.78	yes	proper-noun-evidence	cap_ratio=0.78>=0.50
пузе	7	113	0	OpenSubtitles	risk-accepted:no-grant	0.01	yes	single-source	OpenSubtitles
рулета	7	113	0	OpenSubtitles	risk-accepted:no-grant	0.00	yes	single-source	OpenSubtitles
свей	7	113	0	OpenSubtitles	risk-accepted:no-grant	0.16	yes	single-source	OpenSubtitles
убъёт	7	113	0	OpenSubtitles	risk-accepted:no-grant	0.00	yes	single-source	OpenSubtitles
напрягаю	7	112	0	OpenSubtitles	risk-accepted:no-grant	0.00	yes	single-source	OpenSubtitles
гауптвахте	7	111	0	OpenSubtitles	risk-accepted:no-grant	0.00	yes	single-source	OpenSubtitles
линять	7	111	0	OpenSubtitles	risk-accepted:no-grant	0.01	yes	single-source	OpenSubtitles
осадить	7	111	0	OpenSubtitles	risk-accepted:no-grant	0.00	yes	single-source	OpenSubtitles
панической	7	111	0	OpenSubtitles	risk-accepted:no-grant	0.00	yes	single-source	OpenSubtitles
подсобки	7	111	0	OpenSubtitles	risk-accepted:no-grant	0.00	yes	single-source	OpenSubtitles
попрыгунчик	7	111	0	OpenSubtitles	risk-accepted:no-grant	0.24	yes	single-source	OpenSubtitles
уместнее	7	111	0	OpenSubtitles	risk-accepted:no-grant	0.00	no	single-source	OpenSubtitles
отмою	7	110	0	OpenSubtitles	risk-accepted:no-grant	0.00	no	single-source	OpenSubtitles
растянется	7	110	0	OpenSubtitles	risk-accepted:no-grant	0.01	no	single-source	OpenSubtitles
шаткое	7	110	0	OpenSubtitles	risk-accepted:no-grant	0.02	no	single-source	OpenSubtitles
актёрство	7	109	0	OpenSubtitles	risk-accepted:no-grant	0.03	no	single-source	OpenSubtitles
дредами	7	108	0	OpenSubtitles	risk-accepted:no-grant	0.01	no	single-source	OpenSubtitles
компроматом	7	108	0	OpenSubtitles	risk-accepted:no-grant	0.01	no	single-source	OpenSubtitles
радужного	7	108	0	OpenSubtitles	risk-accepted:no-grant	0.55	no	proper-noun-evidence	cap_ratio=0.55>=0.50
репетируете	7	108	0	OpenSubtitles	risk-accepted:no-grant	0.00	no	single-source	OpenSubtitles
гипер	7	107	0	OpenSubtitles	risk-accepted:no-grant	0.20	no	single-source	OpenSubtitles
джентельменом	7	107	0	OpenSubtitles	risk-accepted:no-grant	0.03	no	single-source	OpenSubtitles
досмерти	7	107	0	OpenSubtitles	risk-accepted:no-grant	0.01	no	single-source	OpenSubtitles
затрещину	7	107	0	OpenSubtitles	risk-accepted:no-grant	0.00	no	single-source	OpenSubtitles
криминологии	7	107	0	OpenSubtitles	risk-accepted:no-grant	0.08	no	single-source	OpenSubtitles
пенисами	7	107	0	OpenSubtitles	risk-accepted:no-grant	0.00	no	single-source	OpenSubtitles
подправим	7	107	0	OpenSubtitles	risk-accepted:no-grant	0.00	no	single-source	OpenSubtitles
пристать	7	107	0	OpenSubtitles	risk-accepted:no-grant	0.00	no	single-source	OpenSubtitles
сибас	7	107	0	OpenSubtitles	risk-accepted:no-grant	0.06	no	single-source	OpenSubtitles
чёрти	7	107	0	OpenSubtitles	risk-accepted:no-grant	0.00	no	single-source	OpenSubtitles
бенефис	7	106	0	OpenSubtitles	risk-accepted:no-grant	0.01	no	single-source	OpenSubtitles
бюьеи	7	106	0	OpenSubtitles	risk-accepted:no-grant	0.76	no	proper-noun-evidence	cap_ratio=0.76>=0.50
нейтрализован	7	106	0	OpenSubtitles	risk-accepted:no-grant	0.03	no	single-source	OpenSubtitles
проснёмся	7	106	0	OpenSubtitles	risk-accepted:no-grant	0.00	no	single-source	OpenSubtitles
уберегу	7	106	0	OpenSubtitles	risk-accepted:no-grant	0.00	no	single-source	OpenSubtitles
гламурные	7	105	0	OpenSubtitles	risk-accepted:no-grant	0.03	no	single-source	OpenSubtitles
гяней	7	105	0	OpenSubtitles	risk-accepted:no-grant	0.00	no	single-source	OpenSubtitles
жарь	7	105	0	OpenSubtitles	risk-accepted:no-grant	0.06	no	single-source	OpenSubtitles
зарой	7	105	2	OpenSubtitles+Tatoeba	clean:CC-BY-2.0-FR	0.64	no	proper-noun-evidence	cap_ratio=0.64>=0.50
коровья	7	105	0	OpenSubtitles	risk-accepted:no-grant	0.03	no	single-source	OpenSubtitles
расплавились	7	105	0	OpenSubtitles	risk-accepted:no-grant	0.00	no	single-source	OpenSubtitles
рассекает	7	105	0	OpenSubtitles	risk-accepted:no-grant	0.00	no	single-source	OpenSubtitles
скорбящие	7	105	0	OpenSubtitles	risk-accepted:no-grant	0.03	no	single-source	OpenSubtitles
выдавливать	7	104	0	OpenSubtitles	risk-accepted:no-grant	0.00	no	single-source	OpenSubtitles
замерзнут	7	104	0	OpenSubtitles	risk-accepted:no-grant	0.00	no	single-source	OpenSubtitles
зверюгу	7	104	0	OpenSubtitles	risk-accepted:no-grant	0.03	no	single-source	OpenSubtitles
совокупляться	7	104	0	OpenSubtitles	risk-accepted:no-grant	0.02	no	single-source	OpenSubtitles
стг	7	104	0	OpenSubtitles	risk-accepted:no-grant	0.37	no	single-source	OpenSubtitles
унизит	7	104	0	OpenSubtitles	risk-accepted:no-grant	0.00	no	single-source	OpenSubtitles
целители	7	104	0	OpenSubtitles	risk-accepted:no-grant	0.04	no	single-source	OpenSubtitles
великодушная	7	103	0	OpenSubtitles	risk-accepted:no-grant	0.01	no	single-source	OpenSubtitles
закоулки	7	103	0	OpenSubtitles	risk-accepted:no-grant	0.01	no	single-source	OpenSubtitles
келью	7	103	0	OpenSubtitles	risk-accepted:no-grant	0.01	no	single-source	OpenSubtitles
мадре	7	103	0	OpenSubtitles	risk-accepted:no-grant	0.34	no	single-source	OpenSubtitles
насладишься	7	103	0	OpenSubtitles	risk-accepted:no-grant	0.00	no	single-source	OpenSubtitles
распознали	7	103	0	OpenSubtitles	risk-accepted:no-grant	0.00	no	single-source	OpenSubtitles
трубить	6	155	0	OpenSubtitles	risk-accepted:no-grant	0.01	yes	single-source	OpenSubtitles
заглохни	6	154	0	OpenSubtitles	risk-accepted:no-grant	0.05	yes	single-source	OpenSubtitles
замаскироваться	6	154	0	OpenSubtitles	risk-accepted:no-grant	0.00	yes	single-source	OpenSubtitles
дуришь	6	151	0	OpenSubtitles	risk-accepted:no-grant	0.00	yes	single-source	OpenSubtitles
переждем	6	150	0	OpenSubtitles	risk-accepted:no-grant	0.00	yes	single-source	OpenSubtitles
перевезём	6	143	0	OpenSubtitles	risk-accepted:no-grant	0.00	yes	single-source	OpenSubtitles
разломать	6	141	0	OpenSubtitles	risk-accepted:no-grant	0.00	yes	single-source	OpenSubtitles
оковах	6	139	0	OpenSubtitles	risk-accepted:no-grant	0.03	yes	single-source	OpenSubtitles
беленький	6	135	0	OpenSubtitles	risk-accepted:no-grant	0.13	yes	single-source	OpenSubtitles
отсиживается	6	132	0	OpenSubtitles	risk-accepted:no-grant	0.00	yes	single-source	OpenSubtitles
тусила	6	132	0	OpenSubtitles	risk-accepted:no-grant	0.01	yes	single-source	OpenSubtitles
вычурно	6	131	0	OpenSubtitles	risk-accepted:no-grant	0.01	yes	single-source	OpenSubtitles
загонят	6	130	0	OpenSubtitles	risk-accepted:no-grant	0.00	yes	single-source	OpenSubtitles
камбузе	6	130	0	OpenSubtitles	risk-accepted:no-grant	0.02	yes	single-source	OpenSubtitles
вырвусь	6	128	0	OpenSubtitles	risk-accepted:no-grant	0.03	yes	single-source	OpenSubtitles
кляре	6	128	0	OpenSubtitles	risk-accepted:no-grant	0.00	yes	single-source	OpenSubtitles
присматриваться	6	128	0	OpenSubtitles	risk-accepted:no-grant	0.00	yes	single-source	OpenSubtitles
ждущий	6	127	0	OpenSubtitles	risk-accepted:no-grant	0.00	yes	single-source	OpenSubtitles
порхать	6	127	0	OpenSubtitles	risk-accepted:no-grant	0.00	yes	single-source	OpenSubtitles
пробьем	6	127	0	OpenSubtitles	risk-accepted:no-grant	0.00	yes	single-source	OpenSubtitles
укрепим	6	127	0	OpenSubtitles	risk-accepted:no-grant	0.00	yes	single-source	OpenSubtitles
ягуаре	6	127	0	OpenSubtitles	risk-accepted:no-grant	0.78	yes	proper-noun-evidence	cap_ratio=0.78>=0.50
напрягается	6	126	0	OpenSubtitles	risk-accepted:no-grant	0.03	yes	single-source	OpenSubtitles
техасские	6	126	0	OpenSubtitles	risk-accepted:no-grant	0.19	yes	single-source	OpenSubtitles
пюанрюер	6	123	0	OpenSubtitles	risk-accepted:no-grant	0.74	yes	proper-noun-evidence	cap_ratio=0.74>=0.50
смиряться	6	123	0	OpenSubtitles	risk-accepted:no-grant	0.04	yes	single-source	OpenSubtitles
черномазого	6	123	0	OpenSubtitles	risk-accepted:no-grant	0.02	yes	single-source	OpenSubtitles
шестеркой	6	122	0	OpenSubtitles	risk-accepted:no-grant	0.09	yes	single-source	OpenSubtitles
вонючки	6	121	0	OpenSubtitles	risk-accepted:no-grant	0.21	yes	single-source	OpenSubtitles
расспрошу	6	121	0	OpenSubtitles	risk-accepted:no-grant	0.02	yes	single-source	OpenSubtitles
расставлю	6	120	0	OpenSubtitles	risk-accepted:no-grant	0.01	yes	single-source	OpenSubtitles
втолковать	6	119	0	OpenSubtitles	risk-accepted:no-grant	0.00	yes	single-source	OpenSubtitles
пандит	6	118	0	OpenSubtitles	risk-accepted:no-grant	0.79	yes	proper-noun-evidence	cap_ratio=0.79>=0.50
плохишом	6	118	0	OpenSubtitles	risk-accepted:no-grant	0.03	yes	single-source	OpenSubtitles
анг	6	117	0	OpenSubtitles	risk-accepted:no-grant	0.30	yes	single-source	OpenSubtitles
рекламировал	6	117	0	OpenSubtitles	risk-accepted:no-grant	0.01	yes	single-source	OpenSubtitles
секретики	6	117	0	OpenSubtitles	risk-accepted:no-grant	0.01	yes	single-source	OpenSubtitles
умывайся	6	117	0	OpenSubtitles	risk-accepted:no-grant	0.00	yes	single-source	OpenSubtitles
непреднамеренное	6	116	0	OpenSubtitles	risk-accepted:no-grant	0.00	yes	single-source	OpenSubtitles
примеряю	6	116	0	OpenSubtitles	risk-accepted:no-grant	0.00	yes	single-source	OpenSubtitles
реб	6	116	0	OpenSubtitles	risk-accepted:no-grant	0.19	yes	single-source	OpenSubtitles
тигровая	6	116	0	OpenSubtitles	risk-accepted:no-grant	0.43	yes	single-source	OpenSubtitles
чудного	6	116	0	OpenSubtitles	risk-accepted:no-grant	0.05	yes	single-source	OpenSubtitles
достаём	6	115	0	OpenSubtitles	risk-accepted:no-grant	0.00	yes	single-source	OpenSubtitles
прити	6	115	0	OpenSubtitles	risk-accepted:no-grant	0.78	yes	proper-noun-evidence	cap_ratio=0.78>=0.50
мордашки	6	114	0	OpenSubtitles	risk-accepted:no-grant	0.02	yes	single-source	OpenSubtitles
наезжают	6	114	0	OpenSubtitles	risk-accepted:no-grant	0.01	yes	single-source	OpenSubtitles
наслушались	6	114	0	OpenSubtitles	risk-accepted:no-grant	0.00	yes	single-source	OpenSubtitles
грезил	6	113	0	OpenSubtitles	risk-accepted:no-grant	0.00	yes	single-source	OpenSubtitles
нажила	6	113	0	OpenSubtitles	risk-accepted:no-grant	0.00	yes	single-source	OpenSubtitles
наихудшее	6	113	0	OpenSubtitles	risk-accepted:no-grant	0.00	yes	single-source	OpenSubtitles
подглядывала	6	112	0	OpenSubtitles	risk-accepted:no-grant	0.00	yes	single-source	OpenSubtitles
выкини	6	111	0	OpenSubtitles	risk-accepted:no-grant	0.02	yes	single-source	OpenSubtitles
вылезала	6	111	0	OpenSubtitles	risk-accepted:no-grant	0.00	yes	single-source	OpenSubtitles
кромсать	6	111	0	OpenSubtitles	risk-accepted:no-grant	0.00	yes	single-source	OpenSubtitles
обыденность	6	111	0	OpenSubtitles	risk-accepted:no-grant	0.01	yes	single-source	OpenSubtitles
бельишко	6	110	0	OpenSubtitles	risk-accepted:no-grant	0.00	no	single-source	OpenSubtitles
бьл	6	110	0	OpenSubtitles	risk-accepted:no-grant	0.00	no	single-source	OpenSubtitles
вжух	6	110	0	OpenSubtitles	risk-accepted:no-grant	0.17	no	single-source	OpenSubtitles
дейт	6	110	0	OpenSubtitles	risk-accepted:no-grant	0.21	no	single-source	OpenSubtitles
переклички	6	110	0	OpenSubtitles	risk-accepted:no-grant	0.01	no	single-source	OpenSubtitles
ступнях	6	110	0	OpenSubtitles	risk-accepted:no-grant	0.00	no	single-source	OpenSubtitles
трясешь	6	110	0	OpenSubtitles	risk-accepted:no-grant	0.00	no	single-source	OpenSubtitles
телепатов	6	109	0	OpenSubtitles	risk-accepted:no-grant	0.00	no	single-source	OpenSubtitles
охх	6	108	0	OpenSubtitles	risk-accepted:no-grant	0.38	no	single-source	OpenSubtitles
прогорит	6	108	0	OpenSubtitles	risk-accepted:no-grant	0.00	no	single-source	OpenSubtitles
пропитанный	6	108	0	OpenSubtitles	risk-accepted:no-grant	0.00	no	single-source	OpenSubtitles
чирлидинг	6	108	0	OpenSubtitles	risk-accepted:no-grant	0.00	no	single-source	OpenSubtitles
запаникует	6	107	0	OpenSubtitles	risk-accepted:no-grant	0.00	no	single-source	OpenSubtitles
соображала	6	107	0	OpenSubtitles	risk-accepted:no-grant	0.00	no	single-source	OpenSubtitles
шаттлом	6	107	0	OpenSubtitles	risk-accepted:no-grant	0.04	no	single-source	OpenSubtitles
гондолы	6	106	0	OpenSubtitles	risk-accepted:no-grant	0.00	no	single-source	OpenSubtitles
студсовета	6	106	0	OpenSubtitles	risk-accepted:no-grant	0.06	no	single-source	OpenSubtitles
туннелям	6	106	0	OpenSubtitles	risk-accepted:no-grant	0.00	no	single-source	OpenSubtitles
цементе	6	106	0	OpenSubtitles	risk-accepted:no-grant	0.00	no	single-source	OpenSubtitles
воодушевлен	6	105	0	OpenSubtitles	risk-accepted:no-grant	0.00	no	single-source	OpenSubtitles
дозволь	6	105	0	OpenSubtitles	risk-accepted:no-grant	0.03	no	single-source	OpenSubtitles
клингонского	6	105	0	OpenSubtitles	risk-accepted:no-grant	0.03	no	single-source	OpenSubtitles
кошерная	6	105	0	OpenSubtitles	risk-accepted:no-grant	0.00	no	single-source	OpenSubtitles
слёт	6	105	0	OpenSubtitles	risk-accepted:no-grant	0.03	no	single-source	OpenSubtitles
гниющий	6	104	0	OpenSubtitles	risk-accepted:no-grant	0.13	no	single-source	OpenSubtitles
губок	6	104	0	OpenSubtitles	risk-accepted:no-grant	0.07	no	single-source	OpenSubtitles
королях	6	104	0	OpenSubtitles	risk-accepted:no-grant	0.25	no	single-source	OpenSubtitles
мочите	6	104	0	OpenSubtitles	risk-accepted:no-grant	0.02	no	single-source	OpenSubtitles
нахваливать	6	104	0	OpenSubtitles	risk-accepted:no-grant	0.00	no	single-source	OpenSubtitles
пылают	6	104	0	OpenSubtitles	risk-accepted:no-grant	0.01	no	single-source	OpenSubtitles
ходунки	6	104	0	OpenSubtitles	risk-accepted:no-grant	0.01	no	single-source	OpenSubtitles
энсина	6	104	0	OpenSubtitles	risk-accepted:no-grant	0.09	no	single-source	OpenSubtitles
искрится	6	103	0	OpenSubtitles	risk-accepted:no-grant	0.03	no	single-source	OpenSubtitles
намылилась	6	103	0	OpenSubtitles	risk-accepted:no-grant	0.00	no	single-source	OpenSubtitles
неуравновешенным	6	103	0	OpenSubtitles	risk-accepted:no-grant	0.00	no	single-source	OpenSubtitles
нудистов	6	103	0	OpenSubtitles	risk-accepted:no-grant	0.02	no	single-source	OpenSubtitles
ментами	5	163	0	OpenSubtitles	risk-accepted:no-grant	0.01	yes	single-source	OpenSubtitles
прижечь	5	149	0	OpenSubtitles	risk-accepted:no-grant	0.01	yes	single-source	OpenSubtitles
супермодели	5	143	0	OpenSubtitles	risk-accepted:no-grant	0.04	yes	single-source	OpenSubtitles
лило	5	137	12	OpenSubtitles+Tatoeba	clean:CC-BY-2.0-FR	0.60	yes	proper-noun-evidence	cap_ratio=0.60>=0.50
новоселья	5	135	0	OpenSubtitles	risk-accepted:no-grant	0.01	yes	single-source	OpenSubtitles
приколист	5	131	0	OpenSubtitles	risk-accepted:no-grant	0.01	yes	single-source	OpenSubtitles
записочку	5	126	0	OpenSubtitles	risk-accepted:no-grant	0.00	yes	single-source	OpenSubtitles
смак	5	126	0	OpenSubtitles	risk-accepted:no-grant	0.17	yes	single-source	OpenSubtitles
искуплении	5	124	0	OpenSubtitles	risk-accepted:no-grant	0.02	yes	single-source	OpenSubtitles
тушёное	5	123	0	OpenSubtitles	risk-accepted:no-grant	0.00	yes	single-source	OpenSubtitles
волосатого	5	120	0	OpenSubtitles	risk-accepted:no-grant	0.17	yes	single-source	OpenSubtitles
вампирские	5	119	0	OpenSubtitles	risk-accepted:no-grant	0.06	yes	single-source	OpenSubtitles
седлать	5	119	0	OpenSubtitles	risk-accepted:no-grant	0.00	yes	single-source	OpenSubtitles
покорная	5	118	0	OpenSubtitles	risk-accepted:no-grant	0.00	yes	single-source	OpenSubtitles
высовывается	5	116	0	OpenSubtitles	risk-accepted:no-grant	0.01	yes	single-source	OpenSubtitles
шьешь	5	115	0	OpenSubtitles	risk-accepted:no-grant	0.00	yes	single-source	OpenSubtitles
прозрения	5	113	0	OpenSubtitles	risk-accepted:no-grant	0.07	yes	single-source	OpenSubtitles
утречком	5	113	0	OpenSubtitles	risk-accepted:no-grant	0.00	yes	single-source	OpenSubtitles
неверующие	5	110	0	OpenSubtitles	risk-accepted:no-grant	0.02	no	single-source	OpenSubtitles
диктовал	5	108	0	OpenSubtitles	risk-accepted:no-grant	0.01	no	single-source	OpenSubtitles
засовывали	5	107	0	OpenSubtitles	risk-accepted:no-grant	0.00	no	single-source	OpenSubtitles
факультатив	5	107	0	OpenSubtitles	risk-accepted:no-grant	0.01	no	single-source	OpenSubtitles
интимности	5	106	0	OpenSubtitles	risk-accepted:no-grant	0.01	no	single-source	OpenSubtitles
мелочной	5	106	0	OpenSubtitles	risk-accepted:no-grant	0.00	no	single-source	OpenSubtitles
транквилизатора	5	106	0	OpenSubtitles	risk-accepted:no-grant	0.00	no	single-source	OpenSubtitles
похождений	5	105	0	OpenSubtitles	risk-accepted:no-grant	0.00	no	single-source	OpenSubtitles
пука	5	105	0	OpenSubtitles	risk-accepted:no-grant	0.39	no	single-source	OpenSubtitles
родичей	5	105	0	OpenSubtitles	risk-accepted:no-grant	0.02	no	single-source	OpenSubtitles
вылавливать	5	104	0	OpenSubtitles	risk-accepted:no-grant	0.00	no	single-source	OpenSubtitles
даунтаун	5	104	0	OpenSubtitles	risk-accepted:no-grant	0.57	no	proper-noun-evidence	cap_ratio=0.57>=0.50
дитем	5	104	0	OpenSubtitles	risk-accepted:no-grant	0.04	no	single-source	OpenSubtitles
обкуренный	5	104	0	OpenSubtitles	risk-accepted:no-grant	0.01	no	single-source	OpenSubtitles
уединенном	5	104	0	OpenSubtitles	risk-accepted:no-grant	0.00	no	single-source	OpenSubtitles
джипы	5	103	0	OpenSubtitles	risk-accepted:no-grant	0.02	no	single-source	OpenSubtitles
переправляют	5	103	0	OpenSubtitles	risk-accepted:no-grant	0.01	no	single-source	OpenSubtitles
избавишь	4	125	0	OpenSubtitles	risk-accepted:no-grant	0.01	yes	single-source	OpenSubtitles
бальном	4	123	0	OpenSubtitles	risk-accepted:no-grant	0.02	yes	single-source	OpenSubtitles
болеро	4	119	0	OpenSubtitles	risk-accepted:no-grant	0.44	yes	single-source	OpenSubtitles
заучка	4	106	0	OpenSubtitles	risk-accepted:no-grant	0.05	no	single-source	OpenSubtitles
отсеять	4	106	0	OpenSubtitles	risk-accepted:no-grant	0.00	no	single-source	OpenSubtitles
освежусь	4	105	0	OpenSubtitles	risk-accepted:no-grant	0.00	no	single-source	OpenSubtitles
вычищу	4	104	0	OpenSubtitles	risk-accepted:no-grant	0.00	no	single-source	OpenSubtitles
бойскауты	3	130	0	OpenSubtitles	risk-accepted:no-grant	0.05	yes	single-source	OpenSubtitles
гипнозу	3	118	0	OpenSubtitles	risk-accepted:no-grant	0.01	yes	single-source	OpenSubtitles
умножаем	3	108	0	OpenSubtitles	risk-accepted:no-grant	0.00	no	single-source	OpenSubtitles
снэки	3	107	0	OpenSubtitles	risk-accepted:no-grant	0.16	no	single-source	OpenSubtitles
влезал	2	122	0	OpenSubtitles	risk-accepted:no-grant	0.00	yes	single-source	OpenSubtitles
